ISO-10303-21;
HEADER;
FILE_DESCRIPTION(('Open CASCADE Model'),'2;1');
FILE_NAME('Open CASCADE Shape Model','2026-07-22T19:14:45',('Author'),(
    'Open CASCADE'),'Open CASCADE STEP processor 7.9','Open CASCADE 7.9'
  ,'Unknown');
FILE_SCHEMA(('AUTOMOTIVE_DESIGN { 1 0 10303 214 1 1 1 1 }'));
ENDSEC;
DATA;
#1 = APPLICATION_PROTOCOL_DEFINITION('international standard',
  'automotive_design',2000,#2);
#2 = APPLICATION_CONTEXT(
  'core data for automotive mechanical design processes');
#3 = SHAPE_DEFINITION_REPRESENTATION(#4,#10);
#4 = PRODUCT_DEFINITION_SHAPE('','',#5);
#5 = PRODUCT_DEFINITION('design','',#6,#9);
#6 = PRODUCT_DEFINITION_FORMATION('','',#7);
#7 = PRODUCT('Open CASCADE STEP translator 7.9 3',
  'Open CASCADE STEP translator 7.9 3','',(#8));
#8 = PRODUCT_CONTEXT('',#2,'mechanical');
#9 = PRODUCT_DEFINITION_CONTEXT('part definition',#2,'design');
#10 = ADVANCED_BREP_SHAPE_REPRESENTATION('',(#11,#15),#5208);
#11 = AXIS2_PLACEMENT_3D('',#12,#13,#14);
#12 = CARTESIAN_POINT('',(0.,0.,0.));
#13 = DIRECTION('',(0.,0.,1.));
#14 = DIRECTION('',(1.,0.,-0.));
#15 = MANIFOLD_SOLID_BREP('',#16);
#16 = CLOSED_SHELL('',(#17,#105,#560,#1015,#1138,#1293,#1398,#1521,#1648
    ,#1674,#2013,#2067,#2162,#2686,#2791,#2845,#2968,#3063,#3331,#3385,
    #3508,#3534,#3639,#4017,#4071,#4194,#4220,#4275,#4415,#4448,#4543,
    #4600,#4633,#4687,#4784,#4843,#4872,#4948,#4981,#5012,#5066,#5099,
    #5132,#5163,#5170,#5201));
#17 = ADVANCED_FACE('',(#18),#32,.T.);
#18 = FACE_BOUND('',#19,.F.);
#19 = EDGE_LOOP('',(#20,#50,#77,#78));
#20 = ORIENTED_EDGE('',*,*,#21,.T.);
#21 = EDGE_CURVE('',#22,#24,#26,.T.);
#22 = VERTEX_POINT('',#23);
#23 = CARTESIAN_POINT('',(39.453454378353,0.,88.613909391332));
#24 = VERTEX_POINT('',#25);
#25 = CARTESIAN_POINT('',(-325.9647286786,0.,251.30856662165));
#26 = SEAM_CURVE('',#27,(#31,#43),.PCURVE_S1.);
#27 = LINE('',#28,#29);
#28 = CARTESIAN_POINT('',(39.453454378353,0.,88.613909391332));
#29 = VECTOR('',#30,1.);
#30 = DIRECTION('',(-0.913545457643,0.,0.406736643076));
#31 = PCURVE('',#32,#37);
#32 = CYLINDRICAL_SURFACE('',#33,97.);
#33 = AXIS2_PLACEMENT_3D('',#34,#35,#36);
#34 = CARTESIAN_POINT('',(0.,0.,0.));
#35 = DIRECTION('',(0.913545457643,-0.,-0.406736643076));
#36 = DIRECTION('',(0.406736643076,0.,0.913545457643));
#37 = DEFINITIONAL_REPRESENTATION('',(#38),#42);
#38 = LINE('',#39,#40);
#39 = CARTESIAN_POINT('',(-0.,0.));
#40 = VECTOR('',#41,1.);
#41 = DIRECTION('',(-0.,-1.));
#42 = ( GEOMETRIC_REPRESENTATION_CONTEXT(2) 
PARAMETRIC_REPRESENTATION_CONTEXT() REPRESENTATION_CONTEXT('2D SPACE',''
  ) );
#43 = PCURVE('',#32,#44);
#44 = DEFINITIONAL_REPRESENTATION('',(#45),#49);
#45 = LINE('',#46,#47);
#46 = CARTESIAN_POINT('',(-6.28318530718,0.));
#47 = VECTOR('',#48,1.);
#48 = DIRECTION('',(-0.,-1.));
#49 = ( GEOMETRIC_REPRESENTATION_CONTEXT(2) 
PARAMETRIC_REPRESENTATION_CONTEXT() REPRESENTATION_CONTEXT('2D SPACE',''
  ) );
#50 = ORIENTED_EDGE('',*,*,#51,.T.);
#51 = EDGE_CURVE('',#24,#24,#52,.T.);
#52 = SURFACE_CURVE('',#53,(#58,#65),.PCURVE_S1.);
#53 = CIRCLE('',#54,97.);
#54 = AXIS2_PLACEMENT_3D('',#55,#56,#57);
#55 = CARTESIAN_POINT('',(-365.418183057,0.,162.69465723032));
#56 = DIRECTION('',(-0.913545457643,0.,0.406736643076));
#57 = DIRECTION('',(0.406736643076,0.,0.913545457643));
#58 = PCURVE('',#32,#59);
#59 = DEFINITIONAL_REPRESENTATION('',(#60),#64);
#60 = LINE('',#61,#62);
#61 = CARTESIAN_POINT('',(-0.,-400.));
#62 = VECTOR('',#63,1.);
#63 = DIRECTION('',(-1.,0.));
#64 = ( GEOMETRIC_REPRESENTATION_CONTEXT(2) 
PARAMETRIC_REPRESENTATION_CONTEXT() REPRESENTATION_CONTEXT('2D SPACE',''
  ) );
#65 = PCURVE('',#66,#71);
#66 = PLANE('',#67);
#67 = AXIS2_PLACEMENT_3D('',#68,#69,#70);
#68 = CARTESIAN_POINT('',(-365.418183057,6.86705117544E-15,
    162.69465723032));
#69 = DIRECTION('',(-0.913545457643,0.,0.406736643076));
#70 = DIRECTION('',(0.406736643076,0.,0.913545457643));
#71 = DEFINITIONAL_REPRESENTATION('',(#72),#76);
#72 = CIRCLE('',#73,97.);
#73 = AXIS2_PLACEMENT_2D('',#74,#75);
#74 = CARTESIAN_POINT('',(0.,-6.86705117544E-15));
#75 = DIRECTION('',(1.,0.));
#76 = ( GEOMETRIC_REPRESENTATION_CONTEXT(2) 
PARAMETRIC_REPRESENTATION_CONTEXT() REPRESENTATION_CONTEXT('2D SPACE',''
  ) );
#77 = ORIENTED_EDGE('',*,*,#21,.F.);
#78 = ORIENTED_EDGE('',*,*,#79,.F.);
#79 = EDGE_CURVE('',#22,#22,#80,.T.);
#80 = SURFACE_CURVE('',#81,(#86,#93),.PCURVE_S1.);
#81 = CIRCLE('',#82,97.);
#82 = AXIS2_PLACEMENT_3D('',#83,#84,#85);
#83 = CARTESIAN_POINT('',(0.,0.,0.));
#84 = DIRECTION('',(-0.913545457643,0.,0.406736643076));
#85 = DIRECTION('',(0.406736643076,0.,0.913545457643));
#86 = PCURVE('',#32,#87);
#87 = DEFINITIONAL_REPRESENTATION('',(#88),#92);
#88 = LINE('',#89,#90);
#89 = CARTESIAN_POINT('',(-0.,0.));
#90 = VECTOR('',#91,1.);
#91 = DIRECTION('',(-1.,0.));
#92 = ( GEOMETRIC_REPRESENTATION_CONTEXT(2) 
PARAMETRIC_REPRESENTATION_CONTEXT() REPRESENTATION_CONTEXT('2D SPACE',''
  ) );
#93 = PCURVE('',#94,#99);
#94 = PLANE('',#95);
#95 = AXIS2_PLACEMENT_3D('',#96,#97,#98);
#96 = CARTESIAN_POINT('',(-2.20181644846E-15,6.86705117544E-15,
    -4.945360712628E-15));
#97 = DIRECTION('',(-0.913545457643,0.,0.406736643076));
#98 = DIRECTION('',(0.406736643076,0.,0.913545457643));
#99 = DEFINITIONAL_REPRESENTATION('',(#100),#104);
#100 = CIRCLE('',#101,97.);
#101 = AXIS2_PLACEMENT_2D('',#102,#103);
#102 = CARTESIAN_POINT('',(5.413371246342E-15,-6.86705117544E-15));
#103 = DIRECTION('',(1.,0.));
#104 = ( GEOMETRIC_REPRESENTATION_CONTEXT(2) 
PARAMETRIC_REPRESENTATION_CONTEXT() REPRESENTATION_CONTEXT('2D SPACE',''
  ) );
#105 = ADVANCED_FACE('',(#106,#109),#94,.F.);
#106 = FACE_BOUND('',#107,.F.);
#107 = EDGE_LOOP('',(#108));
#108 = ORIENTED_EDGE('',*,*,#79,.T.);
#109 = FACE_BOUND('',#110,.F.);
#110 = EDGE_LOOP('',(#111,#153,#248,#288,#321,#354,#394,#489,#529));
#111 = ORIENTED_EDGE('',*,*,#112,.F.);
#112 = EDGE_CURVE('',#113,#115,#117,.T.);
#113 = VERTEX_POINT('',#114);
#114 = CARTESIAN_POINT('',(-21.69319407083,79.821082781044,
    -48.72371162654));
#115 = VERTEX_POINT('',#116);
#116 = CARTESIAN_POINT('',(-11.7504801217,43.236419839732,
    -26.39201046437));
#117 = SURFACE_CURVE('',#118,(#121,#127),.PCURVE_S1.);
#118 = B_SPLINE_CURVE_WITH_KNOTS('',1,(#119,#120),.UNSPECIFIED.,.F.,.F.,
  (2,2),(0.,44.),.PIECEWISE_BEZIER_KNOTS.);
#119 = CARTESIAN_POINT('',(-21.69319407083,79.821082781044,
    -48.72371162654));
#120 = CARTESIAN_POINT('',(-11.7504801217,43.236419839732,
    -26.39201046437));
#121 = PCURVE('',#94,#122);
#122 = DEFINITIONAL_REPRESENTATION('',(#123),#126);
#123 = B_SPLINE_CURVE_WITH_KNOTS('',1,(#124,#125),.UNSPECIFIED.,.F.,.F.,
  (2,2),(0.,44.),.PIECEWISE_BEZIER_KNOTS.);
#124 = CARTESIAN_POINT('',(-53.33474236988,79.821082781044));
#125 = CARTESIAN_POINT('',(-28.88965211701,43.236419839732));
#126 = ( GEOMETRIC_REPRESENTATION_CONTEXT(2) 
PARAMETRIC_REPRESENTATION_CONTEXT() REPRESENTATION_CONTEXT('2D SPACE',''
  ) );
#127 = PCURVE('',#128,#147);
#128 = B_SPLINE_SURFACE_WITH_KNOTS('',1,8,(
    (#129,#130,#131,#132,#133,#134,#135,#136,#137)
    ,(#138,#139,#140,#141,#142,#143,#144,#145,#146
  )),.UNSPECIFIED.,.F.,.F.,.F.,(2,2),(9,9),(0.,44.),(0.,66.666666666667)
  ,.PIECEWISE_BEZIER_KNOTS.);
#129 = CARTESIAN_POINT('',(-21.69319407083,79.821082781044,
    -48.72371162654));
#130 = CARTESIAN_POINT('',(-38.15984436127,65.276288092648,
    -65.22013592544));
#131 = CARTESIAN_POINT('',(-52.7827186113,43.947059420357,
    -77.57537143471));
#132 = CARTESIAN_POINT('',(-64.55840159108,17.482865011957,
    -83.53571064871));
#133 = CARTESIAN_POINT('',(-72.77629892847,-11.39636117576,
    -81.50513247617));
#134 = CARTESIAN_POINT('',(-77.25614902755,-39.26908165403,
    -71.07876274387));
#135 = CARTESIAN_POINT('',(-78.47515192907,-62.89078689776,
    -53.32841029171));
#136 = CARTESIAN_POINT('',(-77.36650453504,-79.98414979736,
    -30.35006967897));
#137 = CARTESIAN_POINT('',(-75.05504628689,-89.47275545114,
    -4.67017165584));
#138 = CARTESIAN_POINT('',(-11.7504801217,43.236419839732,
    -26.39201046437));
#139 = CARTESIAN_POINT('',(-24.15915181863,35.357989383518,
    -33.77406561453));
#140 = CARTESIAN_POINT('',(-35.56911149367,23.804657186026,
    -38.91297683697));
#141 = CARTESIAN_POINT('',(-45.43684256399,9.469885214811,
    -40.58798589947));
#142 = CARTESIAN_POINT('',(-53.37743974468,-6.173028970209,
    -37.9345813776));
#143 = CARTESIAN_POINT('',(-59.29326133796,-21.27075256259,
    -30.73345642752));
#144 = CARTESIAN_POINT('',(-63.44279069922,-34.06584290295,
    -19.56517417085));
#145 = CARTESIAN_POINT('',(-66.33150948373,-43.3247478069,
    -5.565064993877));
#146 = CARTESIAN_POINT('',(-68.56870572226,-48.4644092027,9.898387780403
    ));
#147 = DEFINITIONAL_REPRESENTATION('',(#148),#152);
#148 = LINE('',#149,#150);
#149 = CARTESIAN_POINT('',(0.,0.));
#150 = VECTOR('',#151,1.);
#151 = DIRECTION('',(1.,0.));
#152 = ( GEOMETRIC_REPRESENTATION_CONTEXT(2) 
PARAMETRIC_REPRESENTATION_CONTEXT() REPRESENTATION_CONTEXT('2D SPACE',''
  ) );
#153 = ORIENTED_EDGE('',*,*,#154,.F.);
#154 = EDGE_CURVE('',#155,#113,#157,.T.);
#155 = VERTEX_POINT('',#156);
#156 = CARTESIAN_POINT('',(-19.52335886763,83.138438763306,
    -43.85018196684));
#157 = SURFACE_CURVE('',#158,(#166,#177),.PCURVE_S1.);
#158 = ( BOUNDED_CURVE() B_SPLINE_CURVE(6,(#159,#160,#161,#162,#163,#164
,#165),.UNSPECIFIED.,.F.,.F.) B_SPLINE_CURVE_WITH_KNOTS((7,7),(0.,
6.544984694977E-02),.PIECEWISE_BEZIER_KNOTS.) CURVE() 
GEOMETRIC_REPRESENTATION_ITEM() RATIONAL_B_SPLINE_CURVE((1.000053547667,
    1.000017847948,0.999996430156,0.999989291231,0.999996430156,
1.000017847948,1.000053547667)) REPRESENTATION_ITEM('') );
#159 = CARTESIAN_POINT('',(-19.52335886763,83.138438763306,
    -43.85018196684));
#160 = CARTESIAN_POINT('',(-19.87752236956,82.556626206338,
    -44.64564621615));
#161 = CARTESIAN_POINT('',(-20.23476843426,81.986236831467,
    -45.4480340148));
#162 = CARTESIAN_POINT('',(-20.59502836148,81.427381202642,
    -46.2571910595));
#163 = CARTESIAN_POINT('',(-20.95823276108,80.880167251162,
    -47.07296149744));
#164 = CARTESIAN_POINT('',(-21.32431157023,80.344700248638,
    -47.89518796493));
#165 = CARTESIAN_POINT('',(-21.69319407083,79.821082781044,
    -48.72371162654));
#166 = PCURVE('',#94,#167);
#167 = DEFINITIONAL_REPRESENTATION('',(#168),#176);
#168 = ( BOUNDED_CURVE() B_SPLINE_CURVE(6,(#169,#170,#171,#172,#173,#174
,#175),.UNSPECIFIED.,.F.,.F.) B_SPLINE_CURVE_WITH_KNOTS((7,7),(0.,
6.544984694977E-02),.PIECEWISE_BEZIER_KNOTS.) CURVE() 
GEOMETRIC_REPRESENTATION_ITEM() RATIONAL_B_SPLINE_CURVE((1.000053547667,
    1.000017847948,0.999996430156,0.999989291231,0.999996430156,
1.000017847948,1.000053547667)) REPRESENTATION_ITEM('') );
#169 = CARTESIAN_POINT('',(-48.,83.138438763306));
#170 = CARTESIAN_POINT('',(-48.87074402555,82.556626206338));
#171 = CARTESIAN_POINT('',(-49.74906681937,81.986236831467));
#172 = CARTESIAN_POINT('',(-50.63479947551,81.427381202642));
#173 = CARTESIAN_POINT('',(-51.52777139182,80.880167251162));
#174 = CARTESIAN_POINT('',(-52.42781031227,80.344700248638));
#175 = CARTESIAN_POINT('',(-53.33474236988,79.821082781044));
#176 = ( GEOMETRIC_REPRESENTATION_CONTEXT(2) 
PARAMETRIC_REPRESENTATION_CONTEXT() REPRESENTATION_CONTEXT('2D SPACE',''
  ) );
#177 = PCURVE('',#178,#242);
#178 = ( BOUNDED_SURFACE() B_SPLINE_SURFACE(6,8,(
    (#179,#180,#181,#182,#183,#184,#185,#186,#187)
    ,(#188,#189,#190,#191,#192,#193,#194,#195,#196)
    ,(#197,#198,#199,#200,#201,#202,#203,#204,#205)
    ,(#206,#207,#208,#209,#210,#211,#212,#213,#214)
    ,(#215,#216,#217,#218,#219,#220,#221,#222,#223)
    ,(#224,#225,#226,#227,#228,#229,#230,#231,#232)
    ,(#233,#234,#235,#236,#237,#238,#239,#240,#241
)),.UNSPECIFIED.,.F.,.F.,.F.) B_SPLINE_SURFACE_WITH_KNOTS((7,7),(9,9),(
    0.,6.544984694977E-02),(0.,66.666666666667),
.PIECEWISE_BEZIER_KNOTS.) GEOMETRIC_REPRESENTATION_ITEM() 
RATIONAL_B_SPLINE_SURFACE((
    (1.000053547667,1.000053547667,1.000053547667,1.000053547667
      ,1.000053547667,1.000053547667,1.000053547667,1.000053547667
      ,1.000053547667)
    ,(1.000017847948,1.000017847948,1.000017847948,1.000017847948
      ,1.000017847948,1.000017847948,1.000017847948,1.000017847948
      ,1.000017847948)
    ,(0.999996430156,0.999996430156,0.999996430156,0.999996430156
      ,0.999996430156,0.999996430156,0.999996430156,0.999996430156
      ,0.999996430156)
    ,(0.999989291231,0.999989291231,0.999989291231,0.999989291231
      ,0.999989291231,0.999989291231,0.999989291231,0.999989291231
      ,0.999989291231)
    ,(0.999996430156,0.999996430156,0.999996430156,0.999996430156
      ,0.999996430156,0.999996430156,0.999996430156,0.999996430156
      ,0.999996430156)
    ,(1.000017847948,1.000017847948,1.000017847948,1.000017847948
      ,1.000017847948,1.000017847948,1.000017847948,1.000017847948
      ,1.000017847948)
    ,(1.000053547667,1.000053547667,1.000053547667,1.000053547667
      ,1.000053547667,1.000053547667,1.000053547667,1.000053547667
,1.000053547667))) REPRESENTATION_ITEM('') SURFACE() );
#179 = CARTESIAN_POINT('',(-19.52335886763,83.138438763306,
    -43.85018196684));
#180 = CARTESIAN_POINT('',(-36.35797098909,70.048469373348,
    -61.1730620696));
#181 = CARTESIAN_POINT('',(-51.53323322612,49.892113363604,
    -74.76898131114));
#182 = CARTESIAN_POINT('',(-64.00399983227,24.153958478148,
    -82.29050391091));
#183 = CARTESIAN_POINT('',(-72.98884259948,-4.566148273814,
    -81.98251337732));
#184 = CARTESIAN_POINT('',(-78.21686666132,-32.88298118802,
    -73.23656987865));
#185 = CARTESIAN_POINT('',(-80.07794038342,-57.48224386109,
    -56.92833210095));
#186 = CARTESIAN_POINT('',(-79.44268150915,-75.94142733587,
    -35.01323951196));
#187 = CARTESIAN_POINT('',(-77.40488648546,-87.00554755551,
    -9.947999154629));
#188 = CARTESIAN_POINT('',(-19.87752236956,82.556626206338,
    -44.64564621615));
#189 = CARTESIAN_POINT('',(-36.64759971848,69.229198219693,
    -61.82357884657));
#190 = CARTESIAN_POINT('',(-51.72822487396,48.884833779478,
    -75.2069397228));
#191 = CARTESIAN_POINT('',(-64.08157072559,23.035032276741,
    -82.46473098987));
#192 = CARTESIAN_POINT('',(-72.9382773222,-5.701301102483,
    -81.86894190508));
#193 = CARTESIAN_POINT('',(-78.04263104597,-33.93410602885,
    -72.84523027925));
#194 = CARTESIAN_POINT('',(-79.79889604386,-58.3618846281,
    -56.30158825277));
#195 = CARTESIAN_POINT('',(-79.08779448427,-76.58715633097,
    -34.21615020349));
#196 = CARTESIAN_POINT('',(-77.0078988314,-87.38510533105,
    -9.056350284819));
#197 = CARTESIAN_POINT('',(-20.23476843426,81.986236831467,
    -45.4480340148));
#198 = CARTESIAN_POINT('',(-36.94157807242,68.419283459704,
    -62.48386504025));
#199 = CARTESIAN_POINT('',(-51.92857121101,47.883872881403,
    -75.65692496332));
#200 = CARTESIAN_POINT('',(-64.16509577683,21.918650521731,
    -82.65233132653));
#201 = CARTESIAN_POINT('',(-72.89375808751,-6.838032672951,
    -81.76895006679));
#202 = CARTESIAN_POINT('',(-77.87399938244,-34.99079336811,
    -72.46647736173));
#203 = CARTESIAN_POINT('',(-79.52454711628,-59.2504683622,
    -55.68539047253));
#204 = CARTESIAN_POINT('',(-78.73636070776,-77.24427920483,
    -33.42681701785));
#205 = CARTESIAN_POINT('',(-76.61294905811,-87.77742333818,
    -8.169278570149));
#206 = CARTESIAN_POINT('',(-20.59502836148,81.427381202642,
    -46.2571910595));
#207 = CARTESIAN_POINT('',(-37.23984961444,67.618881719285,
    -63.15379389225));
#208 = CARTESIAN_POINT('',(-52.13423390379,46.889423960051,
    -76.11885093433));
#209 = CARTESIAN_POINT('',(-64.25455920394,20.805028551052,
    -82.85326947373));
#210 = CARTESIAN_POINT('',(-72.85529380095,-7.976123945285,
    -81.68255786469));
#211 = CARTESIAN_POINT('',(-77.71100447743,-36.05283980904,
    -72.10038481112));
#212 = CARTESIAN_POINT('',(-79.25494673752,-60.14782425248,
    -55.07985810757));
#213 = CARTESIAN_POINT('',(-78.38844810938,-77.91266989584,
    -32.6453925278));
#214 = CARTESIAN_POINT('',(-76.22011340802,-88.18242663414,
    -7.286955253952));
#215 = CARTESIAN_POINT('',(-20.95823276108,80.880167251162,
    -47.07296149744));
#216 = CARTESIAN_POINT('',(-37.54235692617,66.828147454251,
    -63.83323643878));
#217 = CARTESIAN_POINT('',(-52.34517340353,45.901678822321,
    -76.59262880782));
#218 = CARTESIAN_POINT('',(-64.3499438679,19.694381076493,
    -83.06750693662));
#219 = CARTESIAN_POINT('',(-72.82289198503,-9.115355564513,
    -81.60978219461));
#220 = CARTESIAN_POINT('',(-77.55367785058,-37.12004072654,
    -71.74702342169));
#221 = CARTESIAN_POINT('',(-78.9901469607,-61.05377948064,
    -54.48510807113));
#222 = CARTESIAN_POINT('',(-78.04412381588,-78.59219976572,
    -31.87202750245));
#223 = CARTESIAN_POINT('',(-75.82946764215,-88.60003737666,
    -6.409550498238));
#224 = CARTESIAN_POINT('',(-21.32431157023,80.344700248638,
    -47.89518796493));
#225 = CARTESIAN_POINT('',(-37.84904162152,66.047232911758,
    -64.52206154253));
#226 = CARTESIAN_POINT('',(-52.56134895592,44.920827743556,
    -77.0781670481));
#227 = CARTESIAN_POINT('',(-64.4512312769,18.586922130284,
    -83.29500218198));
#228 = CARTESIAN_POINT('',(-72.79655877721,-10.25550791514,
    -81.55063684147));
#229 = CARTESIAN_POINT('',(-77.40204972654,-38.1921903179,
    -71.40646107912));
#230 = CARTESIAN_POINT('',(-78.73019874221,-61.96815926372,
    -53.90125481309));
#231 = CARTESIAN_POINT('',(-77.70345413419,-79.28273763131,
    -31.10687086962));
#232 = CARTESIAN_POINT('',(-75.4410870212,-89.0301748432,-5.537233341309
    ));
#233 = CARTESIAN_POINT('',(-21.69319407083,79.821082781044,
    -48.72371162654));
#234 = CARTESIAN_POINT('',(-38.15984436127,65.276288092648,
    -65.22013592544));
#235 = CARTESIAN_POINT('',(-52.7827186113,43.947059420357,
    -77.57537143471));
#236 = CARTESIAN_POINT('',(-64.55840159108,17.482865011957,
    -83.53571064871));
#237 = CARTESIAN_POINT('',(-72.77629892847,-11.39636117576,
    -81.50513247617));
#238 = CARTESIAN_POINT('',(-77.25614902755,-39.26908165403,
    -71.07876274387));
#239 = CARTESIAN_POINT('',(-78.47515192907,-62.89078689776,
    -53.32841029171));
#240 = CARTESIAN_POINT('',(-77.36650453504,-79.98414979736,
    -30.35006967897));
#241 = CARTESIAN_POINT('',(-75.05504628689,-89.47275545114,
    -4.67017165584));
#242 = DEFINITIONAL_REPRESENTATION('',(#243),#247);
#243 = LINE('',#244,#245);
#244 = CARTESIAN_POINT('',(0.,0.));
#245 = VECTOR('',#246,1.);
#246 = DIRECTION('',(1.,0.));
#247 = ( GEOMETRIC_REPRESENTATION_CONTEXT(2) 
PARAMETRIC_REPRESENTATION_CONTEXT() REPRESENTATION_CONTEXT('2D SPACE',''
  ) );
#248 = ORIENTED_EDGE('',*,*,#249,.F.);
#249 = EDGE_CURVE('',#250,#155,#252,.T.);
#250 = VERTEX_POINT('',#251);
#251 = CARTESIAN_POINT('',(-10.57515271997,45.033320996791,
    -23.7521818987));
#252 = SURFACE_CURVE('',#253,(#256,#262),.PCURVE_S1.);
#253 = B_SPLINE_CURVE_WITH_KNOTS('',1,(#254,#255),.UNSPECIFIED.,.F.,.F.,
  (2,2),(0.,44.),.PIECEWISE_BEZIER_KNOTS.);
#254 = CARTESIAN_POINT('',(-10.57515271997,45.033320996791,
    -23.7521818987));
#255 = CARTESIAN_POINT('',(-19.52335886763,83.138438763306,
    -43.85018196684));
#256 = PCURVE('',#94,#257);
#257 = DEFINITIONAL_REPRESENTATION('',(#258),#261);
#258 = B_SPLINE_CURVE_WITH_KNOTS('',1,(#259,#260),.UNSPECIFIED.,.F.,.F.,
  (2,2),(0.,44.),.PIECEWISE_BEZIER_KNOTS.);
#259 = CARTESIAN_POINT('',(-26.,45.033320996791));
#260 = CARTESIAN_POINT('',(-48.,83.138438763306));
#261 = ( GEOMETRIC_REPRESENTATION_CONTEXT(2) 
PARAMETRIC_REPRESENTATION_CONTEXT() REPRESENTATION_CONTEXT('2D SPACE',''
  ) );
#262 = PCURVE('',#263,#282);
#263 = B_SPLINE_SURFACE_WITH_KNOTS('',1,8,(
    (#264,#265,#266,#267,#268,#269,#270,#271,#272)
    ,(#273,#274,#275,#276,#277,#278,#279,#280,#281
  )),.UNSPECIFIED.,.F.,.F.,.F.,(2,2),(9,9),(0.,44.),(0.,66.666666666667)
  ,.PIECEWISE_BEZIER_KNOTS.);
#264 = CARTESIAN_POINT('',(-10.57515271997,45.033320996791,
    -23.7521818987));
#265 = CARTESIAN_POINT('',(-23.18313707536,37.942920910564,
    -31.58190060928));
#266 = CARTESIAN_POINT('',(-34.89230691003,27.024894738618,
    -37.39284885337));
#267 = CARTESIAN_POINT('',(-45.1365416113,13.083394175664,-39.9134989165
    ));
#268 = CARTESIAN_POINT('',(-53.49256756648,-2.473330314984,
    -38.19316269906));
#269 = CARTESIAN_POINT('',(-59.81365005625,-17.81161481018,
    -31.90226862553));
#270 = CARTESIAN_POINT('',(-64.31096777866,-31.13621542476,
    -21.51513181753));
#271 = CARTESIAN_POINT('',(-67.45610534471,-41.13493980693,
    -8.090948653415));
#272 = CARTESIAN_POINT('',(-69.84153582982,-47.1280049259,7.039564551892
    ));
#273 = CARTESIAN_POINT('',(-19.52335886763,83.138438763306,
    -43.85018196684));
#274 = CARTESIAN_POINT('',(-36.35797098909,70.048469373349,
    -61.1730620696));
#275 = CARTESIAN_POINT('',(-51.53323322612,49.892113363603,
    -74.76898131114));
#276 = CARTESIAN_POINT('',(-64.00399983228,24.153958478149,
    -82.29050391091));
#277 = CARTESIAN_POINT('',(-72.98884259948,-4.566148273816,
    -81.98251337732));
#278 = CARTESIAN_POINT('',(-78.21686666132,-32.88298118802,
    -73.23656987865));
#279 = CARTESIAN_POINT('',(-80.07794038342,-57.48224386109,
    -56.92833210095));
#280 = CARTESIAN_POINT('',(-79.44268150916,-75.94142733587,
    -35.01323951196));
#281 = CARTESIAN_POINT('',(-77.40488648546,-87.00554755551,
    -9.947999154629));
#282 = DEFINITIONAL_REPRESENTATION('',(#283),#287);
#283 = LINE('',#284,#285);
#284 = CARTESIAN_POINT('',(0.,0.));
#285 = VECTOR('',#286,1.);
#286 = DIRECTION('',(1.,0.));
#287 = ( GEOMETRIC_REPRESENTATION_CONTEXT(2) 
PARAMETRIC_REPRESENTATION_CONTEXT() REPRESENTATION_CONTEXT('2D SPACE',''
  ) );
#288 = ORIENTED_EDGE('',*,*,#289,.T.);
#289 = EDGE_CURVE('',#250,#290,#292,.T.);
#290 = VERTEX_POINT('',#291);
#291 = CARTESIAN_POINT('',(21.150305439942,0.,47.504363797415));
#292 = SURFACE_CURVE('',#293,(#298,#309),.PCURVE_S1.);
#293 = CIRCLE('',#294,52.);
#294 = AXIS2_PLACEMENT_3D('',#295,#296,#297);
#295 = CARTESIAN_POINT('',(0.,0.,0.));
#296 = DIRECTION('',(0.913545457643,0.,-0.406736643076));
#297 = DIRECTION('',(0.406736643076,0.,0.913545457643));
#298 = PCURVE('',#94,#299);
#299 = DEFINITIONAL_REPRESENTATION('',(#300),#308);
#300 = ( BOUNDED_CURVE() B_SPLINE_CURVE(2,(#301,#302,#303,#304,#305,#306
,#307),.UNSPECIFIED.,.T.,.F.) B_SPLINE_CURVE_WITH_KNOTS((1,2,2,2,2,1),(
    -2.094395102393,0.,2.094395102393,4.188790204786,6.28318530718,
8.377580409573),.UNSPECIFIED.) CURVE() GEOMETRIC_REPRESENTATION_ITEM() 
RATIONAL_B_SPLINE_CURVE((1.,0.5,1.,0.5,1.,0.5,1.)) REPRESENTATION_ITEM(
  '') );
#301 = CARTESIAN_POINT('',(52.,-6.86705117544E-15));
#302 = CARTESIAN_POINT('',(52.,-90.06664199358));
#303 = CARTESIAN_POINT('',(-26.,-45.03332099679));
#304 = CARTESIAN_POINT('',(-104.,-1.960337788657E-14));
#305 = CARTESIAN_POINT('',(-26.,45.033320996791));
#306 = CARTESIAN_POINT('',(52.,90.066641993582));
#307 = CARTESIAN_POINT('',(52.,-6.86705117544E-15));
#308 = ( GEOMETRIC_REPRESENTATION_CONTEXT(2) 
PARAMETRIC_REPRESENTATION_CONTEXT() REPRESENTATION_CONTEXT('2D SPACE',''
  ) );
#309 = PCURVE('',#310,#315);
#310 = CYLINDRICAL_SURFACE('',#311,52.);
#311 = AXIS2_PLACEMENT_3D('',#312,#313,#314);
#312 = CARTESIAN_POINT('',(22.838636441065,0.,-10.16841607689));
#313 = DIRECTION('',(0.913545457643,-0.,-0.406736643076));
#314 = DIRECTION('',(0.406736643076,0.,0.913545457643));
#315 = DEFINITIONAL_REPRESENTATION('',(#316),#320);
#316 = LINE('',#317,#318);
#317 = CARTESIAN_POINT('',(-6.28318530718,-25.));
#318 = VECTOR('',#319,1.);
#319 = DIRECTION('',(1.,-0.));
#320 = ( GEOMETRIC_REPRESENTATION_CONTEXT(2) 
PARAMETRIC_REPRESENTATION_CONTEXT() REPRESENTATION_CONTEXT('2D SPACE',''
  ) );
#321 = ORIENTED_EDGE('',*,*,#322,.T.);
#322 = EDGE_CURVE('',#290,#323,#325,.T.);
#323 = VERTEX_POINT('',#324);
#324 = CARTESIAN_POINT('',(-9.354540890764,-46.6373825597,
    -21.01064284364));
#325 = SURFACE_CURVE('',#326,(#331,#342),.PCURVE_S1.);
#326 = CIRCLE('',#327,52.);
#327 = AXIS2_PLACEMENT_3D('',#328,#329,#330);
#328 = CARTESIAN_POINT('',(0.,0.,0.));
#329 = DIRECTION('',(0.913545457643,0.,-0.406736643076));
#330 = DIRECTION('',(0.406736643076,0.,0.913545457643));
#331 = PCURVE('',#94,#332);
#332 = DEFINITIONAL_REPRESENTATION('',(#333),#341);
#333 = ( BOUNDED_CURVE() B_SPLINE_CURVE(2,(#334,#335,#336,#337,#338,#339
,#340),.UNSPECIFIED.,.T.,.F.) B_SPLINE_CURVE_WITH_KNOTS((1,2,2,2,2,1),(
    -2.094395102393,0.,2.094395102393,4.188790204786,6.28318530718,
8.377580409573),.UNSPECIFIED.) CURVE() GEOMETRIC_REPRESENTATION_ITEM() 
RATIONAL_B_SPLINE_CURVE((1.,0.5,1.,0.5,1.,0.5,1.)) REPRESENTATION_ITEM(
  '') );
#334 = CARTESIAN_POINT('',(52.,-6.86705117544E-15));
#335 = CARTESIAN_POINT('',(52.,-90.06664199358));
#336 = CARTESIAN_POINT('',(-26.,-45.03332099679));
#337 = CARTESIAN_POINT('',(-104.,-1.960337788657E-14));
#338 = CARTESIAN_POINT('',(-26.,45.033320996791));
#339 = CARTESIAN_POINT('',(52.,90.066641993582));
#340 = CARTESIAN_POINT('',(52.,-6.86705117544E-15));
#341 = ( GEOMETRIC_REPRESENTATION_CONTEXT(2) 
PARAMETRIC_REPRESENTATION_CONTEXT() REPRESENTATION_CONTEXT('2D SPACE',''
  ) );
#342 = PCURVE('',#343,#348);
#343 = CYLINDRICAL_SURFACE('',#344,52.);
#344 = AXIS2_PLACEMENT_3D('',#345,#346,#347);
#345 = CARTESIAN_POINT('',(22.838636441065,0.,-10.16841607689));
#346 = DIRECTION('',(0.913545457643,-0.,-0.406736643076));
#347 = DIRECTION('',(0.406736643076,0.,0.913545457643));
#348 = DEFINITIONAL_REPRESENTATION('',(#349),#353);
#349 = LINE('',#350,#351);
#350 = CARTESIAN_POINT('',(-6.28318530718,-25.));
#351 = VECTOR('',#352,1.);
#352 = DIRECTION('',(1.,-0.));
#353 = ( GEOMETRIC_REPRESENTATION_CONTEXT(2) 
PARAMETRIC_REPRESENTATION_CONTEXT() REPRESENTATION_CONTEXT('2D SPACE',''
  ) );
#354 = ORIENTED_EDGE('',*,*,#355,.F.);
#355 = EDGE_CURVE('',#356,#323,#358,.T.);
#356 = VERTEX_POINT('',#357);
#357 = CARTESIAN_POINT('',(-17.26992164448,-86.09978318713,
    -38.78887909596));
#358 = SURFACE_CURVE('',#359,(#362,#368),.PCURVE_S1.);
#359 = B_SPLINE_CURVE_WITH_KNOTS('',1,(#360,#361),.UNSPECIFIED.,.F.,.F.,
  (2,2),(0.,44.),.PIECEWISE_BEZIER_KNOTS.);
#360 = CARTESIAN_POINT('',(-17.26992164448,-86.09978318713,
    -38.78887909596));
#361 = CARTESIAN_POINT('',(-9.354540890764,-46.6373825597,
    -21.01064284364));
#362 = PCURVE('',#94,#363);
#363 = DEFINITIONAL_REPRESENTATION('',(#364),#367);
#364 = B_SPLINE_CURVE_WITH_KNOTS('',1,(#365,#366),.UNSPECIFIED.,.F.,.F.,
  (2,2),(0.,44.),.PIECEWISE_BEZIER_KNOTS.);
#365 = CARTESIAN_POINT('',(-42.45971426102,-86.09978318713));
#366 = CARTESIAN_POINT('',(-22.99901189138,-46.6373825597));
#367 = ( GEOMETRIC_REPRESENTATION_CONTEXT(2) 
PARAMETRIC_REPRESENTATION_CONTEXT() REPRESENTATION_CONTEXT('2D SPACE',''
  ) );
#368 = PCURVE('',#369,#388);
#369 = B_SPLINE_SURFACE_WITH_KNOTS('',1,8,(
    (#370,#371,#372,#373,#374,#375,#376,#377,#378)
    ,(#379,#380,#381,#382,#383,#384,#385,#386,#387
  )),.UNSPECIFIED.,.F.,.F.,.F.,(2,2),(9,9),(0.,44.),(0.,66.666666666667)
  ,.PIECEWISE_BEZIER_KNOTS.);
#370 = CARTESIAN_POINT('',(-17.26992164448,-86.09978318713,
    -38.78887909596));
#371 = CARTESIAN_POINT('',(-15.33259419715,-97.67887402012,
    -13.94929260971));
#372 = CARTESIAN_POINT('',(-11.92737680418,-101.9399720131,
    14.187228674504));
#373 = CARTESIAN_POINT('',(-8.136992811958,-97.57133528193,
    43.188848304692));
#374 = CARTESIAN_POINT('',(-5.27482054556,-84.41993022193,
    70.105670264753));
#375 = CARTESIAN_POINT('',(-4.636207762686,-63.81271181495,
    92.028295855793));
#376 = CARTESIAN_POINT('',(-7.125414317764,-38.38799119556,
    106.92572419171));
#377 = CARTESIAN_POINT('',(-13.07801717489,-11.27139876223,
    114.04423707059));
#378 = CARTESIAN_POINT('',(-22.31075758986,14.603845074232,
    113.79544037112));
#379 = CARTESIAN_POINT('',(-9.354540890764,-46.6373825597,
    -21.01064284364));
#380 = CARTESIAN_POINT('',(-11.79439131306,-52.90939009423,
    -6.002358818512));
#381 = CARTESIAN_POINT('',(-13.43913468147,-55.21748484045,
    10.791764888853));
#382 = CARTESIAN_POINT('',(-14.87524614196,-52.85113994438,
    28.054483533618));
#383 = CARTESIAN_POINT('',(-16.81413895394,-45.72746220354,
    44.187936773734));
#384 = CARTESIAN_POINT('',(-19.95745981949,-34.56521889976,
    57.61620031396));
#385 = CARTESIAN_POINT('',(-24.79501615976,-20.79349523093,
    67.239148674333));
#386 = CARTESIAN_POINT('',(-31.50857883032,-6.105340996213,
    72.648517828806));
#387 = CARTESIAN_POINT('',(-39.99888267803,7.910416081876,
    74.067260961677));
#388 = DEFINITIONAL_REPRESENTATION('',(#389),#393);
#389 = LINE('',#390,#391);
#390 = CARTESIAN_POINT('',(0.,0.));
#391 = VECTOR('',#392,1.);
#392 = DIRECTION('',(1.,0.));
#393 = ( GEOMETRIC_REPRESENTATION_CONTEXT(2) 
PARAMETRIC_REPRESENTATION_CONTEXT() REPRESENTATION_CONTEXT('2D SPACE',''
  ) );
#394 = ORIENTED_EDGE('',*,*,#395,.F.);
#395 = EDGE_CURVE('',#396,#356,#398,.T.);
#396 = VERTEX_POINT('',#397);
#397 = CARTESIAN_POINT('',(-19.52335886763,-83.1384387633,
    -43.85018196684));
#398 = SURFACE_CURVE('',#399,(#407,#418),.PCURVE_S1.);
#399 = ( BOUNDED_CURVE() B_SPLINE_CURVE(6,(#400,#401,#402,#403,#404,#405
,#406),.UNSPECIFIED.,.F.,.F.) B_SPLINE_CURVE_WITH_KNOTS((7,7),(0.,
6.544984694977E-02),.PIECEWISE_BEZIER_KNOTS.) CURVE() 
GEOMETRIC_REPRESENTATION_ITEM() RATIONAL_B_SPLINE_CURVE((1.000053547667,
    1.000017847948,0.999996430156,0.999989291231,0.999996430156,
1.000017847948,1.000053547667)) REPRESENTATION_ITEM('') );
#400 = CARTESIAN_POINT('',(-19.52335886763,-83.1384387633,
    -43.85018196684));
#401 = CARTESIAN_POINT('',(-19.14133697985,-83.60161893114,
    -42.99214675844));
#402 = CARTESIAN_POINT('',(-18.76179756107,-84.07707409588,
    -42.13968726671));
#403 = CARTESIAN_POINT('',(-18.38481390693,-84.56471326264,
    -41.29296811636));
#404 = CARTESIAN_POINT('',(-18.01045873069,-85.06444265129,
    -40.45215262403));
#405 = CARTESIAN_POINT('',(-17.63880414509,-85.57616571954,
    -39.61740275757));
#406 = CARTESIAN_POINT('',(-17.26992164448,-86.09978318713,
    -38.78887909596));
#407 = PCURVE('',#94,#408);
#408 = DEFINITIONAL_REPRESENTATION('',(#409),#417);
#409 = ( BOUNDED_CURVE() B_SPLINE_CURVE(6,(#410,#411,#412,#413,#414,#415
,#416),.UNSPECIFIED.,.F.,.F.) B_SPLINE_CURVE_WITH_KNOTS((7,7),(0.,
6.544984694977E-02),.PIECEWISE_BEZIER_KNOTS.) CURVE() 
GEOMETRIC_REPRESENTATION_ITEM() RATIONAL_B_SPLINE_CURVE((1.000053547667,
    1.000017847948,0.999996430156,0.999989291231,0.999996430156,
1.000017847948,1.000053547667)) REPRESENTATION_ITEM('') );
#410 = CARTESIAN_POINT('',(-48.,-83.1384387633));
#411 = CARTESIAN_POINT('',(-47.06076353264,-83.60161893114));
#412 = CARTESIAN_POINT('',(-46.12763044704,-84.07707409588));
#413 = CARTESIAN_POINT('',(-45.20078094737,-84.56471326264));
#414 = CARTESIAN_POINT('',(-44.28039380592,-85.06444265129));
#415 = CARTESIAN_POINT('',(-43.36664631862,-85.57616571954));
#416 = CARTESIAN_POINT('',(-42.45971426102,-86.09978318713));
#417 = ( GEOMETRIC_REPRESENTATION_CONTEXT(2) 
PARAMETRIC_REPRESENTATION_CONTEXT() REPRESENTATION_CONTEXT('2D SPACE',''
  ) );
#418 = PCURVE('',#419,#483);
#419 = ( BOUNDED_SURFACE() B_SPLINE_SURFACE(6,8,(
    (#420,#421,#422,#423,#424,#425,#426,#427,#428)
    ,(#429,#430,#431,#432,#433,#434,#435,#436,#437)
    ,(#438,#439,#440,#441,#442,#443,#444,#445,#446)
    ,(#447,#448,#449,#450,#451,#452,#453,#454,#455)
    ,(#456,#457,#458,#459,#460,#461,#462,#463,#464)
    ,(#465,#466,#467,#468,#469,#470,#471,#472,#473)
    ,(#474,#475,#476,#477,#478,#479,#480,#481,#482
)),.UNSPECIFIED.,.F.,.F.,.F.) B_SPLINE_SURFACE_WITH_KNOTS((7,7),(9,9),(
    0.,6.544984694977E-02),(0.,66.666666666667),
.PIECEWISE_BEZIER_KNOTS.) GEOMETRIC_REPRESENTATION_ITEM() 
RATIONAL_B_SPLINE_SURFACE((
    (1.000053547667,1.000053547667,1.000053547667,1.000053547667
      ,1.000053547667,1.000053547667,1.000053547667,1.000053547667
      ,1.000053547667)
    ,(1.000017847948,1.000017847948,1.000017847948,1.000017847948
      ,1.000017847948,1.000017847948,1.000017847948,1.000017847948
      ,1.000017847948)
    ,(0.999996430156,0.999996430156,0.999996430156,0.999996430156
      ,0.999996430156,0.999996430156,0.999996430156,0.999996430156
      ,0.999996430156)
    ,(0.999989291231,0.999989291231,0.999989291231,0.999989291231
      ,0.999989291231,0.999989291231,0.999989291231,0.999989291231
      ,0.999989291231)
    ,(0.999996430156,0.999996430156,0.999996430156,0.999996430156
      ,0.999996430156,0.999996430156,0.999996430156,0.999996430156
      ,0.999996430156)
    ,(1.000017847948,1.000017847948,1.000017847948,1.000017847948
      ,1.000017847948,1.000017847948,1.000017847948,1.000017847948
      ,1.000017847948)
    ,(1.000053547667,1.000053547667,1.000053547667,1.000053547667
      ,1.000053547667,1.000053547667,1.000053547667,1.000053547667
,1.000053547667))) REPRESENTATION_ITEM('') SURFACE() );
#420 = CARTESIAN_POINT('',(-19.52335886763,-83.1384387633,
    -43.85018196684));
#421 = CARTESIAN_POINT('',(-17.91450437355,-96.22840815326,
    -19.74835781282));
#422 = CARTESIAN_POINT('',(-14.64623065668,-102.2520893471,
    8.080582938904));
#423 = CARTESIAN_POINT('',(-10.76404810979,-99.72644741391,
    37.288385498661));
#424 = CARTESIAN_POINT('',(-7.57445203728,-88.28758556822,
    64.940613367926));
#425 = CARTESIAN_POINT('',(-6.405316214201,-69.05132615158,
    88.054813216663));
#426 = CARTESIAN_POINT('',(-8.229148360261,-44.50492676073,
    104.44669694365));
#427 = CARTESIAN_POINT('',(-13.46395449212,-17.71336490514,
    113.17740766367));
#428 = CARTESIAN_POINT('',(-22.00489732373,8.366951303775,
    114.48241377651));
#429 = CARTESIAN_POINT('',(-19.14133697985,-83.60161893114,
    -42.99214675844));
#430 = CARTESIAN_POINT('',(-17.48110644305,-96.43545130844,
    -18.77493012318));
#431 = CARTESIAN_POINT('',(-14.19392637544,-102.1636266074,
    9.096474987558));
#432 = CARTESIAN_POINT('',(-10.33112732512,-99.33214859173,
    38.260741501238));
#433 = CARTESIAN_POINT('',(-7.199883601487,-87.61234534878,
    65.781907849048));
#434 = CARTESIAN_POINT('',(-6.122181324317,-68.15478051216,
    88.69074459133));
#435 = CARTESIAN_POINT('',(-8.058822114106,-43.47096397341,
    104.82925595607));
#436 = CARTESIAN_POINT('',(-13.41394366894,-16.63487343309,
    113.28973381163));
#437 = CARTESIAN_POINT('',(-22.06969410089,9.401998006132,
    114.33687783219));
#438 = CARTESIAN_POINT('',(-18.76179756107,-84.07707409588,
    -42.13968726671));
#439 = CARTESIAN_POINT('',(-17.04882943629,-96.65643389969,
    -17.80402006948));
#440 = CARTESIAN_POINT('',(-13.74117047053,-102.0897244379,10.1133813996
    ));
#441 = CARTESIAN_POINT('',(-9.89612572812,-98.95179961135,
    39.237771084797));
#442 = CARTESIAN_POINT('',(-6.821736041675,-86.9491890182,
    66.631241174367));
#443 = CARTESIAN_POINT('',(-5.834285100337,-67.26738558177,
    89.337370097442));
#444 = CARTESIAN_POINT('',(-7.882998053103,-42.44252719384,
    105.22416326283));
#445 = CARTESIAN_POINT('',(-13.35819279311,-15.5580376929,
    113.41495232891));
#446 = CARTESIAN_POINT('',(-22.12897721925,10.439085759832,
    114.20372576828));
#447 = CARTESIAN_POINT('',(-18.38481390693,-84.56471326264,
    -41.29296811636));
#448 = CARTESIAN_POINT('',(-16.61775674207,-96.89131407521,
    -16.83581494605));
#449 = CARTESIAN_POINT('',(-13.28805019421,-102.0303978642,
    11.131106203222));
#450 = CARTESIAN_POINT('',(-9.459127061401,-98.58547453846,
    40.219286160395));
#451 = CARTESIAN_POINT('',(-6.440082060598,-86.29824505823,
    67.488450050773));
#452 = CARTESIAN_POINT('',(-5.541682784271,-66.38931291093,
    89.994565659452));
#453 = CARTESIAN_POINT('',(-7.701709775971,-41.41981496668,
    105.63134339995));
#454 = CARTESIAN_POINT('',(-13.29671230424,-14.48306535172,
    113.5530397678));
#455 = CARTESIAN_POINT('',(-22.18273495576,11.47801475774,
    114.08298391519));
#456 = CARTESIAN_POINT('',(-18.01045873069,-85.06444265129,
    -40.45215262403));
#457 = CARTESIAN_POINT('',(-16.18797147577,-97.14004680744,
    -15.87050143305));
#458 = CARTESIAN_POINT('',(-12.83465288374,-101.9856585823,
    12.149453235714));
#459 = CARTESIAN_POINT('',(-9.020215525466,-98.2332442365,41.20509761061
    ));
#460 = CARTESIAN_POINT('',(-6.054995163539,-85.65963916329,
    68.353369382699));
#461 = CARTESIAN_POINT('',(-5.24443069432,-65.52073192395,
    90.662204784617));
#462 = CARTESIAN_POINT('',(-7.514992130407,-40.40302453284,
    106.05071809821));
#463 = CARTESIAN_POINT('',(-13.22951395106,-13.41016365522,
    113.7039697402));
#464 = CARTESIAN_POINT('',(-22.23095684941,12.518584768073,
    113.97467576875));
#465 = CARTESIAN_POINT('',(-17.63880414509,-85.57616571954,
    -39.61740275757));
#466 = CARTESIAN_POINT('',(-15.75955645862,-97.40258390404,
    -14.90826555003));
#467 = CARTESIAN_POINT('',(-12.38106593969,-101.9555149556,
    13.168226192214));
#468 = CARTESIAN_POINT('',(-8.579475757823,-97.89517634878,
    42.19501533645));
#469 = CARTESIAN_POINT('',(-5.666549640087,-85.03349420901,
    69.225832313042));
#470 = CARTESIAN_POINT('',(-4.94258621097,-64.66180987665,
    91.340158594214));
#471 = CARTESIAN_POINT('',(-7.322881204525,-39.3923517803,
    106.48220630242));
#472 = CARTESIAN_POINT('',(-13.1566107886,-12.339539376,113.86771292401)
  );
#473 = CARTESIAN_POINT('',(-22.2736337039,13.560595184141,
    113.87882198418));
#474 = CARTESIAN_POINT('',(-17.26992164448,-86.09978318713,
    -38.78887909596));
#475 = CARTESIAN_POINT('',(-15.33259419715,-97.67887402012,
    -13.94929260971));
#476 = CARTESIAN_POINT('',(-11.92737680418,-101.9399720131,
    14.187228674505));
#477 = CARTESIAN_POINT('',(-8.136992811956,-97.57133528193,
    43.18884830469));
#478 = CARTESIAN_POINT('',(-5.274820545561,-84.41993022193,
    70.105670264755));
#479 = CARTESIAN_POINT('',(-4.636207762685,-63.81271181495,
    92.028295855791));
#480 = CARTESIAN_POINT('',(-7.125414317764,-38.38799119556,
    106.92572419171));
#481 = CARTESIAN_POINT('',(-13.07801717489,-11.27139876223,
    114.04423707059));
#482 = CARTESIAN_POINT('',(-22.31075758986,14.603845074232,
    113.79544037112));
#483 = DEFINITIONAL_REPRESENTATION('',(#484),#488);
#484 = LINE('',#485,#486);
#485 = CARTESIAN_POINT('',(0.,0.));
#486 = VECTOR('',#487,1.);
#487 = DIRECTION('',(1.,0.));
#488 = ( GEOMETRIC_REPRESENTATION_CONTEXT(2) 
PARAMETRIC_REPRESENTATION_CONTEXT() REPRESENTATION_CONTEXT('2D SPACE',''
  ) );
#489 = ORIENTED_EDGE('',*,*,#490,.F.);
#490 = EDGE_CURVE('',#491,#396,#493,.T.);
#491 = VERTEX_POINT('',#492);
#492 = CARTESIAN_POINT('',(-10.57515271997,-45.03332099679,
    -23.7521818987));
#493 = SURFACE_CURVE('',#494,(#497,#503),.PCURVE_S1.);
#494 = B_SPLINE_CURVE_WITH_KNOTS('',1,(#495,#496),.UNSPECIFIED.,.F.,.F.,
  (2,2),(0.,44.),.PIECEWISE_BEZIER_KNOTS.);
#495 = CARTESIAN_POINT('',(-10.57515271997,-45.03332099679,
    -23.7521818987));
#496 = CARTESIAN_POINT('',(-19.52335886763,-83.1384387633,
    -43.85018196684));
#497 = PCURVE('',#94,#498);
#498 = DEFINITIONAL_REPRESENTATION('',(#499),#502);
#499 = B_SPLINE_CURVE_WITH_KNOTS('',1,(#500,#501),.UNSPECIFIED.,.F.,.F.,
  (2,2),(0.,44.),.PIECEWISE_BEZIER_KNOTS.);
#500 = CARTESIAN_POINT('',(-26.,-45.03332099679));
#501 = CARTESIAN_POINT('',(-48.,-83.1384387633));
#502 = ( GEOMETRIC_REPRESENTATION_CONTEXT(2) 
PARAMETRIC_REPRESENTATION_CONTEXT() REPRESENTATION_CONTEXT('2D SPACE',''
  ) );
#503 = PCURVE('',#504,#523);
#504 = B_SPLINE_SURFACE_WITH_KNOTS('',1,8,(
    (#505,#506,#507,#508,#509,#510,#511,#512,#513)
    ,(#514,#515,#516,#517,#518,#519,#520,#521,#522
  )),.UNSPECIFIED.,.F.,.F.,.F.,(2,2),(9,9),(0.,44.),(0.,66.666666666667)
  ,.PIECEWISE_BEZIER_KNOTS.);
#505 = CARTESIAN_POINT('',(-10.57515271997,-45.03332099679,
    -23.7521818987));
#506 = CARTESIAN_POINT('',(-13.19292599195,-52.12372108301,
    -9.143519136865));
#507 = CARTESIAN_POINT('',(-14.91184718492,-55.38654839635,
    7.483998448736));
#508 = CARTESIAN_POINT('',(-16.29823442829,-54.0184923492,
    24.858399513684));
#509 = CARTESIAN_POINT('',(-18.05977267862,-47.82244218279,
    41.390197621285));
#510 = CARTESIAN_POINT('',(-20.91572689739,-37.40280166544,
    55.463897217765));
#511 = CARTESIAN_POINT('',(-25.39287209945,-24.10683532873,
    65.896342248302));
#512 = CARTESIAN_POINT('',(-31.71762821048,-9.594739323619,
    72.178985233391));
#513 = CARTESIAN_POINT('',(-39.83320836721,4.532098622878,74.43937155626
    ));
#514 = CARTESIAN_POINT('',(-19.52335886763,-83.1384387633,
    -43.85018196684));
#515 = CARTESIAN_POINT('',(-17.91450437355,-96.22840815326,
    -19.74835781282));
#516 = CARTESIAN_POINT('',(-14.64623065668,-102.2520893471,
    8.080582938905));
#517 = CARTESIAN_POINT('',(-10.76404810979,-99.72644741391,
    37.28838549866));
#518 = CARTESIAN_POINT('',(-7.574452037278,-88.28758556822,
    64.940613367926));
#519 = CARTESIAN_POINT('',(-6.405316214202,-69.05132615159,
    88.054813216663));
#520 = CARTESIAN_POINT('',(-8.229148360261,-44.50492676073,
    104.44669694365));
#521 = CARTESIAN_POINT('',(-13.46395449212,-17.71336490514,
    113.17740766367));
#522 = CARTESIAN_POINT('',(-22.00489732373,8.366951303775,
    114.48241377651));
#523 = DEFINITIONAL_REPRESENTATION('',(#524),#528);
#524 = LINE('',#525,#526);
#525 = CARTESIAN_POINT('',(0.,0.));
#526 = VECTOR('',#527,1.);
#527 = DIRECTION('',(1.,0.));
#528 = ( GEOMETRIC_REPRESENTATION_CONTEXT(2) 
PARAMETRIC_REPRESENTATION_CONTEXT() REPRESENTATION_CONTEXT('2D SPACE',''
  ) );
#529 = ORIENTED_EDGE('',*,*,#530,.T.);
#530 = EDGE_CURVE('',#491,#115,#531,.T.);
#531 = SURFACE_CURVE('',#532,(#537,#548),.PCURVE_S1.);
#532 = CIRCLE('',#533,52.);
#533 = AXIS2_PLACEMENT_3D('',#534,#535,#536);
#534 = CARTESIAN_POINT('',(0.,0.,0.));
#535 = DIRECTION('',(0.913545457643,0.,-0.406736643076));
#536 = DIRECTION('',(0.406736643076,0.,0.913545457643));
#537 = PCURVE('',#94,#538);
#538 = DEFINITIONAL_REPRESENTATION('',(#539),#547);
#539 = ( BOUNDED_CURVE() B_SPLINE_CURVE(2,(#540,#541,#542,#543,#544,#545
,#546),.UNSPECIFIED.,.T.,.F.) B_SPLINE_CURVE_WITH_KNOTS((1,2,2,2,2,1),(
    -2.094395102393,0.,2.094395102393,4.188790204786,6.28318530718,
8.377580409573),.UNSPECIFIED.) CURVE() GEOMETRIC_REPRESENTATION_ITEM() 
RATIONAL_B_SPLINE_CURVE((1.,0.5,1.,0.5,1.,0.5,1.)) REPRESENTATION_ITEM(
  '') );
#540 = CARTESIAN_POINT('',(52.,-6.86705117544E-15));
#541 = CARTESIAN_POINT('',(52.,-90.06664199358));
#542 = CARTESIAN_POINT('',(-26.,-45.03332099679));
#543 = CARTESIAN_POINT('',(-104.,-1.960337788657E-14));
#544 = CARTESIAN_POINT('',(-26.,45.033320996791));
#545 = CARTESIAN_POINT('',(52.,90.066641993582));
#546 = CARTESIAN_POINT('',(52.,-6.86705117544E-15));
#547 = ( GEOMETRIC_REPRESENTATION_CONTEXT(2) 
PARAMETRIC_REPRESENTATION_CONTEXT() REPRESENTATION_CONTEXT('2D SPACE',''
  ) );
#548 = PCURVE('',#549,#554);
#549 = CYLINDRICAL_SURFACE('',#550,52.);
#550 = AXIS2_PLACEMENT_3D('',#551,#552,#553);
#551 = CARTESIAN_POINT('',(22.838636441065,0.,-10.16841607689));
#552 = DIRECTION('',(0.913545457643,-0.,-0.406736643076));
#553 = DIRECTION('',(0.406736643076,0.,0.913545457643));
#554 = DEFINITIONAL_REPRESENTATION('',(#555),#559);
#555 = LINE('',#556,#557);
#556 = CARTESIAN_POINT('',(-6.28318530718,-25.));
#557 = VECTOR('',#558,1.);
#558 = DIRECTION('',(1.,-0.));
#559 = ( GEOMETRIC_REPRESENTATION_CONTEXT(2) 
PARAMETRIC_REPRESENTATION_CONTEXT() REPRESENTATION_CONTEXT('2D SPACE',''
  ) );
#560 = ADVANCED_FACE('',(#561,#564),#66,.T.);
#561 = FACE_BOUND('',#562,.T.);
#562 = EDGE_LOOP('',(#563));
#563 = ORIENTED_EDGE('',*,*,#51,.T.);
#564 = FACE_BOUND('',#565,.T.);
#565 = EDGE_LOOP('',(#566,#601,#641,#736,#776,#809,#849,#944,#984));
#566 = ORIENTED_EDGE('',*,*,#567,.T.);
#567 = EDGE_CURVE('',#568,#570,#572,.T.);
#568 = VERTEX_POINT('',#569);
#569 = CARTESIAN_POINT('',(-344.267877617,0.,210.19902102773));
#570 = VERTEX_POINT('',#571);
#571 = CARTESIAN_POINT('',(-364.034886897,-51.8886640084,165.80159127475
    ));
#572 = SURFACE_CURVE('',#573,(#578,#589),.PCURVE_S1.);
#573 = CIRCLE('',#574,52.);
#574 = AXIS2_PLACEMENT_3D('',#575,#576,#577);
#575 = CARTESIAN_POINT('',(-365.418183057,0.,162.69465723032));
#576 = DIRECTION('',(0.913545457643,0.,-0.406736643076));
#577 = DIRECTION('',(0.406736643076,0.,0.913545457643));
#578 = PCURVE('',#66,#579);
#579 = DEFINITIONAL_REPRESENTATION('',(#580),#588);
#580 = ( BOUNDED_CURVE() B_SPLINE_CURVE(2,(#581,#582,#583,#584,#585,#586
,#587),.UNSPECIFIED.,.T.,.F.) B_SPLINE_CURVE_WITH_KNOTS((1,2,2,2,2,1),(
    -2.094395102393,0.,2.094395102393,4.188790204786,6.28318530718,
8.377580409573),.UNSPECIFIED.) CURVE() GEOMETRIC_REPRESENTATION_ITEM() 
RATIONAL_B_SPLINE_CURVE((1.,0.5,1.,0.5,1.,0.5,1.)) REPRESENTATION_ITEM(
  '') );
#581 = CARTESIAN_POINT('',(52.,-6.86705117544E-15));
#582 = CARTESIAN_POINT('',(52.,-90.06664199358));
#583 = CARTESIAN_POINT('',(-26.,-45.03332099679));
#584 = CARTESIAN_POINT('',(-104.,-1.960337788657E-14));
#585 = CARTESIAN_POINT('',(-26.,45.033320996791));
#586 = CARTESIAN_POINT('',(52.,90.066641993582));
#587 = CARTESIAN_POINT('',(52.,-6.86705117544E-15));
#588 = ( GEOMETRIC_REPRESENTATION_CONTEXT(2) 
PARAMETRIC_REPRESENTATION_CONTEXT() REPRESENTATION_CONTEXT('2D SPACE',''
  ) );
#589 = PCURVE('',#590,#595);
#590 = CYLINDRICAL_SURFACE('',#591,52.);
#591 = AXIS2_PLACEMENT_3D('',#592,#593,#594);
#592 = CARTESIAN_POINT('',(22.838636441065,0.,-10.16841607689));
#593 = DIRECTION('',(0.913545457643,-0.,-0.406736643076));
#594 = DIRECTION('',(0.406736643076,0.,0.913545457643));
#595 = DEFINITIONAL_REPRESENTATION('',(#596),#600);
#596 = LINE('',#597,#598);
#597 = CARTESIAN_POINT('',(-6.28318530718,-425.));
#598 = VECTOR('',#599,1.);
#599 = DIRECTION('',(1.,-0.));
#600 = ( GEOMETRIC_REPRESENTATION_CONTEXT(2) 
PARAMETRIC_REPRESENTATION_CONTEXT() REPRESENTATION_CONTEXT('2D SPACE',''
  ) );
#601 = ORIENTED_EDGE('',*,*,#602,.F.);
#602 = EDGE_CURVE('',#603,#570,#605,.T.);
#603 = VERTEX_POINT('',#604);
#604 = CARTESIAN_POINT('',(-362.8644055309,-95.7944566309,168.4305354662
    ));
#605 = SURFACE_CURVE('',#606,(#609,#615),.PCURVE_S1.);
#606 = B_SPLINE_CURVE_WITH_KNOTS('',1,(#607,#608),.UNSPECIFIED.,.F.,.F.,
  (2,2),(0.,44.),.PIECEWISE_BEZIER_KNOTS.);
#607 = CARTESIAN_POINT('',(-362.8644055309,-95.7944566309,168.4305354662
    ));
#608 = CARTESIAN_POINT('',(-364.034886897,-51.8886640084,165.80159127475
    ));
#609 = PCURVE('',#66,#610);
#610 = DEFINITIONAL_REPRESENTATION('',(#611),#614);
#611 = B_SPLINE_CURVE_WITH_KNOTS('',1,(#612,#613),.UNSPECIFIED.,.F.,.F.,
  (2,2),(0.,44.),.PIECEWISE_BEZIER_KNOTS.);
#612 = CARTESIAN_POINT('',(6.278700406094,-95.7944566309));
#613 = CARTESIAN_POINT('',(3.400962719967,-51.8886640084));
#614 = ( GEOMETRIC_REPRESENTATION_CONTEXT(2) 
PARAMETRIC_REPRESENTATION_CONTEXT() REPRESENTATION_CONTEXT('2D SPACE',''
  ) );
#615 = PCURVE('',#616,#635);
#616 = B_SPLINE_SURFACE_WITH_KNOTS('',1,8,(
    (#617,#618,#619,#620,#621,#622,#623,#624,#625)
    ,(#626,#627,#628,#629,#630,#631,#632,#633,#634
  )),.UNSPECIFIED.,.F.,.F.,.F.,(2,2),(9,9),(0.,44.),(0.,66.666666666667)
  ,.PIECEWISE_BEZIER_KNOTS.);
#617 = CARTESIAN_POINT('',(-337.8966550502,49.80223278341,
    60.602798836018));
#618 = CARTESIAN_POINT('',(-351.0336081151,27.420692346969,
    51.584996951602));
#619 = CARTESIAN_POINT('',(-361.333326842,0.806135494575,48.939727726493
    ));
#620 = CARTESIAN_POINT('',(-368.169942439,-27.50391683213,
    54.072715483204));
#621 = CARTESIAN_POINT('',(-371.3669789265,-54.30602675393,
    67.380331761178));
#622 = CARTESIAN_POINT('',(-371.3492067213,-76.31192803129,
    87.908526584006));
#623 = CARTESIAN_POINT('',(-369.1068287373,-91.07692942087,
    113.43326779355));
#624 = CARTESIAN_POINT('',(-365.8770682183,-97.50670655016,
    141.17570648654));
#625 = CARTESIAN_POINT('',(-362.8644055309,-95.7944566309,168.4305354662
    ));
#626 = CARTESIAN_POINT('',(-322.5967997364,26.976209424347,
    94.96683650609));
#627 = CARTESIAN_POINT('',(-333.2018854362,14.852875021275,
    91.635701830446));
#628 = CARTESIAN_POINT('',(-342.2701358696,0.436656726227,
    91.756355678594));
#629 = CARTESIAN_POINT('',(-349.4625387742,-14.89795495074,
    96.090232058559));
#630 = CARTESIAN_POINT('',(-354.6835029945,-29.41576449171,
    104.85203222087));
#631 = CARTESIAN_POINT('',(-358.1631125063,-41.33562768361,
    117.52497909498));
#632 = CARTESIAN_POINT('',(-360.4377272213,-49.33333676964,
    132.90438859524));
#633 = CARTESIAN_POINT('',(-362.1775097298,-52.81613271467,
    149.48505089902));
#634 = CARTESIAN_POINT('',(-364.034886897,-51.8886640084,165.80159127475
    ));
#635 = DEFINITIONAL_REPRESENTATION('',(#636),#640);
#636 = LINE('',#637,#638);
#637 = CARTESIAN_POINT('',(0.,66.666666666667));
#638 = VECTOR('',#639,1.);
#639 = DIRECTION('',(1.,0.));
#640 = ( GEOMETRIC_REPRESENTATION_CONTEXT(2) 
PARAMETRIC_REPRESENTATION_CONTEXT() REPRESENTATION_CONTEXT('2D SPACE',''
  ) );
#641 = ORIENTED_EDGE('',*,*,#642,.F.);
#642 = EDGE_CURVE('',#643,#603,#645,.T.);
#643 = VERTEX_POINT('',#644);
#644 = CARTESIAN_POINT('',(-365.418183057,-96.,162.69465723032));
#645 = SURFACE_CURVE('',#646,(#654,#665),.PCURVE_S1.);
#646 = ( BOUNDED_CURVE() B_SPLINE_CURVE(6,(#647,#648,#649,#650,#651,#652
,#653),.UNSPECIFIED.,.F.,.F.) B_SPLINE_CURVE_WITH_KNOTS((7,7),(0.,
6.544984694977E-02),.PIECEWISE_BEZIER_KNOTS.) CURVE() 
GEOMETRIC_REPRESENTATION_ITEM() RATIONAL_B_SPLINE_CURVE((1.000053547667,
    1.000017847948,0.999996430156,0.999989291231,0.999996430156,
1.000017847948,1.000053547667)) REPRESENTATION_ITEM('') );
#647 = CARTESIAN_POINT('',(-365.418183057,-96.,162.69465723032));
#648 = CARTESIAN_POINT('',(-364.9931462241,-95.9315075582,
    163.64930558733));
#649 = CARTESIAN_POINT('',(-364.5677629268,-95.87669726642,
    164.60473211589));
#650 = CARTESIAN_POINT('',(-364.1421151467,-95.83558042288,
    165.56075268285));
#651 = CARTESIAN_POINT('',(-363.716284927,-95.80816519775,
    166.51718301564));
#652 = CARTESIAN_POINT('',(-363.290354353,-95.7944566309,167.47383874808
    ));
#653 = CARTESIAN_POINT('',(-362.8644055309,-95.7944566309,168.4305354662
    ));
#654 = PCURVE('',#66,#655);
#655 = DEFINITIONAL_REPRESENTATION('',(#656),#664);
#656 = ( BOUNDED_CURVE() B_SPLINE_CURVE(6,(#657,#658,#659,#660,#661,#662
,#663),.UNSPECIFIED.,.F.,.F.) B_SPLINE_CURVE_WITH_KNOTS((7,7),(0.,
6.544984694977E-02),.PIECEWISE_BEZIER_KNOTS.) CURVE() 
GEOMETRIC_REPRESENTATION_ITEM() RATIONAL_B_SPLINE_CURVE((1.000053547667,
    1.000017847948,0.999996430156,0.999989291231,0.999996430156,
1.000017847948,1.000053547667)) REPRESENTATION_ITEM('') );
#657 = CARTESIAN_POINT('',(5.684341886081E-14,-96.));
#658 = CARTESIAN_POINT('',(1.044992724805,-95.9315075582));
#659 = CARTESIAN_POINT('',(2.090837264417,-95.87669726642));
#660 = CARTESIAN_POINT('',(3.137332060005,-95.83558042288));
#661 = CARTESIAN_POINT('',(4.184275400138,-95.80816519775));
#662 = CARTESIAN_POINT('',(5.231465470906,-95.7944566309));
#663 = CARTESIAN_POINT('',(6.278700406094,-95.7944566309));
#664 = ( GEOMETRIC_REPRESENTATION_CONTEXT(2) 
PARAMETRIC_REPRESENTATION_CONTEXT() REPRESENTATION_CONTEXT('2D SPACE',''
  ) );
#665 = PCURVE('',#666,#730);
#666 = ( BOUNDED_SURFACE() B_SPLINE_SURFACE(6,8,(
    (#667,#668,#669,#670,#671,#672,#673,#674,#675)
    ,(#676,#677,#678,#679,#680,#681,#682,#683,#684)
    ,(#685,#686,#687,#688,#689,#690,#691,#692,#693)
    ,(#694,#695,#696,#697,#698,#699,#700,#701,#702)
    ,(#703,#704,#705,#706,#707,#708,#709,#710,#711)
    ,(#712,#713,#714,#715,#716,#717,#718,#719,#720)
    ,(#721,#722,#723,#724,#725,#726,#727,#728,#729
)),.UNSPECIFIED.,.F.,.F.,.F.) B_SPLINE_SURFACE_WITH_KNOTS((7,7),(9,9),(
    0.,6.544984694977E-02),(0.,66.666666666667),
.PIECEWISE_BEZIER_KNOTS.) GEOMETRIC_REPRESENTATION_ITEM() 
RATIONAL_B_SPLINE_SURFACE((
    (1.000053547667,1.000053547667,1.000053547667,1.000053547667
      ,1.000053547667,1.000053547667,1.000053547667,1.000053547667
      ,1.000053547667)
    ,(1.000017847948,1.000017847948,1.000017847948,1.000017847948
      ,1.000017847948,1.000017847948,1.000017847948,1.000017847948
      ,1.000017847948)
    ,(0.999996430156,0.999996430156,0.999996430156,0.999996430156
      ,0.999996430156,0.999996430156,0.999996430156,0.999996430156
      ,0.999996430156)
    ,(0.999989291231,0.999989291231,0.999989291231,0.999989291231
      ,0.999989291231,0.999989291231,0.999989291231,0.999989291231
      ,0.999989291231)
    ,(0.999996430156,0.999996430156,0.999996430156,0.999996430156
      ,0.999996430156,0.999996430156,0.999996430156,0.999996430156
      ,0.999996430156)
    ,(1.000017847948,1.000017847948,1.000017847948,1.000017847948
      ,1.000017847948,1.000017847948,1.000017847948,1.000017847948
      ,1.000017847948)
    ,(1.000053547667,1.000053547667,1.000053547667,1.000053547667
      ,1.000053547667,1.000053547667,1.000053547667,1.000053547667
,1.000053547667))) REPRESENTATION_ITEM('') SURFACE() );
#667 = CARTESIAN_POINT('',(-336.5003512031,55.0633378897,63.738948624096
    ));
#668 = CARTESIAN_POINT('',(-350.2208671652,33.617987518772,
    53.410443012657));
#669 = CARTESIAN_POINT('',(-361.2228295904,7.492457521256,
    49.187908617141));
#670 = CARTESIAN_POINT('',(-368.8142069701,-20.88180370086,
    52.625673654112));
#671 = CARTESIAN_POINT('',(-372.7336838022,-48.33659435886,
    64.310662351242));
#672 = CARTESIAN_POINT('',(-373.3176470745,-71.5223856891,
    83.487337163408));
#673 = CARTESIAN_POINT('',(-371.4891462927,-87.84049639067,
    108.08249495704));
#674 = CARTESIAN_POINT('',(-368.4536446586,-96.,135.38862105093));
#675 = CARTESIAN_POINT('',(-365.418183057,-96.,162.69465723032));
#676 = CARTESIAN_POINT('',(-336.7213220613,54.168044312225,
    63.242639950563));
#677 = CARTESIAN_POINT('',(-350.3425318695,32.574537991808,
    53.137179612896));
#678 = CARTESIAN_POINT('',(-361.2264063869,6.376946812568,
    49.179875000659));
#679 = CARTESIAN_POINT('',(-368.6921730016,-21.97649499099,
    52.899766435042));
#680 = CARTESIAN_POINT('',(-372.4927297592,-49.31285253553,
    64.851853992591));
#681 = CARTESIAN_POINT('',(-372.9790535761,-72.29398942133,
    84.247830612384));
#682 = CARTESIAN_POINT('',(-371.0850409718,-88.34778163949,
    108.99013036823));
#683 = CARTESIAN_POINT('',(-368.0210106294,-96.21648511612,
    136.36033299001));
#684 = CARTESIAN_POINT('',(-364.9931462241,-95.9315075582,
    163.64930558733));
#685 = CARTESIAN_POINT('',(-336.9470502505,53.279900727762,
    62.735646136863));
#686 = CARTESIAN_POINT('',(-350.4697469833,31.535048775365,
    52.851449788941));
#687 = CARTESIAN_POINT('',(-361.2359223262,5.261599007484,
    49.158501850931));
#688 = CARTESIAN_POINT('',(-368.5759727087,-23.07506687617,
    53.160756565989));
#689 = CARTESIAN_POINT('',(-372.256983915,-50.2968236572,65.381347828154
    ));
#690 = CARTESIAN_POINT('',(-372.6445828208,-73.0764572554,
    84.999064228471));
#691 = CARTESIAN_POINT('',(-370.683653894,-88.86805072011,
    109.89166050553));
#692 = CARTESIAN_POINT('',(-367.589547763,-96.44688467873,
    137.32941445461));
#693 = CARTESIAN_POINT('',(-364.5677629268,-95.87669726642,
    164.60473211589));
#694 = CARTESIAN_POINT('',(-337.1774925123,52.399078724025,
    62.218064342621));
#695 = CARTESIAN_POINT('',(-350.6024882812,30.499720460833,
    52.553307952621));
#696 = CARTESIAN_POINT('',(-361.2513758921,4.146629117107,
    49.123792573748));
#697 = CARTESIAN_POINT('',(-368.4656288034,-24.17730779562,
    53.408593035104));
#698 = CARTESIAN_POINT('',(-372.0264919923,-51.28831845959,
    65.899041162573));
#699 = CARTESIAN_POINT('',(-372.3142995045,-73.86963893893,
    85.740892702746));
#700 = CARTESIAN_POINT('',(-370.2850625791,-89.40120403696,
    110.78691125669));
#701 = CARTESIAN_POINT('',(-367.1593392938,-96.69115501937,
    138.29567849684));
#702 = CARTESIAN_POINT('',(-364.1421151467,-95.83558042288,
    165.56075268285));
#703 = CARTESIAN_POINT('',(-337.4126045107,51.525748219569,
    61.689994148225));
#704 = CARTESIAN_POINT('',(-350.7407302743,29.468752693078,
    52.242811352362));
#705 = CARTESIAN_POINT('',(-361.2727642116,3.032252070531,
    49.075753621607));
#706 = CARTESIAN_POINT('',(-368.3611626602,-25.28300534614,
    53.643227834422));
#707 = CARTESIAN_POINT('',(-371.8012985148,-52.2871459558,
    66.404833994263));
#708 = CARTESIAN_POINT('',(-371.9882673675,-74.67338176896,
    86.473172871936));
#709 = CARTESIAN_POINT('',(-369.8893439096,-89.94713904906,
    111.67570994045));
#710 = CARTESIAN_POINT('',(-366.7304681716,-96.94924929998,
    139.2589388087));
#711 = CARTESIAN_POINT('',(-363.716284927,-95.80816519775,
    166.51718301564));
#712 = CARTESIAN_POINT('',(-337.6523408428,50.66007742142,
    61.151537530269));
#713 = CARTESIAN_POINT('',(-350.8844462174,28.442344120746,
    51.920020059198));
#714 = CARTESIAN_POINT('',(-361.3000830561,1.91868266141,49.014394492339
    ));
#715 = CARTESIAN_POINT('',(-368.2625943107,-26.39194633484,
    53.864615972069));
#716 = CARTESIAN_POINT('',(-371.5814467955,-53.2931134837,
    66.898629040462));
#717 = CARTESIAN_POINT('',(-371.666549179,-75.4875306297,87.195763754203
    ));
#718 = CARTESIAN_POINT('',(-369.4965741119,-90.50575029529,
    112.55788534964));
#719 = CARTESIAN_POINT('',(-366.3030170404,-97.22111752421,
    140.21900976841));
#720 = CARTESIAN_POINT('',(-363.290354353,-95.7944566309,167.47383874808
    ));
#721 = CARTESIAN_POINT('',(-337.8966550502,49.80223278341,
    60.602798836018));
#722 = CARTESIAN_POINT('',(-351.0336081151,27.420692346969,
    51.584996951602));
#723 = CARTESIAN_POINT('',(-361.333326842,0.806135494574,48.939727726493
    ));
#724 = CARTESIAN_POINT('',(-368.169942439,-27.50391683213,
    54.072715483204));
#725 = CARTESIAN_POINT('',(-371.3669789265,-54.30602675393,
    67.380331761178));
#726 = CARTESIAN_POINT('',(-371.3492067213,-76.31192803129,
    87.908526584007));
#727 = CARTESIAN_POINT('',(-369.1068287373,-91.07692942087,
    113.43326779355));
#728 = CARTESIAN_POINT('',(-365.8770682183,-97.50670655016,
    141.17570648654));
#729 = CARTESIAN_POINT('',(-362.8644055309,-95.7944566309,168.4305354662
    ));
#730 = DEFINITIONAL_REPRESENTATION('',(#731),#735);
#731 = LINE('',#732,#733);
#732 = CARTESIAN_POINT('',(0.,66.666666666667));
#733 = VECTOR('',#734,1.);
#734 = DIRECTION('',(1.,0.));
#735 = ( GEOMETRIC_REPRESENTATION_CONTEXT(2) 
PARAMETRIC_REPRESENTATION_CONTEXT() REPRESENTATION_CONTEXT('2D SPACE',''
  ) );
#736 = ORIENTED_EDGE('',*,*,#737,.F.);
#737 = EDGE_CURVE('',#738,#643,#740,.T.);
#738 = VERTEX_POINT('',#739);
#739 = CARTESIAN_POINT('',(-365.418183057,-52.,162.69465723032));
#740 = SURFACE_CURVE('',#741,(#744,#750),.PCURVE_S1.);
#741 = B_SPLINE_CURVE_WITH_KNOTS('',1,(#742,#743),.UNSPECIFIED.,.F.,.F.,
  (2,2),(0.,44.),.PIECEWISE_BEZIER_KNOTS.);
#742 = CARTESIAN_POINT('',(-365.418183057,-52.,162.69465723032));
#743 = CARTESIAN_POINT('',(-365.418183057,-96.,162.69465723032));
#744 = PCURVE('',#66,#745);
#745 = DEFINITIONAL_REPRESENTATION('',(#746),#749);
#746 = B_SPLINE_CURVE_WITH_KNOTS('',1,(#747,#748),.UNSPECIFIED.,.F.,.F.,
  (2,2),(0.,44.),.PIECEWISE_BEZIER_KNOTS.);
#747 = CARTESIAN_POINT('',(2.84217094304E-14,-52.));
#748 = CARTESIAN_POINT('',(5.684341886081E-14,-96.));
#749 = ( GEOMETRIC_REPRESENTATION_CONTEXT(2) 
PARAMETRIC_REPRESENTATION_CONTEXT() REPRESENTATION_CONTEXT('2D SPACE',''
  ) );
#750 = PCURVE('',#751,#770);
#751 = B_SPLINE_SURFACE_WITH_KNOTS('',1,8,(
    (#752,#753,#754,#755,#756,#757,#758,#759,#760)
    ,(#761,#762,#763,#764,#765,#766,#767,#768,#769
  )),.UNSPECIFIED.,.F.,.F.,.F.,(2,2),(9,9),(0.,44.),(0.,66.666666666667)
  ,.PIECEWISE_BEZIER_KNOTS.);
#752 = CARTESIAN_POINT('',(-321.8404684859,29.825974690254,
    96.665584307966));
#753 = CARTESIAN_POINT('',(-332.761650755,18.209743239335,
    92.624485113518));
#754 = CARTESIAN_POINT('',(-342.2102831916,4.058414490679,
    91.890786994361));
#755 = CARTESIAN_POINT('',(-349.8115153952,-11.31097700463,
    95.306417734468));
#756 = CARTESIAN_POINT('',(-355.4238014689,-26.18232194438,
    103.18929462382));
#757 = CARTESIAN_POINT('',(-359.229351031,-38.74129224826,
    115.13016815883));
#758 = CARTESIAN_POINT('',(-361.7281492304,-47.58026887828,
    130.0060533088));
#759 = CARTESIAN_POINT('',(-363.5731553016,-52.,146.3503796214));
#760 = CARTESIAN_POINT('',(-365.418183057,-52.,162.69465723032));
#761 = CARTESIAN_POINT('',(-336.5003512031,55.0633378897,63.738948624096
    ));
#762 = CARTESIAN_POINT('',(-350.2208671652,33.617987518772,
    53.410443012657));
#763 = CARTESIAN_POINT('',(-361.2228295904,7.492457521255,49.18790861714
    ));
#764 = CARTESIAN_POINT('',(-368.8142069701,-20.88180370086,
    52.625673654112));
#765 = CARTESIAN_POINT('',(-372.7336838022,-48.33659435886,
    64.310662351243));
#766 = CARTESIAN_POINT('',(-373.3176470745,-71.5223856891,
    83.487337163407));
#767 = CARTESIAN_POINT('',(-371.4891462927,-87.84049639067,
    108.08249495704));
#768 = CARTESIAN_POINT('',(-368.4536446586,-96.,135.38862105093));
#769 = CARTESIAN_POINT('',(-365.418183057,-96.,162.69465723032));
#770 = DEFINITIONAL_REPRESENTATION('',(#771),#775);
#771 = LINE('',#772,#773);
#772 = CARTESIAN_POINT('',(0.,66.666666666667));
#773 = VECTOR('',#774,1.);
#774 = DIRECTION('',(1.,0.));
#775 = ( GEOMETRIC_REPRESENTATION_CONTEXT(2) 
PARAMETRIC_REPRESENTATION_CONTEXT() REPRESENTATION_CONTEXT('2D SPACE',''
  ) );
#776 = ORIENTED_EDGE('',*,*,#777,.T.);
#777 = EDGE_CURVE('',#738,#778,#780,.T.);
#778 = VERTEX_POINT('',#779);
#779 = CARTESIAN_POINT('',(-384.3873154812,22.999011891388,
    120.08928823656));
#780 = SURFACE_CURVE('',#781,(#786,#797),.PCURVE_S1.);
#781 = CIRCLE('',#782,52.);
#782 = AXIS2_PLACEMENT_3D('',#783,#784,#785);
#783 = CARTESIAN_POINT('',(-365.418183057,0.,162.69465723032));
#784 = DIRECTION('',(0.913545457643,0.,-0.406736643076));
#785 = DIRECTION('',(0.406736643076,0.,0.913545457643));
#786 = PCURVE('',#66,#787);
#787 = DEFINITIONAL_REPRESENTATION('',(#788),#796);
#788 = ( BOUNDED_CURVE() B_SPLINE_CURVE(2,(#789,#790,#791,#792,#793,#794
,#795),.UNSPECIFIED.,.T.,.F.) B_SPLINE_CURVE_WITH_KNOTS((1,2,2,2,2,1),(
    -2.094395102393,0.,2.094395102393,4.188790204786,6.28318530718,
8.377580409573),.UNSPECIFIED.) CURVE() GEOMETRIC_REPRESENTATION_ITEM() 
RATIONAL_B_SPLINE_CURVE((1.,0.5,1.,0.5,1.,0.5,1.)) REPRESENTATION_ITEM(
  '') );
#789 = CARTESIAN_POINT('',(52.,-6.86705117544E-15));
#790 = CARTESIAN_POINT('',(52.,-90.06664199358));
#791 = CARTESIAN_POINT('',(-26.,-45.03332099679));
#792 = CARTESIAN_POINT('',(-104.,-1.960337788657E-14));
#793 = CARTESIAN_POINT('',(-26.,45.033320996791));
#794 = CARTESIAN_POINT('',(52.,90.066641993582));
#795 = CARTESIAN_POINT('',(52.,-6.86705117544E-15));
#796 = ( GEOMETRIC_REPRESENTATION_CONTEXT(2) 
PARAMETRIC_REPRESENTATION_CONTEXT() REPRESENTATION_CONTEXT('2D SPACE',''
  ) );
#797 = PCURVE('',#798,#803);
#798 = CYLINDRICAL_SURFACE('',#799,52.);
#799 = AXIS2_PLACEMENT_3D('',#800,#801,#802);
#800 = CARTESIAN_POINT('',(22.838636441065,0.,-10.16841607689));
#801 = DIRECTION('',(0.913545457643,-0.,-0.406736643076));
#802 = DIRECTION('',(0.406736643076,0.,0.913545457643));
#803 = DEFINITIONAL_REPRESENTATION('',(#804),#808);
#804 = LINE('',#805,#806);
#805 = CARTESIAN_POINT('',(-6.28318530718,-425.));
#806 = VECTOR('',#807,1.);
#807 = DIRECTION('',(1.,-0.));
#808 = ( GEOMETRIC_REPRESENTATION_CONTEXT(2) 
PARAMETRIC_REPRESENTATION_CONTEXT() REPRESENTATION_CONTEXT('2D SPACE',''
  ) );
#809 = ORIENTED_EDGE('',*,*,#810,.F.);
#810 = EDGE_CURVE('',#811,#778,#813,.T.);
#811 = VERTEX_POINT('',#812);
#812 = CARTESIAN_POINT('',(-400.4381198401,42.459714261024,
    84.038591395697));
#813 = SURFACE_CURVE('',#814,(#817,#823),.PCURVE_S1.);
#814 = B_SPLINE_CURVE_WITH_KNOTS('',1,(#815,#816),.UNSPECIFIED.,.F.,.F.,
  (2,2),(0.,44.),.PIECEWISE_BEZIER_KNOTS.);
#815 = CARTESIAN_POINT('',(-400.4381198401,42.459714261024,
    84.038591395697));
#816 = CARTESIAN_POINT('',(-384.3873154812,22.999011891388,
    120.08928823656));
#817 = PCURVE('',#66,#818);
#818 = DEFINITIONAL_REPRESENTATION('',(#819),#822);
#819 = B_SPLINE_CURVE_WITH_KNOTS('',1,(#820,#821),.UNSPECIFIED.,.F.,.F.,
  (2,2),(0.,44.),.PIECEWISE_BEZIER_KNOTS.);
#820 = CARTESIAN_POINT('',(-86.09978318713,42.459714261024));
#821 = CARTESIAN_POINT('',(-46.6373825597,22.999011891388));
#822 = ( GEOMETRIC_REPRESENTATION_CONTEXT(2) 
PARAMETRIC_REPRESENTATION_CONTEXT() REPRESENTATION_CONTEXT('2D SPACE',''
  ) );
#823 = PCURVE('',#824,#843);
#824 = B_SPLINE_SURFACE_WITH_KNOTS('',1,8,(
    (#825,#826,#827,#828,#829,#830,#831,#832,#833)
    ,(#834,#835,#836,#837,#838,#839,#840,#841,#842
  )),.UNSPECIFIED.,.F.,.F.,.F.,(2,2),(9,9),(0.,44.),(0.,66.666666666667)
  ,.PIECEWISE_BEZIER_KNOTS.);
#825 = CARTESIAN_POINT('',(-270.2818503864,46.174921816261,
    212.46813657121));
#826 = CARTESIAN_POINT('',(-283.0164613475,69.127574607398,
    204.35400984775));
#827 = CARTESIAN_POINT('',(-298.660745236,88.155684093162,
    189.70465072907));
#828 = CARTESIAN_POINT('',(-316.6338092477,100.65788728817,
    169.82476581555));
#829 = CARTESIAN_POINT('',(-335.8954987492,104.65671184109,
    147.0505806642));
#830 = CARTESIAN_POINT('',(-355.0751556056,99.412447624043,
    124.46064385028));
#831 = CARTESIAN_POINT('',(-372.8165498885,85.811093303733,
    105.10109766698));
#832 = CARTESIAN_POINT('',(-388.1156004911,65.939787727725,
    91.227145204167));
#833 = CARTESIAN_POINT('',(-400.4381198401,42.459714261024,
    84.038591395697));
#834 = CARTESIAN_POINT('',(-285.9721138769,25.011415983808,
    177.22722777932));
#835 = CARTESIAN_POINT('',(-296.3592642704,37.44410291234,
    174.38558381586));
#836 = CARTESIAN_POINT('',(-308.3224874997,47.750995550462,
    168.00402230499));
#837 = CARTESIAN_POINT('',(-321.5471332956,54.523022281096,
    158.78925932191));
#838 = CARTESIAN_POINT('',(-335.4697845652,56.689052247257,
    148.00675037668));
#839 = CARTESIAN_POINT('',(-349.3480014853,53.84840912969,
    137.32404261422));
#840 = CARTESIAN_POINT('',(-362.4471595115,46.481008872855,
    128.39112977668));
#841 = CARTESIAN_POINT('',(-374.2233813775,35.717385019184,
    122.4295802044));
#842 = CARTESIAN_POINT('',(-384.3873154812,22.999011891388,
    120.08928823656));
#843 = DEFINITIONAL_REPRESENTATION('',(#844),#848);
#844 = LINE('',#845,#846);
#845 = CARTESIAN_POINT('',(0.,66.666666666667));
#846 = VECTOR('',#847,1.);
#847 = DIRECTION('',(1.,0.));
#848 = ( GEOMETRIC_REPRESENTATION_CONTEXT(2) 
PARAMETRIC_REPRESENTATION_CONTEXT() REPRESENTATION_CONTEXT('2D SPACE',''
  ) );
#849 = ORIENTED_EDGE('',*,*,#850,.F.);
#850 = EDGE_CURVE('',#851,#811,#853,.T.);
#851 = VERTEX_POINT('',#852);
#852 = CARTESIAN_POINT('',(-399.2336325501,48.,86.743914142604));
#853 = SURFACE_CURVE('',#854,(#862,#873),.PCURVE_S1.);
#854 = ( BOUNDED_CURVE() B_SPLINE_CURVE(6,(#855,#856,#857,#858,#859,#860
,#861),.UNSPECIFIED.,.F.,.F.) B_SPLINE_CURVE_WITH_KNOTS((7,7),(0.,
6.544984694977E-02),.PIECEWISE_BEZIER_KNOTS.) CURVE() 
GEOMETRIC_REPRESENTATION_ITEM() RATIONAL_B_SPLINE_CURVE((1.000053547667,
    1.000017847948,0.999996430156,0.999989291231,0.999996430156,
1.000017847948,1.000053547667)) REPRESENTATION_ITEM('') );
#855 = CARTESIAN_POINT('',(-399.2336325501,48.,86.743914142604));
#856 = CARTESIAN_POINT('',(-399.4220248967,47.060763532649,
    86.320778004208));
#857 = CARTESIAN_POINT('',(-399.6154099344,46.127630447049,
    85.886428098145));
#858 = CARTESIAN_POINT('',(-399.8137506521,45.20078094737,85.44094755238
    ));
#859 = CARTESIAN_POINT('',(-400.0170089061,44.280393805927,
    84.984422039326));
#860 = CARTESIAN_POINT('',(-400.2251454291,43.366646318627,
    84.51693975476));
#861 = CARTESIAN_POINT('',(-400.4381198401,42.459714261024,
    84.038591395697));
#862 = PCURVE('',#66,#863);
#863 = DEFINITIONAL_REPRESENTATION('',(#864),#872);
#864 = ( BOUNDED_CURVE() B_SPLINE_CURVE(6,(#865,#866,#867,#868,#869,#870
,#871),.UNSPECIFIED.,.F.,.F.) B_SPLINE_CURVE_WITH_KNOTS((7,7),(0.,
6.544984694977E-02),.PIECEWISE_BEZIER_KNOTS.) CURVE() 
GEOMETRIC_REPRESENTATION_ITEM() RATIONAL_B_SPLINE_CURVE((1.000053547667,
    1.000017847948,0.999996430156,0.999989291231,0.999996430156,
1.000017847948,1.000053547667)) REPRESENTATION_ITEM('') );
#865 = CARTESIAN_POINT('',(-83.1384387633,48.));
#866 = CARTESIAN_POINT('',(-83.60161893114,47.060763532649));
#867 = CARTESIAN_POINT('',(-84.07707409588,46.127630447049));
#868 = CARTESIAN_POINT('',(-84.56471326264,45.20078094737));
#869 = CARTESIAN_POINT('',(-85.0644426513,44.280393805927));
#870 = CARTESIAN_POINT('',(-85.57616571954,43.366646318627));
#871 = CARTESIAN_POINT('',(-86.09978318713,42.459714261024));
#872 = ( GEOMETRIC_REPRESENTATION_CONTEXT(2) 
PARAMETRIC_REPRESENTATION_CONTEXT() REPRESENTATION_CONTEXT('2D SPACE',''
  ) );
#873 = PCURVE('',#874,#938);
#874 = ( BOUNDED_SURFACE() B_SPLINE_SURFACE(6,8,(
    (#875,#876,#877,#878,#879,#880,#881,#882,#883)
    ,(#884,#885,#886,#887,#888,#889,#890,#891,#892)
    ,(#893,#894,#895,#896,#897,#898,#899,#900,#901)
    ,(#902,#903,#904,#905,#906,#907,#908,#909,#910)
    ,(#911,#912,#913,#914,#915,#916,#917,#918,#919)
    ,(#920,#921,#922,#923,#924,#925,#926,#927,#928)
    ,(#929,#930,#931,#932,#933,#934,#935,#936,#937
)),.UNSPECIFIED.,.F.,.F.,.F.) B_SPLINE_SURFACE_WITH_KNOTS((7,7),(9,9),(
    0.,6.544984694977E-02),(0.,66.666666666667),
.PIECEWISE_BEZIER_KNOTS.) GEOMETRIC_REPRESENTATION_ITEM() 
RATIONAL_B_SPLINE_SURFACE((
    (1.000053547667,1.000053547667,1.000053547667,1.000053547667
      ,1.000053547667,1.000053547667,1.000053547667,1.000053547667
      ,1.000053547667)
    ,(1.000017847948,1.000017847948,1.000017847948,1.000017847948
      ,1.000017847948,1.000017847948,1.000017847948,1.000017847948
      ,1.000017847948)
    ,(0.999996430156,0.999996430156,0.999996430156,0.999996430156
      ,0.999996430156,0.999996430156,0.999996430156,0.999996430156
      ,0.999996430156)
    ,(0.999989291231,0.999989291231,0.999989291231,0.999989291231
      ,0.999989291231,0.999989291231,0.999989291231,0.999989291231
      ,0.999989291231)
    ,(0.999996430156,0.999996430156,0.999996430156,0.999996430156
      ,0.999996430156,0.999996430156,0.999996430156,0.999996430156
      ,0.999996430156)
    ,(1.000017847948,1.000017847948,1.000017847948,1.000017847948
      ,1.000017847948,1.000017847948,1.000017847948,1.000017847948
      ,1.000017847948)
    ,(1.000053547667,1.000053547667,1.000053547667,1.000053547667
      ,1.000053547667,1.000053547667,1.000053547667,1.000053547667
,1.000053547667))) REPRESENTATION_ITEM('') SURFACE() );
#875 = CARTESIAN_POINT('',(-269.1268082058,40.571353127107,
    215.06240378431));
#876 = CARTESIAN_POINT('',(-281.2398701362,64.298435507487,
    208.34429904048));
#877 = CARTESIAN_POINT('',(-296.3607752703,84.577251857972,
    194.87046785094));
#878 = CARTESIAN_POINT('',(-313.9790756058,98.718601523705,
    175.78739520022));
#879 = CARTESIAN_POINT('',(-333.1094479816,104.58198952288,
    153.30815314226));
#880 = CARTESIAN_POINT('',(-352.4038466043,101.20888809014,
    130.46050210161));
#881 = CARTESIAN_POINT('',(-370.4853761351,89.265317538599,
    110.33699964355));
#882 = CARTESIAN_POINT('',(-386.2965835288,70.672492052928,
    95.312724193849));
#883 = CARTESIAN_POINT('',(-399.2336325501,48.,86.743914142604));
#884 = CARTESIAN_POINT('',(-269.3316848053,41.489492014298,
    214.60224340763));
#885 = CARTESIAN_POINT('',(-281.5465868964,65.079209280668,
    207.65540191799));
#886 = CARTESIAN_POINT('',(-296.7519191224,85.142622942762,
    193.99194437535));
#887 = CARTESIAN_POINT('',(-314.4256913196,99.006111919972,
    174.78427988332));
#888 = CARTESIAN_POINT('',(-333.5738063475,104.55707823013,
    152.26518717613));
#889 = CARTESIAN_POINT('',(-352.8449363435,100.87375522803,
    129.4697983268));
#890 = CARTESIAN_POINT('',(-370.8661171154,88.658537381762,
    109.48184140039));
#891 = CARTESIAN_POINT('',(-386.5891561841,69.859568381806,
    94.655595251005));
#892 = CARTESIAN_POINT('',(-399.4220248967,47.060763532649,
    86.320778004208));
#893 = CARTESIAN_POINT('',(-269.5316641954,42.414185234343,
    214.15308234356));
#894 = CARTESIAN_POINT('',(-281.849133455,65.869820854615,
    206.97587122142));
#895 = CARTESIAN_POINT('',(-297.1400360211,85.720558224167,
    193.12021954816));
#896 = CARTESIAN_POINT('',(-314.8707571128,99.307983700901,
    173.78464574478));
#897 = CARTESIAN_POINT('',(-334.0382774547,104.54711272886,
    151.2219679889));
#898 = CARTESIAN_POINT('',(-353.2877915287,100.55283257938,
    128.47512929542));
#899 = CARTESIAN_POINT('',(-371.2500724545,88.064036835608,
    108.61946358926));
#900 = CARTESIAN_POINT('',(-386.8860445421,69.056095578556,
    93.988773081341));
#901 = CARTESIAN_POINT('',(-399.6154099344,46.127630447049,
    85.886428098145));
#902 = CARTESIAN_POINT('',(-269.7267075643,43.345254887733,
    213.71500776452));
#903 = CARTESIAN_POINT('',(-282.1474512679,66.670118352154,
    206.30583844345));
#904 = CARTESIAN_POINT('',(-297.5250509884,86.310946967996,
    192.25546177327));
#905 = CARTESIAN_POINT('',(-315.3141871086,99.624159444473,
    172.78868566758));
#906 = CARTESIAN_POINT('',(-334.5027717745,104.55209574037,
    150.17869666535));
#907 = CARTESIAN_POINT('',(-353.7323268864,100.24618276837,
    127.47668653466));
#908 = CARTESIAN_POINT('',(-371.6371683105,87.481931157788,
    107.75003206166));
#909 = CARTESIAN_POINT('',(-387.1871916034,68.26222903234,
    93.312385707243));
#910 = CARTESIAN_POINT('',(-399.8137506521,45.20078094737,85.44094755238
    ));
#911 = CARTESIAN_POINT('',(-269.9167772272,44.282521614691,
    213.28810431198));
#912 = CARTESIAN_POINT('',(-282.4414827555,67.479947680325,
    205.64543290961));
#913 = CARTESIAN_POINT('',(-297.9068897529,86.913675592847,
    191.39783786634));
#914 = CARTESIAN_POINT('',(-315.7558958019,99.954578459816,
    171.79659169925));
#915 = CARTESIAN_POINT('',(-334.9671997711,104.57202657097,
    149.13557430623));
#916 = CARTESIAN_POINT('',(-354.1784567578,99.953865159847,
    126.47466243765));
#917 = CARTESIAN_POINT('',(-372.0273301226,86.912332776665,
    106.87371428387));
#918 = CARTESIAN_POINT('',(-387.4925393948,67.478121940913,
    92.626563338829));
#919 = CARTESIAN_POINT('',(-400.0170089061,44.280393805927,
    84.984422039326));
#920 = CARTESIAN_POINT('',(-270.1018366356,45.225804639644,
    212.87245407524));
#921 = CARTESIAN_POINT('',(-282.7311713176,68.2991525685,204.99478174599
    ));
#922 = CARTESIAN_POINT('',(-298.2854787694,87.528627698118,
    190.54751301324));
#923 = CARTESIAN_POINT('',(-316.1957980807,100.29917680199,
    170.80855500405));
#924 = CARTESIAN_POINT('',(-335.4314719237,104.60690111201,
    148.09280197828));
#925 = CARTESIAN_POINT('',(-354.6260951195,99.675935844263,
    125.46925021571));
#926 = CARTESIAN_POINT('',(-372.4204826296,86.355351263158,
    105.99067929544));
#927 = CARTESIAN_POINT('',(-387.8020289834,66.703925272351,
    91.931438341759));
#928 = CARTESIAN_POINT('',(-400.2251454291,43.366646318627,
    84.51693975476));
#929 = CARTESIAN_POINT('',(-270.2818503864,46.174921816261,
    212.46813657121));
#930 = CARTESIAN_POINT('',(-283.0164613475,69.127574607398,
    204.35400984775));
#931 = CARTESIAN_POINT('',(-298.660745236,88.155684093162,
    189.70465072907));
#932 = CARTESIAN_POINT('',(-316.6338092477,100.65788728817,
    169.82476581555));
#933 = CARTESIAN_POINT('',(-335.8954987492,104.65671184109,
    147.0505806642));
#934 = CARTESIAN_POINT('',(-355.0751556056,99.412447624041,
    124.46064385028));
#935 = CARTESIAN_POINT('',(-372.8165498885,85.811093303734,
    105.10109766698));
#936 = CARTESIAN_POINT('',(-388.1156004911,65.939787727724,
    91.227145204167));
#937 = CARTESIAN_POINT('',(-400.4381198401,42.459714261024,
    84.038591395697));
#938 = DEFINITIONAL_REPRESENTATION('',(#939),#943);
#939 = LINE('',#940,#941);
#940 = CARTESIAN_POINT('',(0.,66.666666666667));
#941 = VECTOR('',#942,1.);
#942 = DIRECTION('',(1.,0.));
#943 = ( GEOMETRIC_REPRESENTATION_CONTEXT(2) 
PARAMETRIC_REPRESENTATION_CONTEXT() REPRESENTATION_CONTEXT('2D SPACE',''
  ) );
#944 = ORIENTED_EDGE('',*,*,#945,.F.);
#945 = EDGE_CURVE('',#946,#851,#948,.T.);
#946 = VERTEX_POINT('',#947);
#947 = CARTESIAN_POINT('',(-383.7348848658,26.,121.55467139114));
#948 = SURFACE_CURVE('',#949,(#952,#958),.PCURVE_S1.);
#949 = B_SPLINE_CURVE_WITH_KNOTS('',1,(#950,#951),.UNSPECIFIED.,.F.,.F.,
  (2,2),(0.,44.),.PIECEWISE_BEZIER_KNOTS.);
#950 = CARTESIAN_POINT('',(-383.7348848658,26.,121.55467139114));
#951 = CARTESIAN_POINT('',(-399.2336325501,48.,86.743914142604));
#952 = PCURVE('',#66,#953);
#953 = DEFINITIONAL_REPRESENTATION('',(#954),#957);
#954 = B_SPLINE_CURVE_WITH_KNOTS('',1,(#955,#956),.UNSPECIFIED.,.F.,.F.,
  (2,2),(0.,44.),.PIECEWISE_BEZIER_KNOTS.);
#955 = CARTESIAN_POINT('',(-45.03332099679,26.));
#956 = CARTESIAN_POINT('',(-83.1384387633,48.));
#957 = ( GEOMETRIC_REPRESENTATION_CONTEXT(2) 
PARAMETRIC_REPRESENTATION_CONTEXT() REPRESENTATION_CONTEXT('2D SPACE',''
  ) );
#958 = PCURVE('',#959,#978);
#959 = B_SPLINE_SURFACE_WITH_KNOTS('',1,8,(
    (#960,#961,#962,#963,#964,#965,#966,#967,#968)
    ,(#969,#970,#971,#972,#973,#974,#975,#976,#977
  )),.UNSPECIFIED.,.F.,.F.,.F.,(2,2),(9,9),(0.,44.),(0.,66.666666666667)
  ,.PIECEWISE_BEZIER_KNOTS.);
#960 = CARTESIAN_POINT('',(-285.3464660291,21.976149610516,
    178.63245585308));
#961 = CARTESIAN_POINT('',(-295.396944031,34.828319233222,
    176.54699046192));
#962 = CARTESIAN_POINT('',(-307.0766704349,45.812678089735,170.802173246
    ));
#963 = CARTESIAN_POINT('',(-320.1091525729,53.47257582534,
    162.01901690527));
#964 = CARTESIAN_POINT('',(-333.9606737327,56.648577658229,
    151.3962688023));
#965 = CARTESIAN_POINT('',(-347.901042443,54.821481048828,
    140.57396583369));
#966 = CARTESIAN_POINT('',(-361.1844403951,48.352047000074,
    131.22724334732));
#967 = CARTESIAN_POINT('',(-373.238080523,38.280933195336,
    124.64260215715));
#968 = CARTESIAN_POINT('',(-383.7348848658,26.,121.55467139114));
#969 = CARTESIAN_POINT('',(-269.1268082058,40.571353127107,
    215.06240378431));
#970 = CARTESIAN_POINT('',(-281.2398701362,64.298435507487,
    208.34429904048));
#971 = CARTESIAN_POINT('',(-296.3607752703,84.577251857972,
    194.87046785093));
#972 = CARTESIAN_POINT('',(-313.9790756058,98.718601523705,
    175.78739520022));
#973 = CARTESIAN_POINT('',(-333.1094479816,104.58198952288,
    153.30815314226));
#974 = CARTESIAN_POINT('',(-352.4038466043,101.20888809014,
    130.46050210162));
#975 = CARTESIAN_POINT('',(-370.4853761351,89.265317538597,
    110.33699964354));
#976 = CARTESIAN_POINT('',(-386.2965835288,70.672492052928,
    95.312724193849));
#977 = CARTESIAN_POINT('',(-399.2336325501,48.,86.743914142604));
#978 = DEFINITIONAL_REPRESENTATION('',(#979),#983);
#979 = LINE('',#980,#981);
#980 = CARTESIAN_POINT('',(0.,66.666666666667));
#981 = VECTOR('',#982,1.);
#982 = DIRECTION('',(1.,0.));
#983 = ( GEOMETRIC_REPRESENTATION_CONTEXT(2) 
PARAMETRIC_REPRESENTATION_CONTEXT() REPRESENTATION_CONTEXT('2D SPACE',''
  ) );
#984 = ORIENTED_EDGE('',*,*,#985,.T.);
#985 = EDGE_CURVE('',#946,#568,#986,.T.);
#986 = SURFACE_CURVE('',#987,(#992,#1003),.PCURVE_S1.);
#987 = CIRCLE('',#988,52.);
#988 = AXIS2_PLACEMENT_3D('',#989,#990,#991);
#989 = CARTESIAN_POINT('',(-365.418183057,0.,162.69465723032));
#990 = DIRECTION('',(0.913545457643,0.,-0.406736643076));
#991 = DIRECTION('',(0.406736643076,0.,0.913545457643));
#992 = PCURVE('',#66,#993);
#993 = DEFINITIONAL_REPRESENTATION('',(#994),#1002);
#994 = ( BOUNDED_CURVE() B_SPLINE_CURVE(2,(#995,#996,#997,#998,#999,
#1000,#1001),.UNSPECIFIED.,.T.,.F.) B_SPLINE_CURVE_WITH_KNOTS((1,2,2,2,2
    ,1),(-2.094395102393,0.,2.094395102393,4.188790204786,6.28318530718,
8.377580409573),.UNSPECIFIED.) CURVE() GEOMETRIC_REPRESENTATION_ITEM() 
RATIONAL_B_SPLINE_CURVE((1.,0.5,1.,0.5,1.,0.5,1.)) REPRESENTATION_ITEM(
  '') );
#995 = CARTESIAN_POINT('',(52.,-6.86705117544E-15));
#996 = CARTESIAN_POINT('',(52.,-90.06664199358));
#997 = CARTESIAN_POINT('',(-26.,-45.03332099679));
#998 = CARTESIAN_POINT('',(-104.,-1.960337788657E-14));
#999 = CARTESIAN_POINT('',(-26.,45.033320996791));
#1000 = CARTESIAN_POINT('',(52.,90.066641993582));
#1001 = CARTESIAN_POINT('',(52.,-6.86705117544E-15));
#1002 = ( GEOMETRIC_REPRESENTATION_CONTEXT(2) 
PARAMETRIC_REPRESENTATION_CONTEXT() REPRESENTATION_CONTEXT('2D SPACE',''
  ) );
#1003 = PCURVE('',#1004,#1009);
#1004 = CYLINDRICAL_SURFACE('',#1005,52.);
#1005 = AXIS2_PLACEMENT_3D('',#1006,#1007,#1008);
#1006 = CARTESIAN_POINT('',(22.838636441065,0.,-10.16841607689));
#1007 = DIRECTION('',(0.913545457643,-0.,-0.406736643076));
#1008 = DIRECTION('',(0.406736643076,0.,0.913545457643));
#1009 = DEFINITIONAL_REPRESENTATION('',(#1010),#1014);
#1010 = LINE('',#1011,#1012);
#1011 = CARTESIAN_POINT('',(-6.28318530718,-425.));
#1012 = VECTOR('',#1013,1.);
#1013 = DIRECTION('',(1.,-0.));
#1014 = ( GEOMETRIC_REPRESENTATION_CONTEXT(2) 
PARAMETRIC_REPRESENTATION_CONTEXT() REPRESENTATION_CONTEXT('2D SPACE',''
  ) );
#1015 = ADVANCED_FACE('',(#1016),#128,.F.);
#1016 = FACE_BOUND('',#1017,.F.);
#1017 = EDGE_LOOP('',(#1018,#1047,#1048,#1099));
#1018 = ORIENTED_EDGE('',*,*,#1019,.F.);
#1019 = EDGE_CURVE('',#113,#1020,#1022,.T.);
#1020 = VERTEX_POINT('',#1021);
#1021 = CARTESIAN_POINT('',(-75.05504628689,-89.47275545114,
    -4.67017165584));
#1022 = SURFACE_CURVE('',#1023,(#1033,#1040),.PCURVE_S1.);
#1023 = ( BOUNDED_CURVE() B_SPLINE_CURVE(8,(#1024,#1025,#1026,#1027,
    #1028,#1029,#1030,#1031,#1032),.UNSPECIFIED.,.F.,.F.) 
B_SPLINE_CURVE_WITH_KNOTS((9,9),(0.,66.666666666667),
.PIECEWISE_BEZIER_KNOTS.) CURVE() GEOMETRIC_REPRESENTATION_ITEM() 
RATIONAL_B_SPLINE_CURVE((1.000053547667,1.000053547667,1.000053547667,
    1.000053547667,1.000053547667,1.000053547667,1.000053547667,
1.000053547667,1.000053547667)) REPRESENTATION_ITEM('') );
#1024 = CARTESIAN_POINT('',(-21.69319407083,79.821082781044,
    -48.72371162654));
#1025 = CARTESIAN_POINT('',(-38.15984436127,65.276288092648,
    -65.22013592544));
#1026 = CARTESIAN_POINT('',(-52.7827186113,43.947059420357,
    -77.57537143471));
#1027 = CARTESIAN_POINT('',(-64.55840159108,17.482865011957,
    -83.53571064871));
#1028 = CARTESIAN_POINT('',(-72.77629892847,-11.39636117576,
    -81.50513247617));
#1029 = CARTESIAN_POINT('',(-77.25614902755,-39.26908165403,
    -71.07876274387));
#1030 = CARTESIAN_POINT('',(-78.47515192907,-62.89078689776,
    -53.32841029171));
#1031 = CARTESIAN_POINT('',(-77.36650453504,-79.98414979736,
    -30.35006967897));
#1032 = CARTESIAN_POINT('',(-75.05504628689,-89.47275545114,
    -4.67017165584));
#1033 = PCURVE('',#128,#1034);
#1034 = DEFINITIONAL_REPRESENTATION('',(#1035),#1039);
#1035 = LINE('',#1036,#1037);
#1036 = CARTESIAN_POINT('',(0.,0.));
#1037 = VECTOR('',#1038,1.);
#1038 = DIRECTION('',(0.,1.));
#1039 = ( GEOMETRIC_REPRESENTATION_CONTEXT(2) 
PARAMETRIC_REPRESENTATION_CONTEXT() REPRESENTATION_CONTEXT('2D SPACE',''
  ) );
#1040 = PCURVE('',#178,#1041);
#1041 = DEFINITIONAL_REPRESENTATION('',(#1042),#1046);
#1042 = LINE('',#1043,#1044);
#1043 = CARTESIAN_POINT('',(6.544984694977E-02,0.));
#1044 = VECTOR('',#1045,1.);
#1045 = DIRECTION('',(0.,1.));
#1046 = ( GEOMETRIC_REPRESENTATION_CONTEXT(2) 
PARAMETRIC_REPRESENTATION_CONTEXT() REPRESENTATION_CONTEXT('2D SPACE',''
  ) );
#1047 = ORIENTED_EDGE('',*,*,#112,.T.);
#1048 = ORIENTED_EDGE('',*,*,#1049,.F.);
#1049 = EDGE_CURVE('',#1050,#115,#1052,.T.);
#1050 = VERTEX_POINT('',#1051);
#1051 = CARTESIAN_POINT('',(-68.56870572226,-48.4644092027,
    9.898387780403));
#1052 = SURFACE_CURVE('',#1053,(#1063,#1070),.PCURVE_S1.);
#1053 = B_SPLINE_CURVE_WITH_KNOTS('',8,(#1054,#1055,#1056,#1057,#1058,
    #1059,#1060,#1061,#1062),.UNSPECIFIED.,.F.,.F.,(9,9),(
    57.151721060948,123.81838772761),.PIECEWISE_BEZIER_KNOTS.);
#1054 = CARTESIAN_POINT('',(-68.56870572226,-48.4644092027,
    9.898387780403));
#1055 = CARTESIAN_POINT('',(-66.33150948373,-43.3247478069,
    -5.565064993878));
#1056 = CARTESIAN_POINT('',(-63.44279069922,-34.06584290295,
    -19.56517417085));
#1057 = CARTESIAN_POINT('',(-59.29326133795,-21.2707525626,
    -30.73345642752));
#1058 = CARTESIAN_POINT('',(-53.37743974473,-6.173028970236,
    -37.93458137759));
#1059 = CARTESIAN_POINT('',(-45.43684256395,9.469885214856,
    -40.58798589949));
#1060 = CARTESIAN_POINT('',(-35.56911149367,23.804657186017,
    -38.91297683697));
#1061 = CARTESIAN_POINT('',(-24.15915181863,35.357989383517,
    -33.77406561453));
#1062 = CARTESIAN_POINT('',(-11.7504801217,43.236419839732,
    -26.39201046437));
#1063 = PCURVE('',#128,#1064);
#1064 = DEFINITIONAL_REPRESENTATION('',(#1065),#1069);
#1065 = LINE('',#1066,#1067);
#1066 = CARTESIAN_POINT('',(44.,123.81838772761));
#1067 = VECTOR('',#1068,1.);
#1068 = DIRECTION('',(-1.06581410364E-16,-1.));
#1069 = ( GEOMETRIC_REPRESENTATION_CONTEXT(2) 
PARAMETRIC_REPRESENTATION_CONTEXT() REPRESENTATION_CONTEXT('2D SPACE',''
  ) );
#1070 = PCURVE('',#549,#1071);
#1071 = DEFINITIONAL_REPRESENTATION('',(#1072),#1098);
#1072 = B_SPLINE_CURVE_WITH_KNOTS('',3,(#1073,#1074,#1075,#1076,#1077,
    #1078,#1079,#1080,#1081,#1082,#1083,#1084,#1085,#1086,#1087,#1088,
    #1089,#1090,#1091,#1092,#1093,#1094,#1095,#1096,#1097),
  .UNSPECIFIED.,.F.,.F.,(4,1,1,1,1,1,1,1,1,1,1,1,1,1,1,1,1,1,1,1,1,1,4),
  (57.151721060948,60.182024091251,63.212327121554,66.242630151857,
    69.27293318216,72.303236212464,75.333539242767,78.36384227307,
    81.394145303373,84.424448333676,87.454751363979,90.485054394282,
    93.515357424585,96.545660454889,99.575963485192,102.60626651549,
    105.63656954579,108.6668725761,111.6971756064,114.7274786367,
    117.75778166701,120.78808469731,123.81838772761),
  .QUASI_UNIFORM_KNOTS.);
#1073 = CARTESIAN_POINT('',(-4.341506514336,-91.66666666666));
#1074 = CARTESIAN_POINT('',(-4.308451027315,-90.65656565656));
#1075 = CARTESIAN_POINT('',(-4.242340048577,-88.63636363636));
#1076 = CARTESIAN_POINT('',(-4.143173589085,-85.60606060606));
#1077 = CARTESIAN_POINT('',(-4.044007187485,-82.57575757575));
#1078 = CARTESIAN_POINT('',(-3.94484080005,-79.54545454545));
#1079 = CARTESIAN_POINT('',(-3.845674390766,-76.51515151515));
#1080 = CARTESIAN_POINT('',(-3.746507944246,-73.48484848485));
#1081 = CARTESIAN_POINT('',(-3.647341471992,-70.45454545454));
#1082 = CARTESIAN_POINT('',(-3.548174999331,-67.42424242424));
#1083 = CARTESIAN_POINT('',(-3.449008549198,-64.39393939394));
#1084 = CARTESIAN_POINT('',(-3.349842129877,-61.36363636363));
#1085 = CARTESIAN_POINT('',(-3.250675731839,-58.33333333333));
#1086 = CARTESIAN_POINT('',(-3.151509333802,-55.30303030303));
#1087 = CARTESIAN_POINT('',(-3.052342914481,-52.27272727272));
#1088 = CARTESIAN_POINT('',(-2.953176464348,-49.24242424242));
#1089 = CARTESIAN_POINT('',(-2.854009991687,-46.21212121211));
#1090 = CARTESIAN_POINT('',(-2.754843519433,-43.18181818181));
#1091 = CARTESIAN_POINT('',(-2.655677072913,-40.15151515151));
#1092 = CARTESIAN_POINT('',(-2.556510663629,-37.12121212121));
#1093 = CARTESIAN_POINT('',(-2.457344276194,-34.0909090909));
#1094 = CARTESIAN_POINT('',(-2.358177874594,-31.0606060606));
#1095 = CARTESIAN_POINT('',(-2.259011415102,-28.0303030303));
#1096 = CARTESIAN_POINT('',(-2.192900436364,-26.0101010101));
#1097 = CARTESIAN_POINT('',(-2.159844949343,-25.));
#1098 = ( GEOMETRIC_REPRESENTATION_CONTEXT(2) 
PARAMETRIC_REPRESENTATION_CONTEXT() REPRESENTATION_CONTEXT('2D SPACE',''
  ) );
#1099 = ORIENTED_EDGE('',*,*,#1100,.F.);
#1100 = EDGE_CURVE('',#1020,#1050,#1101,.T.);
#1101 = SURFACE_CURVE('',#1102,(#1105,#1112),.PCURVE_S1.);
#1102 = B_SPLINE_CURVE_WITH_KNOTS('',1,(#1103,#1104),.UNSPECIFIED.,.F.,
  .F.,(2,2),(0.,44.),.PIECEWISE_BEZIER_KNOTS.);
#1103 = CARTESIAN_POINT('',(-75.05504628689,-89.47275545114,
    -4.67017165584));
#1104 = CARTESIAN_POINT('',(-68.56870572226,-48.4644092027,
    9.898387780403));
#1105 = PCURVE('',#128,#1106);
#1106 = DEFINITIONAL_REPRESENTATION('',(#1107),#1111);
#1107 = LINE('',#1108,#1109);
#1108 = CARTESIAN_POINT('',(0.,66.666666666667));
#1109 = VECTOR('',#1110,1.);
#1110 = DIRECTION('',(1.,0.));
#1111 = ( GEOMETRIC_REPRESENTATION_CONTEXT(2) 
PARAMETRIC_REPRESENTATION_CONTEXT() REPRESENTATION_CONTEXT('2D SPACE',''
  ) );
#1112 = PCURVE('',#1113,#1132);
#1113 = B_SPLINE_SURFACE_WITH_KNOTS('',1,8,(
    (#1114,#1115,#1116,#1117,#1118,#1119,#1120,#1121,#1122)
    ,(#1123,#1124,#1125,#1126,#1127,#1128,#1129,#1130,#1131
  )),.UNSPECIFIED.,.F.,.F.,.F.,(2,2),(9,9),(0.,44.),(0.,66.666666666667)
  ,.PIECEWISE_BEZIER_KNOTS.);
#1114 = CARTESIAN_POINT('',(-75.05504628689,-89.47275545114,
    -4.67017165584));
#1115 = CARTESIAN_POINT('',(-72.74358803875,-98.96136110492,
    21.009726367297));
#1116 = CARTESIAN_POINT('',(-69.22924431524,-100.8452808578,
    49.391349402884));
#1117 = CARTESIAN_POINT('',(-65.63711888121,-94.04977093022,
    77.947673020629));
#1118 = CARTESIAN_POINT('',(-63.28101721538,-78.70381145782,
    103.72784180161));
#1119 = CARTESIAN_POINT('',(-63.40431808281,-56.40687575999,
    123.93918131554));
#1120 = CARTESIAN_POINT('',(-66.81431371912,-29.9810006802,136.768483514
    ));
#1121 = CARTESIAN_POINT('',(-73.73450228753,-2.611830258755,
    141.71376330346));
#1122 = CARTESIAN_POINT('',(-83.87834139461,22.817845663313,
    139.41860543683));
#1123 = CARTESIAN_POINT('',(-68.56870572226,-48.4644092027,
    9.898387780403));
#1124 = CARTESIAN_POINT('',(-70.80590196078,-53.6040705985,
    25.361840554683));
#1125 = CARTESIAN_POINT('',(-72.39153523349,-54.62452713133,
    42.288727710708));
#1126 = CARTESIAN_POINT('',(-73.93503674633,-50.94362592053,
    59.310244348733));
#1127 = CARTESIAN_POINT('',(-76.14805113362,-42.63123120632,
    74.828010450185));
#1128 = CARTESIAN_POINT('',(-79.70407522641,-30.55372436999,
    87.329327365309));
#1129 = CARTESIAN_POINT('',(-85.04039231902,-16.23970870177,
    95.832040734556));
#1130 = CARTESIAN_POINT('',(-92.27806391651,-1.414741390159,
    100.06424196559));
#1131 = CARTESIAN_POINT('',(-101.2618795557,12.359666400961,
    100.37453946625));
#1132 = DEFINITIONAL_REPRESENTATION('',(#1133),#1137);
#1133 = LINE('',#1134,#1135);
#1134 = CARTESIAN_POINT('',(0.,0.));
#1135 = VECTOR('',#1136,1.);
#1136 = DIRECTION('',(1.,0.));
#1137 = ( GEOMETRIC_REPRESENTATION_CONTEXT(2) 
PARAMETRIC_REPRESENTATION_CONTEXT() REPRESENTATION_CONTEXT('2D SPACE',''
  ) );
#1138 = ADVANCED_FACE('',(#1139),#549,.F.);
#1139 = FACE_BOUND('',#1140,.T.);
#1140 = EDGE_LOOP('',(#1141,#1192,#1193,#1194,#1267));
#1141 = ORIENTED_EDGE('',*,*,#1142,.F.);
#1142 = EDGE_CURVE('',#491,#1143,#1145,.T.);
#1143 = VERTEX_POINT('',#1144);
#1144 = CARTESIAN_POINT('',(-37.31660455071,0.,73.535509266607));
#1145 = SURFACE_CURVE('',#1146,(#1156,#1185),.PCURVE_S1.);
#1146 = B_SPLINE_CURVE_WITH_KNOTS('',8,(#1147,#1148,#1149,#1150,#1151,
    #1152,#1153,#1154,#1155),.UNSPECIFIED.,.F.,.F.,(9,9),(0.,
    64.000000767915),.PIECEWISE_BEZIER_KNOTS.);
#1147 = CARTESIAN_POINT('',(-10.57515271997,-45.03332099679,
    -23.7521818987));
#1148 = CARTESIAN_POINT('',(-13.08821509122,-51.84010516124,
    -9.727865479065));
#1149 = CARTESIAN_POINT('',(-14.77289536658,-55.11939817354,
    6.157027590801));
#1150 = CARTESIAN_POINT('',(-16.13023560063,-54.16048221209,
    22.777138431013));
#1151 = CARTESIAN_POINT('',(-17.78134728204,-48.76751321927,
    38.737427797389));
#1152 = CARTESIAN_POINT('',(-20.36158669586,-39.41877518343,
    52.610862108967));
#1153 = CARTESIAN_POINT('',(-24.35658458361,-27.22713861441,
    63.306696862076));
#1154 = CARTESIAN_POINT('',(-30.00824284286,-13.61357321796,
    70.281611498844));
#1155 = CARTESIAN_POINT('',(-37.31660502526,2.297051437949E-13,
    73.535508200751));
#1156 = PCURVE('',#549,#1157);
#1157 = DEFINITIONAL_REPRESENTATION('',(#1158),#1184);
#1158 = B_SPLINE_CURVE_WITH_KNOTS('',3,(#1159,#1160,#1161,#1162,#1163,
    #1164,#1165,#1166,#1167,#1168,#1169,#1170,#1171,#1172,#1173,#1174,
    #1175,#1176,#1177,#1178,#1179,#1180,#1181,#1182,#1183),
  .UNSPECIFIED.,.F.,.F.,(4,1,1,1,1,1,1,1,1,1,1,1,1,1,1,1,1,1,1,1,1,1,4),
  (0.,2.909090943996,5.818181887992,8.727272831988,11.636363775985,
    14.545454719981,17.454545663977,20.363636607973,23.272727551969,
    26.181818495965,29.090909439961,32.000000383958,34.909091327954,
    37.81818227195,40.727273215946,43.636364159942,46.545455103938,
    49.454546047935,52.363636991931,55.272727935927,58.181818879923,
    61.090909823919,64.000000767915),.QUASI_UNIFORM_KNOTS.);
#1159 = CARTESIAN_POINT('',(-4.188790204786,-25.));
#1160 = CARTESIAN_POINT('',(-4.220523471951,-25.96969698133));
#1161 = CARTESIAN_POINT('',(-4.283990012381,-27.90909094399));
#1162 = CARTESIAN_POINT('',(-4.379189817244,-30.81818188799));
#1163 = CARTESIAN_POINT('',(-4.474389568184,-33.72727283198));
#1164 = CARTESIAN_POINT('',(-4.569589301236,-36.63636377598));
#1165 = CARTESIAN_POINT('',(-4.664789049786,-39.54545471998));
#1166 = CARTESIAN_POINT('',(-4.759988831855,-42.45454566397));
#1167 = CARTESIAN_POINT('',(-4.855188641778,-45.36363660797));
#1168 = CARTESIAN_POINT('',(-4.950388459019,-48.27272755197));
#1169 = CARTESIAN_POINT('',(-5.045588261258,-51.18181849596));
#1170 = CARTESIAN_POINT('',(-5.140788036025,-54.09090943996));
#1171 = CARTESIAN_POINT('',(-5.235987785979,-57.00000038396));
#1172 = CARTESIAN_POINT('',(-5.331187526632,-59.90909132795));
#1173 = CARTESIAN_POINT('',(-5.426387278197,-62.81818227195));
#1174 = CARTESIAN_POINT('',(-5.521587055364,-65.72727321594));
#1175 = CARTESIAN_POINT('',(-5.616786859523,-68.63636415994));
#1176 = CARTESIAN_POINT('',(-5.711986677068,-71.54545510393));
#1177 = CARTESIAN_POINT('',(-5.807186485347,-74.45454604793));
#1178 = CARTESIAN_POINT('',(-5.902386264487,-77.36363699193));
#1179 = CARTESIAN_POINT('',(-5.997586010958,-80.27272793592));
#1180 = CARTESIAN_POINT('',(-6.092785743245,-83.18181887992));
#1181 = CARTESIAN_POINT('',(-6.187985500838,-86.09090982392));
#1182 = CARTESIAN_POINT('',(-6.251452031764,-88.03030378658));
#1183 = CARTESIAN_POINT('',(-6.28318530718,-89.00000076791));
#1184 = ( GEOMETRIC_REPRESENTATION_CONTEXT(2) 
PARAMETRIC_REPRESENTATION_CONTEXT() REPRESENTATION_CONTEXT('2D SPACE',''
  ) );
#1185 = PCURVE('',#504,#1186);
#1186 = DEFINITIONAL_REPRESENTATION('',(#1187),#1191);
#1187 = LINE('',#1188,#1189);
#1188 = CARTESIAN_POINT('',(1.451606968785E-14,-1.560704338278E-15));
#1189 = VECTOR('',#1190,1.);
#1190 = DIRECTION('',(-4.324476513715E-17,1.));
#1191 = ( GEOMETRIC_REPRESENTATION_CONTEXT(2) 
PARAMETRIC_REPRESENTATION_CONTEXT() REPRESENTATION_CONTEXT('2D SPACE',''
  ) );
#1192 = ORIENTED_EDGE('',*,*,#530,.T.);
#1193 = ORIENTED_EDGE('',*,*,#1049,.F.);
#1194 = ORIENTED_EDGE('',*,*,#1195,.F.);
#1195 = EDGE_CURVE('',#1196,#1050,#1198,.T.);
#1196 = VERTEX_POINT('',#1197);
#1197 = CARTESIAN_POINT('',(-93.95642332398,0.,98.753181315145));
#1198 = SURFACE_CURVE('',#1199,(#1209,#1238),.PCURVE_S1.);
#1199 = B_SPLINE_CURVE_WITH_KNOTS('',8,(#1200,#1201,#1202,#1203,#1204,
    #1205,#1206,#1207,#1208),.UNSPECIFIED.,.F.,.F.,(9,9),(
    57.151721043875,116.48505555702),.PIECEWISE_BEZIER_KNOTS.);
#1200 = CARTESIAN_POINT('',(-93.95642374761,-1.859068454735E-13,
    98.753180363661));
#1201 = CARTESIAN_POINT('',(-87.18096013771,-12.6209090495,
    95.736553190323));
#1202 = CARTESIAN_POINT('',(-81.82940649591,-25.24180668118,
    89.521771865851));
#1203 = CARTESIAN_POINT('',(-77.90177651954,-36.72982283888,
    80.108805627972));
#1204 = CARTESIAN_POINT('',(-75.21915803286,-45.95216172274,
    67.899499064567));
#1205 = CARTESIAN_POINT('',(-73.42334033711,-51.98843909782,
    53.698400366336));
#1206 = CARTESIAN_POINT('',(-72.03481219704,-54.35018407475,
    38.582521129924));
#1207 = CARTESIAN_POINT('',(-70.55981042767,-53.03870799514,
    23.660861050419));
#1208 = CARTESIAN_POINT('',(-68.56870572226,-48.4644092027,
    9.898387780403));
#1209 = PCURVE('',#549,#1210);
#1210 = DEFINITIONAL_REPRESENTATION('',(#1211),#1237);
#1211 = B_SPLINE_CURVE_WITH_KNOTS('',3,(#1212,#1213,#1214,#1215,#1216,
    #1217,#1218,#1219,#1220,#1221,#1222,#1223,#1224,#1225,#1226,#1227,
    #1228,#1229,#1230,#1231,#1232,#1233,#1234,#1235,#1236),
  .UNSPECIFIED.,.F.,.F.,(4,1,1,1,1,1,1,1,1,1,1,1,1,1,1,1,1,1,1,1,1,1,4),
  (57.151721043875,59.848690794473,62.54566054507,65.242630295668,
    67.939600046266,70.636569796863,73.333539547461,76.030509298058,
    78.727479048656,81.424448799254,84.121418549851,86.818388300449,
    89.515358051046,92.212327801644,94.909297552242,97.606267302839,
    100.30323705343,103.00020680403,105.69717655463,108.39414630523,
    111.09111605582,113.78808580642,116.48505555702),
  .QUASI_UNIFORM_KNOTS.);
#1212 = CARTESIAN_POINT('',(-6.28318530718,-151.0000012051));
#1213 = CARTESIAN_POINT('',(-6.253765938751,-150.1010112882));
#1214 = CARTESIAN_POINT('',(-6.194927210033,-148.3030314544));
#1215 = CARTESIAN_POINT('',(-6.106669120899,-145.6060617049));
#1216 = CARTESIAN_POINT('',(-6.018411009829,-142.9090919582));
#1217 = CARTESIAN_POINT('',(-5.930152869853,-140.2121222145));
#1218 = CARTESIAN_POINT('',(-5.841894709249,-137.5151524722));
#1219 = CARTESIAN_POINT('',(-5.753636545496,-134.8181827283));
#1220 = CARTESIAN_POINT('',(-5.665378395766,-132.1212129795));
#1221 = CARTESIAN_POINT('',(-5.577120269453,-129.424243223));
#1222 = CARTESIAN_POINT('',(-5.488862164772,-126.7272734576));
#1223 = CARTESIAN_POINT('',(-5.400604070209,-124.0303036842));
#1224 = CARTESIAN_POINT('',(-5.31234596983,-121.3333339058));
#1225 = CARTESIAN_POINT('',(-5.224087850262,-118.636364127));
#1226 = CARTESIAN_POINT('',(-5.135829706712,-115.9393943535));
#1227 = CARTESIAN_POINT('',(-5.047571545635,-113.2424245904));
#1228 = CARTESIAN_POINT('',(-4.959313382677,-110.5454548413));
#1229 = CARTESIAN_POINT('',(-4.871055236116,-107.8484851068));
#1230 = CARTESIAN_POINT('',(-4.782797117692,-105.1515153835));
#1231 = CARTESIAN_POINT('',(-4.694539024693,-102.4545456641));
#1232 = CARTESIAN_POINT('',(-4.606280936855,-99.7575759384));
#1233 = CARTESIAN_POINT('',(-4.518022826359,-97.06060619697));
#1234 = CARTESIAN_POINT('',(-4.429764669126,-94.36363643374));
#1235 = CARTESIAN_POINT('',(-4.370925896613,-92.5656565884));
#1236 = CARTESIAN_POINT('',(-4.341506514336,-91.66666666666));
#1237 = ( GEOMETRIC_REPRESENTATION_CONTEXT(2) 
PARAMETRIC_REPRESENTATION_CONTEXT() REPRESENTATION_CONTEXT('2D SPACE',''
  ) );
#1238 = PCURVE('',#1113,#1239);
#1239 = DEFINITIONAL_REPRESENTATION('',(#1240),#1266);
#1240 = B_SPLINE_CURVE_WITH_KNOTS('',3,(#1241,#1242,#1243,#1244,#1245,
    #1246,#1247,#1248,#1249,#1250,#1251,#1252,#1253,#1254,#1255,#1256,
    #1257,#1258,#1259,#1260,#1261,#1262,#1263,#1264,#1265),
  .UNSPECIFIED.,.F.,.F.,(4,1,1,1,1,1,1,1,1,1,1,1,1,1,1,1,1,1,1,1,1,1,4),
  (57.151721043875,59.848690794473,62.54566054507,65.242630295668,
    67.939600046266,70.636569796863,73.333539547461,76.030509298058,
    78.727479048656,81.424448799254,84.121418549851,86.818388300449,
    89.515358051046,92.212327801644,94.909297552242,97.606267302839,
    100.30323705343,103.00020680403,105.69717655463,108.39414630523,
    111.09111605582,113.78808580642,116.48505555702),
  .QUASI_UNIFORM_KNOTS.);
#1241 = CARTESIAN_POINT('',(44.,59.333334538484));
#1242 = CARTESIAN_POINT('',(44.,58.434344621611));
#1243 = CARTESIAN_POINT('',(44.,56.636364787887));
#1244 = CARTESIAN_POINT('',(44.,53.939395037327));
#1245 = CARTESIAN_POINT('',(44.,51.242425286845));
#1246 = CARTESIAN_POINT('',(44.,48.545455536188));
#1247 = CARTESIAN_POINT('',(44.,45.848485784687));
#1248 = CARTESIAN_POINT('',(44.,43.151516031303));
#1249 = CARTESIAN_POINT('',(44.,40.45454627489));
#1250 = CARTESIAN_POINT('',(44.,37.757576514601));
#1251 = CARTESIAN_POINT('',(44.,35.060606750315));
#1252 = CARTESIAN_POINT('',(44.,32.363636982953));
#1253 = CARTESIAN_POINT('',(44.,29.66666721456));
#1254 = CARTESIAN_POINT('',(44.,26.969697448087));
#1255 = CARTESIAN_POINT('',(44.,24.272727686842));
#1256 = CARTESIAN_POINT('',(44.,21.575757933708));
#1257 = CARTESIAN_POINT('',(44.,18.878788190243));
#1258 = CARTESIAN_POINT('',(44.,16.181818455902));
#1259 = CARTESIAN_POINT('',(44.,13.484848727609));
#1260 = CARTESIAN_POINT('',(44.,10.787879000013));
#1261 = CARTESIAN_POINT('',(44.,8.090909266467));
#1262 = CARTESIAN_POINT('',(44.,5.393939521534));
#1263 = CARTESIAN_POINT('',(44.,2.696969762666));
#1264 = CARTESIAN_POINT('',(44.,0.898989920654));
#1265 = CARTESIAN_POINT('',(44.,0.));
#1266 = ( GEOMETRIC_REPRESENTATION_CONTEXT(2) 
PARAMETRIC_REPRESENTATION_CONTEXT() REPRESENTATION_CONTEXT('2D SPACE',''
  ) );
#1267 = ORIENTED_EDGE('',*,*,#1268,.F.);
#1268 = EDGE_CURVE('',#1143,#1196,#1269,.T.);
#1269 = SURFACE_CURVE('',#1270,(#1274,#1281),.PCURVE_S1.);
#1270 = LINE('',#1271,#1272);
#1271 = CARTESIAN_POINT('',(43.988941881007,0.,37.33594772052));
#1272 = VECTOR('',#1273,1.);
#1273 = DIRECTION('',(-0.913545457643,0.,0.406736643076));
#1274 = PCURVE('',#549,#1275);
#1275 = DEFINITIONAL_REPRESENTATION('',(#1276),#1280);
#1276 = LINE('',#1277,#1278);
#1277 = CARTESIAN_POINT('',(-6.28318530718,0.));
#1278 = VECTOR('',#1279,1.);
#1279 = DIRECTION('',(-0.,-1.));
#1280 = ( GEOMETRIC_REPRESENTATION_CONTEXT(2) 
PARAMETRIC_REPRESENTATION_CONTEXT() REPRESENTATION_CONTEXT('2D SPACE',''
  ) );
#1281 = PCURVE('',#1282,#1287);
#1282 = CYLINDRICAL_SURFACE('',#1283,52.);
#1283 = AXIS2_PLACEMENT_3D('',#1284,#1285,#1286);
#1284 = CARTESIAN_POINT('',(22.838636441065,0.,-10.16841607689));
#1285 = DIRECTION('',(0.913545457643,-0.,-0.406736643076));
#1286 = DIRECTION('',(0.406736643076,0.,0.913545457643));
#1287 = DEFINITIONAL_REPRESENTATION('',(#1288),#1292);
#1288 = LINE('',#1289,#1290);
#1289 = CARTESIAN_POINT('',(-0.,0.));
#1290 = VECTOR('',#1291,1.);
#1291 = DIRECTION('',(-0.,-1.));
#1292 = ( GEOMETRIC_REPRESENTATION_CONTEXT(2) 
PARAMETRIC_REPRESENTATION_CONTEXT() REPRESENTATION_CONTEXT('2D SPACE',''
  ) );
#1293 = ADVANCED_FACE('',(#1294),#504,.F.);
#1294 = FACE_BOUND('',#1295,.F.);
#1295 = EDGE_LOOP('',(#1296,#1328,#1329,#1330,#1359));
#1296 = ORIENTED_EDGE('',*,*,#1297,.F.);
#1297 = EDGE_CURVE('',#1143,#1298,#1300,.T.);
#1298 = VERTEX_POINT('',#1299);
#1299 = CARTESIAN_POINT('',(-39.83320836721,4.532098622878,
    74.43937155626));
#1300 = SURFACE_CURVE('',#1301,(#1311,#1318),.PCURVE_S1.);
#1301 = B_SPLINE_CURVE_WITH_KNOTS('',8,(#1302,#1303,#1304,#1305,#1306,
    #1307,#1308,#1309,#1310),.UNSPECIFIED.,.F.,.F.,(9,9),(0.,
    66.666666666667),.PIECEWISE_BEZIER_KNOTS.);
#1302 = CARTESIAN_POINT('',(-10.57515271997,-45.03332099679,
    -23.7521818987));
#1303 = CARTESIAN_POINT('',(-13.19292599195,-52.12372108301,
    -9.143519136865));
#1304 = CARTESIAN_POINT('',(-14.91184718492,-55.38654839635,
    7.483998448736));
#1305 = CARTESIAN_POINT('',(-16.29823442829,-54.0184923492,
    24.858399513684));
#1306 = CARTESIAN_POINT('',(-18.05977267862,-47.82244218279,
    41.390197621285));
#1307 = CARTESIAN_POINT('',(-20.91572689739,-37.40280166544,
    55.463897217765));
#1308 = CARTESIAN_POINT('',(-25.39287209945,-24.10683532873,
    65.896342248302));
#1309 = CARTESIAN_POINT('',(-31.71762821048,-9.594739323619,
    72.178985233391));
#1310 = CARTESIAN_POINT('',(-39.83320836721,4.532098622878,
    74.43937155626));
#1311 = PCURVE('',#504,#1312);
#1312 = DEFINITIONAL_REPRESENTATION('',(#1313),#1317);
#1313 = LINE('',#1314,#1315);
#1314 = CARTESIAN_POINT('',(0.,0.));
#1315 = VECTOR('',#1316,1.);
#1316 = DIRECTION('',(0.,1.));
#1317 = ( GEOMETRIC_REPRESENTATION_CONTEXT(2) 
PARAMETRIC_REPRESENTATION_CONTEXT() REPRESENTATION_CONTEXT('2D SPACE',''
  ) );
#1318 = PCURVE('',#1282,#1319);
#1319 = DEFINITIONAL_REPRESENTATION('',(#1320),#1327);
#1320 = B_SPLINE_CURVE_WITH_KNOTS('',5,(#1321,#1322,#1323,#1324,#1325,
    #1326),.UNSPECIFIED.,.F.,.F.,(6,6),(64.000000767918,66.666666666667)
  ,.PIECEWISE_BEZIER_KNOTS.);
#1321 = CARTESIAN_POINT('',(-4.415271666229E-15,-89.00000076791));
#1322 = CARTESIAN_POINT('',(-1.745329376196E-02,-89.53333394766));
#1323 = CARTESIAN_POINT('',(-3.490658955037E-02,-90.06666712741));
#1324 = CARTESIAN_POINT('',(-5.235988264381E-02,-90.60000030716));
#1325 = CARTESIAN_POINT('',(-6.981317510579E-02,-91.13333348691));
#1326 = CARTESIAN_POINT('',(-8.726646259972E-02,-91.66666666666));
#1327 = ( GEOMETRIC_REPRESENTATION_CONTEXT(2) 
PARAMETRIC_REPRESENTATION_CONTEXT() REPRESENTATION_CONTEXT('2D SPACE',''
  ) );
#1328 = ORIENTED_EDGE('',*,*,#1142,.F.);
#1329 = ORIENTED_EDGE('',*,*,#490,.T.);
#1330 = ORIENTED_EDGE('',*,*,#1331,.T.);
#1331 = EDGE_CURVE('',#396,#1332,#1334,.T.);
#1332 = VERTEX_POINT('',#1333);
#1333 = CARTESIAN_POINT('',(-22.00489732373,8.366951303775,
    114.48241377651));
#1334 = SURFACE_CURVE('',#1335,(#1345,#1352),.PCURVE_S1.);
#1335 = B_SPLINE_CURVE_WITH_KNOTS('',8,(#1336,#1337,#1338,#1339,#1340,
    #1341,#1342,#1343,#1344),.UNSPECIFIED.,.F.,.F.,(9,9),(0.,
    66.666666666667),.PIECEWISE_BEZIER_KNOTS.);
#1336 = CARTESIAN_POINT('',(-19.52335886763,-83.1384387633,
    -43.85018196684));
#1337 = CARTESIAN_POINT('',(-17.91450437355,-96.22840815326,
    -19.74835781282));
#1338 = CARTESIAN_POINT('',(-14.64623065668,-102.2520893471,
    8.080582938905));
#1339 = CARTESIAN_POINT('',(-10.76404810979,-99.72644741391,
    37.28838549866));
#1340 = CARTESIAN_POINT('',(-7.574452037278,-88.28758556822,
    64.940613367926));
#1341 = CARTESIAN_POINT('',(-6.405316214202,-69.05132615159,
    88.054813216663));
#1342 = CARTESIAN_POINT('',(-8.229148360261,-44.50492676073,
    104.44669694365));
#1343 = CARTESIAN_POINT('',(-13.46395449212,-17.71336490514,
    113.17740766367));
#1344 = CARTESIAN_POINT('',(-22.00489732373,8.366951303775,
    114.48241377651));
#1345 = PCURVE('',#504,#1346);
#1346 = DEFINITIONAL_REPRESENTATION('',(#1347),#1351);
#1347 = LINE('',#1348,#1349);
#1348 = CARTESIAN_POINT('',(44.,0.));
#1349 = VECTOR('',#1350,1.);
#1350 = DIRECTION('',(0.,1.));
#1351 = ( GEOMETRIC_REPRESENTATION_CONTEXT(2) 
PARAMETRIC_REPRESENTATION_CONTEXT() REPRESENTATION_CONTEXT('2D SPACE',''
  ) );
#1352 = PCURVE('',#419,#1353);
#1353 = DEFINITIONAL_REPRESENTATION('',(#1354),#1358);
#1354 = LINE('',#1355,#1356);
#1355 = CARTESIAN_POINT('',(0.,0.));
#1356 = VECTOR('',#1357,1.);
#1357 = DIRECTION('',(0.,1.));
#1358 = ( GEOMETRIC_REPRESENTATION_CONTEXT(2) 
PARAMETRIC_REPRESENTATION_CONTEXT() REPRESENTATION_CONTEXT('2D SPACE',''
  ) );
#1359 = ORIENTED_EDGE('',*,*,#1360,.F.);
#1360 = EDGE_CURVE('',#1298,#1332,#1361,.T.);
#1361 = SURFACE_CURVE('',#1362,(#1365,#1372),.PCURVE_S1.);
#1362 = B_SPLINE_CURVE_WITH_KNOTS('',1,(#1363,#1364),.UNSPECIFIED.,.F.,
  .F.,(2,2),(0.,44.),.PIECEWISE_BEZIER_KNOTS.);
#1363 = CARTESIAN_POINT('',(-39.83320836721,4.532098622878,
    74.43937155626));
#1364 = CARTESIAN_POINT('',(-22.00489732373,8.366951303775,
    114.48241377651));
#1365 = PCURVE('',#504,#1366);
#1366 = DEFINITIONAL_REPRESENTATION('',(#1367),#1371);
#1367 = LINE('',#1368,#1369);
#1368 = CARTESIAN_POINT('',(0.,66.666666666667));
#1369 = VECTOR('',#1370,1.);
#1370 = DIRECTION('',(1.,0.));
#1371 = ( GEOMETRIC_REPRESENTATION_CONTEXT(2) 
PARAMETRIC_REPRESENTATION_CONTEXT() REPRESENTATION_CONTEXT('2D SPACE',''
  ) );
#1372 = PCURVE('',#1373,#1392);
#1373 = B_SPLINE_SURFACE_WITH_KNOTS('',1,8,(
    (#1374,#1375,#1376,#1377,#1378,#1379,#1380,#1381,#1382)
    ,(#1383,#1384,#1385,#1386,#1387,#1388,#1389,#1390,#1391
  )),.UNSPECIFIED.,.F.,.F.,.F.,(2,2),(9,9),(0.,44.),(0.,66.666666666667)
  ,.PIECEWISE_BEZIER_KNOTS.);
#1374 = CARTESIAN_POINT('',(-39.83320836721,4.532098622878,
    74.43937155626));
#1375 = CARTESIAN_POINT('',(-47.94878852394,18.658936569375,
    76.699757879129));
#1376 = CARTESIAN_POINT('',(-57.85519650619,32.400622677169,
    74.937879050166));
#1377 = CARTESIAN_POINT('',(-69.49525192032,44.155853867248,
    69.282164336176));
#1378 = CARTESIAN_POINT('',(-82.52871654653,52.386321614632,
    60.496801290795));
#1379 = CARTESIAN_POINT('',(-96.34166221597,55.990125553286,
    49.960695157727));
#1380 = CARTESIAN_POINT('',(-110.1830627378,54.679120137726,
    39.360678379665));
#1381 = CARTESIAN_POINT('',(-123.3699062312,48.949553688481,
    30.230820758215));
#1382 = CARTESIAN_POINT('',(-135.4012152968,39.834311042187,
    23.696335955086));
#1383 = CARTESIAN_POINT('',(-22.00489732373,8.366951303775,
    114.48241377651));
#1384 = CARTESIAN_POINT('',(-30.54584015535,34.447267512693,
    115.78741988935));
#1385 = CARTESIAN_POINT('',(-42.39292666483,59.816534173235,
    109.66670572188));
#1386 = CARTESIAN_POINT('',(-57.44059304857,81.518499447227,
    96.357371458984));
#1387 = CARTESIAN_POINT('',(-75.06070720846,96.713209134704,
    77.270224891976));
#1388 = CARTESIAN_POINT('',(-94.1198632943,103.36638563683,
    54.95093724001));
#1389 = CARTESIAN_POINT('',(-113.2315514154,100.94606794657,
    32.513660704975));
#1390 = CARTESIAN_POINT('',(-131.1348265609,90.368406809504,
    12.79052415138));
#1391 = CARTESIAN_POINT('',(-146.9048073781,73.540266539422,
    -2.141154891469));
#1392 = DEFINITIONAL_REPRESENTATION('',(#1393),#1397);
#1393 = LINE('',#1394,#1395);
#1394 = CARTESIAN_POINT('',(0.,0.));
#1395 = VECTOR('',#1396,1.);
#1396 = DIRECTION('',(1.,0.));
#1397 = ( GEOMETRIC_REPRESENTATION_CONTEXT(2) 
PARAMETRIC_REPRESENTATION_CONTEXT() REPRESENTATION_CONTEXT('2D SPACE',''
  ) );
#1398 = ADVANCED_FACE('',(#1399),#419,.F.);
#1399 = FACE_BOUND('',#1400,.F.);
#1400 = EDGE_LOOP('',(#1401,#1402,#1403,#1432));
#1401 = ORIENTED_EDGE('',*,*,#1331,.F.);
#1402 = ORIENTED_EDGE('',*,*,#395,.T.);
#1403 = ORIENTED_EDGE('',*,*,#1404,.T.);
#1404 = EDGE_CURVE('',#356,#1405,#1407,.T.);
#1405 = VERTEX_POINT('',#1406);
#1406 = CARTESIAN_POINT('',(-22.31075758986,14.603845074232,
    113.79544037112));
#1407 = SURFACE_CURVE('',#1408,(#1418,#1425),.PCURVE_S1.);
#1408 = ( BOUNDED_CURVE() B_SPLINE_CURVE(8,(#1409,#1410,#1411,#1412,
    #1413,#1414,#1415,#1416,#1417),.UNSPECIFIED.,.F.,.F.) 
B_SPLINE_CURVE_WITH_KNOTS((9,9),(0.,66.666666666667),
.PIECEWISE_BEZIER_KNOTS.) CURVE() GEOMETRIC_REPRESENTATION_ITEM() 
RATIONAL_B_SPLINE_CURVE((1.000053547667,1.000053547667,1.000053547667,
    1.000053547667,1.000053547667,1.000053547667,1.000053547667,
1.000053547667,1.000053547667)) REPRESENTATION_ITEM('') );
#1409 = CARTESIAN_POINT('',(-17.26992164448,-86.09978318713,
    -38.78887909596));
#1410 = CARTESIAN_POINT('',(-15.33259419715,-97.67887402012,
    -13.94929260971));
#1411 = CARTESIAN_POINT('',(-11.92737680418,-101.9399720131,
    14.187228674505));
#1412 = CARTESIAN_POINT('',(-8.136992811956,-97.57133528193,
    43.18884830469));
#1413 = CARTESIAN_POINT('',(-5.274820545561,-84.41993022193,
    70.105670264755));
#1414 = CARTESIAN_POINT('',(-4.636207762685,-63.81271181495,
    92.028295855791));
#1415 = CARTESIAN_POINT('',(-7.125414317764,-38.38799119556,
    106.92572419171));
#1416 = CARTESIAN_POINT('',(-13.07801717489,-11.27139876223,
    114.04423707059));
#1417 = CARTESIAN_POINT('',(-22.31075758986,14.603845074232,
    113.79544037112));
#1418 = PCURVE('',#419,#1419);
#1419 = DEFINITIONAL_REPRESENTATION('',(#1420),#1424);
#1420 = LINE('',#1421,#1422);
#1421 = CARTESIAN_POINT('',(6.544984694977E-02,0.));
#1422 = VECTOR('',#1423,1.);
#1423 = DIRECTION('',(0.,1.));
#1424 = ( GEOMETRIC_REPRESENTATION_CONTEXT(2) 
PARAMETRIC_REPRESENTATION_CONTEXT() REPRESENTATION_CONTEXT('2D SPACE',''
  ) );
#1425 = PCURVE('',#369,#1426);
#1426 = DEFINITIONAL_REPRESENTATION('',(#1427),#1431);
#1427 = LINE('',#1428,#1429);
#1428 = CARTESIAN_POINT('',(0.,0.));
#1429 = VECTOR('',#1430,1.);
#1430 = DIRECTION('',(0.,1.));
#1431 = ( GEOMETRIC_REPRESENTATION_CONTEXT(2) 
PARAMETRIC_REPRESENTATION_CONTEXT() REPRESENTATION_CONTEXT('2D SPACE',''
  ) );
#1432 = ORIENTED_EDGE('',*,*,#1433,.F.);
#1433 = EDGE_CURVE('',#1332,#1405,#1434,.T.);
#1434 = SURFACE_CURVE('',#1435,(#1443,#1450),.PCURVE_S1.);
#1435 = ( BOUNDED_CURVE() B_SPLINE_CURVE(6,(#1436,#1437,#1438,#1439,
#1440,#1441,#1442),.UNSPECIFIED.,.F.,.F.) B_SPLINE_CURVE_WITH_KNOTS((7,7
),(0.,6.544984694977E-02),.PIECEWISE_BEZIER_KNOTS.) CURVE() 
GEOMETRIC_REPRESENTATION_ITEM() RATIONAL_B_SPLINE_CURVE((1.000053547667,
    1.000017847948,0.999996430156,0.999989291231,0.999996430156,
1.000017847948,1.000053547667)) REPRESENTATION_ITEM('') );
#1436 = CARTESIAN_POINT('',(-22.00489732373,8.366951303775,
    114.48241377651));
#1437 = CARTESIAN_POINT('',(-22.06969410089,9.401998006132,
    114.33687783219));
#1438 = CARTESIAN_POINT('',(-22.12897721925,10.439085759832,
    114.20372576828));
#1439 = CARTESIAN_POINT('',(-22.18273495576,11.47801475774,
    114.08298391519));
#1440 = CARTESIAN_POINT('',(-22.23095684941,12.518584768073,
    113.97467576875));
#1441 = CARTESIAN_POINT('',(-22.2736337039,13.560595184141,
    113.87882198418));
#1442 = CARTESIAN_POINT('',(-22.31075758986,14.603845074232,
    113.79544037112));
#1443 = PCURVE('',#419,#1444);
#1444 = DEFINITIONAL_REPRESENTATION('',(#1445),#1449);
#1445 = LINE('',#1446,#1447);
#1446 = CARTESIAN_POINT('',(0.,66.666666666667));
#1447 = VECTOR('',#1448,1.);
#1448 = DIRECTION('',(1.,0.));
#1449 = ( GEOMETRIC_REPRESENTATION_CONTEXT(2) 
PARAMETRIC_REPRESENTATION_CONTEXT() REPRESENTATION_CONTEXT('2D SPACE',''
  ) );
#1450 = PCURVE('',#1451,#1515);
#1451 = ( BOUNDED_SURFACE() B_SPLINE_SURFACE(6,8,(
    (#1452,#1453,#1454,#1455,#1456,#1457,#1458,#1459,#1460)
    ,(#1461,#1462,#1463,#1464,#1465,#1466,#1467,#1468,#1469)
    ,(#1470,#1471,#1472,#1473,#1474,#1475,#1476,#1477,#1478)
    ,(#1479,#1480,#1481,#1482,#1483,#1484,#1485,#1486,#1487)
    ,(#1488,#1489,#1490,#1491,#1492,#1493,#1494,#1495,#1496)
    ,(#1497,#1498,#1499,#1500,#1501,#1502,#1503,#1504,#1505)
    ,(#1506,#1507,#1508,#1509,#1510,#1511,#1512,#1513,#1514
)),.UNSPECIFIED.,.F.,.F.,.F.) B_SPLINE_SURFACE_WITH_KNOTS((7,7),(9,9),(
    0.,6.544984694977E-02),(0.,66.666666666667),
.PIECEWISE_BEZIER_KNOTS.) GEOMETRIC_REPRESENTATION_ITEM() 
RATIONAL_B_SPLINE_SURFACE((
    (1.000053547667,1.000053547667,1.000053547667,1.000053547667
      ,1.000053547667,1.000053547667,1.000053547667,1.000053547667
      ,1.000053547667)
    ,(1.000017847948,1.000017847948,1.000017847948,1.000017847948
      ,1.000017847948,1.000017847948,1.000017847948,1.000017847948
      ,1.000017847948)
    ,(0.999996430156,0.999996430156,0.999996430156,0.999996430156
      ,0.999996430156,0.999996430156,0.999996430156,0.999996430156
      ,0.999996430156)
    ,(0.999989291231,0.999989291231,0.999989291231,0.999989291231
      ,0.999989291231,0.999989291231,0.999989291231,0.999989291231
      ,0.999989291231)
    ,(0.999996430156,0.999996430156,0.999996430156,0.999996430156
      ,0.999996430156,0.999996430156,0.999996430156,0.999996430156
      ,0.999996430156)
    ,(1.000017847948,1.000017847948,1.000017847948,1.000017847948
      ,1.000017847948,1.000017847948,1.000017847948,1.000017847948
      ,1.000017847948)
    ,(1.000053547667,1.000053547667,1.000053547667,1.000053547667
      ,1.000053547667,1.000053547667,1.000053547667,1.000053547667
,1.000053547667))) REPRESENTATION_ITEM('') SURFACE() );
#1452 = CARTESIAN_POINT('',(-22.00489732373,8.366951303775,
    114.48241377651));
#1453 = CARTESIAN_POINT('',(-30.54584015535,34.447267512693,
    115.78741988935));
#1454 = CARTESIAN_POINT('',(-42.39292666483,59.816534173234,
    109.66670572188));
#1455 = CARTESIAN_POINT('',(-57.44059304857,81.518499447228,
    96.357371458981));
#1456 = CARTESIAN_POINT('',(-75.06070720846,96.713209134704,
    77.270224891979));
#1457 = CARTESIAN_POINT('',(-94.1198632943,103.36638563683,
    54.950937240008));
#1458 = CARTESIAN_POINT('',(-113.2315514154,100.94606794657,
    32.513660704976));
#1459 = CARTESIAN_POINT('',(-131.1348265609,90.368406809503,
    12.79052415138));
#1460 = CARTESIAN_POINT('',(-146.9048073781,73.540266539422,
    -2.141154891469));
#1461 = CARTESIAN_POINT('',(-22.06969410089,9.401998006132,
    114.33687783219));
#1462 = CARTESIAN_POINT('',(-30.72544453284,35.438869445364,
    115.38402185275));
#1463 = CARTESIAN_POINT('',(-42.68183168326,60.676717555141,
    109.0178144263));
#1464 = CARTESIAN_POINT('',(-57.82027835695,82.164224838057,
    95.504584293876));
#1465 = CARTESIAN_POINT('',(-75.50052680118,97.080273760981,
    76.282373912831));
#1466 = CARTESIAN_POINT('',(-94.58097311192,103.42237102423,
    53.915267632837));
#1467 = CARTESIAN_POINT('',(-113.6737413821,100.69604180165,
    31.520485778833));
#1468 = CARTESIAN_POINT('',(-131.5228424654,89.850529399657,
    11.919026160901));
#1469 = CARTESIAN_POINT('',(-147.2124974569,72.816089909268,
    -2.832238123264));
#1470 = CARTESIAN_POINT('',(-22.12897721925,10.439085759832,
    114.20372576828));
#1471 = CARTESIAN_POINT('',(-30.89976164538,36.436209212565,
    114.99249920764));
#1472 = CARTESIAN_POINT('',(-42.96614446395,61.546162089851,
    108.3792374656));
#1473 = CARTESIAN_POINT('',(-58.19650937375,82.822142205869,
    94.659555594632));
#1474 = CARTESIAN_POINT('',(-75.93837319527,97.461477640086,
    75.298954810403));
#1475 = CARTESIAN_POINT('',(-95.04176509309,103.49319418746,
    52.880311898005));
#1476 = CARTESIAN_POINT('',(-114.1172436152,100.46025763342,
    30.524363453933));
#1477 = CARTESIAN_POINT('',(-131.9135990736,89.345161925086,
    11.041372449336));
#1478 = CARTESIAN_POINT('',(-147.5240300761,72.101846878109,
    -3.531951842369));
#1479 = CARTESIAN_POINT('',(-22.18273495576,11.47801475774,
    114.08298391519));
#1480 = CARTESIAN_POINT('',(-31.06875760728,37.439094867202,
    114.61292806258));
#1481 = CARTESIAN_POINT('',(-43.24580995484,62.42470067292,
    107.75109848867));
#1482 = CARTESIAN_POINT('',(-58.56921338908,83.492125378609,
    93.822448670416));
#1483 = CARTESIAN_POINT('',(-76.37416188267,97.856748045523,
    74.320157392852));
#1484 = CARTESIAN_POINT('',(-95.50215039525,103.5788422686,
    51.846269579181));
#1485 = CARTESIAN_POINT('',(-114.5619726924,100.23876165588,
    29.52548559209));
#1486 = CARTESIAN_POINT('',(-132.3070212071,88.85240247384,
    10.157731869869));
#1487 = CARTESIAN_POINT('',(-147.8393453884,71.397675660389,
    -4.240161629088));
#1488 = CARTESIAN_POINT('',(-22.23095684941,12.518584768073,
    113.97467576875));
#1489 = CARTESIAN_POINT('',(-31.23239974776,38.447333191373,
    114.2453817973));
#1490 = CARTESIAN_POINT('',(-43.52077416445,63.312164119013,
    107.13351876237));
#1491 = CARTESIAN_POINT('',(-58.9383184973,84.174045425287,
    92.99342502395));
#1492 = CARTESIAN_POINT('',(-76.80780882372,98.26600903582,
    73.346170416338));
#1493 = CARTESIAN_POINT('',(-95.96204026697,103.67929902274,
    50.813340015364));
#1494 = CARTESIAN_POINT('',(-115.0078429093,100.03159681982,
    28.524044688478));
#1495 = CARTESIAN_POINT('',(-132.7030330771,88.372346255655,
    9.26827464677));
#1496 = CARTESIAN_POINT('',(-148.1583826808,70.70371217244,
    -4.956731120105));
#1497 = CARTESIAN_POINT('',(-22.2736337039,13.560595184141,
    113.87882198418));
#1498 = CARTESIAN_POINT('',(-31.39065661919,39.460729744289,
    113.88993104434));
#1499 = CARTESIAN_POINT('',(-43.79098417539,64.208381203798,
    106.52661714112));
#1500 = CARTESIAN_POINT('',(-59.30375361495,84.86777068778,
    92.172644311222));
#1501 = CARTESIAN_POINT('',(-77.2392304681,98.689181473191,
    72.377181538025));
#1502 = CARTESIAN_POINT('',(-96.42134606998,103.79454482174,
    49.781722291324));
#1503 = CARTESIAN_POINT('',(-115.4547683009,99.838802801914,
    27.520233823837));
#1504 = CARTESIAN_POINT('',(-133.1015583034,87.905085578051,
    8.373172333193));
#1505 = CARTESIAN_POINT('',(-148.4810803902,70.020089998506,
    -5.681522042226));
#1506 = CARTESIAN_POINT('',(-22.31075758986,14.603845074232,
    113.79544037112));
#1507 = CARTESIAN_POINT('',(-31.54349800482,40.479088910703,
    113.54664367166));
#1508 = CARTESIAN_POINT('',(-44.05638815737,65.113178706668,
    105.93051003765));
#1509 = CARTESIAN_POINT('',(-59.66544849843,85.573166813771,
    91.360264301977));
#1510 = CARTESIAN_POINT('',(-77.66834377547,99.126183043454,
    71.413377269497));
#1511 = CARTESIAN_POINT('',(-96.87997930125,103.92455665939,
    48.751615188166));
#1512 = CARTESIAN_POINT('',(-115.9026626627,99.660415995105,
    26.514246616418));
#1513 = CARTESIAN_POINT('',(-133.5025199329,87.450709823628,
    7.472597768433));
#1514 = CARTESIAN_POINT('',(-148.8073761184,69.346940357737,
    -6.414394246896));
#1515 = DEFINITIONAL_REPRESENTATION('',(#1516),#1520);
#1516 = LINE('',#1517,#1518);
#1517 = CARTESIAN_POINT('',(0.,0.));
#1518 = VECTOR('',#1519,1.);
#1519 = DIRECTION('',(1.,0.));
#1520 = ( GEOMETRIC_REPRESENTATION_CONTEXT(2) 
PARAMETRIC_REPRESENTATION_CONTEXT() REPRESENTATION_CONTEXT('2D SPACE',''
  ) );
#1521 = ADVANCED_FACE('',(#1522),#369,.F.);
#1522 = FACE_BOUND('',#1523,.F.);
#1523 = EDGE_LOOP('',(#1524,#1525,#1526,#1577,#1609));
#1524 = ORIENTED_EDGE('',*,*,#1404,.F.);
#1525 = ORIENTED_EDGE('',*,*,#355,.T.);
#1526 = ORIENTED_EDGE('',*,*,#1527,.F.);
#1527 = EDGE_CURVE('',#1528,#323,#1530,.T.);
#1528 = VERTEX_POINT('',#1529);
#1529 = CARTESIAN_POINT('',(-35.48951416085,0.,72.722036214391));
#1530 = SURFACE_CURVE('',#1531,(#1541,#1548),.PCURVE_S1.);
#1531 = B_SPLINE_CURVE_WITH_KNOTS('',8,(#1532,#1533,#1534,#1535,#1536,
    #1537,#1538,#1539,#1540),.UNSPECIFIED.,.F.,.F.,(9,9),(
    57.125125010717,119.12512635382),.PIECEWISE_BEZIER_KNOTS.);
#1532 = CARTESIAN_POINT('',(-35.48951485094,1.931788062848E-14,
    72.722034664415));
#1533 = CARTESIAN_POINT('',(-28.40953747432,-13.18814608828,
    69.56982544725));
#1534 = CARTESIAN_POINT('',(-22.88433497727,-26.37627400535,
    62.925534675415));
#1535 = CARTESIAN_POINT('',(-18.91390718164,-38.27174391015,
    52.78916274906));
#1536 = CARTESIAN_POINT('',(-16.28505782857,-47.58235469061,
    39.639556308382));
#1537 = CARTESIAN_POINT('',(-14.5703947733,-53.2796017174,
    24.436653816121));
#1538 = CARTESIAN_POINT('',(-13.20497465385,-54.87492850722,
    8.449338856383));
#1539 = CARTESIAN_POINT('',(-11.62360183273,-52.47034969318,
    -7.052938397919));
#1540 = CARTESIAN_POINT('',(-9.354540890764,-46.6373825597,
    -21.01064284364));
#1541 = PCURVE('',#369,#1542);
#1542 = DEFINITIONAL_REPRESENTATION('',(#1543),#1547);
#1543 = LINE('',#1544,#1545);
#1544 = CARTESIAN_POINT('',(44.,119.12512635378));
#1545 = VECTOR('',#1546,1.);
#1546 = DIRECTION('',(0.,-1.));
#1547 = ( GEOMETRIC_REPRESENTATION_CONTEXT(2) 
PARAMETRIC_REPRESENTATION_CONTEXT() REPRESENTATION_CONTEXT('2D SPACE',''
  ) );
#1548 = PCURVE('',#343,#1549);
#1549 = DEFINITIONAL_REPRESENTATION('',(#1550),#1576);
#1550 = B_SPLINE_CURVE_WITH_KNOTS('',3,(#1551,#1552,#1553,#1554,#1555,
    #1556,#1557,#1558,#1559,#1560,#1561,#1562,#1563,#1564,#1565,#1566,
    #1567,#1568,#1569,#1570,#1571,#1572,#1573,#1574,#1575),
  .UNSPECIFIED.,.F.,.F.,(4,1,1,1,1,1,1,1,1,1,1,1,1,1,1,1,1,1,1,1,1,1,4),
  (57.125125010717,59.943306889949,62.761488769181,65.579670648413,
    68.397852527646,71.216034406878,74.03421628611,76.852398165343,
    79.670580044575,82.488761923807,85.306943803039,88.125125682272,
    90.943307561504,93.761489440736,96.579671319968,99.397853199201,
    102.21603507843,105.03421695766,107.85239883689,110.67058071613,
    113.48876259536,116.30694447459,119.12512635382),
  .QUASI_UNIFORM_KNOTS.);
#1551 = CARTESIAN_POINT('',(-6.28318530718,-87.00000134307));
#1552 = CARTESIAN_POINT('',(-6.25244370565,-86.06060738332));
#1553 = CARTESIAN_POINT('',(-6.190960521757,-84.18181946383));
#1554 = CARTESIAN_POINT('',(-6.098735775102,-81.3636375846));
#1555 = CARTESIAN_POINT('',(-6.006511028476,-78.54545570538));
#1556 = CARTESIAN_POINT('',(-5.914286255652,-75.72727382617));
#1557 = CARTESIAN_POINT('',(-5.822061451679,-72.90909194696));
#1558 = CARTESIAN_POINT('',(-5.729836629183,-70.09091006775));
#1559 = CARTESIAN_POINT('',(-5.637611809059,-67.27272818854));
#1560 = CARTESIAN_POINT('',(-5.545387008981,-64.45454630932));
#1561 = CARTESIAN_POINT('',(-5.453162235386,-61.63636443009));
#1562 = CARTESIAN_POINT('',(-5.360937481357,-58.81818255084));
#1563 = CARTESIAN_POINT('',(-5.268712730544,-56.00000067157));
#1564 = CARTESIAN_POINT('',(-5.176487965073,-53.1818187923));
#1565 = CARTESIAN_POINT('',(-5.084263174076,-50.36363691302));
#1566 = CARTESIAN_POINT('',(-4.992038359307,-47.54545503376));
#1567 = CARTESIAN_POINT('',(-4.899813535212,-44.72727315451));
#1568 = CARTESIAN_POINT('',(-4.807588722773,-41.90909127528));
#1569 = CARTESIAN_POINT('',(-4.715363938777,-39.09090939607));
#1570 = CARTESIAN_POINT('',(-4.623139185032,-36.27272751688));
#1571 = CARTESIAN_POINT('',(-4.530914442255,-33.45454563769));
#1572 = CARTESIAN_POINT('',(-4.438689679365,-30.63636375848));
#1573 = CARTESIAN_POINT('',(-4.346464865712,-27.81818187925));
#1574 = CARTESIAN_POINT('',(-4.284981654066,-25.93939395975));
#1575 = CARTESIAN_POINT('',(-4.254240051736,-25.));
#1576 = ( GEOMETRIC_REPRESENTATION_CONTEXT(2) 
PARAMETRIC_REPRESENTATION_CONTEXT() REPRESENTATION_CONTEXT('2D SPACE',''
  ) );
#1577 = ORIENTED_EDGE('',*,*,#1578,.T.);
#1578 = EDGE_CURVE('',#1528,#1579,#1581,.T.);
#1579 = VERTEX_POINT('',#1580);
#1580 = CARTESIAN_POINT('',(-39.99888267803,7.910416081876,
    74.067260961677));
#1581 = SURFACE_CURVE('',#1582,(#1592,#1599),.PCURVE_S1.);
#1582 = B_SPLINE_CURVE_WITH_KNOTS('',8,(#1583,#1584,#1585,#1586,#1587,
    #1588,#1589,#1590,#1591),.UNSPECIFIED.,.F.,.F.,(9,9),(0.,
    66.666666666667),.PIECEWISE_BEZIER_KNOTS.);
#1583 = CARTESIAN_POINT('',(-9.354540890764,-46.6373825597,
    -21.01064284364));
#1584 = CARTESIAN_POINT('',(-11.79439131306,-52.90939009423,
    -6.002358818512));
#1585 = CARTESIAN_POINT('',(-13.43913468147,-55.21748484045,
    10.791764888853));
#1586 = CARTESIAN_POINT('',(-14.87524614196,-52.85113994438,
    28.054483533618));
#1587 = CARTESIAN_POINT('',(-16.81413895394,-45.72746220354,
    44.187936773734));
#1588 = CARTESIAN_POINT('',(-19.95745981949,-34.56521889976,
    57.61620031396));
#1589 = CARTESIAN_POINT('',(-24.79501615976,-20.79349523093,
    67.239148674333));
#1590 = CARTESIAN_POINT('',(-31.50857883032,-6.105340996213,
    72.648517828806));
#1591 = CARTESIAN_POINT('',(-39.99888267803,7.910416081876,
    74.067260961677));
#1592 = PCURVE('',#369,#1593);
#1593 = DEFINITIONAL_REPRESENTATION('',(#1594),#1598);
#1594 = LINE('',#1595,#1596);
#1595 = CARTESIAN_POINT('',(44.,0.));
#1596 = VECTOR('',#1597,1.);
#1597 = DIRECTION('',(0.,1.));
#1598 = ( GEOMETRIC_REPRESENTATION_CONTEXT(2) 
PARAMETRIC_REPRESENTATION_CONTEXT() REPRESENTATION_CONTEXT('2D SPACE',''
  ) );
#1599 = PCURVE('',#310,#1600);
#1600 = DEFINITIONAL_REPRESENTATION('',(#1601),#1608);
#1601 = B_SPLINE_CURVE_WITH_KNOTS('',5,(#1602,#1603,#1604,#1605,#1606,
    #1607),.UNSPECIFIED.,.F.,.F.,(6,6),(62.00000134307,66.666666666667),
  .PIECEWISE_BEZIER_KNOTS.);
#1602 = CARTESIAN_POINT('',(-3.885780712974E-16,-87.00000134307));
#1603 = CARTESIAN_POINT('',(-3.054325692283E-02,-87.93333440778));
#1604 = CARTESIAN_POINT('',(-6.108652319376E-02,-88.8666674725));
#1605 = CARTESIAN_POINT('',(-9.162978827879E-02,-89.80000053722));
#1606 = CARTESIAN_POINT('',(-0.12217305643,-90.73333360194));
#1607 = CARTESIAN_POINT('',(-0.15271630955,-91.66666666666));
#1608 = ( GEOMETRIC_REPRESENTATION_CONTEXT(2) 
PARAMETRIC_REPRESENTATION_CONTEXT() REPRESENTATION_CONTEXT('2D SPACE',''
  ) );
#1609 = ORIENTED_EDGE('',*,*,#1610,.F.);
#1610 = EDGE_CURVE('',#1405,#1579,#1611,.T.);
#1611 = SURFACE_CURVE('',#1612,(#1615,#1622),.PCURVE_S1.);
#1612 = B_SPLINE_CURVE_WITH_KNOTS('',1,(#1613,#1614),.UNSPECIFIED.,.F.,
  .F.,(2,2),(0.,44.),.PIECEWISE_BEZIER_KNOTS.);
#1613 = CARTESIAN_POINT('',(-22.31075758986,14.603845074232,
    113.79544037112));
#1614 = CARTESIAN_POINT('',(-39.99888267803,7.910416081876,
    74.067260961677));
#1615 = PCURVE('',#369,#1616);
#1616 = DEFINITIONAL_REPRESENTATION('',(#1617),#1621);
#1617 = LINE('',#1618,#1619);
#1618 = CARTESIAN_POINT('',(0.,66.666666666667));
#1619 = VECTOR('',#1620,1.);
#1620 = DIRECTION('',(1.,0.));
#1621 = ( GEOMETRIC_REPRESENTATION_CONTEXT(2) 
PARAMETRIC_REPRESENTATION_CONTEXT() REPRESENTATION_CONTEXT('2D SPACE',''
  ) );
#1622 = PCURVE('',#1623,#1642);
#1623 = B_SPLINE_SURFACE_WITH_KNOTS('',1,8,(
    (#1624,#1625,#1626,#1627,#1628,#1629,#1630,#1631,#1632)
    ,(#1633,#1634,#1635,#1636,#1637,#1638,#1639,#1640,#1641
  )),.UNSPECIFIED.,.F.,.F.,.F.,(2,2),(9,9),(0.,44.),(0.,66.666666666667)
  ,.PIECEWISE_BEZIER_KNOTS.);
#1624 = CARTESIAN_POINT('',(-22.31075758986,14.603845074232,
    113.79544037112));
#1625 = CARTESIAN_POINT('',(-31.54349800482,40.479088910703,
    113.54664367166));
#1626 = CARTESIAN_POINT('',(-44.05638815737,65.113178706668,
    105.93051003765));
#1627 = CARTESIAN_POINT('',(-59.66544849843,85.573166813772,
    91.360264301978));
#1628 = CARTESIAN_POINT('',(-77.66834377547,99.126183043452,
    71.413377269496));
#1629 = CARTESIAN_POINT('',(-96.87997930125,103.92455665939,
    48.751615188167));
#1630 = CARTESIAN_POINT('',(-115.9026626627,99.660415995104,
    26.514246616418));
#1631 = CARTESIAN_POINT('',(-133.5025199329,87.450709823629,
    7.472597768433));
#1632 = CARTESIAN_POINT('',(-148.8073761184,69.346940357737,
    -6.414394246896));
#1633 = CARTESIAN_POINT('',(-39.99888267803,7.910416081876,
    74.067260961677));
#1634 = CARTESIAN_POINT('',(-48.48918652574,21.926173159964,
    75.486004094547));
#1635 = CARTESIAN_POINT('',(-58.75623814798,35.269638466112,
    72.914106387875));
#1636 = CARTESIAN_POINT('',(-70.70038195566,46.352132024126,
    66.575397959465));
#1637 = CARTESIAN_POINT('',(-83.94118635366,53.693349148537,
    57.32434216195));
#1638 = CARTESIAN_POINT('',(-97.83672505307,56.292468190504,
    46.602729046313));
#1639 = CARTESIAN_POINT('',(-111.6299146634,53.982725330681,
    36.110995748363));
#1640 = CARTESIAN_POINT('',(-124.6524068078,47.369134487799,
    27.350277300786));
#1641 = CARTESIAN_POINT('',(-136.4317733645,37.562926027107,
    21.381664637564));
#1642 = DEFINITIONAL_REPRESENTATION('',(#1643),#1647);
#1643 = LINE('',#1644,#1645);
#1644 = CARTESIAN_POINT('',(0.,0.));
#1645 = VECTOR('',#1646,1.);
#1646 = DIRECTION('',(1.,0.));
#1647 = ( GEOMETRIC_REPRESENTATION_CONTEXT(2) 
PARAMETRIC_REPRESENTATION_CONTEXT() REPRESENTATION_CONTEXT('2D SPACE',''
  ) );
#1648 = ADVANCED_FACE('',(#1649),#343,.F.);
#1649 = FACE_BOUND('',#1650,.T.);
#1650 = EDGE_LOOP('',(#1651,#1652,#1673));
#1651 = ORIENTED_EDGE('',*,*,#1527,.F.);
#1652 = ORIENTED_EDGE('',*,*,#1653,.F.);
#1653 = EDGE_CURVE('',#290,#1528,#1654,.T.);
#1654 = SURFACE_CURVE('',#1655,(#1659,#1666),.PCURVE_S1.);
#1655 = LINE('',#1656,#1657);
#1656 = CARTESIAN_POINT('',(43.988941881007,0.,37.33594772052));
#1657 = VECTOR('',#1658,1.);
#1658 = DIRECTION('',(-0.913545457643,0.,0.406736643076));
#1659 = PCURVE('',#343,#1660);
#1660 = DEFINITIONAL_REPRESENTATION('',(#1661),#1665);
#1661 = LINE('',#1662,#1663);
#1662 = CARTESIAN_POINT('',(-6.28318530718,0.));
#1663 = VECTOR('',#1664,1.);
#1664 = DIRECTION('',(-0.,-1.));
#1665 = ( GEOMETRIC_REPRESENTATION_CONTEXT(2) 
PARAMETRIC_REPRESENTATION_CONTEXT() REPRESENTATION_CONTEXT('2D SPACE',''
  ) );
#1666 = PCURVE('',#310,#1667);
#1667 = DEFINITIONAL_REPRESENTATION('',(#1668),#1672);
#1668 = LINE('',#1669,#1670);
#1669 = CARTESIAN_POINT('',(-0.,0.));
#1670 = VECTOR('',#1671,1.);
#1671 = DIRECTION('',(-0.,-1.));
#1672 = ( GEOMETRIC_REPRESENTATION_CONTEXT(2) 
PARAMETRIC_REPRESENTATION_CONTEXT() REPRESENTATION_CONTEXT('2D SPACE',''
  ) );
#1673 = ORIENTED_EDGE('',*,*,#322,.T.);
#1674 = ADVANCED_FACE('',(#1675),#310,.F.);
#1675 = FACE_BOUND('',#1676,.T.);
#1676 = EDGE_LOOP('',(#1677,#1678,#1679,#1680,#1731,#1801,#1871,#1894,
    #1964));
#1677 = ORIENTED_EDGE('',*,*,#289,.T.);
#1678 = ORIENTED_EDGE('',*,*,#1653,.T.);
#1679 = ORIENTED_EDGE('',*,*,#1578,.T.);
#1680 = ORIENTED_EDGE('',*,*,#1681,.F.);
#1681 = EDGE_CURVE('',#1682,#1579,#1684,.T.);
#1682 = VERTEX_POINT('',#1683);
#1683 = CARTESIAN_POINT('',(-136.4317733645,37.562926027107,
    21.381664637563));
#1684 = SURFACE_CURVE('',#1685,(#1695,#1724),.PCURVE_S1.);
#1685 = B_SPLINE_CURVE_WITH_KNOTS('',8,(#1686,#1687,#1688,#1689,#1690,
    #1691,#1692,#1693,#1694),.UNSPECIFIED.,.F.,.F.,(9,9),(
    57.125125013583,123.79179168024),.PIECEWISE_BEZIER_KNOTS.);
#1686 = CARTESIAN_POINT('',(-136.4317733645,37.562926027107,
    21.381664637564));
#1687 = CARTESIAN_POINT('',(-124.6524068078,47.369134487799,
    27.350277300786));
#1688 = CARTESIAN_POINT('',(-111.6299146634,53.982725330681,
    36.110995748362));
#1689 = CARTESIAN_POINT('',(-97.83672505307,56.292468190506,
    46.602729046312));
#1690 = CARTESIAN_POINT('',(-83.94118635372,53.693349148539,
    57.324342161967));
#1691 = CARTESIAN_POINT('',(-70.70038195566,46.352132024149,
    66.57539795947));
#1692 = CARTESIAN_POINT('',(-58.75623814796,35.269638466099,
    72.914106387867));
#1693 = CARTESIAN_POINT('',(-48.48918652574,21.926173159963,
    75.486004094549));
#1694 = CARTESIAN_POINT('',(-39.99888267803,7.910416081876,
    74.067260961677));
#1695 = PCURVE('',#310,#1696);
#1696 = DEFINITIONAL_REPRESENTATION('',(#1697),#1723);
#1697 = B_SPLINE_CURVE_WITH_KNOTS('',3,(#1698,#1699,#1700,#1701,#1702,
    #1703,#1704,#1705,#1706,#1707,#1708,#1709,#1710,#1711,#1712,#1713,
    #1714,#1715,#1716,#1717,#1718,#1719,#1720,#1721,#1722),
  .UNSPECIFIED.,.F.,.F.,(4,1,1,1,1,1,1,1,1,1,1,1,1,1,1,1,1,1,1,1,1,1,4),
  (57.125125013583,60.155428043886,63.185731074189,66.216034104492,
    69.246337134795,72.276640165098,75.306943195401,78.337246225704,
    81.367549256007,84.39785228631,87.428155316613,90.458458346916,
    93.488761377219,96.519064407522,99.549367437825,102.57967046812,
    105.60997349843,108.64027652873,111.67057955903,114.70088258934,
    117.73118561964,120.76148864994,123.79179168024),
  .QUASI_UNIFORM_KNOTS.);
#1698 = CARTESIAN_POINT('',(-2.334377874542,-158.3333333333));
#1699 = CARTESIAN_POINT('',(-2.301322387521,-157.3232323232));
#1700 = CARTESIAN_POINT('',(-2.235211408783,-155.303030303));
#1701 = CARTESIAN_POINT('',(-2.136044949292,-152.2727272727));
#1702 = CARTESIAN_POINT('',(-2.036878547691,-149.2424242424));
#1703 = CARTESIAN_POINT('',(-1.937712160256,-146.2121212121));
#1704 = CARTESIAN_POINT('',(-1.838545750972,-143.1818181818));
#1705 = CARTESIAN_POINT('',(-1.739379304452,-140.1515151515));
#1706 = CARTESIAN_POINT('',(-1.640212832198,-137.1212121212));
#1707 = CARTESIAN_POINT('',(-1.541046359538,-134.0909090909));
#1708 = CARTESIAN_POINT('',(-1.441879909405,-131.0606060606));
#1709 = CARTESIAN_POINT('',(-1.342713490084,-128.0303030303));
#1710 = CARTESIAN_POINT('',(-1.243547092046,-125.));
#1711 = CARTESIAN_POINT('',(-1.144380694008,-121.9696969697));
#1712 = CARTESIAN_POINT('',(-1.045214274687,-118.9393939394));
#1713 = CARTESIAN_POINT('',(-0.946047824554,-115.909090909));
#1714 = CARTESIAN_POINT('',(-0.846881351894,-112.8787878787));
#1715 = CARTESIAN_POINT('',(-0.74771487964,-109.8484848484));
#1716 = CARTESIAN_POINT('',(-0.64854843312,-106.8181818181));
#1717 = CARTESIAN_POINT('',(-0.549382023836,-103.7878787878));
#1718 = CARTESIAN_POINT('',(-0.450215636401,-100.7575757575));
#1719 = CARTESIAN_POINT('',(-0.3510492348,-97.72727272727));
#1720 = CARTESIAN_POINT('',(-0.251882775309,-94.69696969697));
#1721 = CARTESIAN_POINT('',(-0.18577179657,-92.67676767676));
#1722 = CARTESIAN_POINT('',(-0.15271630955,-91.66666666666));
#1723 = ( GEOMETRIC_REPRESENTATION_CONTEXT(2) 
PARAMETRIC_REPRESENTATION_CONTEXT() REPRESENTATION_CONTEXT('2D SPACE',''
  ) );
#1724 = PCURVE('',#1623,#1725);
#1725 = DEFINITIONAL_REPRESENTATION('',(#1726),#1730);
#1726 = LINE('',#1727,#1728);
#1727 = CARTESIAN_POINT('',(44.,123.79179168024));
#1728 = VECTOR('',#1729,1.);
#1729 = DIRECTION('',(-5.329070518201E-16,-1.));
#1730 = ( GEOMETRIC_REPRESENTATION_CONTEXT(2) 
PARAMETRIC_REPRESENTATION_CONTEXT() REPRESENTATION_CONTEXT('2D SPACE',''
  ) );
#1731 = ORIENTED_EDGE('',*,*,#1732,.F.);
#1732 = EDGE_CURVE('',#1733,#1682,#1735,.T.);
#1733 = VERTEX_POINT('',#1734);
#1734 = CARTESIAN_POINT('',(-186.8353114275,-51.00083458096,
    72.079686984751));
#1735 = SURFACE_CURVE('',#1736,(#1746,#1775),.PCURVE_S1.);
#1736 = B_SPLINE_CURVE_WITH_KNOTS('',8,(#1737,#1738,#1739,#1740,#1741,
    #1742,#1743,#1744,#1745),.UNSPECIFIED.,.F.,.F.,(9,9),(
    57.125125040385,123.79179170704),.PIECEWISE_BEZIER_KNOTS.);
#1737 = CARTESIAN_POINT('',(-186.8353114275,-51.00083458096,
    72.079686984751));
#1738 = CARTESIAN_POINT('',(-184.8794560313,-48.23429770887,
    55.984332332551));
#1739 = CARTESIAN_POINT('',(-182.5729145469,-41.13294320844,
    40.676631530543));
#1740 = CARTESIAN_POINT('',(-179.2744745445,-30.01084769646,
    27.596771276133));
#1741 = CARTESIAN_POINT('',(-174.3992091188,-15.86701751726,
    18.058518908366));
#1742 = CARTESIAN_POINT('',(-167.5684353047,-0.321841462908,
    12.91241029237));
#1743 = CARTESIAN_POINT('',(-158.7474122182,14.757817754881,
    12.236474731906));
#1744 = CARTESIAN_POINT('',(-148.2111399212,27.756717566412,
    15.41305197434));
#1745 = CARTESIAN_POINT('',(-136.4317733645,37.562926027107,
    21.381664637563));
#1746 = PCURVE('',#310,#1747);
#1747 = DEFINITIONAL_REPRESENTATION('',(#1748),#1774);
#1748 = B_SPLINE_CURVE_WITH_KNOTS('',3,(#1749,#1750,#1751,#1752,#1753,
    #1754,#1755,#1756,#1757,#1758,#1759,#1760,#1761,#1762,#1763,#1764,
    #1765,#1766,#1767,#1768,#1769,#1770,#1771,#1772,#1773),
  .UNSPECIFIED.,.F.,.F.,(4,1,1,1,1,1,1,1,1,1,1,1,1,1,1,1,1,1,1,1,1,1,4),
  (57.125125040385,60.155428070688,63.185731100991,66.216034131294,
    69.246337161596,72.276640191899,75.306943222202,78.337246252505,
    81.367549282808,84.397852313111,87.428155343414,90.458458373717,
    93.488761404019,96.519064434322,99.549367464625,102.57967049492,
    105.60997352523,108.64027655553,111.67057958583,114.70088261614,
    117.73118564644,120.76148867674,123.79179170704),
  .QUASI_UNIFORM_KNOTS.);
#1749 = CARTESIAN_POINT('',(-4.516039439535,-225.));
#1750 = CARTESIAN_POINT('',(-4.482983952514,-223.9898989898));
#1751 = CARTESIAN_POINT('',(-4.416872973776,-221.9696969696));
#1752 = CARTESIAN_POINT('',(-4.317706514285,-218.9393939393));
#1753 = CARTESIAN_POINT('',(-4.218540112684,-215.909090909));
#1754 = CARTESIAN_POINT('',(-4.119373725249,-212.8787878787));
#1755 = CARTESIAN_POINT('',(-4.020207315965,-209.8484848484));
#1756 = CARTESIAN_POINT('',(-3.921040869445,-206.8181818181));
#1757 = CARTESIAN_POINT('',(-3.821874397191,-203.7878787878));
#1758 = CARTESIAN_POINT('',(-3.722707924531,-200.7575757575));
#1759 = CARTESIAN_POINT('',(-3.623541474398,-197.7272727272));
#1760 = CARTESIAN_POINT('',(-3.524375055077,-194.6969696969));
#1761 = CARTESIAN_POINT('',(-3.425208657039,-191.6666666666));
#1762 = CARTESIAN_POINT('',(-3.326042259001,-188.6363636363));
#1763 = CARTESIAN_POINT('',(-3.22687583968,-185.606060606));
#1764 = CARTESIAN_POINT('',(-3.127709389547,-182.5757575757));
#1765 = CARTESIAN_POINT('',(-3.028542916886,-179.5454545454));
#1766 = CARTESIAN_POINT('',(-2.929376444632,-176.5151515151));
#1767 = CARTESIAN_POINT('',(-2.830209998113,-173.4848484848));
#1768 = CARTESIAN_POINT('',(-2.731043588829,-170.4545454545));
#1769 = CARTESIAN_POINT('',(-2.631877201393,-167.4242424242));
#1770 = CARTESIAN_POINT('',(-2.532710799793,-164.3939393939));
#1771 = CARTESIAN_POINT('',(-2.433544340301,-161.3636363636));
#1772 = CARTESIAN_POINT('',(-2.367433361563,-159.3434343434));
#1773 = CARTESIAN_POINT('',(-2.334377874542,-158.3333333333));
#1774 = ( GEOMETRIC_REPRESENTATION_CONTEXT(2) 
PARAMETRIC_REPRESENTATION_CONTEXT() REPRESENTATION_CONTEXT('2D SPACE',''
  ) );
#1775 = PCURVE('',#1776,#1795);
#1776 = B_SPLINE_SURFACE_WITH_KNOTS('',1,8,(
    (#1777,#1778,#1779,#1780,#1781,#1782,#1783,#1784,#1785)
    ,(#1786,#1787,#1788,#1789,#1790,#1791,#1792,#1793,#1794
  )),.UNSPECIFIED.,.F.,.F.,.F.,(2,2),(9,9),(0.,44.),(0.,66.666666666667)
  ,.PIECEWISE_BEZIER_KNOTS.);
#1777 = CARTESIAN_POINT('',(-148.8073761184,69.346940357737,
    -6.414394246896));
#1778 = CARTESIAN_POINT('',(-164.1122323038,51.243170891845,
    -20.30138626222));
#1779 = CARTESIAN_POINT('',(-177.1221452405,27.245202009019,
    -29.03385134689));
#1780 = CARTESIAN_POINT('',(-186.9654442503,-0.594168854697,
    -30.65398510302));
#1781 = CARTESIAN_POINT('',(-193.1344369108,-29.29295541635,
    -24.02149167988));
#1782 = CARTESIAN_POINT('',(-195.6932602389,-55.40464190116,
    -9.280425176442));
#1783 = CARTESIAN_POINT('',(-195.3410212473,-75.9377413079,
    11.998994348473));
#1784 = CARTESIAN_POINT('',(-193.1575849915,-89.04793423177,
    37.391350268953));
#1785 = CARTESIAN_POINT('',(-190.3267282651,-94.15538691871,
    64.237836374405));
#1786 = CARTESIAN_POINT('',(-136.4317733645,37.562926027107,
    21.381664637563));
#1787 = CARTESIAN_POINT('',(-148.2111399212,27.756717566416,
    15.413051974341));
#1788 = CARTESIAN_POINT('',(-158.7474122182,14.757817754885,
    12.236474731893));
#1789 = CARTESIAN_POINT('',(-167.5684353048,-0.32184146296,
    12.912410292404));
#1790 = CARTESIAN_POINT('',(-174.3992091188,-15.86701751719,
    18.058518908355));
#1791 = CARTESIAN_POINT('',(-179.2744745445,-30.01084769646,
    27.596771276132));
#1792 = CARTESIAN_POINT('',(-182.5729145469,-41.13294320844,
    40.676631530542));
#1793 = CARTESIAN_POINT('',(-184.8794560313,-48.23429770887,
    55.98433233255));
#1794 = CARTESIAN_POINT('',(-186.8353114275,-51.00083458096,
    72.079686984751));
#1795 = DEFINITIONAL_REPRESENTATION('',(#1796),#1800);
#1796 = LINE('',#1797,#1798);
#1797 = CARTESIAN_POINT('',(44.,123.79179170705));
#1798 = VECTOR('',#1799,1.);
#1799 = DIRECTION('',(1.06581410364E-16,-1.));
#1800 = ( GEOMETRIC_REPRESENTATION_CONTEXT(2) 
PARAMETRIC_REPRESENTATION_CONTEXT() REPRESENTATION_CONTEXT('2D SPACE',''
  ) );
#1801 = ORIENTED_EDGE('',*,*,#1802,.T.);
#1802 = EDGE_CURVE('',#1733,#1803,#1805,.T.);
#1803 = VERTEX_POINT('',#1804);
#1804 = CARTESIAN_POINT('',(-210.8902481044,0.,150.81547439027));
#1805 = SURFACE_CURVE('',#1806,(#1816,#1845),.PCURVE_S1.);
#1806 = B_SPLINE_CURVE_WITH_KNOTS('',8,(#1807,#1808,#1809,#1810,#1811,
    #1812,#1813,#1814,#1815),.UNSPECIFIED.,.F.,.F.,(9,9),(0.,
    54.000001429743),.PIECEWISE_BEZIER_KNOTS.);
#1807 = CARTESIAN_POINT('',(-186.8353114275,-51.00083458096,
    72.079686984751));
#1808 = CARTESIAN_POINT('',(-188.4195543403,-53.24172950669,
    85.116924598217));
#1809 = CARTESIAN_POINT('',(-189.7736841912,-52.63856408381,
    98.671004611152));
#1810 = CARTESIAN_POINT('',(-191.2385085387,-49.0249313399,
    111.97646071388));
#1811 = CARTESIAN_POINT('',(-193.178342418,-42.52961701667,
    124.21502794011));
#1812 = CARTESIAN_POINT('',(-195.9292523432,-33.6053238027,
    134.63188854101));
#1813 = CARTESIAN_POINT('',(-199.7368117813,-22.97289389982,
    142.67547547875));
#1814 = CARTESIAN_POINT('',(-204.723809017,-11.48644103461,
    148.0700017504));
#1815 = CARTESIAN_POINT('',(-210.8902417067,3.857699512833E-06,
    150.81547262006));
#1816 = PCURVE('',#310,#1817);
#1817 = DEFINITIONAL_REPRESENTATION('',(#1818),#1844);
#1818 = B_SPLINE_CURVE_WITH_KNOTS('',3,(#1819,#1820,#1821,#1822,#1823,
    #1824,#1825,#1826,#1827,#1828,#1829,#1830,#1831,#1832,#1833,#1834,
    #1835,#1836,#1837,#1838,#1839,#1840,#1841,#1842,#1843),
  .UNSPECIFIED.,.F.,.F.,(4,1,1,1,1,1,1,1,1,1,1,1,1,1,1,1,1,1,1,1,1,1,4),
  (0.,2.454545519534,4.909091039068,7.363636558601,9.818182078135,
    12.272727597669,14.727273117203,17.181818636736,19.63636415627,
    22.090909675804,24.545455195338,27.000000714871,29.454546234405,
    31.909091753939,34.363637273473,36.818182793007,39.27272831254,
    41.727273832074,44.181819351608,46.636364871142,49.090910390675,
    51.545455910209,54.000001429743),.QUASI_UNIFORM_KNOTS.);
#1819 = CARTESIAN_POINT('',(-4.516039439535,-225.));
#1820 = CARTESIAN_POINT('',(-4.542814381917,-225.8181818398));
#1821 = CARTESIAN_POINT('',(-4.596364275839,-227.4545455195));
#1822 = CARTESIAN_POINT('',(-4.676689119377,-229.909091039));
#1823 = CARTESIAN_POINT('',(-4.757013925666,-232.3636365586));
#1824 = CARTESIAN_POINT('',(-4.837338707592,-234.8181820781));
#1825 = CARTESIAN_POINT('',(-4.917663485506,-237.2727275976));
#1826 = CARTESIAN_POINT('',(-4.997988278566,-239.7272731172));
#1827 = CARTESIAN_POINT('',(-5.078313095203,-242.1818186367));
#1828 = CARTESIAN_POINT('',(-5.158637932371,-244.6363641562));
#1829 = CARTESIAN_POINT('',(-5.238962778814,-247.0909096758));
#1830 = CARTESIAN_POINT('',(-5.319287620679,-249.5454551953));
#1831 = CARTESIAN_POINT('',(-5.399612447001,-252.0000007148));
#1832 = CARTESIAN_POINT('',(-5.47993725345,-254.4545462344));
#1833 = CARTESIAN_POINT('',(-5.560262043414,-256.9090917539));
#1834 = CARTESIAN_POINT('',(-5.640586826411,-259.3636372734));
#1835 = CARTESIAN_POINT('',(-5.720911614499,-261.818182793));
#1836 = CARTESIAN_POINT('',(-5.801236417882,-264.2727283125));
#1837 = CARTESIAN_POINT('',(-5.881561241102,-266.727273832));
#1838 = CARTESIAN_POINT('',(-5.96188608108,-269.1818193516));
#1839 = CARTESIAN_POINT('',(-6.04221092767,-271.6363648711));
#1840 = CARTESIAN_POINT('',(-6.122535767359,-274.0909103906));
#1841 = CARTESIAN_POINT('',(-6.202860587261,-276.5454559102));
#1842 = CARTESIAN_POINT('',(-6.256410452916,-278.1818195898));
#1843 = CARTESIAN_POINT('',(-6.283185381366,-279.0000014297));
#1844 = ( GEOMETRIC_REPRESENTATION_CONTEXT(2) 
PARAMETRIC_REPRESENTATION_CONTEXT() REPRESENTATION_CONTEXT('2D SPACE',''
  ) );
#1845 = PCURVE('',#1846,#1865);
#1846 = B_SPLINE_SURFACE_WITH_KNOTS('',1,8,(
    (#1847,#1848,#1849,#1850,#1851,#1852,#1853,#1854,#1855)
    ,(#1856,#1857,#1858,#1859,#1860,#1861,#1862,#1863,#1864
  )),.UNSPECIFIED.,.F.,.F.,.F.,(2,2),(9,9),(0.,44.),(0.,66.666666666667)
  ,.PIECEWISE_BEZIER_KNOTS.);
#1847 = CARTESIAN_POINT('',(-190.3267282651,-94.15538691871,
    64.237836374405));
#1848 = CARTESIAN_POINT('',(-187.4958715388,-99.26283960564,
    91.084322479857));
#1849 = CARTESIAN_POINT('',(-184.0175158153,-96.36759045866,
    119.38511514392));
#1850 = CARTESIAN_POINT('',(-181.0755801663,-84.89156430523,
    146.4810885945));
#1851 = CARTESIAN_POINT('',(-179.9548006652,-65.52268508764,
    169.48667836588));
#1852 = CARTESIAN_POINT('',(-181.7666970358,-40.36696254144,
    185.90537028348));
#1853 = CARTESIAN_POINT('',(-187.1069790735,-12.54821790723,
    194.39917824022));
#1854 = CARTESIAN_POINT('',(-195.9707504045,14.700883738538,
    194.97909967175));
#1855 = CARTESIAN_POINT('',(-207.8722130729,38.663682226439,
    188.73625465167));
#1856 = CARTESIAN_POINT('',(-186.8353114275,-51.00083458096,
    72.079686984751));
#1857 = CARTESIAN_POINT('',(-188.7911668237,-53.76737145305,
    88.175041636952));
#1858 = CARTESIAN_POINT('',(-190.3962935964,-52.19911149844,
    105.05814567507));
#1859 = CARTESIAN_POINT('',(-192.2919812428,-45.98293066533,
    121.28863930588));
#1860 = CARTESIAN_POINT('',(-195.1741284693,-35.49145442247,
    135.30350844379));
#1861 = CARTESIAN_POINT('',(-199.6448084596,-21.86543804328,
    145.75047457757));
#1862 = CARTESIAN_POINT('',(-206.026697353,-6.796951366418,
    151.90479523255));
#1863 = CARTESIAN_POINT('',(-214.3171429469,7.962978691708,
    153.77242735305));
#1864 = CARTESIAN_POINT('',(-224.2530046819,20.942827872654,
    151.94439431225));
#1865 = DEFINITIONAL_REPRESENTATION('',(#1866),#1870);
#1866 = LINE('',#1867,#1868);
#1867 = CARTESIAN_POINT('',(44.,4.531661301857E-15));
#1868 = VECTOR('',#1869,1.);
#1869 = DIRECTION('',(-5.263279384795E-16,1.));
#1870 = ( GEOMETRIC_REPRESENTATION_CONTEXT(2) 
PARAMETRIC_REPRESENTATION_CONTEXT() REPRESENTATION_CONTEXT('2D SPACE',''
  ) );
#1871 = ORIENTED_EDGE('',*,*,#1872,.F.);
#1872 = EDGE_CURVE('',#1873,#1803,#1875,.T.);
#1873 = VERTEX_POINT('',#1874);
#1874 = CARTESIAN_POINT('',(-95.78351442891,0.,99.566654685729));
#1875 = SURFACE_CURVE('',#1876,(#1880,#1887),.PCURVE_S1.);
#1876 = LINE('',#1877,#1878);
#1877 = CARTESIAN_POINT('',(43.988941881007,0.,37.33594772052));
#1878 = VECTOR('',#1879,1.);
#1879 = DIRECTION('',(-0.913545457643,0.,0.406736643076));
#1880 = PCURVE('',#310,#1881);
#1881 = DEFINITIONAL_REPRESENTATION('',(#1882),#1886);
#1882 = LINE('',#1883,#1884);
#1883 = CARTESIAN_POINT('',(-6.28318530718,0.));
#1884 = VECTOR('',#1885,1.);
#1885 = DIRECTION('',(-0.,-1.));
#1886 = ( GEOMETRIC_REPRESENTATION_CONTEXT(2) 
PARAMETRIC_REPRESENTATION_CONTEXT() REPRESENTATION_CONTEXT('2D SPACE',''
  ) );
#1887 = PCURVE('',#590,#1888);
#1888 = DEFINITIONAL_REPRESENTATION('',(#1889),#1893);
#1889 = LINE('',#1890,#1891);
#1890 = CARTESIAN_POINT('',(-0.,0.));
#1891 = VECTOR('',#1892,1.);
#1892 = DIRECTION('',(-0.,-1.));
#1893 = ( GEOMETRIC_REPRESENTATION_CONTEXT(2) 
PARAMETRIC_REPRESENTATION_CONTEXT() REPRESENTATION_CONTEXT('2D SPACE',''
  ) );
#1894 = ORIENTED_EDGE('',*,*,#1895,.F.);
#1895 = EDGE_CURVE('',#1896,#1873,#1898,.T.);
#1896 = VERTEX_POINT('',#1897);
#1897 = CARTESIAN_POINT('',(-69.84153582982,-47.1280049259,
    7.039564551892));
#1898 = SURFACE_CURVE('',#1899,(#1909,#1938),.PCURVE_S1.);
#1899 = B_SPLINE_CURVE_WITH_KNOTS('',8,(#1900,#1901,#1902,#1903,#1904,
    #1905,#1906,#1907,#1908),.UNSPECIFIED.,.F.,.F.,(9,9),(0.,
    61.333334746067),.PIECEWISE_BEZIER_KNOTS.);
#1900 = CARTESIAN_POINT('',(-69.84153582982,-47.1280049259,
    7.039564551892));
#1901 = CARTESIAN_POINT('',(-72.03613192666,-52.64162496236,
    20.959637021405));
#1902 = CARTESIAN_POINT('',(-73.58767865261,-54.76489298269,
    36.324022025414));
#1903 = CARTESIAN_POINT('',(-74.95765771438,-52.96915548659,
    52.096214680083));
#1904 = CARTESIAN_POINT('',(-76.69304476317,-47.18008483816,
    67.047687558327));
#1905 = CARTESIAN_POINT('',(-79.3365314482,-37.88758816012,
    79.959535259484));
#1906 = CARTESIAN_POINT('',(-83.29733595268,-26.09265554431,
    89.912638695052));
#1907 = CARTESIAN_POINT('',(-88.77966602386,-13.04633670947,
    96.448339755405));
#1908 = CARTESIAN_POINT('',(-95.78351510394,-9.042766535572E-14,
    99.566653169583));
#1909 = PCURVE('',#310,#1910);
#1910 = DEFINITIONAL_REPRESENTATION('',(#1911),#1937);
#1911 = B_SPLINE_CURVE_WITH_KNOTS('',3,(#1912,#1913,#1914,#1915,#1916,
    #1917,#1918,#1919,#1920,#1921,#1922,#1923,#1924,#1925,#1926,#1927,
    #1928,#1929,#1930,#1931,#1932,#1933,#1934,#1935,#1936),
  .UNSPECIFIED.,.F.,.F.,(4,1,1,1,1,1,1,1,1,1,1,1,1,1,1,1,1,1,1,1,1,1,4),
  (0.,2.787878852094,5.575757704188,8.363636556282,11.151515408376,
    13.93939426047,16.727273112564,19.515151964658,22.303030816751,
    25.090909668845,27.878788520939,30.666667373033,33.454546225127,
    36.242425077221,39.030303929315,41.818182781409,44.606061633503,
    47.393940485597,50.181819337691,52.969698189785,55.757577041879,
    58.545455893973,61.333334746067),.QUASI_UNIFORM_KNOTS.);
#1912 = CARTESIAN_POINT('',(-4.276056667386,-91.66666666666));
#1913 = CARTESIAN_POINT('',(-4.306467714721,-92.59595961736));
#1914 = CARTESIAN_POINT('',(-4.367289816642,-94.45454551876));
#1915 = CARTESIAN_POINT('',(-4.458522966332,-97.24242437085));
#1916 = CARTESIAN_POINT('',(-4.549756066341,-100.0303032229));
#1917 = CARTESIAN_POINT('',(-4.640989145603,-102.818182075));
#1918 = CARTESIAN_POINT('',(-4.73222223438,-105.6060609271));
#1919 = CARTESIAN_POINT('',(-4.823455352245,-108.3939397792));
#1920 = CARTESIAN_POINT('',(-4.91468849857,-111.1818186313));
#1921 = CARTESIAN_POINT('',(-5.005921657818,-113.9696974834));
#1922 = CARTESIAN_POINT('',(-5.097154809591,-116.7575763355));
#1923 = CARTESIAN_POINT('',(-5.188387938999,-119.5454551875));
#1924 = CARTESIAN_POINT('',(-5.279621042989,-122.3333340396));
#1925 = CARTESIAN_POINT('',(-5.370854130887,-125.1212128917));
#1926 = CARTESIAN_POINT('',(-5.462087219574,-127.9090917438));
#1927 = CARTESIAN_POINT('',(-5.553320325562,-130.6969705959));
#1928 = CARTESIAN_POINT('',(-5.644553457227,-133.484849448));
#1929 = CARTESIAN_POINT('',(-5.735786610379,-136.2727283001));
#1930 = CARTESIAN_POINT('',(-5.827019769322,-139.0606071522));
#1931 = CARTESIAN_POINT('',(-5.918252913633,-141.8484860043));
#1932 = CARTESIAN_POINT('',(-6.009486028725,-144.6363648564));
#1933 = CARTESIAN_POINT('',(-6.100719115599,-147.4242437085));
#1934 = CARTESIAN_POINT('',(-6.191952195497,-150.2121225606));
#1935 = CARTESIAN_POINT('',(-6.252774264288,-152.070708462));
#1936 = CARTESIAN_POINT('',(-6.28318530718,-153.0000014127));
#1937 = ( GEOMETRIC_REPRESENTATION_CONTEXT(2) 
PARAMETRIC_REPRESENTATION_CONTEXT() REPRESENTATION_CONTEXT('2D SPACE',''
  ) );
#1938 = PCURVE('',#1939,#1958);
#1939 = B_SPLINE_SURFACE_WITH_KNOTS('',1,8,(
    (#1940,#1941,#1942,#1943,#1944,#1945,#1946,#1947,#1948)
    ,(#1949,#1950,#1951,#1952,#1953,#1954,#1955,#1956,#1957
  )),.UNSPECIFIED.,.F.,.F.,.F.,(2,2),(9,9),(0.,44.),(0.,66.666666666667)
  ,.PIECEWISE_BEZIER_KNOTS.);
#1940 = CARTESIAN_POINT('',(-69.84153582982,-47.1280049259,
    7.039564551892));
#1941 = CARTESIAN_POINT('',(-72.22696631492,-53.12107004488,
    22.170077757199));
#1942 = CARTESIAN_POINT('',(-73.85265041383,-55.1085209626,
    39.007009284764));
#1943 = CARTESIAN_POINT('',(-75.31122815032,-52.41145487875,
    56.219267847437));
#1944 = CARTESIAN_POINT('',(-77.31467899092,-44.98515420681,
    72.207721381219));
#1945 = CARTESIAN_POINT('',(-80.55810510515,-33.58584725224,
    85.411144851645));
#1946 = CARTESIAN_POINT('',(-85.51851720448,-19.66854942676,
    94.758154659296));
#1947 = CARTESIAN_POINT('',(-92.36262060417,-4.935656715069,
    99.874324535648));
#1948 = CARTESIAN_POINT('',(-100.9770762431,9.02970523868,
    101.01421817971));
#1949 = CARTESIAN_POINT('',(-77.40488648546,-87.00554755551,
    -9.947999154629));
#1950 = CARTESIAN_POINT('',(-75.36709146177,-98.06966777516,
    15.11724120271));
#1951 = CARTESIAN_POINT('',(-71.92668772509,-101.7388079309,
    43.332792308835));
#1952 = CARTESIAN_POINT('',(-68.17777993473,-96.75960900692,
    72.241254864391));
#1953 = CARTESIAN_POINT('',(-65.43479172117,-83.04951545873,
    98.890385058912));
#1954 = CARTESIAN_POINT('',(-64.98098862817,-62.00464108106,
    120.39792129032));
#1955 = CARTESIAN_POINT('',(-67.69700581535,-36.31116817249,
    134.78592460583));
#1956 = CARTESIAN_POINT('',(-73.89060694165,-9.11198162782,
    141.36314650971));
#1957 = CARTESIAN_POINT('',(-83.35255066363,16.670225056025,
    140.59955075399));
#1958 = DEFINITIONAL_REPRESENTATION('',(#1959),#1963);
#1959 = LINE('',#1960,#1961);
#1960 = CARTESIAN_POINT('',(3.106560313185E-14,1.017945455406E-14));
#1961 = VECTOR('',#1962,1.);
#1962 = DIRECTION('',(-4.49322167709E-17,1.));
#1963 = ( GEOMETRIC_REPRESENTATION_CONTEXT(2) 
PARAMETRIC_REPRESENTATION_CONTEXT() REPRESENTATION_CONTEXT('2D SPACE',''
  ) );
#1964 = ORIENTED_EDGE('',*,*,#1965,.F.);
#1965 = EDGE_CURVE('',#250,#1896,#1966,.T.);
#1966 = SURFACE_CURVE('',#1967,(#1977,#2006),.PCURVE_S1.);
#1967 = B_SPLINE_CURVE_WITH_KNOTS('',8,(#1968,#1969,#1970,#1971,#1972,
    #1973,#1974,#1975,#1976),.UNSPECIFIED.,.F.,.F.,(9,9),(0.,
    66.666666666672),.PIECEWISE_BEZIER_KNOTS.);
#1968 = CARTESIAN_POINT('',(-10.57515271997,45.033320996791,
    -23.7521818987));
#1969 = CARTESIAN_POINT('',(-23.18313707536,37.942920910563,
    -31.58190060928));
#1970 = CARTESIAN_POINT('',(-34.89230691003,27.024894738616,
    -37.39284885337));
#1971 = CARTESIAN_POINT('',(-45.1365416113,13.083394175661,
    -39.9134989165));
#1972 = CARTESIAN_POINT('',(-53.49256756648,-2.473330314982,
    -38.19316269907));
#1973 = CARTESIAN_POINT('',(-59.81365005625,-17.81161481021,
    -31.90226862551));
#1974 = CARTESIAN_POINT('',(-64.31096777866,-31.13621542474,
    -21.51513181753));
#1975 = CARTESIAN_POINT('',(-67.45610534471,-41.13493980693,
    -8.090948653415));
#1976 = CARTESIAN_POINT('',(-69.84153582982,-47.1280049259,
    7.039564551892));
#1977 = PCURVE('',#310,#1978);
#1978 = DEFINITIONAL_REPRESENTATION('',(#1979),#2005);
#1979 = B_SPLINE_CURVE_WITH_KNOTS('',3,(#1980,#1981,#1982,#1983,#1984,
    #1985,#1986,#1987,#1988,#1989,#1990,#1991,#1992,#1993,#1994,#1995,
    #1996,#1997,#1998,#1999,#2000,#2001,#2002,#2003,#2004),
  .UNSPECIFIED.,.F.,.F.,(4,1,1,1,1,1,1,1,1,1,1,1,1,1,1,1,1,1,1,1,1,1,4),
  (0.,3.030303030303,6.060606060607,9.09090909091,12.121212121213,
    15.151515151516,18.18181818182,21.212121212123,24.242424242426,
    27.272727272729,30.303030303033,33.333333333336,36.363636363639,
    39.393939393942,42.424242424246,45.454545454549,48.484848484852,
    51.515151515155,54.545454545459,57.575757575762,60.606060606065,
    63.636363636368,66.666666666672),.QUASI_UNIFORM_KNOTS.);
#1980 = CARTESIAN_POINT('',(-2.094395102393,-25.));
#1981 = CARTESIAN_POINT('',(-2.127450589414,-26.0101010101));
#1982 = CARTESIAN_POINT('',(-2.193561568152,-28.0303030303));
#1983 = CARTESIAN_POINT('',(-2.292728027644,-31.0606060606));
#1984 = CARTESIAN_POINT('',(-2.391894429244,-34.09090909091));
#1985 = CARTESIAN_POINT('',(-2.491060816679,-37.12121212121));
#1986 = CARTESIAN_POINT('',(-2.590227225963,-40.15151515151));
#1987 = CARTESIAN_POINT('',(-2.689393672483,-43.18181818181));
#1988 = CARTESIAN_POINT('',(-2.788560144737,-46.21212121212));
#1989 = CARTESIAN_POINT('',(-2.887726617398,-49.24242424242));
#1990 = CARTESIAN_POINT('',(-2.986893067531,-52.27272727272));
#1991 = CARTESIAN_POINT('',(-3.086059486852,-55.30303030303));
#1992 = CARTESIAN_POINT('',(-3.18522588489,-58.33333333333));
#1993 = CARTESIAN_POINT('',(-3.284392282927,-61.36363636363));
#1994 = CARTESIAN_POINT('',(-3.383558702248,-64.39393939394));
#1995 = CARTESIAN_POINT('',(-3.482725152381,-67.42424242424));
#1996 = CARTESIAN_POINT('',(-3.581891625042,-70.45454545454));
#1997 = CARTESIAN_POINT('',(-3.681058097296,-73.48484848485));
#1998 = CARTESIAN_POINT('',(-3.780224543816,-76.51515151515));
#1999 = CARTESIAN_POINT('',(-3.8793909531,-79.54545454545));
#2000 = CARTESIAN_POINT('',(-3.978557340535,-82.57575757575));
#2001 = CARTESIAN_POINT('',(-4.077723742135,-85.60606060606));
#2002 = CARTESIAN_POINT('',(-4.176890201627,-88.63636363636));
#2003 = CARTESIAN_POINT('',(-4.243001180365,-90.65656565656));
#2004 = CARTESIAN_POINT('',(-4.276056667386,-91.66666666666));
#2005 = ( GEOMETRIC_REPRESENTATION_CONTEXT(2) 
PARAMETRIC_REPRESENTATION_CONTEXT() REPRESENTATION_CONTEXT('2D SPACE',''
  ) );
#2006 = PCURVE('',#263,#2007);
#2007 = DEFINITIONAL_REPRESENTATION('',(#2008),#2012);
#2008 = LINE('',#2009,#2010);
#2009 = CARTESIAN_POINT('',(3.905144394637E-15,-4.811199187755E-15));
#2010 = VECTOR('',#2011,1.);
#2011 = DIRECTION('',(2.116543027025E-16,1.));
#2012 = ( GEOMETRIC_REPRESENTATION_CONTEXT(2) 
PARAMETRIC_REPRESENTATION_CONTEXT() REPRESENTATION_CONTEXT('2D SPACE',''
  ) );
#2013 = ADVANCED_FACE('',(#2014),#263,.F.);
#2014 = FACE_BOUND('',#2015,.F.);
#2015 = EDGE_LOOP('',(#2016,#2017,#2018,#2047));
#2016 = ORIENTED_EDGE('',*,*,#1965,.F.);
#2017 = ORIENTED_EDGE('',*,*,#249,.T.);
#2018 = ORIENTED_EDGE('',*,*,#2019,.T.);
#2019 = EDGE_CURVE('',#155,#2020,#2022,.T.);
#2020 = VERTEX_POINT('',#2021);
#2021 = CARTESIAN_POINT('',(-77.40488648546,-87.00554755551,
    -9.947999154629));
#2022 = SURFACE_CURVE('',#2023,(#2033,#2040),.PCURVE_S1.);
#2023 = B_SPLINE_CURVE_WITH_KNOTS('',8,(#2024,#2025,#2026,#2027,#2028,
    #2029,#2030,#2031,#2032),.UNSPECIFIED.,.F.,.F.,(9,9),(0.,
    66.666666666667),.PIECEWISE_BEZIER_KNOTS.);
#2024 = CARTESIAN_POINT('',(-19.52335886763,83.138438763306,
    -43.85018196684));
#2025 = CARTESIAN_POINT('',(-36.35797098909,70.048469373349,
    -61.1730620696));
#2026 = CARTESIAN_POINT('',(-51.53323322612,49.892113363603,
    -74.76898131114));
#2027 = CARTESIAN_POINT('',(-64.00399983228,24.153958478149,
    -82.29050391091));
#2028 = CARTESIAN_POINT('',(-72.98884259948,-4.566148273816,
    -81.98251337732));
#2029 = CARTESIAN_POINT('',(-78.21686666132,-32.88298118802,
    -73.23656987865));
#2030 = CARTESIAN_POINT('',(-80.07794038342,-57.48224386109,
    -56.92833210095));
#2031 = CARTESIAN_POINT('',(-79.44268150916,-75.94142733587,
    -35.01323951196));
#2032 = CARTESIAN_POINT('',(-77.40488648546,-87.00554755551,
    -9.947999154629));
#2033 = PCURVE('',#263,#2034);
#2034 = DEFINITIONAL_REPRESENTATION('',(#2035),#2039);
#2035 = LINE('',#2036,#2037);
#2036 = CARTESIAN_POINT('',(44.,0.));
#2037 = VECTOR('',#2038,1.);
#2038 = DIRECTION('',(0.,1.));
#2039 = ( GEOMETRIC_REPRESENTATION_CONTEXT(2) 
PARAMETRIC_REPRESENTATION_CONTEXT() REPRESENTATION_CONTEXT('2D SPACE',''
  ) );
#2040 = PCURVE('',#178,#2041);
#2041 = DEFINITIONAL_REPRESENTATION('',(#2042),#2046);
#2042 = LINE('',#2043,#2044);
#2043 = CARTESIAN_POINT('',(0.,0.));
#2044 = VECTOR('',#2045,1.);
#2045 = DIRECTION('',(0.,1.));
#2046 = ( GEOMETRIC_REPRESENTATION_CONTEXT(2) 
PARAMETRIC_REPRESENTATION_CONTEXT() REPRESENTATION_CONTEXT('2D SPACE',''
  ) );
#2047 = ORIENTED_EDGE('',*,*,#2048,.F.);
#2048 = EDGE_CURVE('',#1896,#2020,#2049,.T.);
#2049 = SURFACE_CURVE('',#2050,(#2053,#2060),.PCURVE_S1.);
#2050 = B_SPLINE_CURVE_WITH_KNOTS('',1,(#2051,#2052),.UNSPECIFIED.,.F.,
  .F.,(2,2),(0.,44.),.PIECEWISE_BEZIER_KNOTS.);
#2051 = CARTESIAN_POINT('',(-69.84153582982,-47.1280049259,
    7.039564551892));
#2052 = CARTESIAN_POINT('',(-77.40488648546,-87.00554755551,
    -9.947999154629));
#2053 = PCURVE('',#263,#2054);
#2054 = DEFINITIONAL_REPRESENTATION('',(#2055),#2059);
#2055 = LINE('',#2056,#2057);
#2056 = CARTESIAN_POINT('',(0.,66.666666666667));
#2057 = VECTOR('',#2058,1.);
#2058 = DIRECTION('',(1.,0.));
#2059 = ( GEOMETRIC_REPRESENTATION_CONTEXT(2) 
PARAMETRIC_REPRESENTATION_CONTEXT() REPRESENTATION_CONTEXT('2D SPACE',''
  ) );
#2060 = PCURVE('',#1939,#2061);
#2061 = DEFINITIONAL_REPRESENTATION('',(#2062),#2066);
#2062 = LINE('',#2063,#2064);
#2063 = CARTESIAN_POINT('',(0.,0.));
#2064 = VECTOR('',#2065,1.);
#2065 = DIRECTION('',(1.,0.));
#2066 = ( GEOMETRIC_REPRESENTATION_CONTEXT(2) 
PARAMETRIC_REPRESENTATION_CONTEXT() REPRESENTATION_CONTEXT('2D SPACE',''
  ) );
#2067 = ADVANCED_FACE('',(#2068),#178,.F.);
#2068 = FACE_BOUND('',#2069,.F.);
#2069 = EDGE_LOOP('',(#2070,#2071,#2072,#2073));
#2070 = ORIENTED_EDGE('',*,*,#2019,.F.);
#2071 = ORIENTED_EDGE('',*,*,#154,.T.);
#2072 = ORIENTED_EDGE('',*,*,#1019,.T.);
#2073 = ORIENTED_EDGE('',*,*,#2074,.F.);
#2074 = EDGE_CURVE('',#2020,#1020,#2075,.T.);
#2075 = SURFACE_CURVE('',#2076,(#2084,#2091),.PCURVE_S1.);
#2076 = ( BOUNDED_CURVE() B_SPLINE_CURVE(6,(#2077,#2078,#2079,#2080,
#2081,#2082,#2083),.UNSPECIFIED.,.F.,.F.) B_SPLINE_CURVE_WITH_KNOTS((7,7
),(0.,6.544984694977E-02),.PIECEWISE_BEZIER_KNOTS.) CURVE() 
GEOMETRIC_REPRESENTATION_ITEM() RATIONAL_B_SPLINE_CURVE((1.000053547667,
    1.000017847948,0.999996430156,0.999989291231,0.999996430156,
1.000017847948,1.000053547667)) REPRESENTATION_ITEM('') );
#2077 = CARTESIAN_POINT('',(-77.40488648546,-87.00554755551,
    -9.947999154629));
#2078 = CARTESIAN_POINT('',(-77.0078988314,-87.38510533105,
    -9.056350284819));
#2079 = CARTESIAN_POINT('',(-76.61294905811,-87.77742333818,
    -8.169278570149));
#2080 = CARTESIAN_POINT('',(-76.22011340802,-88.18242663414,
    -7.286955253952));
#2081 = CARTESIAN_POINT('',(-75.82946764215,-88.60003737666,
    -6.409550498238));
#2082 = CARTESIAN_POINT('',(-75.4410870212,-89.0301748432,
    -5.537233341309));
#2083 = CARTESIAN_POINT('',(-75.05504628689,-89.47275545114,
    -4.67017165584));
#2084 = PCURVE('',#178,#2085);
#2085 = DEFINITIONAL_REPRESENTATION('',(#2086),#2090);
#2086 = LINE('',#2087,#2088);
#2087 = CARTESIAN_POINT('',(0.,66.666666666667));
#2088 = VECTOR('',#2089,1.);
#2089 = DIRECTION('',(1.,0.));
#2090 = ( GEOMETRIC_REPRESENTATION_CONTEXT(2) 
PARAMETRIC_REPRESENTATION_CONTEXT() REPRESENTATION_CONTEXT('2D SPACE',''
  ) );
#2091 = PCURVE('',#2092,#2156);
#2092 = ( BOUNDED_SURFACE() B_SPLINE_SURFACE(6,8,(
    (#2093,#2094,#2095,#2096,#2097,#2098,#2099,#2100,#2101)
    ,(#2102,#2103,#2104,#2105,#2106,#2107,#2108,#2109,#2110)
    ,(#2111,#2112,#2113,#2114,#2115,#2116,#2117,#2118,#2119)
    ,(#2120,#2121,#2122,#2123,#2124,#2125,#2126,#2127,#2128)
    ,(#2129,#2130,#2131,#2132,#2133,#2134,#2135,#2136,#2137)
    ,(#2138,#2139,#2140,#2141,#2142,#2143,#2144,#2145,#2146)
    ,(#2147,#2148,#2149,#2150,#2151,#2152,#2153,#2154,#2155
)),.UNSPECIFIED.,.F.,.F.,.F.) B_SPLINE_SURFACE_WITH_KNOTS((7,7),(9,9),(
    0.,6.544984694977E-02),(0.,66.666666666667),
.PIECEWISE_BEZIER_KNOTS.) GEOMETRIC_REPRESENTATION_ITEM() 
RATIONAL_B_SPLINE_SURFACE((
    (1.000053547667,1.000053547667,1.000053547667,1.000053547667
      ,1.000053547667,1.000053547667,1.000053547667,1.000053547667
      ,1.000053547667)
    ,(1.000017847948,1.000017847948,1.000017847948,1.000017847948
      ,1.000017847948,1.000017847948,1.000017847948,1.000017847948
      ,1.000017847948)
    ,(0.999996430156,0.999996430156,0.999996430156,0.999996430156
      ,0.999996430156,0.999996430156,0.999996430156,0.999996430156
      ,0.999996430156)
    ,(0.999989291231,0.999989291231,0.999989291231,0.999989291231
      ,0.999989291231,0.999989291231,0.999989291231,0.999989291231
      ,0.999989291231)
    ,(0.999996430156,0.999996430156,0.999996430156,0.999996430156
      ,0.999996430156,0.999996430156,0.999996430156,0.999996430156
      ,0.999996430156)
    ,(1.000017847948,1.000017847948,1.000017847948,1.000017847948
      ,1.000017847948,1.000017847948,1.000017847948,1.000017847948
      ,1.000017847948)
    ,(1.000053547667,1.000053547667,1.000053547667,1.000053547667
      ,1.000053547667,1.000053547667,1.000053547667,1.000053547667
,1.000053547667))) REPRESENTATION_ITEM('') SURFACE() );
#2093 = CARTESIAN_POINT('',(-77.40488648546,-87.00554755551,
    -9.947999154629));
#2094 = CARTESIAN_POINT('',(-75.36709146177,-98.06966777516,
    15.11724120271));
#2095 = CARTESIAN_POINT('',(-71.92668772509,-101.7388079309,
    43.332792308835));
#2096 = CARTESIAN_POINT('',(-68.17777993473,-96.75960900692,
    72.241254864391));
#2097 = CARTESIAN_POINT('',(-65.43479172118,-83.04951545873,
    98.890385058912));
#2098 = CARTESIAN_POINT('',(-64.98098862817,-62.00464108106,
    120.39792129032));
#2099 = CARTESIAN_POINT('',(-67.69700581535,-36.31116817249,
    134.78592460583));
#2100 = CARTESIAN_POINT('',(-73.89060694165,-9.11198162782,
    141.36314650971));
#2101 = CARTESIAN_POINT('',(-83.35255066363,16.670225056025,
    140.59955075399));
#2102 = CARTESIAN_POINT('',(-77.0078988314,-87.38510533105,
    -9.056350284819));
#2103 = CARTESIAN_POINT('',(-74.92800317853,-98.18305433112,
    16.10344963386));
#2104 = CARTESIAN_POINT('',(-71.47924055227,-101.5537618183,
    44.337775113367));
#2105 = CARTESIAN_POINT('',(-67.76048421451,-96.27404411636,
    73.178516397615));
#2106 = CARTESIAN_POINT('',(-65.08558551511,-82.29658200989,
    99.674715039388));
#2107 = CARTESIAN_POINT('',(-64.7307131877,-61.05083677469,
    120.96004913322));
#2108 = CARTESIAN_POINT('',(-67.56398110781,-35.24464232774,
    135.0847029908));
#2109 = CARTESIAN_POINT('',(-73.87901833726,-8.026877795822,
    141.38917494135));
#2110 = CARTESIAN_POINT('',(-83.45379268948,17.687448405551,
    140.37215744086));
#2111 = CARTESIAN_POINT('',(-76.61294905811,-87.77742333818,
    -8.169278570149));
#2112 = CARTESIAN_POINT('',(-74.48953740845,-98.31056747153,
    17.088259877555));
#2113 = CARTESIAN_POINT('',(-71.03082731036,-101.3831240944,
    45.344927744604));
#2114 = CARTESIAN_POINT('',(-67.34062108608,-95.80193010667,
    74.121544424062));
#2115 = CARTESIAN_POINT('',(-64.73238543766,-81.55491953047,
    100.46801540191));
#2116 = CARTESIAN_POINT('',(-64.475370144,-60.10512809496,
    121.53355899934));
#2117 = CARTESIAN_POINT('',(-67.42528361242,-34.18244338793,
    135.3962226659));
#2118 = CARTESIAN_POINT('',(-73.86165282809,-6.942193413596,
    141.42817851353));
#2119 = CARTESIAN_POINT('',(-83.5496143918,18.707886509323,
    140.15693837373));
#2120 = CARTESIAN_POINT('',(-76.22011340802,-88.18242663414,
    -7.286955253951));
#2121 = CARTESIAN_POINT('',(-74.05177870665,-98.45218337243,
    18.071482019899));
#2122 = CARTESIAN_POINT('',(-70.58153438696,-101.2269284241,
    46.35405617281));
#2123 = CARTESIAN_POINT('',(-66.9182713478,-95.34335870612,
    75.070157467689));
#2124 = CARTESIAN_POINT('',(-64.3752593603,-80.82467159211,
    101.27013370458));
#2125 = CARTESIAN_POINT('',(-64.21500844748,-59.16769777687,
    122.11834094424));
#2126 = CARTESIAN_POINT('',(-67.28093976175,-33.12477634177,
    135.7204242626));
#2127 = CARTESIAN_POINT('',(-73.83851345235,-5.858137595086,
    141.48015040237));
#2128 = CARTESIAN_POINT('',(-83.63999700907,19.731342832553,
    139.9539356916));
#2129 = CARTESIAN_POINT('',(-75.82946764215,-88.60003737666,
    -6.409550498238));
#2130 = CARTESIAN_POINT('',(-73.61481146841,-98.6078749876,
    19.052926505977));
#2131 = CARTESIAN_POINT('',(-70.13144837238,-101.0852051734,
    47.364965912983));
#2132 = CARTESIAN_POINT('',(-66.49351636769,-94.89841855102,
    76.024172772921));
#2133 = CARTESIAN_POINT('',(-64.01427605282,-80.10597916166,
    102.08091548794));
#2134 = CARTESIAN_POINT('',(-63.94967819604,-58.23872666791,
    122.7142824462));
#2135 = CARTESIAN_POINT('',(-67.13097727881,-32.07184514677,
    136.05724551398));
#2136 = CARTESIAN_POINT('',(-73.80960456731,-4.774919314843,
    141.54508082126));
#2137 = CARTESIAN_POINT('',(-83.724923022,20.757620146996,
    139.76318874351));
#2138 = CARTESIAN_POINT('',(-75.4410870212,-89.0301748432,
    -5.537233341309));
#2139 = CARTESIAN_POINT('',(-73.1787199082,-98.77761205509,
    20.032404187003));
#2140 = CARTESIAN_POINT('',(-69.68065603811,-100.9579814024,
    48.37746207316));
#2141 = CARTESIAN_POINT('',(-66.06643806328,-94.46719516343,
    76.983406349961));
#2142 = CARTESIAN_POINT('',(-63.64950516623,-79.398980566,
    102.90020431327));
#2143 = CARTESIAN_POINT('',(-63.6794306227,-57.31839368296,
    123.32126843397));
#2144 = CARTESIAN_POINT('',(-66.97542517027,-31.0238526785,
    136.40662127002));
#2145 = CARTESIAN_POINT('',(-73.77493184837,-3.692747356071,
    141.62295702305));
#2146 = CARTESIAN_POINT('',(-83.80437615788,21.786520579914,
    139.58473407851));
#2147 = CARTESIAN_POINT('',(-75.05504628689,-89.47275545114,
    -4.67017165584));
#2148 = CARTESIAN_POINT('',(-72.74358803874,-98.96136110492,
    21.009726367296));
#2149 = CARTESIAN_POINT('',(-69.22924431524,-100.8452808578,
    49.391349402885));
#2150 = CARTESIAN_POINT('',(-65.63711888121,-94.04977093022,
    77.947673020627));
#2151 = CARTESIAN_POINT('',(-63.28101721538,-78.70381145782,
    103.72784180162));
#2152 = CARTESIAN_POINT('',(-63.40431808281,-56.40687575999,
    123.93918131554));
#2153 = CARTESIAN_POINT('',(-66.81431371912,-29.9810006802,136.768483514
    ));
#2154 = CARTESIAN_POINT('',(-73.73450228753,-2.611830258755,
    141.71376330346));
#2155 = CARTESIAN_POINT('',(-83.87834139461,22.817845663313,
    139.41860543683));
#2156 = DEFINITIONAL_REPRESENTATION('',(#2157),#2161);
#2157 = LINE('',#2158,#2159);
#2158 = CARTESIAN_POINT('',(0.,0.));
#2159 = VECTOR('',#2160,1.);
#2160 = DIRECTION('',(1.,0.));
#2161 = ( GEOMETRIC_REPRESENTATION_CONTEXT(2) 
PARAMETRIC_REPRESENTATION_CONTEXT() REPRESENTATION_CONTEXT('2D SPACE',''
  ) );
#2162 = ADVANCED_FACE('',(#2163),#590,.F.);
#2163 = FACE_BOUND('',#2164,.T.);
#2164 = EDGE_LOOP('',(#2165,#2237,#2272,#2323,#2393,#2463,#2493,#2494,
    #2545,#2615,#2664,#2665));
#2165 = ORIENTED_EDGE('',*,*,#2166,.F.);
#2166 = EDGE_CURVE('',#2167,#2169,#2171,.T.);
#2167 = VERTEX_POINT('',#2168);
#2168 = CARTESIAN_POINT('',(-251.4384909712,-46.70644385765,
    136.91773549837));
#2169 = VERTEX_POINT('',#2170);
#2170 = CARTESIAN_POINT('',(-271.1842315486,0.,177.66008537111));
#2171 = SURFACE_CURVE('',#2172,(#2182,#2211),.PCURVE_S1.);
#2172 = B_SPLINE_CURVE_WITH_KNOTS('',8,(#2173,#2174,#2175,#2176,#2177,
    #2178,#2179,#2180,#2181),.UNSPECIFIED.,.F.,.F.,(9,9),(
    18.723284758374,53.333329905703),.PIECEWISE_BEZIER_KNOTS.);
#2173 = CARTESIAN_POINT('',(-251.7426882104,-47.08720679603,
    136.23449733129));
#2174 = CARTESIAN_POINT('',(-252.9834348199,-43.96354407725,
    144.08423811206));
#2175 = CARTESIAN_POINT('',(-254.4297507758,-39.76124024876,
    151.4722625813));
#2176 = CARTESIAN_POINT('',(-256.1644545391,-34.57570543632,
    158.21255743004));
#2177 = CARTESIAN_POINT('',(-258.2615755046,-28.54847454366,
    164.13884991522));
#2178 = CARTESIAN_POINT('',(-260.7810352914,-21.86107080843,
    169.11655387648));
#2179 = CARTESIAN_POINT('',(-263.7642722838,-14.72394796193,
    173.0525971793));
#2180 = CARTESIAN_POINT('',(-267.232006427,-7.361974257942,
    175.90044206442));
#2181 = CARTESIAN_POINT('',(-271.1842374517,-4.069120787986E-06,
    177.66008913671));
#2182 = PCURVE('',#590,#2183);
#2183 = DEFINITIONAL_REPRESENTATION('',(#2184),#2210);
#2184 = B_SPLINE_CURVE_WITH_KNOTS('',3,(#2185,#2186,#2187,#2188,#2189,
    #2190,#2191,#2192,#2193,#2194,#2195,#2196,#2197,#2198,#2199,#2200,
    #2201,#2202,#2203,#2204,#2205,#2206,#2207,#2208,#2209),
  .UNSPECIFIED.,.F.,.F.,(4,1,1,1,1,1,1,1,1,1,1,1,1,1,1,1,1,1,1,1,1,1,4),
  (18.723284758374,20.296468628707,21.86965249904,23.442836369373,
    25.016020239706,26.589204110039,28.162387980373,29.735571850706,
    31.308755721039,32.881939591372,34.455123461705,36.028307332038,
    37.601491202371,39.174675072705,40.747858943038,42.321042813371,
    43.894226683704,45.467410554037,47.04059442437,48.613778294703,
    50.186962165037,51.76014603537,53.333329905703),
  .QUASI_UNIFORM_KNOTS.);
#2185 = CARTESIAN_POINT('',(-5.150574086633,-310.389951425));
#2186 = CARTESIAN_POINT('',(-5.167734865529,-310.9143460484));
#2187 = CARTESIAN_POINT('',(-5.20205642523,-311.9631352953));
#2188 = CARTESIAN_POINT('',(-5.253538767035,-313.5363191657));
#2189 = CARTESIAN_POINT('',(-5.305021107507,-315.109503036));
#2190 = CARTESIAN_POINT('',(-5.356503443457,-316.6826869063));
#2191 = CARTESIAN_POINT('',(-5.407985772585,-318.2558707767));
#2192 = CARTESIAN_POINT('',(-5.459468093783,-319.829054647));
#2193 = CARTESIAN_POINT('',(-5.510950407245,-321.4022385173));
#2194 = CARTESIAN_POINT('',(-5.562432714397,-322.9754223877));
#2195 = CARTESIAN_POINT('',(-5.613915017641,-324.548606258));
#2196 = CARTESIAN_POINT('',(-5.665397319977,-326.1217901283));
#2197 = CARTESIAN_POINT('',(-5.716879624545,-327.6949739987));
#2198 = CARTESIAN_POINT('',(-5.768361934141,-329.268157869));
#2199 = CARTESIAN_POINT('',(-5.819844250794,-330.8413417393));
#2200 = CARTESIAN_POINT('',(-5.871326575423,-332.4145256097));
#2201 = CARTESIAN_POINT('',(-5.922808907668,-333.98770948));
#2202 = CARTESIAN_POINT('',(-5.974291245887,-335.5608933503));
#2203 = CARTESIAN_POINT('',(-6.025773587353,-337.1340772207));
#2204 = CARTESIAN_POINT('',(-6.077255928641,-338.707261091));
#2205 = CARTESIAN_POINT('',(-6.12873826614,-340.2804449613));
#2206 = CARTESIAN_POINT('',(-6.180220596731,-341.8536288317));
#2207 = CARTESIAN_POINT('',(-6.231702918179,-343.426812702));
#2208 = CARTESIAN_POINT('',(-6.266024459754,-344.4756019489));
#2209 = CARTESIAN_POINT('',(-6.283185228927,-344.9999965723));
#2210 = ( GEOMETRIC_REPRESENTATION_CONTEXT(2) 
PARAMETRIC_REPRESENTATION_CONTEXT() REPRESENTATION_CONTEXT('2D SPACE',''
  ) );
#2211 = PCURVE('',#2212,#2231);
#2212 = B_SPLINE_SURFACE_WITH_KNOTS('',1,8,(
    (#2213,#2214,#2215,#2216,#2217,#2218,#2219,#2220,#2221)
    ,(#2222,#2223,#2224,#2225,#2226,#2227,#2228,#2229,#2230
  )),.UNSPECIFIED.,.F.,.F.,.F.,(2,2),(9,9),(0.,44.),(0.,66.666666666667)
  ,.PIECEWISE_BEZIER_KNOTS.);
#2213 = CARTESIAN_POINT('',(-247.2848340347,-51.21000315663,
    100.21405861556));
#2214 = CARTESIAN_POINT('',(-249.217488408,-53.67247326444,
    116.36152361838));
#2215 = CARTESIAN_POINT('',(-250.8379598973,-51.78236715502,
    133.21016285872));
#2216 = CARTESIAN_POINT('',(-252.7901637128,-45.26103016825,
    149.31371909547));
#2217 = CARTESIAN_POINT('',(-255.7665266824,-34.51832288128,
    163.11697620972));
#2218 = CARTESIAN_POINT('',(-260.3588568903,-20.72702065023,
    173.29071148129));
#2219 = CARTESIAN_POINT('',(-266.8747400989,-5.596097036747,
    179.14407597679));
#2220 = CARTESIAN_POINT('',(-275.2959880271,9.123979987811,
    180.71792124425));
#2221 = CARTESIAN_POINT('',(-285.3464660291,21.976149610516,
    178.63245585308));
#2222 = CARTESIAN_POINT('',(-250.3925134166,-94.54154428917,
    93.234096442402));
#2223 = CARTESIAN_POINT('',(-247.5188240326,-99.08764294973,
    120.17678627206));
#2224 = CARTESIAN_POINT('',(-244.0687970167,-95.59821628619,
    148.41395161715));
#2225 = CARTESIAN_POINT('',(-241.2311989106,-83.55882492601,
    175.27557910947));
#2226 = CARTESIAN_POINT('',(-240.284356166,-63.72613455006,
    197.89050052948));
#2227 = CARTESIAN_POINT('',(-242.3208375536,-38.26526889274,
    213.80476623992));
#2228 = CARTESIAN_POINT('',(-247.9084937117,-10.33125606784,
    221.74296282531));
#2229 = CARTESIAN_POINT('',(-257.0137462754,16.844270746727,
    221.78050852815));
#2230 = CARTESIAN_POINT('',(-269.1268082058,40.571353127107,
    215.06240378431));
#2231 = DEFINITIONAL_REPRESENTATION('',(#2232),#2236);
#2232 = LINE('',#2233,#2234);
#2233 = CARTESIAN_POINT('',(6.924734919879E-14,-1.06581410364E-14));
#2234 = VECTOR('',#2235,1.);
#2235 = DIRECTION('',(-2.262964294252E-15,1.));
#2236 = ( GEOMETRIC_REPRESENTATION_CONTEXT(2) 
PARAMETRIC_REPRESENTATION_CONTEXT() REPRESENTATION_CONTEXT('2D SPACE',''
  ) );
#2237 = ORIENTED_EDGE('',*,*,#2238,.T.);
#2238 = EDGE_CURVE('',#2167,#2239,#2241,.T.);
#2239 = VERTEX_POINT('',#2240);
#2240 = CARTESIAN_POINT('',(-248.055040026,-50.93961920489,
    121.87769061409));
#2241 = SURFACE_CURVE('',#2242,(#2250,#2261),.PCURVE_S1.);
#2242 = B_SPLINE_CURVE_WITH_KNOTS('',6,(#2243,#2244,#2245,#2246,#2247,
    #2248,#2249),.UNSPECIFIED.,.F.,.F.,(7,7),(0.,1.),
  .PIECEWISE_BEZIER_KNOTS.);
#2243 = CARTESIAN_POINT('',(-250.5092441453,-45.54350923307,
    139.00444749276));
#2244 = CARTESIAN_POINT('',(-250.0375731324,-46.80387639168,
    136.2906672636));
#2245 = CARTESIAN_POINT('',(-249.5967928636,-47.92640636413,
    133.50746764286));
#2246 = CARTESIAN_POINT('',(-249.1826893819,-48.90534297486,
    130.66439385003));
#2247 = CARTESIAN_POINT('',(-248.7907944858,-49.73603690513,
    127.77143346111));
#2248 = CARTESIAN_POINT('',(-248.4164787097,-50.41493081257,
    124.83893967788));
#2249 = CARTESIAN_POINT('',(-248.0550275009,-50.93963738739,
    121.87758799569));
#2250 = PCURVE('',#590,#2251);
#2251 = DEFINITIONAL_REPRESENTATION('',(#2252),#2260);
#2252 = B_SPLINE_CURVE_WITH_KNOTS('',6,(#2253,#2254,#2255,#2256,#2257,
    #2258,#2259),.UNSPECIFIED.,.F.,.F.,(7,7),(0.,1.),
  .PIECEWISE_BEZIER_KNOTS.);
#2253 = CARTESIAN_POINT('',(-5.216018468757,-310.3897844323));
#2254 = CARTESIAN_POINT('',(-5.165795818912,-308.8550976604));
#2255 = CARTESIAN_POINT('',(-5.115572658087,-307.3203955773));
#2256 = CARTESIAN_POINT('',(-5.065350111233,-305.7857109321));
#2257 = CARTESIAN_POINT('',(-5.015127635688,-304.2510241327));
#2258 = CARTESIAN_POINT('',(-4.964904648178,-302.7163169785));
#2259 = CARTESIAN_POINT('',(-4.91468218768,-301.1816246264));
#2260 = ( GEOMETRIC_REPRESENTATION_CONTEXT(2) 
PARAMETRIC_REPRESENTATION_CONTEXT() REPRESENTATION_CONTEXT('2D SPACE',''
  ) );
#2261 = PCURVE('',#1282,#2262);
#2262 = DEFINITIONAL_REPRESENTATION('',(#2263),#2271);
#2263 = B_SPLINE_CURVE_WITH_KNOTS('',6,(#2264,#2265,#2266,#2267,#2268,
    #2269,#2270),.UNSPECIFIED.,.F.,.F.,(7,7),(0.,1.),
  .PIECEWISE_BEZIER_KNOTS.);
#2264 = CARTESIAN_POINT('',(-5.216018468757,-310.3897844323));
#2265 = CARTESIAN_POINT('',(-5.165795818912,-308.8550976604));
#2266 = CARTESIAN_POINT('',(-5.115572658087,-307.3203955773));
#2267 = CARTESIAN_POINT('',(-5.065350111233,-305.7857109321));
#2268 = CARTESIAN_POINT('',(-5.015127635688,-304.2510241327));
#2269 = CARTESIAN_POINT('',(-4.964904648178,-302.7163169785));
#2270 = CARTESIAN_POINT('',(-4.91468218768,-301.1816246264));
#2271 = ( GEOMETRIC_REPRESENTATION_CONTEXT(2) 
PARAMETRIC_REPRESENTATION_CONTEXT() REPRESENTATION_CONTEXT('2D SPACE',''
  ) );
#2272 = ORIENTED_EDGE('',*,*,#2273,.F.);
#2273 = EDGE_CURVE('',#2274,#2239,#2276,.T.);
#2274 = VERTEX_POINT('',#2275);
#2275 = CARTESIAN_POINT('',(-247.2848340347,-51.21000315663,
    100.21405861556));
#2276 = SURFACE_CURVE('',#2277,(#2287,#2316),.PCURVE_S1.);
#2277 = B_SPLINE_CURVE_WITH_KNOTS('',8,(#2278,#2279,#2280,#2281,#2282,
    #2283,#2284,#2285,#2286),.UNSPECIFIED.,.F.,.F.,(9,9),(0.,
    11.001616089827),.PIECEWISE_BEZIER_KNOTS.);
#2278 = CARTESIAN_POINT('',(-247.2848340347,-51.21000315663,
    100.21405861556));
#2279 = CARTESIAN_POINT('',(-247.6037688565,-51.61637041801,
    102.87878177733));
#2280 = CARTESIAN_POINT('',(-247.9142020016,-51.90420397026,
    105.56260001728));
#2281 = CARTESIAN_POINT('',(-248.219027293,-52.07225151001,
    108.25901370321));
#2282 = CARTESIAN_POINT('',(-248.5211745311,-52.11977136181,
    110.96144239506));
#2283 = CARTESIAN_POINT('',(-248.823591243,-52.04654158369,
    113.66326583907));
#2284 = CARTESIAN_POINT('',(-249.1292237336,-51.85286299117,
    116.35786652566));
#2285 = CARTESIAN_POINT('',(-249.4409980304,-51.53955620999,
    119.03867248975));
#2286 = CARTESIAN_POINT('',(-249.7618011925,-51.10795308514,
    121.69919929037));
#2287 = PCURVE('',#590,#2288);
#2288 = DEFINITIONAL_REPRESENTATION('',(#2289),#2315);
#2289 = B_SPLINE_CURVE_WITH_KNOTS('',3,(#2290,#2291,#2292,#2293,#2294,
    #2295,#2296,#2297,#2298,#2299,#2300,#2301,#2302,#2303,#2304,#2305,
    #2306,#2307,#2308,#2309,#2310,#2311,#2312,#2313,#2314),
  .UNSPECIFIED.,.F.,.F.,(4,1,1,1,1,1,1,1,1,1,1,1,1,1,1,1,1,1,1,1,1,1,4),
  (0.,0.500073458629,1.000146917257,1.500220375886,2.000293834514,
    2.500367293143,3.000440751771,3.5005142104,4.000587669028,
    4.500661127657,5.000734586285,5.500808044914,6.000881503542,
    6.500954962171,7.001028420799,7.501101879428,8.001175338056,
    8.501248796685,9.001322255313,9.501395713942,10.00146917257,
    10.501542631199,11.001616089827),.QUASI_UNIFORM_KNOTS.);
#2290 = CARTESIAN_POINT('',(-4.537856055185,-291.6666666666));
#2291 = CARTESIAN_POINT('',(-4.543311010417,-291.8333578195));
#2292 = CARTESIAN_POINT('',(-4.55422092192,-292.1667401252));
#2293 = CARTESIAN_POINT('',(-4.570585791501,-292.6668135839));
#2294 = CARTESIAN_POINT('',(-4.586950662574,-293.1668870425));
#2295 = CARTESIAN_POINT('',(-4.603315534462,-293.6669605011));
#2296 = CARTESIAN_POINT('',(-4.619680406588,-294.1670339598));
#2297 = CARTESIAN_POINT('',(-4.636045278478,-294.6671074184));
#2298 = CARTESIAN_POINT('',(-4.652410149757,-295.167180877));
#2299 = CARTESIAN_POINT('',(-4.668775020137,-295.6672543356));
#2300 = CARTESIAN_POINT('',(-4.68513988941,-296.1673277943));
#2301 = CARTESIAN_POINT('',(-4.701504757442,-296.6674012529));
#2302 = CARTESIAN_POINT('',(-4.717869624163,-297.1674747115));
#2303 = CARTESIAN_POINT('',(-4.734234489561,-297.6675481702));
#2304 = CARTESIAN_POINT('',(-4.75059935367,-298.1676216288));
#2305 = CARTESIAN_POINT('',(-4.766964216566,-298.6676950874));
#2306 = CARTESIAN_POINT('',(-4.783329078361,-299.167768546));
#2307 = CARTESIAN_POINT('',(-4.799693939189,-299.6678420047));
#2308 = CARTESIAN_POINT('',(-4.816058799208,-300.1679154633));
#2309 = CARTESIAN_POINT('',(-4.832423658588,-300.6679889219));
#2310 = CARTESIAN_POINT('',(-4.848788517506,-301.1680623806));
#2311 = CARTESIAN_POINT('',(-4.865153376143,-301.6681358392));
#2312 = CARTESIAN_POINT('',(-4.88151823468,-302.1682092978));
#2313 = CARTESIAN_POINT('',(-4.892428140418,-302.5015916036));
#2314 = CARTESIAN_POINT('',(-4.897883093328,-302.6682827564));
#2315 = ( GEOMETRIC_REPRESENTATION_CONTEXT(2) 
PARAMETRIC_REPRESENTATION_CONTEXT() REPRESENTATION_CONTEXT('2D SPACE',''
  ) );
#2316 = PCURVE('',#2212,#2317);
#2317 = DEFINITIONAL_REPRESENTATION('',(#2318),#2322);
#2318 = LINE('',#2319,#2320);
#2319 = CARTESIAN_POINT('',(1.574015826874E-14,6.841232259054E-15));
#2320 = VECTOR('',#2321,1.);
#2321 = DIRECTION('',(9.909476868611E-16,1.));
#2322 = ( GEOMETRIC_REPRESENTATION_CONTEXT(2) 
PARAMETRIC_REPRESENTATION_CONTEXT() REPRESENTATION_CONTEXT('2D SPACE',''
  ) );
#2323 = ORIENTED_EDGE('',*,*,#2324,.F.);
#2324 = EDGE_CURVE('',#2325,#2274,#2327,.T.);
#2325 = VERTEX_POINT('',#2326);
#2326 = CARTESIAN_POINT('',(-197.6646159292,36.7695526217,
    47.756670838055));
#2327 = SURFACE_CURVE('',#2328,(#2338,#2367),.PCURVE_S1.);
#2328 = B_SPLINE_CURVE_WITH_KNOTS('',8,(#2329,#2330,#2331,#2332,#2333,
    #2334,#2335,#2336,#2337),.UNSPECIFIED.,.F.,.F.,(9,9),(0.,
    66.666666666679),.PIECEWISE_BEZIER_KNOTS.);
#2329 = CARTESIAN_POINT('',(-197.6646159292,36.7695526217,
    47.756670838055));
#2330 = CARTESIAN_POINT('',(-209.3559813391,26.742212657105,
    41.985711986793));
#2331 = CARTESIAN_POINT('',(-219.7762198391,13.589613147458,
    39.069750919448));
#2332 = CARTESIAN_POINT('',(-228.4631549141,-1.551255046378,
    40.04685308487));
#2333 = CARTESIAN_POINT('',(-235.1561838516,-17.05078440414,
    45.502341759048));
#2334 = CARTESIAN_POINT('',(-239.9066037789,-31.04441976732,
    55.32100170709));
#2335 = CARTESIAN_POINT('',(-243.1073851139,-41.93246820846,
    68.620206919925));
#2336 = CARTESIAN_POINT('',(-245.3521796614,-48.74753304883,
    84.066593612756));
#2337 = CARTESIAN_POINT('',(-247.2848340347,-51.21000315663,
    100.21405861556));
#2338 = PCURVE('',#590,#2339);
#2339 = DEFINITIONAL_REPRESENTATION('',(#2340),#2366);
#2340 = B_SPLINE_CURVE_WITH_KNOTS('',3,(#2341,#2342,#2343,#2344,#2345,
    #2346,#2347,#2348,#2349,#2350,#2351,#2352,#2353,#2354,#2355,#2356,
    #2357,#2358,#2359,#2360,#2361,#2362,#2363,#2364,#2365),
  .UNSPECIFIED.,.F.,.F.,(4,1,1,1,1,1,1,1,1,1,1,1,1,1,1,1,1,1,1,1,1,1,4),
  (0.,3.030303030304,6.060606060607,9.090909090911,12.121212121214,
    15.151515151518,18.181818181821,21.212121212125,24.242424242429,
    27.272727272732,30.303030303036,33.333333333339,36.363636363643,
    39.393939393947,42.42424242425,45.454545454554,48.484848484857,
    51.515151515161,54.545454545464,57.575757575768,60.606060606072,
    63.636363636375,66.666666666679),.QUASI_UNIFORM_KNOTS.);
#2341 = CARTESIAN_POINT('',(-2.356194490192,-225.));
#2342 = CARTESIAN_POINT('',(-2.389249977213,-226.0101010101));
#2343 = CARTESIAN_POINT('',(-2.455360955951,-228.0303030303));
#2344 = CARTESIAN_POINT('',(-2.554527415443,-231.0606060606));
#2345 = CARTESIAN_POINT('',(-2.653693817043,-234.0909090909));
#2346 = CARTESIAN_POINT('',(-2.752860204479,-237.1212121212));
#2347 = CARTESIAN_POINT('',(-2.852026613763,-240.1515151515));
#2348 = CARTESIAN_POINT('',(-2.951193060283,-243.1818181818));
#2349 = CARTESIAN_POINT('',(-3.050359532536,-246.2121212121));
#2350 = CARTESIAN_POINT('',(-3.149526005197,-249.2424242424));
#2351 = CARTESIAN_POINT('',(-3.24869245533,-252.2727272727));
#2352 = CARTESIAN_POINT('',(-3.347858874651,-255.303030303));
#2353 = CARTESIAN_POINT('',(-3.447025272689,-258.3333333333));
#2354 = CARTESIAN_POINT('',(-3.546191670727,-261.3636363636));
#2355 = CARTESIAN_POINT('',(-3.645358090047,-264.3939393939));
#2356 = CARTESIAN_POINT('',(-3.74452454018,-267.4242424242));
#2357 = CARTESIAN_POINT('',(-3.843691012841,-270.4545454545));
#2358 = CARTESIAN_POINT('',(-3.942857485095,-273.4848484848));
#2359 = CARTESIAN_POINT('',(-4.042023931615,-276.5151515151));
#2360 = CARTESIAN_POINT('',(-4.141190340899,-279.5454545454));
#2361 = CARTESIAN_POINT('',(-4.240356728334,-282.5757575757));
#2362 = CARTESIAN_POINT('',(-4.339523129934,-285.606060606));
#2363 = CARTESIAN_POINT('',(-4.438689589426,-288.6363636363));
#2364 = CARTESIAN_POINT('',(-4.504800568164,-290.6565656565));
#2365 = CARTESIAN_POINT('',(-4.537856055185,-291.6666666666));
#2366 = ( GEOMETRIC_REPRESENTATION_CONTEXT(2) 
PARAMETRIC_REPRESENTATION_CONTEXT() REPRESENTATION_CONTEXT('2D SPACE',''
  ) );
#2367 = PCURVE('',#2368,#2387);
#2368 = B_SPLINE_SURFACE_WITH_KNOTS('',1,8,(
    (#2369,#2370,#2371,#2372,#2373,#2374,#2375,#2376,#2377)
    ,(#2378,#2379,#2380,#2381,#2382,#2383,#2384,#2385,#2386
  )),.UNSPECIFIED.,.F.,.F.,.F.,(2,2),(9,9),(0.,44.),(0.,66.666666666667)
  ,.PIECEWISE_BEZIER_KNOTS.);
#2369 = CARTESIAN_POINT('',(-197.6646159292,36.7695526217,
    47.756670838055));
#2370 = CARTESIAN_POINT('',(-209.3559813391,26.742212657107,
    41.985711986794));
#2371 = CARTESIAN_POINT('',(-219.7762198391,13.589613147463,
    39.069750919449));
#2372 = CARTESIAN_POINT('',(-228.4631549141,-1.551255046369,
    40.046853084864));
#2373 = CARTESIAN_POINT('',(-235.1561838515,-17.0507844041,
    45.502341759001));
#2374 = CARTESIAN_POINT('',(-239.9066037789,-31.04441976735,
    55.321001707115));
#2375 = CARTESIAN_POINT('',(-243.1073851139,-41.93246820845,
    68.620206919919));
#2376 = CARTESIAN_POINT('',(-245.3521796614,-48.74753304882,
    84.066593612751));
#2377 = CARTESIAN_POINT('',(-247.2848340347,-51.21000315663,
    100.21405861556));
#2378 = CARTESIAN_POINT('',(-210.3192904222,67.882250993909,
    19.33380656512));
#2379 = CARTESIAN_POINT('',(-225.4616829519,49.370238751582,
    5.81171389495));
#2380 = CARTESIAN_POINT('',(-238.2573796479,25.088516579933,
    -2.439613635683));
#2381 = CARTESIAN_POINT('',(-247.8531315595,-2.863855470221,
    -3.503747505837));
#2382 = CARTESIAN_POINT('',(-253.7678259863,-31.47837120757,
    3.699909101651));
#2383 = CARTESIAN_POINT('',(-256.0961653175,-57.31277495511,
    18.95865113802));
#2384 = CARTESIAN_POINT('',(-255.5636334013,-77.41378746175,
    40.643015201508));
#2385 = CARTESIAN_POINT('',(-253.2662028006,-89.9954456286,
    66.29140661274));
#2386 = CARTESIAN_POINT('',(-250.3925134166,-94.54154428917,
    93.234096442401));
#2387 = DEFINITIONAL_REPRESENTATION('',(#2388),#2392);
#2388 = LINE('',#2389,#2390);
#2389 = CARTESIAN_POINT('',(5.510774034235E-15,-1.27780327633E-14));
#2390 = VECTOR('',#2391,1.);
#2391 = DIRECTION('',(3.418348517053E-16,1.));
#2392 = ( GEOMETRIC_REPRESENTATION_CONTEXT(2) 
PARAMETRIC_REPRESENTATION_CONTEXT() REPRESENTATION_CONTEXT('2D SPACE',''
  ) );
#2393 = ORIENTED_EDGE('',*,*,#2394,.F.);
#2394 = EDGE_CURVE('',#2395,#2325,#2397,.T.);
#2395 = VERTEX_POINT('',#2396);
#2396 = CARTESIAN_POINT('',(-100.9770762431,9.02970523868,
    101.01421817971));
#2397 = SURFACE_CURVE('',#2398,(#2408,#2437),.PCURVE_S1.);
#2398 = B_SPLINE_CURVE_WITH_KNOTS('',8,(#2399,#2400,#2401,#2402,#2403,
    #2404,#2405,#2406,#2407),.UNSPECIFIED.,.F.,.F.,(9,9),(0.,
    66.666666666658),.PIECEWISE_BEZIER_KNOTS.);
#2399 = CARTESIAN_POINT('',(-100.9770762431,9.02970523868,
    101.01421817971));
#2400 = CARTESIAN_POINT('',(-109.5915318821,22.995067192428,
    102.15411182377));
#2401 = CARTESIAN_POINT('',(-119.9763472914,36.193003393996,
    99.317712320943));
#2402 = CARTESIAN_POINT('',(-132.0177943776,47.040556850988,
    92.760457150618));
#2403 = CARTESIAN_POINT('',(-145.3223974635,54.078179192269,
    83.366107154219));
#2404 = CARTESIAN_POINT('',(-159.2395028172,56.339715967716,
    72.596054539545));
#2405 = CARTESIAN_POINT('',(-173.0107275334,53.699048401569,
    62.153655201918));
#2406 = CARTESIAN_POINT('',(-185.9732505194,46.796892586296,
    53.527629689315));
#2407 = CARTESIAN_POINT('',(-197.6646159292,36.7695526217,
    47.756670838055));
#2408 = PCURVE('',#590,#2409);
#2409 = DEFINITIONAL_REPRESENTATION('',(#2410),#2436);
#2410 = B_SPLINE_CURVE_WITH_KNOTS('',3,(#2411,#2412,#2413,#2414,#2415,
    #2416,#2417,#2418,#2419,#2420,#2421,#2422,#2423,#2424,#2425,#2426,
    #2427,#2428,#2429,#2430,#2431,#2432,#2433,#2434,#2435),
  .UNSPECIFIED.,.F.,.F.,(4,1,1,1,1,1,1,1,1,1,1,1,1,1,1,1,1,1,1,1,1,1,4),
  (0.,3.030303030303,6.060606060605,9.090909090908,12.121212121211,
    15.151515151513,18.181818181816,21.212121212119,24.242424242421,
    27.272727272724,30.303030303027,33.333333333329,36.363636363632,
    39.393939393935,42.424242424237,45.45454545454,48.484848484843,
    51.515151515145,54.545454545448,57.57575757575,60.606060606053,
    63.636363636356,66.666666666658),.QUASI_UNIFORM_KNOTS.);
#2411 = CARTESIAN_POINT('',(-0.174532925199,-158.3333333333));
#2412 = CARTESIAN_POINT('',(-0.20758841222,-159.3434343434));
#2413 = CARTESIAN_POINT('',(-0.273699390958,-161.3636363636));
#2414 = CARTESIAN_POINT('',(-0.37286585045,-164.3939393939));
#2415 = CARTESIAN_POINT('',(-0.47203225205,-167.4242424242));
#2416 = CARTESIAN_POINT('',(-0.571198639486,-170.4545454545));
#2417 = CARTESIAN_POINT('',(-0.67036504877,-173.4848484848));
#2418 = CARTESIAN_POINT('',(-0.76953149529,-176.5151515151));
#2419 = CARTESIAN_POINT('',(-0.868697967543,-179.5454545454));
#2420 = CARTESIAN_POINT('',(-0.967864440204,-182.5757575757));
#2421 = CARTESIAN_POINT('',(-1.067030890337,-185.606060606));
#2422 = CARTESIAN_POINT('',(-1.166197309658,-188.6363636363));
#2423 = CARTESIAN_POINT('',(-1.265363707696,-191.6666666666));
#2424 = CARTESIAN_POINT('',(-1.364530105733,-194.6969696969));
#2425 = CARTESIAN_POINT('',(-1.463696525054,-197.7272727272));
#2426 = CARTESIAN_POINT('',(-1.562862975187,-200.7575757575));
#2427 = CARTESIAN_POINT('',(-1.662029447848,-203.7878787878));
#2428 = CARTESIAN_POINT('',(-1.761195920102,-206.8181818181));
#2429 = CARTESIAN_POINT('',(-1.860362366622,-209.8484848484));
#2430 = CARTESIAN_POINT('',(-1.959528775906,-212.8787878787));
#2431 = CARTESIAN_POINT('',(-2.058695163341,-215.909090909));
#2432 = CARTESIAN_POINT('',(-2.157861564941,-218.9393939393));
#2433 = CARTESIAN_POINT('',(-2.257028024433,-221.9696969696));
#2434 = CARTESIAN_POINT('',(-2.323139003171,-223.9898989898));
#2435 = CARTESIAN_POINT('',(-2.356194490192,-225.));
#2436 = ( GEOMETRIC_REPRESENTATION_CONTEXT(2) 
PARAMETRIC_REPRESENTATION_CONTEXT() REPRESENTATION_CONTEXT('2D SPACE',''
  ) );
#2437 = PCURVE('',#2438,#2457);
#2438 = B_SPLINE_SURFACE_WITH_KNOTS('',1,8,(
    (#2439,#2440,#2441,#2442,#2443,#2444,#2445,#2446,#2447)
    ,(#2448,#2449,#2450,#2451,#2452,#2453,#2454,#2455,#2456
  )),.UNSPECIFIED.,.F.,.F.,.F.,(2,2),(9,9),(0.,44.),(0.,66.666666666667)
  ,.PIECEWISE_BEZIER_KNOTS.);
#2439 = CARTESIAN_POINT('',(-100.9770762431,9.02970523868,
    101.01421817971));
#2440 = CARTESIAN_POINT('',(-109.5915318821,22.99506719243,
    102.15411182377));
#2441 = CARTESIAN_POINT('',(-119.9763472914,36.193003394,99.317712320943
    ));
#2442 = CARTESIAN_POINT('',(-132.0177943776,47.040556850992,
    92.760457150614));
#2443 = CARTESIAN_POINT('',(-145.3223974634,54.078179192277,
    83.36610715425));
#2444 = CARTESIAN_POINT('',(-159.2395028173,56.339715967726,
    72.596054539519));
#2445 = CARTESIAN_POINT('',(-173.0107275334,53.69904840156,
    62.153655201912));
#2446 = CARTESIAN_POINT('',(-185.9732505194,46.796892586294,
    53.527629689316));
#2447 = CARTESIAN_POINT('',(-197.6646159292,36.7695526217,
    47.756670838055));
#2448 = CARTESIAN_POINT('',(-83.35255066363,16.670225056025,
    140.59955075399));
#2449 = CARTESIAN_POINT('',(-92.81449438561,42.452431739871,
    139.83595499827));
#2450 = CARTESIAN_POINT('',(-105.5447946064,66.817852419691,
    131.73151035596));
#2451 = CARTESIAN_POINT('',(-121.3334917694,86.844104955678,
    116.75779371213));
#2452 = CARTESIAN_POINT('',(-139.4541692393,99.836638508819,
    96.54636354331));
#2453 = CARTESIAN_POINT('',(-158.7056201272,104.01178332503,
    73.795174694426));
#2454 = CARTESIAN_POINT('',(-177.6877529146,99.13670474134,
    51.64888420331));
#2455 = CARTESIAN_POINT('',(-195.1768978925,86.394263236236,
    32.85589923529));
#2456 = CARTESIAN_POINT('',(-210.3192904222,67.882250993909,
    19.33380656512));
#2457 = DEFINITIONAL_REPRESENTATION('',(#2458),#2462);
#2458 = LINE('',#2459,#2460);
#2459 = CARTESIAN_POINT('',(3.073586719124E-14,3.717672027372E-16));
#2460 = VECTOR('',#2461,1.);
#2461 = DIRECTION('',(7.303019142472E-17,1.));
#2462 = ( GEOMETRIC_REPRESENTATION_CONTEXT(2) 
PARAMETRIC_REPRESENTATION_CONTEXT() REPRESENTATION_CONTEXT('2D SPACE',''
  ) );
#2463 = ORIENTED_EDGE('',*,*,#2464,.F.);
#2464 = EDGE_CURVE('',#1873,#2395,#2465,.T.);
#2465 = SURFACE_CURVE('',#2466,(#2476,#2486),.PCURVE_S1.);
#2466 = B_SPLINE_CURVE_WITH_KNOTS('',8,(#2467,#2468,#2469,#2470,#2471,
    #2472,#2473,#2474,#2475),.UNSPECIFIED.,.F.,.F.,(9,9),(0.,
    66.666666666667),.PIECEWISE_BEZIER_KNOTS.);
#2467 = CARTESIAN_POINT('',(-69.84153582982,-47.1280049259,
    7.039564551892));
#2468 = CARTESIAN_POINT('',(-72.22696631492,-53.12107004488,
    22.170077757199));
#2469 = CARTESIAN_POINT('',(-73.85265041383,-55.1085209626,
    39.007009284764));
#2470 = CARTESIAN_POINT('',(-75.31122815032,-52.41145487875,
    56.219267847437));
#2471 = CARTESIAN_POINT('',(-77.31467899092,-44.98515420681,
    72.207721381219));
#2472 = CARTESIAN_POINT('',(-80.55810510515,-33.58584725224,
    85.411144851645));
#2473 = CARTESIAN_POINT('',(-85.51851720448,-19.66854942676,
    94.758154659296));
#2474 = CARTESIAN_POINT('',(-92.36262060417,-4.935656715069,
    99.874324535648));
#2475 = CARTESIAN_POINT('',(-100.9770762431,9.02970523868,
    101.01421817971));
#2476 = PCURVE('',#590,#2477);
#2477 = DEFINITIONAL_REPRESENTATION('',(#2478),#2485);
#2478 = B_SPLINE_CURVE_WITH_KNOTS('',5,(#2479,#2480,#2481,#2482,#2483,
    #2484),.UNSPECIFIED.,.F.,.F.,(6,6),(61.33333474607,66.666666666667),
  .PIECEWISE_BEZIER_KNOTS.);
#2479 = CARTESIAN_POINT('',(1.7763568394E-15,-153.0000014127));
#2480 = CARTESIAN_POINT('',(-3.490657646328E-02,-154.0666677968));
#2481 = CARTESIAN_POINT('',(-6.981316472342E-02,-155.1333341809));
#2482 = CARTESIAN_POINT('',(-0.104719754151,-156.200000565));
#2483 = CARTESIAN_POINT('',(-0.139626349406,-157.2666669492));
#2484 = CARTESIAN_POINT('',(-0.174532925199,-158.3333333333));
#2485 = ( GEOMETRIC_REPRESENTATION_CONTEXT(2) 
PARAMETRIC_REPRESENTATION_CONTEXT() REPRESENTATION_CONTEXT('2D SPACE',''
  ) );
#2486 = PCURVE('',#1939,#2487);
#2487 = DEFINITIONAL_REPRESENTATION('',(#2488),#2492);
#2488 = LINE('',#2489,#2490);
#2489 = CARTESIAN_POINT('',(0.,0.));
#2490 = VECTOR('',#2491,1.);
#2491 = DIRECTION('',(0.,1.));
#2492 = ( GEOMETRIC_REPRESENTATION_CONTEXT(2) 
PARAMETRIC_REPRESENTATION_CONTEXT() REPRESENTATION_CONTEXT('2D SPACE',''
  ) );
#2493 = ORIENTED_EDGE('',*,*,#1872,.T.);
#2494 = ORIENTED_EDGE('',*,*,#2495,.F.);
#2495 = EDGE_CURVE('',#2496,#1803,#2498,.T.);
#2496 = VERTEX_POINT('',#2497);
#2497 = CARTESIAN_POINT('',(-224.2530046819,20.942827872654,
    151.94439431225));
#2498 = SURFACE_CURVE('',#2499,(#2509,#2538),.PCURVE_S1.);
#2499 = B_SPLINE_CURVE_WITH_KNOTS('',8,(#2500,#2501,#2502,#2503,#2504,
    #2505,#2506,#2507,#2508),.UNSPECIFIED.,.F.,.F.,(9,9),(
    57.125125034118,69.791790271046),.PIECEWISE_BEZIER_KNOTS.);
#2500 = CARTESIAN_POINT('',(-224.2530046819,20.942827872654,
    151.94439431225));
#2501 = CARTESIAN_POINT('',(-222.3651911654,18.476656806641,
    152.2917205508));
#2502 = CARTESIAN_POINT('',(-220.5367771581,15.946224835469,
    152.50563330714));
#2503 = CARTESIAN_POINT('',(-218.7695675406,13.361625140609,
    152.58207875333));
#2504 = CARTESIAN_POINT('',(-217.0650277224,10.733315154025,
    152.51776552551));
#2505 = CARTESIAN_POINT('',(-215.4242675874,8.072032752243,
    152.31020078403));
#2506 = CARTESIAN_POINT('',(-213.8480306496,5.388705210166,
    151.95771456879));
#2507 = CARTESIAN_POINT('',(-212.3366886793,2.694354753275,
    151.45947187012));
#2508 = CARTESIAN_POINT('',(-210.8902417067,3.857699511389E-06,
    150.81547262006));
#2509 = PCURVE('',#590,#2510);
#2510 = DEFINITIONAL_REPRESENTATION('',(#2511),#2537);
#2511 = B_SPLINE_CURVE_WITH_KNOTS('',3,(#2512,#2513,#2514,#2515,#2516,
    #2517,#2518,#2519,#2520,#2521,#2522,#2523,#2524,#2525,#2526,#2527,
    #2528,#2529,#2530,#2531,#2532,#2533,#2534,#2535,#2536),
  .UNSPECIFIED.,.F.,.F.,(4,1,1,1,1,1,1,1,1,1,1,1,1,1,1,1,1,1,1,1,1,1,4),
  (57.125125034118,57.700882544888,58.276640055657,58.852397566427,
    59.428155077196,60.003912587965,60.579670098735,61.155427609504,
    61.731185120274,62.306942631043,62.882700141813,63.458457652582,
    64.034215163351,64.609972674121,65.18573018489,65.76148769566,
    66.337245206429,66.913002717199,67.488760227968,68.064517738737,
    68.640275249507,69.216032760276,69.791790271046),
  .QUASI_UNIFORM_KNOTS.);
#2512 = CARTESIAN_POINT('',(-0.414515697349,-291.6666666666));
#2513 = CARTESIAN_POINT('',(-0.408235157171,-291.4747474964));
#2514 = CARTESIAN_POINT('',(-0.395674075455,-291.0909091558));
#2515 = CARTESIAN_POINT('',(-0.376832449959,-290.5151516451));
#2516 = CARTESIAN_POINT('',(-0.357990822784,-289.9393941343));
#2517 = CARTESIAN_POINT('',(-0.339149194895,-289.3636366235));
#2518 = CARTESIAN_POINT('',(-0.32030756709,-288.7878791128));
#2519 = CARTESIAN_POINT('',(-0.301465939989,-288.212121602));
#2520 = CARTESIAN_POINT('',(-0.282624314052,-287.6363640912));
#2521 = CARTESIAN_POINT('',(-0.263782689599,-287.0606065805));
#2522 = CARTESIAN_POINT('',(-0.244941066818,-286.4848490697));
#2523 = CARTESIAN_POINT('',(-0.226099445792,-285.9090915589));
#2524 = CARTESIAN_POINT('',(-0.207257826506,-285.3333340482));
#2525 = CARTESIAN_POINT('',(-0.188416208867,-284.7575765374));
#2526 = CARTESIAN_POINT('',(-0.16957459272,-284.1818190266));
#2527 = CARTESIAN_POINT('',(-0.15073297786,-283.6060615158));
#2528 = CARTESIAN_POINT('',(-0.131891364048,-283.0303040051));
#2529 = CARTESIAN_POINT('',(-0.113049751021,-282.4545464943));
#2530 = CARTESIAN_POINT('',(-9.420813850478E-02,-281.8787889835));
#2531 = CARTESIAN_POINT('',(-7.536652622323E-02,-281.3030314728));
#2532 = CARTESIAN_POINT('',(-5.652491390791E-02,-280.727273962));
#2533 = CARTESIAN_POINT('',(-3.768330130589E-02,-280.1515164512));
#2534 = CARTESIAN_POINT('',(-1.884168818261E-02,-279.5757589405));
#2535 = CARTESIAN_POINT('',(-6.280612288143E-03,-279.1919205999));
#2536 = CARTESIAN_POINT('',(-7.418652765987E-08,-279.0000014297));
#2537 = ( GEOMETRIC_REPRESENTATION_CONTEXT(2) 
PARAMETRIC_REPRESENTATION_CONTEXT() REPRESENTATION_CONTEXT('2D SPACE',''
  ) );
#2538 = PCURVE('',#1846,#2539);
#2539 = DEFINITIONAL_REPRESENTATION('',(#2540),#2544);
#2540 = LINE('',#2541,#2542);
#2541 = CARTESIAN_POINT('',(44.,123.79179170078));
#2542 = VECTOR('',#2543,1.);
#2543 = DIRECTION('',(2.243819418827E-15,-1.));
#2544 = ( GEOMETRIC_REPRESENTATION_CONTEXT(2) 
PARAMETRIC_REPRESENTATION_CONTEXT() REPRESENTATION_CONTEXT('2D SPACE',''
  ) );
#2545 = ORIENTED_EDGE('',*,*,#2546,.F.);
#2546 = EDGE_CURVE('',#2547,#2496,#2549,.T.);
#2547 = VERTEX_POINT('',#2548);
#2548 = CARTESIAN_POINT('',(-322.5967997364,26.976209424347,
    94.96683650609));
#2549 = SURFACE_CURVE('',#2550,(#2560,#2589),.PCURVE_S1.);
#2550 = B_SPLINE_CURVE_WITH_KNOTS('',8,(#2551,#2552,#2553,#2554,#2555,
    #2556,#2557,#2558,#2559),.UNSPECIFIED.,.F.,.F.,(9,9),(
    57.125125045733,123.7917917124),.PIECEWISE_BEZIER_KNOTS.);
#2551 = CARTESIAN_POINT('',(-322.5967997364,26.976209424347,
    94.96683650609));
#2552 = CARTESIAN_POINT('',(-311.9917140367,39.09954382742,
    98.297971181735));
#2553 = CARTESIAN_POINT('',(-299.849770572,48.930085494052,
    105.08094491351));
#2554 = CARTESIAN_POINT('',(-286.5103193237,55.093847760702,
    114.55356516439));
#2555 = CARTESIAN_POINT('',(-272.5552447154,56.581141414341,
    125.40889812118));
#2556 = CARTESIAN_POINT('',(-258.7333885716,53.071292470959,
    135.96501750683));
#2557 = CARTESIAN_POINT('',(-245.7701617596,45.122542953038,
    144.59262383883));
#2558 = CARTESIAN_POINT('',(-234.1888664169,33.9226770536,
    150.11636127146));
#2559 = CARTESIAN_POINT('',(-224.2530046819,20.942827872654,
    151.94439431225));
#2560 = PCURVE('',#590,#2561);
#2561 = DEFINITIONAL_REPRESENTATION('',(#2562),#2588);
#2562 = B_SPLINE_CURVE_WITH_KNOTS('',3,(#2563,#2564,#2565,#2566,#2567,
    #2568,#2569,#2570,#2571,#2572,#2573,#2574,#2575,#2576,#2577,#2578,
    #2579,#2580,#2581,#2582,#2583,#2584,#2585,#2586,#2587),
  .UNSPECIFIED.,.F.,.F.,(4,1,1,1,1,1,1,1,1,1,1,1,1,1,1,1,1,1,1,1,1,1,4),
  (57.125125045733,60.155428076036,63.185731106339,66.216034136642,
    69.246337166946,72.276640197249,75.306943227552,78.337246257855,
    81.367549288158,84.397852318462,87.428155348765,90.458458379068,
    93.488761409371,96.519064439675,99.549367469978,102.57967050028,
    105.60997353058,108.64027656088,111.67057959119,114.70088262149,
    117.73118565179,120.7614886821,123.7917917124),
  .QUASI_UNIFORM_KNOTS.);
#2563 = CARTESIAN_POINT('',(-2.596177262342,-358.3333333333));
#2564 = CARTESIAN_POINT('',(-2.563121775321,-357.3232323232));
#2565 = CARTESIAN_POINT('',(-2.497010796582,-355.303030303));
#2566 = CARTESIAN_POINT('',(-2.397844337091,-352.2727272727));
#2567 = CARTESIAN_POINT('',(-2.29867793549,-349.2424242424));
#2568 = CARTESIAN_POINT('',(-2.199511548055,-346.2121212121));
#2569 = CARTESIAN_POINT('',(-2.100345138771,-343.1818181818));
#2570 = CARTESIAN_POINT('',(-2.001178692251,-340.1515151515));
#2571 = CARTESIAN_POINT('',(-1.902012219998,-337.1212121212));
#2572 = CARTESIAN_POINT('',(-1.802845747337,-334.0909090909));
#2573 = CARTESIAN_POINT('',(-1.703679297204,-331.0606060606));
#2574 = CARTESIAN_POINT('',(-1.604512877883,-328.0303030303));
#2575 = CARTESIAN_POINT('',(-1.505346479845,-325.));
#2576 = CARTESIAN_POINT('',(-1.406180081807,-321.9696969697));
#2577 = CARTESIAN_POINT('',(-1.307013662486,-318.9393939394));
#2578 = CARTESIAN_POINT('',(-1.207847212353,-315.909090909));
#2579 = CARTESIAN_POINT('',(-1.108680739692,-312.8787878787));
#2580 = CARTESIAN_POINT('',(-1.009514267439,-309.8484848484));
#2581 = CARTESIAN_POINT('',(-0.910347820919,-306.8181818181));
#2582 = CARTESIAN_POINT('',(-0.811181411635,-303.7878787878));
#2583 = CARTESIAN_POINT('',(-0.7120150242,-300.7575757575));
#2584 = CARTESIAN_POINT('',(-0.612848622599,-297.7272727272));
#2585 = CARTESIAN_POINT('',(-0.513682163108,-294.6969696969));
#2586 = CARTESIAN_POINT('',(-0.44757118437,-292.6767676767));
#2587 = CARTESIAN_POINT('',(-0.414515697349,-291.6666666666));
#2588 = ( GEOMETRIC_REPRESENTATION_CONTEXT(2) 
PARAMETRIC_REPRESENTATION_CONTEXT() REPRESENTATION_CONTEXT('2D SPACE',''
  ) );
#2589 = PCURVE('',#2590,#2609);
#2590 = B_SPLINE_SURFACE_WITH_KNOTS('',1,8,(
    (#2591,#2592,#2593,#2594,#2595,#2596,#2597,#2598,#2599)
    ,(#2600,#2601,#2602,#2603,#2604,#2605,#2606,#2607,#2608
  )),.UNSPECIFIED.,.F.,.F.,.F.,(2,2),(9,9),(0.,44.),(0.,66.666666666667)
  ,.PIECEWISE_BEZIER_KNOTS.);
#2591 = CARTESIAN_POINT('',(-207.8722130729,38.663682226439,
    188.73625465167));
#2592 = CARTESIAN_POINT('',(-219.7736757414,62.62648071434,
    182.49340963158));
#2593 = CARTESIAN_POINT('',(-234.7128619932,83.303156221015,
    169.42772573433));
#2594 = CARTESIAN_POINT('',(-252.2033063424,97.977770715623,
    150.63182233037));
#2595 = CARTESIAN_POINT('',(-271.2789125344,104.4574918418,
    128.27558713521));
#2596 = CARTESIAN_POINT('',(-290.6004605077,101.71171894283,
    105.36695765487));
#2597 = CARTESIAN_POINT('',(-308.7854730468,90.332465527479,
    85.011028554638));
#2598 = CARTESIAN_POINT('',(-324.7597019853,72.183773219851,
    69.620600720434));
#2599 = CARTESIAN_POINT('',(-337.8966550502,49.80223278341,
    60.602798836018));
#2600 = CARTESIAN_POINT('',(-224.2530046819,20.942827872654,
    151.94439431225));
#2601 = CARTESIAN_POINT('',(-234.1888664169,33.922677053601,
    150.11636127145));
#2602 = CARTESIAN_POINT('',(-245.7701617596,45.12254295305,
    144.59262383885));
#2603 = CARTESIAN_POINT('',(-258.7333885717,53.071292470962,
    135.96501750679));
#2604 = CARTESIAN_POINT('',(-272.5552447153,56.58114141431,
    125.40889812116));
#2605 = CARTESIAN_POINT('',(-286.5103193238,55.093847760704,
    114.55356516439));
#2606 = CARTESIAN_POINT('',(-299.849770572,48.930085494051,
    105.08094491351));
#2607 = CARTESIAN_POINT('',(-311.9917140367,39.099543827419,
    98.297971181734));
#2608 = CARTESIAN_POINT('',(-322.5967997364,26.976209424347,
    94.96683650609));
#2609 = DEFINITIONAL_REPRESENTATION('',(#2610),#2614);
#2610 = LINE('',#2611,#2612);
#2611 = CARTESIAN_POINT('',(44.,123.79179171239));
#2612 = VECTOR('',#2613,1.);
#2613 = DIRECTION('',(-3.19744231092E-16,-1.));
#2614 = ( GEOMETRIC_REPRESENTATION_CONTEXT(2) 
PARAMETRIC_REPRESENTATION_CONTEXT() REPRESENTATION_CONTEXT('2D SPACE',''
  ) );
#2615 = ORIENTED_EDGE('',*,*,#2616,.F.);
#2616 = EDGE_CURVE('',#570,#2547,#2617,.T.);
#2617 = SURFACE_CURVE('',#2618,(#2628,#2657),.PCURVE_S1.);
#2618 = B_SPLINE_CURVE_WITH_KNOTS('',8,(#2619,#2620,#2621,#2622,#2623,
    #2624,#2625,#2626,#2627),.UNSPECIFIED.,.F.,.F.,(9,9),(
    57.125125036105,123.79179170277),.PIECEWISE_BEZIER_KNOTS.);
#2619 = CARTESIAN_POINT('',(-364.034886897,-51.8886640084,
    165.80159127475));
#2620 = CARTESIAN_POINT('',(-362.1775097298,-52.81613271467,
    149.48505089902));
#2621 = CARTESIAN_POINT('',(-360.4377272213,-49.33333676964,
    132.90438859524));
#2622 = CARTESIAN_POINT('',(-358.1631125064,-41.33562768361,
    117.52497909499));
#2623 = CARTESIAN_POINT('',(-354.6835029944,-29.41576449161,
    104.8520322208));
#2624 = CARTESIAN_POINT('',(-349.4625387742,-14.89795495083,
    96.090232058648));
#2625 = CARTESIAN_POINT('',(-342.2701358696,0.436656726232,
    91.756355678576));
#2626 = CARTESIAN_POINT('',(-333.2018854362,14.852875021277,
    91.635701830443));
#2627 = CARTESIAN_POINT('',(-322.5967997364,26.976209424347,
    94.96683650609));
#2628 = PCURVE('',#590,#2629);
#2629 = DEFINITIONAL_REPRESENTATION('',(#2630),#2656);
#2630 = B_SPLINE_CURVE_WITH_KNOTS('',3,(#2631,#2632,#2633,#2634,#2635,
    #2636,#2637,#2638,#2639,#2640,#2641,#2642,#2643,#2644,#2645,#2646,
    #2647,#2648,#2649,#2650,#2651,#2652,#2653,#2654,#2655),
  .UNSPECIFIED.,.F.,.F.,(4,1,1,1,1,1,1,1,1,1,1,1,1,1,1,1,1,1,1,1,1,1,4),
  (57.125125036105,60.155428066408,63.185731096712,66.216034127015,
    69.246337157318,72.276640187621,75.306943217924,78.337246248227,
    81.36754927853,84.397852308833,87.428155339136,90.45845836944,
    93.488761399743,96.519064430046,99.549367460349,102.57967049065,
    105.60997352095,108.64027655125,111.67057958156,114.70088261186,
    117.73118564216,120.76148867247,123.79179170277),
  .QUASI_UNIFORM_KNOTS.);
#2631 = CARTESIAN_POINT('',(-4.777838827334,-425.));
#2632 = CARTESIAN_POINT('',(-4.744783340314,-423.9898989898));
#2633 = CARTESIAN_POINT('',(-4.678672361575,-421.9696969696));
#2634 = CARTESIAN_POINT('',(-4.579505902084,-418.9393939393));
#2635 = CARTESIAN_POINT('',(-4.480339500483,-415.909090909));
#2636 = CARTESIAN_POINT('',(-4.381173113048,-412.8787878787));
#2637 = CARTESIAN_POINT('',(-4.282006703764,-409.8484848484));
#2638 = CARTESIAN_POINT('',(-4.182840257244,-406.8181818181));
#2639 = CARTESIAN_POINT('',(-4.08367378499,-403.7878787878));
#2640 = CARTESIAN_POINT('',(-3.984507312329,-400.7575757575));
#2641 = CARTESIAN_POINT('',(-3.885340862196,-397.7272727272));
#2642 = CARTESIAN_POINT('',(-3.786174442875,-394.6969696969));
#2643 = CARTESIAN_POINT('',(-3.687008044838,-391.6666666666));
#2644 = CARTESIAN_POINT('',(-3.5878416468,-388.6363636363));
#2645 = CARTESIAN_POINT('',(-3.48867522748,-385.606060606));
#2646 = CARTESIAN_POINT('',(-3.389508777347,-382.5757575757));
#2647 = CARTESIAN_POINT('',(-3.290342304686,-379.5454545454));
#2648 = CARTESIAN_POINT('',(-3.191175832432,-376.5151515151));
#2649 = CARTESIAN_POINT('',(-3.092009385912,-373.4848484848));
#2650 = CARTESIAN_POINT('',(-2.992842976628,-370.4545454545));
#2651 = CARTESIAN_POINT('',(-2.893676589193,-367.4242424242));
#2652 = CARTESIAN_POINT('',(-2.794510187592,-364.3939393939));
#2653 = CARTESIAN_POINT('',(-2.695343728101,-361.3636363636));
#2654 = CARTESIAN_POINT('',(-2.629232749363,-359.3434343434));
#2655 = CARTESIAN_POINT('',(-2.596177262342,-358.3333333333));
#2656 = ( GEOMETRIC_REPRESENTATION_CONTEXT(2) 
PARAMETRIC_REPRESENTATION_CONTEXT() REPRESENTATION_CONTEXT('2D SPACE',''
  ) );
#2657 = PCURVE('',#616,#2658);
#2658 = DEFINITIONAL_REPRESENTATION('',(#2659),#2663);
#2659 = LINE('',#2660,#2661);
#2660 = CARTESIAN_POINT('',(44.,123.79179170277));
#2661 = VECTOR('',#2662,1.);
#2662 = DIRECTION('',(-2.13162820728E-16,-1.));
#2663 = ( GEOMETRIC_REPRESENTATION_CONTEXT(2) 
PARAMETRIC_REPRESENTATION_CONTEXT() REPRESENTATION_CONTEXT('2D SPACE',''
  ) );
#2664 = ORIENTED_EDGE('',*,*,#567,.F.);
#2665 = ORIENTED_EDGE('',*,*,#2666,.F.);
#2666 = EDGE_CURVE('',#2169,#568,#2667,.T.);
#2667 = SURFACE_CURVE('',#2668,(#2672,#2679),.PCURVE_S1.);
#2668 = LINE('',#2669,#2670);
#2669 = CARTESIAN_POINT('',(43.988941881007,0.,37.33594772052));
#2670 = VECTOR('',#2671,1.);
#2671 = DIRECTION('',(-0.913545457643,0.,0.406736643076));
#2672 = PCURVE('',#590,#2673);
#2673 = DEFINITIONAL_REPRESENTATION('',(#2674),#2678);
#2674 = LINE('',#2675,#2676);
#2675 = CARTESIAN_POINT('',(-6.28318530718,0.));
#2676 = VECTOR('',#2677,1.);
#2677 = DIRECTION('',(-0.,-1.));
#2678 = ( GEOMETRIC_REPRESENTATION_CONTEXT(2) 
PARAMETRIC_REPRESENTATION_CONTEXT() REPRESENTATION_CONTEXT('2D SPACE',''
  ) );
#2679 = PCURVE('',#1004,#2680);
#2680 = DEFINITIONAL_REPRESENTATION('',(#2681),#2685);
#2681 = LINE('',#2682,#2683);
#2682 = CARTESIAN_POINT('',(-0.,0.));
#2683 = VECTOR('',#2684,1.);
#2684 = DIRECTION('',(-0.,-1.));
#2685 = ( GEOMETRIC_REPRESENTATION_CONTEXT(2) 
PARAMETRIC_REPRESENTATION_CONTEXT() REPRESENTATION_CONTEXT('2D SPACE',''
  ) );
#2686 = ADVANCED_FACE('',(#2687),#1004,.F.);
#2687 = FACE_BOUND('',#2688,.T.);
#2688 = EDGE_LOOP('',(#2689,#2740,#2741,#2742));
#2689 = ORIENTED_EDGE('',*,*,#2690,.F.);
#2690 = EDGE_CURVE('',#2169,#2691,#2693,.T.);
#2691 = VERTEX_POINT('',#2692);
#2692 = CARTESIAN_POINT('',(-285.3464660291,21.976149610516,
    178.63245585308));
#2693 = SURFACE_CURVE('',#2694,(#2704,#2733),.PCURVE_S1.);
#2694 = B_SPLINE_CURVE_WITH_KNOTS('',8,(#2695,#2696,#2697,#2698,#2699,
    #2700,#2701,#2702,#2703),.UNSPECIFIED.,.F.,.F.,(9,9),(
    53.333329905703,66.666666666667),.PIECEWISE_BEZIER_KNOTS.);
#2695 = CARTESIAN_POINT('',(-271.1842374517,-4.069120787431E-06,
    177.66008913671));
#2696 = CARTESIAN_POINT('',(-272.7068135416,2.836155991748,
    178.33798386049));
#2697 = CARTESIAN_POINT('',(-274.3012955024,5.672315530919,
    178.85437535387));
#2698 = CARTESIAN_POINT('',(-275.9676833188,8.495618384956,
    179.20926365143));
#2699 = CARTESIAN_POINT('',(-277.7055205802,11.293208696177,
    179.40367386796));
#2700 = CARTESIAN_POINT('',(-279.5138944659,14.052353346556,
    179.43965623227));
#2701 = CARTESIAN_POINT('',(-281.3914430313,16.760564105373,
    179.32026972235));
#2702 = CARTESIAN_POINT('',(-283.336369912,19.405715025185,
    179.04954903871));
#2703 = CARTESIAN_POINT('',(-285.3464660291,21.976149610516,
    178.63245585308));
#2704 = PCURVE('',#1004,#2705);
#2705 = DEFINITIONAL_REPRESENTATION('',(#2706),#2732);
#2706 = B_SPLINE_CURVE_WITH_KNOTS('',3,(#2707,#2708,#2709,#2710,#2711,
    #2712,#2713,#2714,#2715,#2716,#2717,#2718,#2719,#2720,#2721,#2722,
    #2723,#2724,#2725,#2726,#2727,#2728,#2729,#2730,#2731),
  .UNSPECIFIED.,.F.,.F.,(4,1,1,1,1,1,1,1,1,1,1,1,1,1,1,1,1,1,1,1,1,1,4),
  (53.333329905703,53.939390667565,54.545451429427,55.151512191289,
    55.757572953151,56.363633715013,56.969694476875,57.575755238737,
    58.181816000599,58.787876762461,59.393937524323,59.999998286185,
    60.606059048047,61.212119809909,61.818180571771,62.424241333633,
    63.030302095495,63.636362857357,64.242423619219,64.848484381081,
    65.454545142943,66.060605904805,66.666666666667),
  .QUASI_UNIFORM_KNOTS.);
#2707 = CARTESIAN_POINT('',(7.82523210674E-08,-344.9999965723));
#2708 = CARTESIAN_POINT('',(-6.61101733192E-03,-345.2020168263));
#2709 = CARTESIAN_POINT('',(-1.98332080963E-02,-345.6060573342));
#2710 = CARTESIAN_POINT('',(-3.966649323544E-02,-346.212118096));
#2711 = CARTESIAN_POINT('',(-5.949977755704E-02,-346.8181788579));
#2712 = CARTESIAN_POINT('',(-7.93330613035E-02,-347.4242396198));
#2713 = CARTESIAN_POINT('',(-9.916634474561E-02,-348.0303003816));
#2714 = CARTESIAN_POINT('',(-0.118999628181,-348.6363611435));
#2715 = CARTESIAN_POINT('',(-0.138832911925,-349.2424219054));
#2716 = CARTESIAN_POINT('',(-0.158666196298,-349.8484826672));
#2717 = CARTESIAN_POINT('',(-0.17849948162,-350.4545434291));
#2718 = CARTESIAN_POINT('',(-0.198332768191,-351.0606041909));
#2719 = CARTESIAN_POINT('',(-0.218166056277,-351.6666649528));
#2720 = CARTESIAN_POINT('',(-0.237999346096,-352.2727257147));
#2721 = CARTESIAN_POINT('',(-0.257832637801,-352.8787864765));
#2722 = CARTESIAN_POINT('',(-0.277665931454,-353.4848472384));
#2723 = CARTESIAN_POINT('',(-0.297499227013,-354.0909080003));
#2724 = CARTESIAN_POINT('',(-0.31733252431,-354.6969687621));
#2725 = CARTESIAN_POINT('',(-0.337165823027,-355.303029524));
#2726 = CARTESIAN_POINT('',(-0.356999122675,-355.9090902859));
#2727 = CARTESIAN_POINT('',(-0.376832422579,-356.5151510477));
#2728 = CARTESIAN_POINT('',(-0.396665721846,-357.1212118096));
#2729 = CARTESIAN_POINT('',(-0.416499019381,-357.7272725715));
#2730 = CARTESIAN_POINT('',(-0.429721215626,-358.1313130793));
#2731 = CARTESIAN_POINT('',(-0.436332312999,-358.3333333333));
#2732 = ( GEOMETRIC_REPRESENTATION_CONTEXT(2) 
PARAMETRIC_REPRESENTATION_CONTEXT() REPRESENTATION_CONTEXT('2D SPACE',''
  ) );
#2733 = PCURVE('',#2212,#2734);
#2734 = DEFINITIONAL_REPRESENTATION('',(#2735),#2739);
#2735 = LINE('',#2736,#2737);
#2736 = CARTESIAN_POINT('',(6.333170619512E-15,-2.84217094304E-14));
#2737 = VECTOR('',#2738,1.);
#2738 = DIRECTION('',(-9.500965870091E-16,1.));
#2739 = ( GEOMETRIC_REPRESENTATION_CONTEXT(2) 
PARAMETRIC_REPRESENTATION_CONTEXT() REPRESENTATION_CONTEXT('2D SPACE',''
  ) );
#2740 = ORIENTED_EDGE('',*,*,#2666,.T.);
#2741 = ORIENTED_EDGE('',*,*,#985,.F.);
#2742 = ORIENTED_EDGE('',*,*,#2743,.F.);
#2743 = EDGE_CURVE('',#2691,#946,#2744,.T.);
#2744 = SURFACE_CURVE('',#2745,(#2755,#2784),.PCURVE_S1.);
#2745 = B_SPLINE_CURVE_WITH_KNOTS('',8,(#2746,#2747,#2748,#2749,#2750,
    #2751,#2752,#2753,#2754),.UNSPECIFIED.,.F.,.F.,(9,9),(0.,
    66.666666666648),.PIECEWISE_BEZIER_KNOTS.);
#2746 = CARTESIAN_POINT('',(-285.3464660291,21.976149610516,
    178.63245585308));
#2747 = CARTESIAN_POINT('',(-295.396944031,34.828319233219,
    176.54699046192));
#2748 = CARTESIAN_POINT('',(-307.0766704349,45.812678089729,
    170.802173246));
#2749 = CARTESIAN_POINT('',(-320.1091525729,53.472575825333,
    162.01901690528));
#2750 = CARTESIAN_POINT('',(-333.9606737325,56.648577658207,
    151.39626880231));
#2751 = CARTESIAN_POINT('',(-347.901042443,54.821481048866,
    140.57396583365));
#2752 = CARTESIAN_POINT('',(-361.1844403951,48.352047000066,
    131.22724334734));
#2753 = CARTESIAN_POINT('',(-373.2380805229,38.280933195333,
    124.64260215714));
#2754 = CARTESIAN_POINT('',(-383.7348848658,26.,121.55467139114));
#2755 = PCURVE('',#1004,#2756);
#2756 = DEFINITIONAL_REPRESENTATION('',(#2757),#2783);
#2757 = B_SPLINE_CURVE_WITH_KNOTS('',3,(#2758,#2759,#2760,#2761,#2762,
    #2763,#2764,#2765,#2766,#2767,#2768,#2769,#2770,#2771,#2772,#2773,
    #2774,#2775,#2776,#2777,#2778,#2779,#2780,#2781,#2782),
  .UNSPECIFIED.,.F.,.F.,(4,1,1,1,1,1,1,1,1,1,1,1,1,1,1,1,1,1,1,1,1,1,4),
  (0.,3.030303030302,6.060606060604,9.090909090907,12.121212121209,
    15.151515151511,18.181818181813,21.212121212115,24.242424242417,
    27.27272727272,30.303030303022,33.333333333324,36.363636363626,
    39.393939393928,42.42424242423,45.454545454533,48.484848484835,
    51.515151515137,54.545454545439,57.575757575741,60.606060606043,
    63.636363636346,66.666666666648),.QUASI_UNIFORM_KNOTS.);
#2758 = CARTESIAN_POINT('',(-0.436332312999,-358.3333333333));
#2759 = CARTESIAN_POINT('',(-0.46938780002,-359.3434343434));
#2760 = CARTESIAN_POINT('',(-0.535498778758,-361.3636363636));
#2761 = CARTESIAN_POINT('',(-0.634665238249,-364.3939393939));
#2762 = CARTESIAN_POINT('',(-0.73383163985,-367.4242424242));
#2763 = CARTESIAN_POINT('',(-0.832998027285,-370.4545454545));
#2764 = CARTESIAN_POINT('',(-0.932164436569,-373.4848484848));
#2765 = CARTESIAN_POINT('',(-1.031330883088,-376.5151515151));
#2766 = CARTESIAN_POINT('',(-1.130497355342,-379.5454545454));
#2767 = CARTESIAN_POINT('',(-1.229663828003,-382.5757575757));
#2768 = CARTESIAN_POINT('',(-1.328830278136,-385.606060606));
#2769 = CARTESIAN_POINT('',(-1.427996697457,-388.6363636363));
#2770 = CARTESIAN_POINT('',(-1.527163095495,-391.6666666666));
#2771 = CARTESIAN_POINT('',(-1.626329493532,-394.6969696969));
#2772 = CARTESIAN_POINT('',(-1.725495912853,-397.7272727272));
#2773 = CARTESIAN_POINT('',(-1.824662362986,-400.7575757575));
#2774 = CARTESIAN_POINT('',(-1.923828835647,-403.7878787878));
#2775 = CARTESIAN_POINT('',(-2.022995307901,-406.8181818181));
#2776 = CARTESIAN_POINT('',(-2.122161754421,-409.8484848484));
#2777 = CARTESIAN_POINT('',(-2.221328163705,-412.8787878787));
#2778 = CARTESIAN_POINT('',(-2.32049455114,-415.909090909));
#2779 = CARTESIAN_POINT('',(-2.419660952741,-418.9393939393));
#2780 = CARTESIAN_POINT('',(-2.518827412232,-421.9696969696));
#2781 = CARTESIAN_POINT('',(-2.584938390971,-423.9898989898));
#2782 = CARTESIAN_POINT('',(-2.617993877991,-425.));
#2783 = ( GEOMETRIC_REPRESENTATION_CONTEXT(2) 
PARAMETRIC_REPRESENTATION_CONTEXT() REPRESENTATION_CONTEXT('2D SPACE',''
  ) );
#2784 = PCURVE('',#959,#2785);
#2785 = DEFINITIONAL_REPRESENTATION('',(#2786),#2790);
#2786 = LINE('',#2787,#2788);
#2787 = CARTESIAN_POINT('',(3.015655913906E-15,-2.610551791692E-14));
#2788 = VECTOR('',#2789,1.);
#2789 = DIRECTION('',(8.417676536212E-16,1.));
#2790 = ( GEOMETRIC_REPRESENTATION_CONTEXT(2) 
PARAMETRIC_REPRESENTATION_CONTEXT() REPRESENTATION_CONTEXT('2D SPACE',''
  ) );
#2791 = ADVANCED_FACE('',(#2792),#959,.F.);
#2792 = FACE_BOUND('',#2793,.F.);
#2793 = EDGE_LOOP('',(#2794,#2795,#2817,#2844));
#2794 = ORIENTED_EDGE('',*,*,#2743,.F.);
#2795 = ORIENTED_EDGE('',*,*,#2796,.T.);
#2796 = EDGE_CURVE('',#2691,#2797,#2799,.T.);
#2797 = VERTEX_POINT('',#2798);
#2798 = CARTESIAN_POINT('',(-269.1268082058,40.571353127107,
    215.06240378431));
#2799 = SURFACE_CURVE('',#2800,(#2803,#2810),.PCURVE_S1.);
#2800 = B_SPLINE_CURVE_WITH_KNOTS('',1,(#2801,#2802),.UNSPECIFIED.,.F.,
  .F.,(2,2),(0.,44.),.PIECEWISE_BEZIER_KNOTS.);
#2801 = CARTESIAN_POINT('',(-285.3464660291,21.976149610516,
    178.63245585308));
#2802 = CARTESIAN_POINT('',(-269.1268082058,40.571353127107,
    215.06240378431));
#2803 = PCURVE('',#959,#2804);
#2804 = DEFINITIONAL_REPRESENTATION('',(#2805),#2809);
#2805 = LINE('',#2806,#2807);
#2806 = CARTESIAN_POINT('',(0.,0.));
#2807 = VECTOR('',#2808,1.);
#2808 = DIRECTION('',(1.,0.));
#2809 = ( GEOMETRIC_REPRESENTATION_CONTEXT(2) 
PARAMETRIC_REPRESENTATION_CONTEXT() REPRESENTATION_CONTEXT('2D SPACE',''
  ) );
#2810 = PCURVE('',#2212,#2811);
#2811 = DEFINITIONAL_REPRESENTATION('',(#2812),#2816);
#2812 = LINE('',#2813,#2814);
#2813 = CARTESIAN_POINT('',(0.,66.666666666667));
#2814 = VECTOR('',#2815,1.);
#2815 = DIRECTION('',(1.,0.));
#2816 = ( GEOMETRIC_REPRESENTATION_CONTEXT(2) 
PARAMETRIC_REPRESENTATION_CONTEXT() REPRESENTATION_CONTEXT('2D SPACE',''
  ) );
#2817 = ORIENTED_EDGE('',*,*,#2818,.T.);
#2818 = EDGE_CURVE('',#2797,#851,#2819,.T.);
#2819 = SURFACE_CURVE('',#2820,(#2830,#2837),.PCURVE_S1.);
#2820 = B_SPLINE_CURVE_WITH_KNOTS('',8,(#2821,#2822,#2823,#2824,#2825,
    #2826,#2827,#2828,#2829),.UNSPECIFIED.,.F.,.F.,(9,9),(0.,
    66.666666666667),.PIECEWISE_BEZIER_KNOTS.);
#2821 = CARTESIAN_POINT('',(-269.1268082058,40.571353127107,
    215.06240378431));
#2822 = CARTESIAN_POINT('',(-281.2398701362,64.298435507487,
    208.34429904048));
#2823 = CARTESIAN_POINT('',(-296.3607752703,84.577251857972,
    194.87046785093));
#2824 = CARTESIAN_POINT('',(-313.9790756058,98.718601523705,
    175.78739520022));
#2825 = CARTESIAN_POINT('',(-333.1094479816,104.58198952288,
    153.30815314226));
#2826 = CARTESIAN_POINT('',(-352.4038466043,101.20888809014,
    130.46050210162));
#2827 = CARTESIAN_POINT('',(-370.4853761351,89.265317538597,
    110.33699964354));
#2828 = CARTESIAN_POINT('',(-386.2965835288,70.672492052928,
    95.312724193849));
#2829 = CARTESIAN_POINT('',(-399.2336325501,48.,86.743914142604));
#2830 = PCURVE('',#959,#2831);
#2831 = DEFINITIONAL_REPRESENTATION('',(#2832),#2836);
#2832 = LINE('',#2833,#2834);
#2833 = CARTESIAN_POINT('',(44.,0.));
#2834 = VECTOR('',#2835,1.);
#2835 = DIRECTION('',(0.,1.));
#2836 = ( GEOMETRIC_REPRESENTATION_CONTEXT(2) 
PARAMETRIC_REPRESENTATION_CONTEXT() REPRESENTATION_CONTEXT('2D SPACE',''
  ) );
#2837 = PCURVE('',#874,#2838);
#2838 = DEFINITIONAL_REPRESENTATION('',(#2839),#2843);
#2839 = LINE('',#2840,#2841);
#2840 = CARTESIAN_POINT('',(0.,0.));
#2841 = VECTOR('',#2842,1.);
#2842 = DIRECTION('',(0.,1.));
#2843 = ( GEOMETRIC_REPRESENTATION_CONTEXT(2) 
PARAMETRIC_REPRESENTATION_CONTEXT() REPRESENTATION_CONTEXT('2D SPACE',''
  ) );
#2844 = ORIENTED_EDGE('',*,*,#945,.F.);
#2845 = ADVANCED_FACE('',(#2846),#874,.F.);
#2846 = FACE_BOUND('',#2847,.F.);
#2847 = EDGE_LOOP('',(#2848,#2849,#2940,#2967));
#2848 = ORIENTED_EDGE('',*,*,#2818,.F.);
#2849 = ORIENTED_EDGE('',*,*,#2850,.T.);
#2850 = EDGE_CURVE('',#2797,#2851,#2853,.T.);
#2851 = VERTEX_POINT('',#2852);
#2852 = CARTESIAN_POINT('',(-270.2818503864,46.174921816261,
    212.46813657121));
#2853 = SURFACE_CURVE('',#2854,(#2862,#2869),.PCURVE_S1.);
#2854 = ( BOUNDED_CURVE() B_SPLINE_CURVE(6,(#2855,#2856,#2857,#2858,
#2859,#2860,#2861),.UNSPECIFIED.,.F.,.F.) B_SPLINE_CURVE_WITH_KNOTS((7,7
),(0.,6.544984694977E-02),.PIECEWISE_BEZIER_KNOTS.) CURVE() 
GEOMETRIC_REPRESENTATION_ITEM() RATIONAL_B_SPLINE_CURVE((1.000053547667,
    1.000017847948,0.999996430156,0.999989291231,0.999996430156,
1.000017847948,1.000053547667)) REPRESENTATION_ITEM('') );
#2855 = CARTESIAN_POINT('',(-269.1268082058,40.571353127107,
    215.06240378431));
#2856 = CARTESIAN_POINT('',(-269.3316848053,41.489492014298,
    214.60224340763));
#2857 = CARTESIAN_POINT('',(-269.5316641954,42.414185234343,
    214.15308234356));
#2858 = CARTESIAN_POINT('',(-269.7267075643,43.345254887733,
    213.71500776452));
#2859 = CARTESIAN_POINT('',(-269.9167772272,44.282521614691,
    213.28810431198));
#2860 = CARTESIAN_POINT('',(-270.1018366356,45.225804639644,
    212.87245407524));
#2861 = CARTESIAN_POINT('',(-270.2818503864,46.174921816261,
    212.46813657121));
#2862 = PCURVE('',#874,#2863);
#2863 = DEFINITIONAL_REPRESENTATION('',(#2864),#2868);
#2864 = LINE('',#2865,#2866);
#2865 = CARTESIAN_POINT('',(0.,0.));
#2866 = VECTOR('',#2867,1.);
#2867 = DIRECTION('',(1.,0.));
#2868 = ( GEOMETRIC_REPRESENTATION_CONTEXT(2) 
PARAMETRIC_REPRESENTATION_CONTEXT() REPRESENTATION_CONTEXT('2D SPACE',''
  ) );
#2869 = PCURVE('',#2870,#2934);
#2870 = ( BOUNDED_SURFACE() B_SPLINE_SURFACE(6,8,(
    (#2871,#2872,#2873,#2874,#2875,#2876,#2877,#2878,#2879)
    ,(#2880,#2881,#2882,#2883,#2884,#2885,#2886,#2887,#2888)
    ,(#2889,#2890,#2891,#2892,#2893,#2894,#2895,#2896,#2897)
    ,(#2898,#2899,#2900,#2901,#2902,#2903,#2904,#2905,#2906)
    ,(#2907,#2908,#2909,#2910,#2911,#2912,#2913,#2914,#2915)
    ,(#2916,#2917,#2918,#2919,#2920,#2921,#2922,#2923,#2924)
    ,(#2925,#2926,#2927,#2928,#2929,#2930,#2931,#2932,#2933
)),.UNSPECIFIED.,.F.,.F.,.F.) B_SPLINE_SURFACE_WITH_KNOTS((7,7),(9,9),(
    0.,6.544984694977E-02),(0.,66.666666666667),
.PIECEWISE_BEZIER_KNOTS.) GEOMETRIC_REPRESENTATION_ITEM() 
RATIONAL_B_SPLINE_SURFACE((
    (1.000053547667,1.000053547667,1.000053547667,1.000053547667
      ,1.000053547667,1.000053547667,1.000053547667,1.000053547667
      ,1.000053547667)
    ,(1.000017847948,1.000017847948,1.000017847948,1.000017847948
      ,1.000017847948,1.000017847948,1.000017847948,1.000017847948
      ,1.000017847948)
    ,(0.999996430156,0.999996430156,0.999996430156,0.999996430156
      ,0.999996430156,0.999996430156,0.999996430156,0.999996430156
      ,0.999996430156)
    ,(0.999989291231,0.999989291231,0.999989291231,0.999989291231
      ,0.999989291231,0.999989291231,0.999989291231,0.999989291231
      ,0.999989291231)
    ,(0.999996430156,0.999996430156,0.999996430156,0.999996430156
      ,0.999996430156,0.999996430156,0.999996430156,0.999996430156
      ,0.999996430156)
    ,(1.000017847948,1.000017847948,1.000017847948,1.000017847948
      ,1.000017847948,1.000017847948,1.000017847948,1.000017847948
      ,1.000017847948)
    ,(1.000053547667,1.000053547667,1.000053547667,1.000053547667
      ,1.000053547667,1.000053547667,1.000053547667,1.000053547667
,1.000053547667))) REPRESENTATION_ITEM('') SURFACE() );
#2871 = CARTESIAN_POINT('',(-250.3925134166,-94.54154428917,
    93.234096442402));
#2872 = CARTESIAN_POINT('',(-247.5188240326,-99.08764294973,
    120.17678627206));
#2873 = CARTESIAN_POINT('',(-244.0687970167,-95.59821628619,
    148.41395161715));
#2874 = CARTESIAN_POINT('',(-241.2311989106,-83.558824926,
    175.27557910947));
#2875 = CARTESIAN_POINT('',(-240.284356166,-63.72613455006,
    197.89050052948));
#2876 = CARTESIAN_POINT('',(-242.3208375536,-38.26526889274,
    213.80476623992));
#2877 = CARTESIAN_POINT('',(-247.9084937117,-10.33125606784,
    221.74296282531));
#2878 = CARTESIAN_POINT('',(-257.0137462754,16.844270746728,
    221.78050852815));
#2879 = CARTESIAN_POINT('',(-269.1268082058,40.571353127107,
    215.06240378431));
#2880 = CARTESIAN_POINT('',(-249.9690962903,-94.6555534838,
    94.185106878811));
#2881 = CARTESIAN_POINT('',(-247.0827609822,-98.91776056299,
    121.15619991907));
#2882 = CARTESIAN_POINT('',(-243.656076261,-95.13475105875,
    149.34093761187));
#2883 = CARTESIAN_POINT('',(-240.8792381909,-82.82426714697,
    176.06609582894));
#2884 = CARTESIAN_POINT('',(-240.0263110727,-62.77664602907,
    198.47007929837));
#2885 = CARTESIAN_POINT('',(-242.1794981559,-37.18470671389,
    214.12221972473));
#2886 = CARTESIAN_POINT('',(-247.8922761556,-9.216423494164,
    221.77938805283));
#2887 = CARTESIAN_POINT('',(-257.1167827143,17.899774747928,
    221.54908489728));
#2888 = CARTESIAN_POINT('',(-269.3316848053,41.489492014298,
    214.60224340763));
#2889 = CARTESIAN_POINT('',(-249.5463043209,-94.78318488194,
    95.134713189829));
#2890 = CARTESIAN_POINT('',(-246.6458121109,-98.76191953328,
    122.13760315219));
#2891 = CARTESIAN_POINT('',(-243.240905566,-94.68458852658,
    150.27342626036));
#2892 = CARTESIAN_POINT('',(-240.523381555,-82.10106820031,
    176.86536291928));
#2893 = CARTESIAN_POINT('',(-239.7632216875,-61.83550300524,
    199.06098773236));
#2894 = CARTESIAN_POINT('',(-242.0324115931,-36.10873963798,
    214.45258155367));
#2895 = CARTESIAN_POINT('',(-247.8701236087,-8.102160620198,
    221.82914348778));
#2896 = CARTESIAN_POINT('',(-257.2141949357,18.958549614073,
    221.3302934657));
#2897 = CARTESIAN_POINT('',(-269.5316641954,42.414185234343,
    214.15308234356));
#2898 = CARTESIAN_POINT('',(-249.1242190422,-94.92441460983,
    96.082732247403));
#2899 = CARTESIAN_POINT('',(-246.2080616008,-98.62015065346,
    123.12080689567));
#2900 = CARTESIAN_POINT('',(-242.8233648317,-94.2478161785,
    151.2112381041));
#2901 = CARTESIAN_POINT('',(-240.1636973919,-81.38936810318,
    177.67322677658));
#2902 = CARTESIAN_POINT('',(-239.4951384553,-60.90288734682,
    199.66311253037));
#2903 = CARTESIAN_POINT('',(-241.879605911,-35.03757532211,
    214.79578873497));
#2904 = CARTESIAN_POINT('',(-247.8420400236,-6.988682269693,
    221.89222025269));
#2905 = CARTESIAN_POINT('',(-257.3059638607,20.020391423311,
    221.12417708558));
#2906 = CARTESIAN_POINT('',(-269.7267075643,43.345254887733,
    213.71500776452));
#2907 = CARTESIAN_POINT('',(-248.7029218284,-95.07921568671,
    97.028981282402));
#2908 = CARTESIAN_POINT('',(-245.7695938186,-98.49248150221,
    124.10562165865));
#2909 = CARTESIAN_POINT('',(-242.4035345013,-93.82451844608,
    152.15419246487));
#2910 = CARTESIAN_POINT('',(-239.8002549662,-80.68930424866,
    178.48953182994));
#2911 = CARTESIAN_POINT('',(-239.2221129628,-59.9789789777,
    200.27633782665));
#2912 = CARTESIAN_POINT('',(-241.7211104624,-33.97142033039,
    215.15177534113));
#2913 = CARTESIAN_POINT('',(-247.8080307078,-5.876203091491,
    221.96860642666));
#2914 = CARTESIAN_POINT('',(-257.3920716989,21.085095549056,
    220.93077571434));
#2915 = CARTESIAN_POINT('',(-269.9167772272,44.282521614691,
    213.28810431198));
#2916 = CARTESIAN_POINT('',(-248.2824938734,-95.24755803125,
    97.973277930081));
#2917 = CARTESIAN_POINT('',(-245.330493295,-98.37893643697,
    125.0918575822));
#2918 = CARTESIAN_POINT('',(-241.9814955411,-93.41477668247,
    153.10210748961));
#2919 = CARTESIAN_POINT('',(-239.4331244011,-80.00101137137,
    179.31412057997));
#2920 = CARTESIAN_POINT('',(-238.944197926,-59.06395583243,
    200.90054521943));
#2921 = CARTESIAN_POINT('',(-241.5569558999,-32.91048008247,
    215.520472525));
#2922 = CARTESIAN_POINT('',(-247.7681023226,-4.764937506163,
    222.05828704809));
#2923 = CARTESIAN_POINT('',(-257.4725019536,22.152456710787,
    220.7501264045));
#2924 = CARTESIAN_POINT('',(-270.1018366356,45.225804639644,
    212.87245407524));
#2925 = CARTESIAN_POINT('',(-247.863016171,-95.42940846934,
    98.915440275373));
#2926 = CARTESIAN_POINT('',(-244.8908447034,-98.27953658812,
    126.07932448654));
#2927 = CARTESIAN_POINT('',(-241.5573294201,-93.01866914239,
    154.05480019565));
#2928 = CARTESIAN_POINT('',(-239.062376661,-79.32462151425,
    180.14683363807));
#2929 = CARTESIAN_POINT('',(-238.6614471765,-58.15799381223,
    201.5356138005));
#2930 = CARTESIAN_POINT('',(-241.3871741686,-31.85495880261,
    215.90180853717));
#2931 = CARTESIAN_POINT('',(-247.7222628814,-3.655099652729,
    222.16124411866));
#2932 = CARTESIAN_POINT('',(-257.5472394253,23.222269025125,
    220.58226329468));
#2933 = CARTESIAN_POINT('',(-270.2818503864,46.174921816261,
    212.46813657121));
#2934 = DEFINITIONAL_REPRESENTATION('',(#2935),#2939);
#2935 = LINE('',#2936,#2937);
#2936 = CARTESIAN_POINT('',(0.,66.666666666667));
#2937 = VECTOR('',#2938,1.);
#2938 = DIRECTION('',(1.,0.));
#2939 = ( GEOMETRIC_REPRESENTATION_CONTEXT(2) 
PARAMETRIC_REPRESENTATION_CONTEXT() REPRESENTATION_CONTEXT('2D SPACE',''
  ) );
#2940 = ORIENTED_EDGE('',*,*,#2941,.T.);
#2941 = EDGE_CURVE('',#2851,#811,#2942,.T.);
#2942 = SURFACE_CURVE('',#2943,(#2953,#2960),.PCURVE_S1.);
#2943 = ( BOUNDED_CURVE() B_SPLINE_CURVE(8,(#2944,#2945,#2946,#2947,
    #2948,#2949,#2950,#2951,#2952),.UNSPECIFIED.,.F.,.F.) 
B_SPLINE_CURVE_WITH_KNOTS((9,9),(0.,66.666666666667),
.PIECEWISE_BEZIER_KNOTS.) CURVE() GEOMETRIC_REPRESENTATION_ITEM() 
RATIONAL_B_SPLINE_CURVE((1.000053547667,1.000053547667,1.000053547667,
    1.000053547667,1.000053547667,1.000053547667,1.000053547667,
1.000053547667,1.000053547667)) REPRESENTATION_ITEM('') );
#2944 = CARTESIAN_POINT('',(-270.2818503864,46.174921816261,
    212.46813657121));
#2945 = CARTESIAN_POINT('',(-283.0164613475,69.127574607398,
    204.35400984775));
#2946 = CARTESIAN_POINT('',(-298.660745236,88.155684093162,
    189.70465072907));
#2947 = CARTESIAN_POINT('',(-316.6338092477,100.65788728817,
    169.82476581555));
#2948 = CARTESIAN_POINT('',(-335.8954987492,104.65671184109,
    147.0505806642));
#2949 = CARTESIAN_POINT('',(-355.0751556056,99.412447624041,
    124.46064385028));
#2950 = CARTESIAN_POINT('',(-372.8165498885,85.811093303734,
    105.10109766698));
#2951 = CARTESIAN_POINT('',(-388.1156004911,65.939787727724,
    91.227145204167));
#2952 = CARTESIAN_POINT('',(-400.4381198401,42.459714261024,
    84.038591395697));
#2953 = PCURVE('',#874,#2954);
#2954 = DEFINITIONAL_REPRESENTATION('',(#2955),#2959);
#2955 = LINE('',#2956,#2957);
#2956 = CARTESIAN_POINT('',(6.544984694977E-02,0.));
#2957 = VECTOR('',#2958,1.);
#2958 = DIRECTION('',(0.,1.));
#2959 = ( GEOMETRIC_REPRESENTATION_CONTEXT(2) 
PARAMETRIC_REPRESENTATION_CONTEXT() REPRESENTATION_CONTEXT('2D SPACE',''
  ) );
#2960 = PCURVE('',#824,#2961);
#2961 = DEFINITIONAL_REPRESENTATION('',(#2962),#2966);
#2962 = LINE('',#2963,#2964);
#2963 = CARTESIAN_POINT('',(0.,0.));
#2964 = VECTOR('',#2965,1.);
#2965 = DIRECTION('',(0.,1.));
#2966 = ( GEOMETRIC_REPRESENTATION_CONTEXT(2) 
PARAMETRIC_REPRESENTATION_CONTEXT() REPRESENTATION_CONTEXT('2D SPACE',''
  ) );
#2967 = ORIENTED_EDGE('',*,*,#850,.F.);
#2968 = ADVANCED_FACE('',(#2969),#824,.F.);
#2969 = FACE_BOUND('',#2970,.F.);
#2970 = EDGE_LOOP('',(#2971,#2972,#3013,#3062));
#2971 = ORIENTED_EDGE('',*,*,#2941,.F.);
#2972 = ORIENTED_EDGE('',*,*,#2973,.T.);
#2973 = EDGE_CURVE('',#2851,#2974,#2976,.T.);
#2974 = VERTEX_POINT('',#2975);
#2975 = CARTESIAN_POINT('',(-285.9721138769,25.011415983808,
    177.22722777932));
#2976 = SURFACE_CURVE('',#2977,(#2980,#2987),.PCURVE_S1.);
#2977 = B_SPLINE_CURVE_WITH_KNOTS('',1,(#2978,#2979),.UNSPECIFIED.,.F.,
  .F.,(2,2),(0.,44.),.PIECEWISE_BEZIER_KNOTS.);
#2978 = CARTESIAN_POINT('',(-270.2818503864,46.174921816261,
    212.46813657121));
#2979 = CARTESIAN_POINT('',(-285.9721138769,25.011415983808,
    177.22722777932));
#2980 = PCURVE('',#824,#2981);
#2981 = DEFINITIONAL_REPRESENTATION('',(#2982),#2986);
#2982 = LINE('',#2983,#2984);
#2983 = CARTESIAN_POINT('',(0.,0.));
#2984 = VECTOR('',#2985,1.);
#2985 = DIRECTION('',(1.,0.));
#2986 = ( GEOMETRIC_REPRESENTATION_CONTEXT(2) 
PARAMETRIC_REPRESENTATION_CONTEXT() REPRESENTATION_CONTEXT('2D SPACE',''
  ) );
#2987 = PCURVE('',#2988,#3007);
#2988 = B_SPLINE_SURFACE_WITH_KNOTS('',1,8,(
    (#2989,#2990,#2991,#2992,#2993,#2994,#2995,#2996,#2997)
    ,(#2998,#2999,#3000,#3001,#3002,#3003,#3004,#3005,#3006
  )),.UNSPECIFIED.,.F.,.F.,.F.,(2,2),(9,9),(0.,44.),(0.,66.666666666667)
  ,.PIECEWISE_BEZIER_KNOTS.);
#2989 = CARTESIAN_POINT('',(-247.863016171,-95.42940846934,
    98.915440275373));
#2990 = CARTESIAN_POINT('',(-244.8908447034,-98.27953658812,
    126.07932448654));
#2991 = CARTESIAN_POINT('',(-241.5573294201,-93.01866914239,
    154.05480019565));
#2992 = CARTESIAN_POINT('',(-239.062376661,-79.32462151425,
    180.14683363807));
#2993 = CARTESIAN_POINT('',(-238.6614471765,-58.15799381223,
    201.5356138005));
#2994 = CARTESIAN_POINT('',(-241.3871741686,-31.85495880261,
    215.90180853717));
#2995 = CARTESIAN_POINT('',(-247.7222628814,-3.655099652729,
    222.16124411866));
#2996 = CARTESIAN_POINT('',(-257.5472394253,23.222269025125,
    220.58226329468));
#2997 = CARTESIAN_POINT('',(-270.2818503864,46.174921816261,
    212.46813657121));
#2998 = CARTESIAN_POINT('',(-245.9146896934,-51.69092958756,
    103.29145319175));
#2999 = CARTESIAN_POINT('',(-247.7939996047,-53.23474898523,
    119.55873181789));
#3000 = CARTESIAN_POINT('',(-249.4775816158,-50.38511245212,
    136.2656225054));
#3001 = CARTESIAN_POINT('',(-251.6153849943,-42.96750332022,
    151.95231529846));
#3002 = CARTESIAN_POINT('',(-254.8874509798,-31.50224664829,
    165.09141256486));
#3003 = CARTESIAN_POINT('',(-259.8531225567,-17.25476935141,
    174.4266093923));
#3004 = CARTESIAN_POINT('',(-266.7738650658,-1.979845645228,
    179.37064501069));
#3005 = CARTESIAN_POINT('',(-275.5849634834,12.578729055276,
    180.06887174278));
#3006 = CARTESIAN_POINT('',(-285.9721138769,25.011415983808,
    177.22722777932));
#3007 = DEFINITIONAL_REPRESENTATION('',(#3008),#3012);
#3008 = LINE('',#3009,#3010);
#3009 = CARTESIAN_POINT('',(0.,66.666666666667));
#3010 = VECTOR('',#3011,1.);
#3011 = DIRECTION('',(1.,0.));
#3012 = ( GEOMETRIC_REPRESENTATION_CONTEXT(2) 
PARAMETRIC_REPRESENTATION_CONTEXT() REPRESENTATION_CONTEXT('2D SPACE',''
  ) );
#3013 = ORIENTED_EDGE('',*,*,#3014,.F.);
#3014 = EDGE_CURVE('',#778,#2974,#3015,.T.);
#3015 = SURFACE_CURVE('',#3016,(#3026,#3033),.PCURVE_S1.);
#3016 = B_SPLINE_CURVE_WITH_KNOTS('',8,(#3017,#3018,#3019,#3020,#3021,
    #3022,#3023,#3024,#3025),.UNSPECIFIED.,.F.,.F.,(9,9),(
    57.151721081553,123.81838774821),.PIECEWISE_BEZIER_KNOTS.);
#3017 = CARTESIAN_POINT('',(-384.3873154812,22.999011891388,
    120.08928823656));
#3018 = CARTESIAN_POINT('',(-374.2233813775,35.717385019183,
    122.4295802044));
#3019 = CARTESIAN_POINT('',(-362.4471595115,46.481008872853,
    128.39112977668));
#3020 = CARTESIAN_POINT('',(-349.3480014854,53.848409129689,
    137.32404261423));
#3021 = CARTESIAN_POINT('',(-335.4697845652,56.68905224725,
    148.00675037666));
#3022 = CARTESIAN_POINT('',(-321.5471332957,54.523022281118,
    158.78925932191));
#3023 = CARTESIAN_POINT('',(-308.3224874997,47.75099555046,
    168.00402230498));
#3024 = CARTESIAN_POINT('',(-296.3592642704,37.444102912343,
    174.38558381586));
#3025 = CARTESIAN_POINT('',(-285.9721138769,25.011415983808,
    177.22722777932));
#3026 = PCURVE('',#824,#3027);
#3027 = DEFINITIONAL_REPRESENTATION('',(#3028),#3032);
#3028 = LINE('',#3029,#3030);
#3029 = CARTESIAN_POINT('',(44.,123.81838774821));
#3030 = VECTOR('',#3031,1.);
#3031 = DIRECTION('',(-1.06581410364E-16,-1.));
#3032 = ( GEOMETRIC_REPRESENTATION_CONTEXT(2) 
PARAMETRIC_REPRESENTATION_CONTEXT() REPRESENTATION_CONTEXT('2D SPACE',''
  ) );
#3033 = PCURVE('',#798,#3034);
#3034 = DEFINITIONAL_REPRESENTATION('',(#3035),#3061);
#3035 = B_SPLINE_CURVE_WITH_KNOTS('',3,(#3036,#3037,#3038,#3039,#3040,
    #3041,#3042,#3043,#3044,#3045,#3046,#3047,#3048,#3049,#3050,#3051,
    #3052,#3053,#3054,#3055,#3056,#3057,#3058,#3059,#3060),
  .UNSPECIFIED.,.F.,.F.,(4,1,1,1,1,1,1,1,1,1,1,1,1,1,1,1,1,1,1,1,1,1,4),
  (57.151721081553,60.182024111855,63.212327142158,66.242630172461,
    69.272933202763,72.303236233066,75.333539263369,78.363842293671,
    81.394145323974,84.424448354277,87.454751384579,90.485054414882,
    93.515357445185,96.545660475487,99.57596350579,102.60626653609,
    105.63656956639,108.66687259669,111.697175627,114.7274786573,
    117.7577816876,120.7880847179,123.81838774821),
  .QUASI_UNIFORM_KNOTS.);
#3036 = CARTESIAN_POINT('',(-2.683443724941,-425.));
#3037 = CARTESIAN_POINT('',(-2.65038823792,-423.9898989898));
#3038 = CARTESIAN_POINT('',(-2.584277259182,-421.9696969696));
#3039 = CARTESIAN_POINT('',(-2.48511079969,-418.9393939393));
#3040 = CARTESIAN_POINT('',(-2.38594439809,-415.909090909));
#3041 = CARTESIAN_POINT('',(-2.286778010655,-412.8787878787));
#3042 = CARTESIAN_POINT('',(-2.187611601371,-409.8484848484));
#3043 = CARTESIAN_POINT('',(-2.088445154851,-406.8181818181));
#3044 = CARTESIAN_POINT('',(-1.989278682597,-403.7878787878));
#3045 = CARTESIAN_POINT('',(-1.890112209937,-400.7575757575));
#3046 = CARTESIAN_POINT('',(-1.790945759804,-397.7272727272));
#3047 = CARTESIAN_POINT('',(-1.691779340483,-394.6969696969));
#3048 = CARTESIAN_POINT('',(-1.592612942445,-391.6666666666));
#3049 = CARTESIAN_POINT('',(-1.493446544407,-388.6363636363));
#3050 = CARTESIAN_POINT('',(-1.394280125087,-385.606060606));
#3051 = CARTESIAN_POINT('',(-1.295113674953,-382.5757575757));
#3052 = CARTESIAN_POINT('',(-1.195947202293,-379.5454545454));
#3053 = CARTESIAN_POINT('',(-1.096780730039,-376.5151515151));
#3054 = CARTESIAN_POINT('',(-0.997614283519,-373.4848484848));
#3055 = CARTESIAN_POINT('',(-0.898447874235,-370.4545454545));
#3056 = CARTESIAN_POINT('',(-0.799281486799,-367.4242424242));
#3057 = CARTESIAN_POINT('',(-0.700115085199,-364.3939393939));
#3058 = CARTESIAN_POINT('',(-0.600948625707,-361.3636363636));
#3059 = CARTESIAN_POINT('',(-0.534837646969,-359.3434343434));
#3060 = CARTESIAN_POINT('',(-0.501782159948,-358.3333333333));
#3061 = ( GEOMETRIC_REPRESENTATION_CONTEXT(2) 
PARAMETRIC_REPRESENTATION_CONTEXT() REPRESENTATION_CONTEXT('2D SPACE',''
  ) );
#3062 = ORIENTED_EDGE('',*,*,#810,.F.);
#3063 = ADVANCED_FACE('',(#3064),#798,.F.);
#3064 = FACE_BOUND('',#3065,.T.);
#3065 = EDGE_LOOP('',(#3066,#3067,#3068,#3119,#3189,#3259,#3282));
#3066 = ORIENTED_EDGE('',*,*,#3014,.F.);
#3067 = ORIENTED_EDGE('',*,*,#777,.F.);
#3068 = ORIENTED_EDGE('',*,*,#3069,.F.);
#3069 = EDGE_CURVE('',#3070,#738,#3072,.T.);
#3070 = VERTEX_POINT('',#3071);
#3071 = CARTESIAN_POINT('',(-321.8404684859,29.825974690254,
    96.665584307966));
#3072 = SURFACE_CURVE('',#3073,(#3083,#3112),.PCURVE_S1.);
#3073 = B_SPLINE_CURVE_WITH_KNOTS('',8,(#3074,#3075,#3076,#3077,#3078,
    #3079,#3080,#3081,#3082),.UNSPECIFIED.,.F.,.F.,(9,9),(0.,
    66.666666666689),.PIECEWISE_BEZIER_KNOTS.);
#3074 = CARTESIAN_POINT('',(-321.8404684859,29.825974690254,
    96.665584307966));
#3075 = CARTESIAN_POINT('',(-332.761650755,18.209743239331,
    92.624485113516));
#3076 = CARTESIAN_POINT('',(-342.2102831916,4.05841449067,
    91.890786994361));
#3077 = CARTESIAN_POINT('',(-349.8115153952,-11.31097700464,
    95.30641773447));
#3078 = CARTESIAN_POINT('',(-355.423801469,-26.18232194442,
    103.18929462386));
#3079 = CARTESIAN_POINT('',(-359.2293510311,-38.74129224827,
    115.13016815894));
#3080 = CARTESIAN_POINT('',(-361.7281492304,-47.58026887827,
    130.00605330875));
#3081 = CARTESIAN_POINT('',(-363.5731553016,-52.,146.35037962141));
#3082 = CARTESIAN_POINT('',(-365.418183057,-52.,162.69465723032));
#3083 = PCURVE('',#798,#3084);
#3084 = DEFINITIONAL_REPRESENTATION('',(#3085),#3111);
#3085 = B_SPLINE_CURVE_WITH_KNOTS('',3,(#3086,#3087,#3088,#3089,#3090,
    #3091,#3092,#3093,#3094,#3095,#3096,#3097,#3098,#3099,#3100,#3101,
    #3102,#3103,#3104,#3105,#3106,#3107,#3108,#3109,#3110),
  .UNSPECIFIED.,.F.,.F.,(4,1,1,1,1,1,1,1,1,1,1,1,1,1,1,1,1,1,1,1,1,1,4),
  (0.,3.030303030304,6.060606060608,9.090909090912,12.121212121216,
    15.15151515152,18.181818181824,21.212121212128,24.242424242432,
    27.272727272736,30.30303030304,33.333333333344,36.363636363649,
    39.393939393953,42.424242424257,45.454545454561,48.484848484865,
    51.515151515169,54.545454545473,57.575757575777,60.606060606081,
    63.636363636385,66.666666666689),.QUASI_UNIFORM_KNOTS.);
#3086 = CARTESIAN_POINT('',(-2.530727415392,-358.3333333333));
#3087 = CARTESIAN_POINT('',(-2.563782902413,-359.3434343434));
#3088 = CARTESIAN_POINT('',(-2.629893881151,-361.3636363636));
#3089 = CARTESIAN_POINT('',(-2.729060340643,-364.3939393939));
#3090 = CARTESIAN_POINT('',(-2.828226742243,-367.4242424242));
#3091 = CARTESIAN_POINT('',(-2.927393129678,-370.4545454545));
#3092 = CARTESIAN_POINT('',(-3.026559538962,-373.4848484848));
#3093 = CARTESIAN_POINT('',(-3.125725985482,-376.5151515151));
#3094 = CARTESIAN_POINT('',(-3.224892457736,-379.5454545454));
#3095 = CARTESIAN_POINT('',(-3.324058930397,-382.5757575757));
#3096 = CARTESIAN_POINT('',(-3.42322538053,-385.606060606));
#3097 = CARTESIAN_POINT('',(-3.522391799851,-388.6363636364));
#3098 = CARTESIAN_POINT('',(-3.621558197889,-391.6666666667));
#3099 = CARTESIAN_POINT('',(-3.720724595926,-394.696969697));
#3100 = CARTESIAN_POINT('',(-3.819891015247,-397.7272727273));
#3101 = CARTESIAN_POINT('',(-3.91905746538,-400.7575757576));
#3102 = CARTESIAN_POINT('',(-4.018223938041,-403.7878787879));
#3103 = CARTESIAN_POINT('',(-4.117390410295,-406.8181818181));
#3104 = CARTESIAN_POINT('',(-4.216556856815,-409.8484848484));
#3105 = CARTESIAN_POINT('',(-4.315723266099,-412.8787878787));
#3106 = CARTESIAN_POINT('',(-4.414889653534,-415.909090909));
#3107 = CARTESIAN_POINT('',(-4.514056055134,-418.9393939393));
#3108 = CARTESIAN_POINT('',(-4.613222514626,-421.9696969696));
#3109 = CARTESIAN_POINT('',(-4.679333493364,-423.9898989899));
#3110 = CARTESIAN_POINT('',(-4.712388980385,-425.));
#3111 = ( GEOMETRIC_REPRESENTATION_CONTEXT(2) 
PARAMETRIC_REPRESENTATION_CONTEXT() REPRESENTATION_CONTEXT('2D SPACE',''
  ) );
#3112 = PCURVE('',#751,#3113);
#3113 = DEFINITIONAL_REPRESENTATION('',(#3114),#3118);
#3114 = LINE('',#3115,#3116);
#3115 = CARTESIAN_POINT('',(-5.337671107685E-15,-1.068325478839E-14));
#3116 = VECTOR('',#3117,1.);
#3117 = DIRECTION('',(-3.362457930208E-16,1.));
#3118 = ( GEOMETRIC_REPRESENTATION_CONTEXT(2) 
PARAMETRIC_REPRESENTATION_CONTEXT() REPRESENTATION_CONTEXT('2D SPACE',''
  ) );
#3119 = ORIENTED_EDGE('',*,*,#3120,.F.);
#3120 = EDGE_CURVE('',#3121,#3070,#3123,.T.);
#3121 = VERTEX_POINT('',#3122);
#3122 = CARTESIAN_POINT('',(-223.7373360887,17.785047452935,
    153.10260493577));
#3123 = SURFACE_CURVE('',#3124,(#3134,#3163),.PCURVE_S1.);
#3124 = B_SPLINE_CURVE_WITH_KNOTS('',8,(#3125,#3126,#3127,#3128,#3129,
    #3130,#3131,#3132,#3133),.UNSPECIFIED.,.F.,.F.,(9,9),(0.,
    66.666666666644),.PIECEWISE_BEZIER_KNOTS.);
#3125 = CARTESIAN_POINT('',(-223.7373360887,17.785047452935,
    153.10260493577));
#3126 = CARTESIAN_POINT('',(-233.322936148,31.110640731825,
    152.06127249905));
#3127 = CARTESIAN_POINT('',(-244.5977976622,42.924647036674,
    147.22579671395));
#3128 = CARTESIAN_POINT('',(-257.3381175323,51.716712012188,
    139.09884757078));
#3129 = CARTESIAN_POINT('',(-271.0533113061,56.217447776895,
    128.7822957895));
#3130 = CARTESIAN_POINT('',(-285.0343715486,55.753161699476,
    117.8685981441));
#3131 = CARTESIAN_POINT('',(-298.52552924,50.523427636956,
    108.05523964275));
#3132 = CARTESIAN_POINT('',(-310.9192862168,41.442206141174,
    100.70668350241));
#3133 = CARTESIAN_POINT('',(-321.8404684859,29.825974690254,
    96.665584307966));
#3134 = PCURVE('',#798,#3135);
#3135 = DEFINITIONAL_REPRESENTATION('',(#3136),#3162);
#3136 = B_SPLINE_CURVE_WITH_KNOTS('',3,(#3137,#3138,#3139,#3140,#3141,
    #3142,#3143,#3144,#3145,#3146,#3147,#3148,#3149,#3150,#3151,#3152,
    #3153,#3154,#3155,#3156,#3157,#3158,#3159,#3160,#3161),
  .UNSPECIFIED.,.F.,.F.,(4,1,1,1,1,1,1,1,1,1,1,1,1,1,1,1,1,1,1,1,1,1,4),
  (0.,3.030303030302,6.060606060604,9.090909090906,12.121212121208,
    15.15151515151,18.181818181812,21.212121212114,24.242424242416,
    27.272727272718,30.30303030302,33.333333333322,36.363636363624,
    39.393939393926,42.424242424228,45.45454545453,48.484848484832,
    51.515151515134,54.545454545436,57.575757575738,60.60606060604,
    63.636363636342,66.666666666644),.QUASI_UNIFORM_KNOTS.);
#3137 = CARTESIAN_POINT('',(-0.349065850399,-291.6666666666));
#3138 = CARTESIAN_POINT('',(-0.38212133742,-292.6767676767));
#3139 = CARTESIAN_POINT('',(-0.448232316158,-294.6969696969));
#3140 = CARTESIAN_POINT('',(-0.54739877565,-297.7272727272));
#3141 = CARTESIAN_POINT('',(-0.64656517725,-300.7575757575));
#3142 = CARTESIAN_POINT('',(-0.745731564685,-303.7878787878));
#3143 = CARTESIAN_POINT('',(-0.844897973969,-306.8181818181));
#3144 = CARTESIAN_POINT('',(-0.944064420489,-309.8484848484));
#3145 = CARTESIAN_POINT('',(-1.043230892742,-312.8787878787));
#3146 = CARTESIAN_POINT('',(-1.142397365403,-315.909090909));
#3147 = CARTESIAN_POINT('',(-1.241563815536,-318.9393939393));
#3148 = CARTESIAN_POINT('',(-1.340730234857,-321.9696969696));
#3149 = CARTESIAN_POINT('',(-1.439896632895,-324.9999999999));
#3150 = CARTESIAN_POINT('',(-1.539063030933,-328.0303030302));
#3151 = CARTESIAN_POINT('',(-1.638229450254,-331.0606060605));
#3152 = CARTESIAN_POINT('',(-1.737395900387,-334.0909090909));
#3153 = CARTESIAN_POINT('',(-1.836562373048,-337.1212121212));
#3154 = CARTESIAN_POINT('',(-1.935728845302,-340.1515151515));
#3155 = CARTESIAN_POINT('',(-2.034895291822,-343.1818181818));
#3156 = CARTESIAN_POINT('',(-2.134061701106,-346.2121212121));
#3157 = CARTESIAN_POINT('',(-2.233228088541,-349.2424242424));
#3158 = CARTESIAN_POINT('',(-2.332394490141,-352.2727272727));
#3159 = CARTESIAN_POINT('',(-2.431560949633,-355.303030303));
#3160 = CARTESIAN_POINT('',(-2.497671928371,-357.3232323232));
#3161 = CARTESIAN_POINT('',(-2.530727415392,-358.3333333333));
#3162 = ( GEOMETRIC_REPRESENTATION_CONTEXT(2) 
PARAMETRIC_REPRESENTATION_CONTEXT() REPRESENTATION_CONTEXT('2D SPACE',''
  ) );
#3163 = PCURVE('',#3164,#3183);
#3164 = B_SPLINE_SURFACE_WITH_KNOTS('',1,8,(
    (#3165,#3166,#3167,#3168,#3169,#3170,#3171,#3172,#3173)
    ,(#3174,#3175,#3176,#3177,#3178,#3179,#3180,#3181,#3182
  )),.UNSPECIFIED.,.F.,.F.,.F.,(2,2),(9,9),(0.,44.),(0.,66.666666666667)
  ,.PIECEWISE_BEZIER_KNOTS.);
#3165 = CARTESIAN_POINT('',(-223.7373360887,17.785047452935,
    153.10260493577));
#3166 = CARTESIAN_POINT('',(-233.322936148,31.110640731829,
    152.06127249905));
#3167 = CARTESIAN_POINT('',(-244.5977976622,42.924647036682,
    147.22579671394));
#3168 = CARTESIAN_POINT('',(-257.3381175323,51.716712012196,
    139.09884757078));
#3169 = CARTESIAN_POINT('',(-271.0533113064,56.217447776903,
    128.7822957894));
#3170 = CARTESIAN_POINT('',(-285.0343715484,55.75316169942,
    117.8685981442));
#3171 = CARTESIAN_POINT('',(-298.52552924,50.523427636978,
    108.05523964273));
#3172 = CARTESIAN_POINT('',(-310.9192862169,41.442206141174,
    100.70668350241));
#3173 = CARTESIAN_POINT('',(-321.8404684859,29.825974690254,
    96.665584307966));
#3174 = CARTESIAN_POINT('',(-206.9202095162,32.833933759264,
    190.87448964894));
#3175 = CARTESIAN_POINT('',(-218.1750352449,57.435029043377,
    186.08401497484));
#3176 = CARTESIAN_POINT('',(-232.5484975057,79.245502221566,
    174.28896796527));
#3177 = CARTESIAN_POINT('',(-249.6274213467,95.477006791747,
    156.4173547562));
#3178 = CARTESIAN_POINT('',(-268.506112395,103.78605743428,
    134.50339821504));
#3179 = CARTESIAN_POINT('',(-287.8756338455,102.92891390662,
    111.48701854067));
#3180 = CARTESIAN_POINT('',(-306.3407198184,93.274020252882,
    90.50203420858));
#3181 = CARTESIAN_POINT('',(-322.779835241,76.508688260629,
    74.067454235535));
#3182 = CARTESIAN_POINT('',(-336.5003512031,55.0633378897,
    63.738948624096));
#3183 = DEFINITIONAL_REPRESENTATION('',(#3184),#3188);
#3184 = LINE('',#3185,#3186);
#3185 = CARTESIAN_POINT('',(-3.30901150306E-14,-1.59390161775E-14));
#3186 = VECTOR('',#3187,1.);
#3187 = DIRECTION('',(3.165972255613E-16,1.));
#3188 = ( GEOMETRIC_REPRESENTATION_CONTEXT(2) 
PARAMETRIC_REPRESENTATION_CONTEXT() REPRESENTATION_CONTEXT('2D SPACE',''
  ) );
#3189 = ORIENTED_EDGE('',*,*,#3190,.F.);
#3190 = EDGE_CURVE('',#3191,#3121,#3193,.T.);
#3191 = VERTEX_POINT('',#3192);
#3192 = CARTESIAN_POINT('',(-212.7173277063,0.,151.62894263934));
#3193 = SURFACE_CURVE('',#3194,(#3204,#3233),.PCURVE_S1.);
#3194 = B_SPLINE_CURVE_WITH_KNOTS('',8,(#3195,#3196,#3197,#3198,#3199,
    #3200,#3201,#3202,#3203),.UNSPECIFIED.,.F.,.F.,(9,9),(
    55.999998832202,66.666666666667),.PIECEWISE_BEZIER_KNOTS.);
#3195 = CARTESIAN_POINT('',(-212.717330453,-1.893388919649E-06,
    151.62894439149));
#3196 = CARTESIAN_POINT('',(-213.9353913628,2.268925424828,
    152.17125960173));
#3197 = CARTESIAN_POINT('',(-215.1994719817,4.537852644688,
    152.61021285274));
#3198 = CARTESIAN_POINT('',(-216.5095722595,6.800197556172,
    152.94580425778));
#3199 = CARTESIAN_POINT('',(-217.865505205,9.049378049032,
    153.17845380445));
#3200 = CARTESIAN_POINT('',(-219.266896906,11.278852152828,
    153.30900132777));
#3201 = CARTESIAN_POINT('',(-220.7131884291,13.482157936829,
    153.33870207121));
#3202 = CARTESIAN_POINT('',(-222.2036400331,15.652952296001,
    153.26921846146));
#3203 = CARTESIAN_POINT('',(-223.7373360887,17.785047452935,
    153.10260493577));
#3204 = PCURVE('',#798,#3205);
#3205 = DEFINITIONAL_REPRESENTATION('',(#3206),#3232);
#3206 = B_SPLINE_CURVE_WITH_KNOTS('',3,(#3207,#3208,#3209,#3210,#3211,
    #3212,#3213,#3214,#3215,#3216,#3217,#3218,#3219,#3220,#3221,#3222,
    #3223,#3224,#3225,#3226,#3227,#3228,#3229,#3230,#3231),
  .UNSPECIFIED.,.F.,.F.,(4,1,1,1,1,1,1,1,1,1,1,1,1,1,1,1,1,1,1,1,1,1,4),
  (55.999998832202,56.484847370132,56.969695908063,57.454544445993,
    57.939392983923,58.424241521853,58.909090059783,59.393938597714,
    59.878787135644,60.363635673574,60.848484211504,61.333332749434,
    61.818181287365,62.303029825295,62.787878363225,63.272726901155,
    63.757575439086,64.242423977016,64.727272514946,65.212121052876,
    65.696969590806,66.181818128737,66.666666666667),
  .QUASI_UNIFORM_KNOTS.);
#3207 = CARTESIAN_POINT('',(3.641132462207E-08,-280.9999988322));
#3208 = CARTESIAN_POINT('',(-5.288838407615E-03,-281.1616150115));
#3209 = CARTESIAN_POINT('',(-1.586658800394E-02,-281.4848473701));
#3210 = CARTESIAN_POINT('',(-3.173321243531E-02,-281.969695908));
#3211 = CARTESIAN_POINT('',(-4.759983706366E-02,-282.4545444459));
#3212 = CARTESIAN_POINT('',(-6.346646205419E-02,-282.9393929839));
#3213 = CARTESIAN_POINT('',(-7.933308757078E-02,-283.4242415218));
#3214 = CARTESIAN_POINT('',(-9.519971377245E-02,-283.9090900597));
#3215 = CARTESIAN_POINT('',(-0.111066340808,-284.3939385977));
#3216 = CARTESIAN_POINT('',(-0.126932968813,-284.8787871358));
#3217 = CARTESIAN_POINT('',(-0.1427995979,-285.3636356742));
#3218 = CARTESIAN_POINT('',(-0.158666228157,-285.8484842131));
#3219 = CARTESIAN_POINT('',(-0.174532859637,-286.3333327529));
#3220 = CARTESIAN_POINT('',(-0.190399492357,-286.8181812941));
#3221 = CARTESIAN_POINT('',(-0.206266126284,-287.3030298373));
#3222 = CARTESIAN_POINT('',(-0.222132761335,-287.7878783829));
#3223 = CARTESIAN_POINT('',(-0.237999397368,-288.2727269315));
#3224 = CARTESIAN_POINT('',(-0.253866034175,-288.757575483));
#3225 = CARTESIAN_POINT('',(-0.269732671481,-289.2424240365));
#3226 = CARTESIAN_POINT('',(-0.285599308939,-289.72727259));
#3227 = CARTESIAN_POINT('',(-0.301465946128,-290.2121211397));
#3228 = CARTESIAN_POINT('',(-0.317332582555,-290.6969696785));
#3229 = CARTESIAN_POINT('',(-0.333199217665,-291.1818181964));
#3230 = CARTESIAN_POINT('',(-0.343776973105,-291.5050505159));
#3231 = CARTESIAN_POINT('',(-0.349065850399,-291.6666666666));
#3232 = ( GEOMETRIC_REPRESENTATION_CONTEXT(2) 
PARAMETRIC_REPRESENTATION_CONTEXT() REPRESENTATION_CONTEXT('2D SPACE',''
  ) );
#3233 = PCURVE('',#3234,#3253);
#3234 = B_SPLINE_SURFACE_WITH_KNOTS('',1,8,(
    (#3235,#3236,#3237,#3238,#3239,#3240,#3241,#3242,#3243)
    ,(#3244,#3245,#3246,#3247,#3248,#3249,#3250,#3251,#3252
  )),.UNSPECIFIED.,.F.,.F.,.F.,(2,2),(9,9),(0.,44.),(0.,66.666666666667)
  ,.PIECEWISE_BEZIER_KNOTS.);
#3235 = CARTESIAN_POINT('',(-188.1831933861,-50.22814296703,
    69.05229453891));
#3236 = CARTESIAN_POINT('',(-190.2247559004,-53.89840412645,
    84.955147851988));
#3237 = CARTESIAN_POINT('',(-191.8010271165,-53.29954664853,
    101.90306253132));
#3238 = CARTESIAN_POINT('',(-193.5435938028,-48.01599774686,
    118.4774714695));
#3239 = CARTESIAN_POINT('',(-196.1567772195,-38.30768476886,
    133.09644321495));
#3240 = CARTESIAN_POINT('',(-200.2717076654,-25.21610735744,
    144.34243590784));
#3241 = CARTESIAN_POINT('',(-206.255382592,-10.37782627423,
    151.39115977611));
#3242 = CARTESIAN_POINT('',(-214.1517360294,4.45945417404,
    154.14393737249));
#3243 = CARTESIAN_POINT('',(-223.7373360887,17.785047452935,
    153.10260493577));
#3244 = CARTESIAN_POINT('',(-192.8151257271,-92.72887932375,
    58.648804166699));
#3245 = CARTESIAN_POINT('',(-190.1424975266,-99.50474607961,
    85.13990318454));
#3246 = CARTESIAN_POINT('',(-186.6108700063,-98.39916304344,
    113.56034626316));
#3247 = CARTESIAN_POINT('',(-183.3862495078,-88.64491891729,
    141.29124028119));
#3248 = CARTESIAN_POINT('',(-181.7689214349,-70.72187957329,
    165.41209640494));
#3249 = CARTESIAN_POINT('',(-182.9240494157,-46.55281358298,
    183.30591427783));
#3250 = CARTESIAN_POINT('',(-187.5291672071,-19.15906389089,
    193.45092816678));
#3251 = CARTESIAN_POINT('',(-195.6653837875,8.232838475151,
    195.66496432303));
#3252 = CARTESIAN_POINT('',(-206.9202095162,32.833933759264,
    190.87448964894));
#3253 = DEFINITIONAL_REPRESENTATION('',(#3254),#3258);
#3254 = LINE('',#3255,#3256);
#3255 = CARTESIAN_POINT('',(-7.173133243671E-14,-1.42108547152E-14));
#3256 = VECTOR('',#3257,1.);
#3257 = DIRECTION('',(1.210918313516E-15,1.));
#3258 = ( GEOMETRIC_REPRESENTATION_CONTEXT(2) 
PARAMETRIC_REPRESENTATION_CONTEXT() REPRESENTATION_CONTEXT('2D SPACE',''
  ) );
#3259 = ORIENTED_EDGE('',*,*,#3260,.T.);
#3260 = EDGE_CURVE('',#3191,#3261,#3263,.T.);
#3261 = VERTEX_POINT('',#3262);
#3262 = CARTESIAN_POINT('',(-269.3571561033,0.,176.84661897267));
#3263 = SURFACE_CURVE('',#3264,(#3268,#3275),.PCURVE_S1.);
#3264 = LINE('',#3265,#3266);
#3265 = CARTESIAN_POINT('',(43.988941881007,0.,37.33594772052));
#3266 = VECTOR('',#3267,1.);
#3267 = DIRECTION('',(-0.913545457643,0.,0.406736643076));
#3268 = PCURVE('',#798,#3269);
#3269 = DEFINITIONAL_REPRESENTATION('',(#3270),#3274);
#3270 = LINE('',#3271,#3272);
#3271 = CARTESIAN_POINT('',(-0.,0.));
#3272 = VECTOR('',#3273,1.);
#3273 = DIRECTION('',(-0.,-1.));
#3274 = ( GEOMETRIC_REPRESENTATION_CONTEXT(2) 
PARAMETRIC_REPRESENTATION_CONTEXT() REPRESENTATION_CONTEXT('2D SPACE',''
  ) );
#3275 = PCURVE('',#1282,#3276);
#3276 = DEFINITIONAL_REPRESENTATION('',(#3277),#3281);
#3277 = LINE('',#3278,#3279);
#3278 = CARTESIAN_POINT('',(-6.28318530718,0.));
#3279 = VECTOR('',#3280,1.);
#3280 = DIRECTION('',(-0.,-1.));
#3281 = ( GEOMETRIC_REPRESENTATION_CONTEXT(2) 
PARAMETRIC_REPRESENTATION_CONTEXT() REPRESENTATION_CONTEXT('2D SPACE',''
  ) );
#3282 = ORIENTED_EDGE('',*,*,#3283,.F.);
#3283 = EDGE_CURVE('',#2974,#3261,#3284,.T.);
#3284 = SURFACE_CURVE('',#3285,(#3295,#3324),.PCURVE_S1.);
#3285 = B_SPLINE_CURVE_WITH_KNOTS('',8,(#3286,#3287,#3288,#3289,#3290,
    #3291,#3292,#3293,#3294),.UNSPECIFIED.,.F.,.F.,(9,9),(57.15172104061
    ,72.485053693599),.PIECEWISE_BEZIER_KNOTS.);
#3286 = CARTESIAN_POINT('',(-285.9721138769,25.011415983808,
    177.22722777932));
#3287 = CARTESIAN_POINT('',(-283.5830693924,22.151898117123,
    177.88080586192));
#3288 = CARTESIAN_POINT('',(-281.27739805,19.179920797281,
    178.34712480134));
#3289 = CARTESIAN_POINT('',(-279.0589239852,16.112633880167,
    178.61759544875));
#3290 = CARTESIAN_POINT('',(-276.9307728814,12.968122608652,
    178.68519740417));
#3291 = CARTESIAN_POINT('',(-274.8953226733,9.76519953992,
    178.54458973899));
#3292 = CARTESIAN_POINT('',(-272.9541697778,6.523170263321,
    178.19218684198));
#3293 = CARTESIAN_POINT('',(-271.1081123511,3.261587264138,
    177.62619602496));
#3294 = CARTESIAN_POINT('',(-269.3571503517,3.468121970496E-06,
    176.84661738123));
#3295 = PCURVE('',#798,#3296);
#3296 = DEFINITIONAL_REPRESENTATION('',(#3297),#3323);
#3297 = B_SPLINE_CURVE_WITH_KNOTS('',3,(#3298,#3299,#3300,#3301,#3302,
    #3303,#3304,#3305,#3306,#3307,#3308,#3309,#3310,#3311,#3312,#3313,
    #3314,#3315,#3316,#3317,#3318,#3319,#3320,#3321,#3322),
  .UNSPECIFIED.,.F.,.F.,(4,1,1,1,1,1,1,1,1,1,1,1,1,1,1,1,1,1,1,1,1,1,4),
  (57.15172104061,57.848690706655,58.5456603727,59.242630038745,
    59.93959970479,60.636569370835,61.33353903688,62.030508702925,
    62.72747836897,63.424448035015,64.12141770106,64.818387367105,
    65.51535703315,66.212326699195,66.90929636524,67.606266031284,
    68.303235697329,69.000205363374,69.697175029419,70.394144695464,
    71.091114361509,71.788084027554,72.485053693599),
  .QUASI_UNIFORM_KNOTS.);
#3298 = CARTESIAN_POINT('',(-0.501782159948,-358.3333333333));
#3299 = CARTESIAN_POINT('',(-0.49417940025,-358.1010101113));
#3300 = CARTESIAN_POINT('',(-0.478973878901,-357.6363636672));
#3301 = CARTESIAN_POINT('',(-0.456165592966,-356.9393940012));
#3302 = CARTESIAN_POINT('',(-0.43335730523,-356.2424243351));
#3303 = CARTESIAN_POINT('',(-0.410549017221,-355.5454546691));
#3304 = CARTESIAN_POINT('',(-0.387740730128,-354.8484850031));
#3305 = CARTESIAN_POINT('',(-0.364932444778,-354.151515337));
#3306 = CARTESIAN_POINT('',(-0.342124161699,-353.454545671));
#3307 = CARTESIAN_POINT('',(-0.319315881152,-352.7575760049));
#3308 = CARTESIAN_POINT('',(-0.29650760318,-352.0606063389));
#3309 = CARTESIAN_POINT('',(-0.273699327645,-351.3636366728));
#3310 = CARTESIAN_POINT('',(-0.25089105427,-350.6666670068));
#3311 = CARTESIAN_POINT('',(-0.228082782677,-349.9696973407));
#3312 = CARTESIAN_POINT('',(-0.205274512421,-349.2727276747));
#3313 = CARTESIAN_POINT('',(-0.182466243019,-348.5757580087));
#3314 = CARTESIAN_POINT('',(-0.159657973983,-347.8787883426));
#3315 = CARTESIAN_POINT('',(-0.136849704836,-347.1818186766));
#3316 = CARTESIAN_POINT('',(-0.114041435137,-346.4848490105));
#3317 = CARTESIAN_POINT('',(-9.123316449595E-02,-345.7878793445));
#3318 = CARTESIAN_POINT('',(-6.842489258288E-02,-345.0909096784));
#3319 = CARTESIAN_POINT('',(-4.561661914065E-02,-344.3939400124));
#3320 = CARTESIAN_POINT('',(-2.280834397944E-02,-343.6969703463));
#3321 = CARTESIAN_POINT('',(-7.602826002762E-03,-343.2323239023));
#3322 = CARTESIAN_POINT('',(-6.669465214296E-08,-343.0000006803));
#3323 = ( GEOMETRIC_REPRESENTATION_CONTEXT(2) 
PARAMETRIC_REPRESENTATION_CONTEXT() REPRESENTATION_CONTEXT('2D SPACE',''
  ) );
#3324 = PCURVE('',#2988,#3325);
#3325 = DEFINITIONAL_REPRESENTATION('',(#3326),#3330);
#3326 = LINE('',#3327,#3328);
#3327 = CARTESIAN_POINT('',(44.,123.81838770727));
#3328 = VECTOR('',#3329,1.);
#3329 = DIRECTION('',(0.,-1.));
#3330 = ( GEOMETRIC_REPRESENTATION_CONTEXT(2) 
PARAMETRIC_REPRESENTATION_CONTEXT() REPRESENTATION_CONTEXT('2D SPACE',''
  ) );
#3331 = ADVANCED_FACE('',(#3332),#751,.F.);
#3332 = FACE_BOUND('',#3333,.F.);
#3333 = EDGE_LOOP('',(#3334,#3335,#3357,#3384));
#3334 = ORIENTED_EDGE('',*,*,#3069,.F.);
#3335 = ORIENTED_EDGE('',*,*,#3336,.T.);
#3336 = EDGE_CURVE('',#3070,#3337,#3339,.T.);
#3337 = VERTEX_POINT('',#3338);
#3338 = CARTESIAN_POINT('',(-336.5003512031,55.0633378897,
    63.738948624096));
#3339 = SURFACE_CURVE('',#3340,(#3343,#3350),.PCURVE_S1.);
#3340 = B_SPLINE_CURVE_WITH_KNOTS('',1,(#3341,#3342),.UNSPECIFIED.,.F.,
  .F.,(2,2),(0.,44.),.PIECEWISE_BEZIER_KNOTS.);
#3341 = CARTESIAN_POINT('',(-321.8404684859,29.825974690254,
    96.665584307966));
#3342 = CARTESIAN_POINT('',(-336.5003512031,55.0633378897,
    63.738948624096));
#3343 = PCURVE('',#751,#3344);
#3344 = DEFINITIONAL_REPRESENTATION('',(#3345),#3349);
#3345 = LINE('',#3346,#3347);
#3346 = CARTESIAN_POINT('',(0.,0.));
#3347 = VECTOR('',#3348,1.);
#3348 = DIRECTION('',(1.,0.));
#3349 = ( GEOMETRIC_REPRESENTATION_CONTEXT(2) 
PARAMETRIC_REPRESENTATION_CONTEXT() REPRESENTATION_CONTEXT('2D SPACE',''
  ) );
#3350 = PCURVE('',#3164,#3351);
#3351 = DEFINITIONAL_REPRESENTATION('',(#3352),#3356);
#3352 = LINE('',#3353,#3354);
#3353 = CARTESIAN_POINT('',(0.,66.666666666667));
#3354 = VECTOR('',#3355,1.);
#3355 = DIRECTION('',(1.,0.));
#3356 = ( GEOMETRIC_REPRESENTATION_CONTEXT(2) 
PARAMETRIC_REPRESENTATION_CONTEXT() REPRESENTATION_CONTEXT('2D SPACE',''
  ) );
#3357 = ORIENTED_EDGE('',*,*,#3358,.T.);
#3358 = EDGE_CURVE('',#3337,#643,#3359,.T.);
#3359 = SURFACE_CURVE('',#3360,(#3370,#3377),.PCURVE_S1.);
#3360 = B_SPLINE_CURVE_WITH_KNOTS('',8,(#3361,#3362,#3363,#3364,#3365,
    #3366,#3367,#3368,#3369),.UNSPECIFIED.,.F.,.F.,(9,9),(0.,
    66.666666666667),.PIECEWISE_BEZIER_KNOTS.);
#3361 = CARTESIAN_POINT('',(-336.5003512031,55.0633378897,
    63.738948624096));
#3362 = CARTESIAN_POINT('',(-350.2208671652,33.617987518772,
    53.410443012657));
#3363 = CARTESIAN_POINT('',(-361.2228295904,7.492457521255,
    49.18790861714));
#3364 = CARTESIAN_POINT('',(-368.8142069701,-20.88180370086,
    52.625673654112));
#3365 = CARTESIAN_POINT('',(-372.7336838022,-48.33659435886,
    64.310662351243));
#3366 = CARTESIAN_POINT('',(-373.3176470745,-71.5223856891,
    83.487337163407));
#3367 = CARTESIAN_POINT('',(-371.4891462927,-87.84049639067,
    108.08249495704));
#3368 = CARTESIAN_POINT('',(-368.4536446586,-96.,135.38862105093));
#3369 = CARTESIAN_POINT('',(-365.418183057,-96.,162.69465723032));
#3370 = PCURVE('',#751,#3371);
#3371 = DEFINITIONAL_REPRESENTATION('',(#3372),#3376);
#3372 = LINE('',#3373,#3374);
#3373 = CARTESIAN_POINT('',(44.,0.));
#3374 = VECTOR('',#3375,1.);
#3375 = DIRECTION('',(0.,1.));
#3376 = ( GEOMETRIC_REPRESENTATION_CONTEXT(2) 
PARAMETRIC_REPRESENTATION_CONTEXT() REPRESENTATION_CONTEXT('2D SPACE',''
  ) );
#3377 = PCURVE('',#666,#3378);
#3378 = DEFINITIONAL_REPRESENTATION('',(#3379),#3383);
#3379 = LINE('',#3380,#3381);
#3380 = CARTESIAN_POINT('',(0.,0.));
#3381 = VECTOR('',#3382,1.);
#3382 = DIRECTION('',(0.,1.));
#3383 = ( GEOMETRIC_REPRESENTATION_CONTEXT(2) 
PARAMETRIC_REPRESENTATION_CONTEXT() REPRESENTATION_CONTEXT('2D SPACE',''
  ) );
#3384 = ORIENTED_EDGE('',*,*,#737,.F.);
#3385 = ADVANCED_FACE('',(#3386),#666,.F.);
#3386 = FACE_BOUND('',#3387,.F.);
#3387 = EDGE_LOOP('',(#3388,#3389,#3480,#3507));
#3388 = ORIENTED_EDGE('',*,*,#3358,.F.);
#3389 = ORIENTED_EDGE('',*,*,#3390,.T.);
#3390 = EDGE_CURVE('',#3337,#3391,#3393,.T.);
#3391 = VERTEX_POINT('',#3392);
#3392 = CARTESIAN_POINT('',(-337.8966550502,49.80223278341,
    60.602798836018));
#3393 = SURFACE_CURVE('',#3394,(#3402,#3409),.PCURVE_S1.);
#3394 = ( BOUNDED_CURVE() B_SPLINE_CURVE(6,(#3395,#3396,#3397,#3398,
#3399,#3400,#3401),.UNSPECIFIED.,.F.,.F.) B_SPLINE_CURVE_WITH_KNOTS((7,7
),(0.,6.544984694977E-02),.PIECEWISE_BEZIER_KNOTS.) CURVE() 
GEOMETRIC_REPRESENTATION_ITEM() RATIONAL_B_SPLINE_CURVE((1.000053547667,
    1.000017847948,0.999996430156,0.999989291231,0.999996430156,
1.000017847948,1.000053547667)) REPRESENTATION_ITEM('') );
#3395 = CARTESIAN_POINT('',(-336.5003512031,55.0633378897,
    63.738948624096));
#3396 = CARTESIAN_POINT('',(-336.7213220613,54.168044312225,
    63.242639950563));
#3397 = CARTESIAN_POINT('',(-336.9470502505,53.279900727762,
    62.735646136863));
#3398 = CARTESIAN_POINT('',(-337.1774925123,52.399078724025,
    62.218064342621));
#3399 = CARTESIAN_POINT('',(-337.4126045107,51.525748219569,
    61.689994148225));
#3400 = CARTESIAN_POINT('',(-337.6523408428,50.66007742142,
    61.151537530269));
#3401 = CARTESIAN_POINT('',(-337.8966550502,49.80223278341,
    60.602798836018));
#3402 = PCURVE('',#666,#3403);
#3403 = DEFINITIONAL_REPRESENTATION('',(#3404),#3408);
#3404 = LINE('',#3405,#3406);
#3405 = CARTESIAN_POINT('',(0.,0.));
#3406 = VECTOR('',#3407,1.);
#3407 = DIRECTION('',(1.,0.));
#3408 = ( GEOMETRIC_REPRESENTATION_CONTEXT(2) 
PARAMETRIC_REPRESENTATION_CONTEXT() REPRESENTATION_CONTEXT('2D SPACE',''
  ) );
#3409 = PCURVE('',#3410,#3474);
#3410 = ( BOUNDED_SURFACE() B_SPLINE_SURFACE(6,8,(
    (#3411,#3412,#3413,#3414,#3415,#3416,#3417,#3418,#3419)
    ,(#3420,#3421,#3422,#3423,#3424,#3425,#3426,#3427,#3428)
    ,(#3429,#3430,#3431,#3432,#3433,#3434,#3435,#3436,#3437)
    ,(#3438,#3439,#3440,#3441,#3442,#3443,#3444,#3445,#3446)
    ,(#3447,#3448,#3449,#3450,#3451,#3452,#3453,#3454,#3455)
    ,(#3456,#3457,#3458,#3459,#3460,#3461,#3462,#3463,#3464)
    ,(#3465,#3466,#3467,#3468,#3469,#3470,#3471,#3472,#3473
)),.UNSPECIFIED.,.F.,.F.,.F.) B_SPLINE_SURFACE_WITH_KNOTS((7,7),(9,9),(
    0.,6.544984694977E-02),(0.,66.666666666667),
.PIECEWISE_BEZIER_KNOTS.) GEOMETRIC_REPRESENTATION_ITEM() 
RATIONAL_B_SPLINE_SURFACE((
    (1.000053547667,1.000053547667,1.000053547667,1.000053547667
      ,1.000053547667,1.000053547667,1.000053547667,1.000053547667
      ,1.000053547667)
    ,(1.000017847948,1.000017847948,1.000017847948,1.000017847948
      ,1.000017847948,1.000017847948,1.000017847948,1.000017847948
      ,1.000017847948)
    ,(0.999996430156,0.999996430156,0.999996430156,0.999996430156
      ,0.999996430156,0.999996430156,0.999996430156,0.999996430156
      ,0.999996430156)
    ,(0.999989291231,0.999989291231,0.999989291231,0.999989291231
      ,0.999989291231,0.999989291231,0.999989291231,0.999989291231
      ,0.999989291231)
    ,(0.999996430156,0.999996430156,0.999996430156,0.999996430156
      ,0.999996430156,0.999996430156,0.999996430156,0.999996430156
      ,0.999996430156)
    ,(1.000017847948,1.000017847948,1.000017847948,1.000017847948
      ,1.000017847948,1.000017847948,1.000017847948,1.000017847948
      ,1.000017847948)
    ,(1.000053547667,1.000053547667,1.000053547667,1.000053547667
      ,1.000053547667,1.000053547667,1.000053547667,1.000053547667
,1.000053547667))) REPRESENTATION_ITEM('') SURFACE() );
#3411 = CARTESIAN_POINT('',(-206.9202095162,32.833933759264,
    190.87448964894));
#3412 = CARTESIAN_POINT('',(-218.1750352449,57.435029043377,
    186.08401497484));
#3413 = CARTESIAN_POINT('',(-232.5484975057,79.245502221566,
    174.28896796527));
#3414 = CARTESIAN_POINT('',(-249.6274213467,95.477006791747,
    156.41735475619));
#3415 = CARTESIAN_POINT('',(-268.506112395,103.78605743428,
    134.50339821505));
#3416 = CARTESIAN_POINT('',(-287.8756338455,102.92891390662,
    111.48701854066));
#3417 = CARTESIAN_POINT('',(-306.3407198184,93.274020252883,
    90.502034208581));
#3418 = CARTESIAN_POINT('',(-322.779835241,76.508688260628,
    74.067454235535));
#3419 = CARTESIAN_POINT('',(-336.5003512031,55.0633378897,
    63.738948624096));
#3420 = CARTESIAN_POINT('',(-207.0917589944,33.792479916777,
    190.48918321251));
#3421 = CARTESIAN_POINT('',(-218.4529068667,58.278555166027,
    185.45990509394));
#3422 = CARTESIAN_POINT('',(-232.9181108522,79.892536409937,
    173.45880279687));
#3423 = CARTESIAN_POINT('',(-250.0621454719,95.859124175235,
    155.4409483844));
#3424 = CARTESIAN_POINT('',(-268.9695868283,103.86074389248,
    133.46241759391));
#3425 = CARTESIAN_POINT('',(-288.3269253754,102.68957326856,
    110.47340116871));
#3426 = CARTESIAN_POINT('',(-306.7415219776,92.751134456137,
    89.60181781993));
#3427 = CARTESIAN_POINT('',(-323.1001122532,75.761550632641,
    73.34810028823));
#3428 = CARTESIAN_POINT('',(-336.7213220613,54.168044312225,
    63.242639950563));
#3429 = CARTESIAN_POINT('',(-207.258197551,34.756506089291,
    190.11535609378));
#3430 = CARTESIAN_POINT('',(-218.7262754114,59.130988060661,
    184.84590928977));
#3431 = CARTESIAN_POINT('',(-233.2842633703,80.551438367212,
    172.6364107765));
#3432 = CARTESIAN_POINT('',(-250.4948164716,96.255216176204,
    154.46915340798));
#3433 = CARTESIAN_POINT('',(-269.4326437542,103.95034342718,
    132.42237471013));
#3434 = CARTESIAN_POINT('',(-288.7794718892,102.46476707051,
    109.45696505681));
#3435 = CARTESIAN_POINT('',(-307.1450909588,92.241170316941,
    88.695387047531));
#3436 = CARTESIAN_POINT('',(-323.4243535176,75.024752680159,
    72.619842484785));
#3437 = CARTESIAN_POINT('',(-336.9470502505,53.279900727762,
    62.735646136863));
#3438 = CARTESIAN_POINT('',(-207.4194928285,35.725826737675,
    189.75308096894));
#3439 = CARTESIAN_POINT('',(-218.9950879414,59.992163883137,
    184.2421464621));
#3440 = CARTESIAN_POINT('',(-233.6468842924,81.222081714199,
    171.82195085049));
#3441 = CARTESIAN_POINT('',(-250.9253508312,96.665207189368,
    153.50215740399));
#3442 = CARTESIAN_POINT('',(-269.8951938879,104.05483956505,
    131.38347009996));
#3443 = CARTESIAN_POINT('',(-289.233186218,102.2545394259,108.4379059895
    ));
#3444 = CARTESIAN_POINT('',(-307.5513491151,91.744226831484,
    87.782916288693));
#3445 = CARTESIAN_POINT('',(-323.7524967434,74.298436987217,
    71.882820732622));
#3446 = CARTESIAN_POINT('',(-337.1774925123,52.399078724025,
    62.218064342621));
#3447 = CARTESIAN_POINT('',(-207.5756136438,36.70025510955,
    189.40242787665));
#3448 = CARTESIAN_POINT('',(-219.2592925589,60.861916788713,
    183.64873317533));
#3449 = CARTESIAN_POINT('',(-234.0059036564,81.904337386853,
    171.0155801563));
#3450 = CARTESIAN_POINT('',(-251.3536655223,97.08901843273,
    152.5401468569));
#3451 = CARTESIAN_POINT('',(-270.357148059,104.17421242927,
    130.34590404369));
#3452 = CARTESIAN_POINT('',(-289.6879809243,102.05893111864,
    107.41642035447));
#3453 = CARTESIAN_POINT('',(-307.9602181841,91.260400023381,
    86.86458132406));
#3454 = CARTESIAN_POINT('',(-324.084478747,73.58274374606,
    71.137176944088));
#3455 = CARTESIAN_POINT('',(-337.4126045107,51.525748219569,
    61.689994148225));
#3456 = CARTESIAN_POINT('',(-207.7265299958,37.679603285614,
    189.06346420032));
#3457 = CARTESIAN_POINT('',(-219.5188384188,61.740078973103,
    183.06578362941));
#3458 = CARTESIAN_POINT('',(-234.3612523231,82.598073668143,
    170.21745398331));
#3459 = CARTESIAN_POINT('',(-251.7796780239,97.52656796688,
    151.58330711218));
#3460 = CARTESIAN_POINT('',(-270.8184172332,104.30843874429,
    129.30987651578));
#3461 = CARTESIAN_POINT('',(-290.143768324,101.87797959264,
    106.39270509377));
#3462 = CARTESIAN_POINT('',(-308.3716193066,90.78978291958,
    85.940559274037));
#3463 = CARTESIAN_POINT('',(-324.4202354682,72.877810722094,
    70.38305500134));
#3464 = CARTESIAN_POINT('',(-337.6523408428,50.66007742142,
    61.151537530269));
#3465 = CARTESIAN_POINT('',(-207.8722130729,38.663682226439,
    188.73625465167));
#3466 = CARTESIAN_POINT('',(-219.7736757414,62.62648071434,
    182.49340963158));
#3467 = CARTESIAN_POINT('',(-234.7128619932,83.303156221016,
    169.42772573433));
#3468 = CARTESIAN_POINT('',(-252.2033063424,97.977770715622,
    150.63182233036));
#3469 = CARTESIAN_POINT('',(-271.2789125344,104.4574918418,
    128.27558713521));
#3470 = CARTESIAN_POINT('',(-290.6004605077,101.71171894283,
    105.36695765487));
#3471 = CARTESIAN_POINT('',(-308.7854730468,90.33246552748,
    85.011028554638));
#3472 = CARTESIAN_POINT('',(-324.7597019853,72.18377321985,
    69.620600720434));
#3473 = CARTESIAN_POINT('',(-337.8966550502,49.80223278341,
    60.602798836018));
#3474 = DEFINITIONAL_REPRESENTATION('',(#3475),#3479);
#3475 = LINE('',#3476,#3477);
#3476 = CARTESIAN_POINT('',(0.,66.666666666667));
#3477 = VECTOR('',#3478,1.);
#3478 = DIRECTION('',(1.,0.));
#3479 = ( GEOMETRIC_REPRESENTATION_CONTEXT(2) 
PARAMETRIC_REPRESENTATION_CONTEXT() REPRESENTATION_CONTEXT('2D SPACE',''
  ) );
#3480 = ORIENTED_EDGE('',*,*,#3481,.T.);
#3481 = EDGE_CURVE('',#3391,#603,#3482,.T.);
#3482 = SURFACE_CURVE('',#3483,(#3493,#3500),.PCURVE_S1.);
#3483 = ( BOUNDED_CURVE() B_SPLINE_CURVE(8,(#3484,#3485,#3486,#3487,
    #3488,#3489,#3490,#3491,#3492),.UNSPECIFIED.,.F.,.F.) 
B_SPLINE_CURVE_WITH_KNOTS((9,9),(0.,66.666666666667),
.PIECEWISE_BEZIER_KNOTS.) CURVE() GEOMETRIC_REPRESENTATION_ITEM() 
RATIONAL_B_SPLINE_CURVE((1.000053547667,1.000053547667,1.000053547667,
    1.000053547667,1.000053547667,1.000053547667,1.000053547667,
1.000053547667,1.000053547667)) REPRESENTATION_ITEM('') );
#3484 = CARTESIAN_POINT('',(-337.8966550502,49.80223278341,
    60.602798836018));
#3485 = CARTESIAN_POINT('',(-351.0336081151,27.420692346969,
    51.584996951602));
#3486 = CARTESIAN_POINT('',(-361.333326842,0.806135494574,
    48.939727726493));
#3487 = CARTESIAN_POINT('',(-368.169942439,-27.50391683213,
    54.072715483204));
#3488 = CARTESIAN_POINT('',(-371.3669789265,-54.30602675393,
    67.380331761178));
#3489 = CARTESIAN_POINT('',(-371.3492067213,-76.31192803129,
    87.908526584007));
#3490 = CARTESIAN_POINT('',(-369.1068287373,-91.07692942087,
    113.43326779355));
#3491 = CARTESIAN_POINT('',(-365.8770682183,-97.50670655016,
    141.17570648654));
#3492 = CARTESIAN_POINT('',(-362.8644055309,-95.7944566309,
    168.4305354662));
#3493 = PCURVE('',#666,#3494);
#3494 = DEFINITIONAL_REPRESENTATION('',(#3495),#3499);
#3495 = LINE('',#3496,#3497);
#3496 = CARTESIAN_POINT('',(6.544984694977E-02,0.));
#3497 = VECTOR('',#3498,1.);
#3498 = DIRECTION('',(0.,1.));
#3499 = ( GEOMETRIC_REPRESENTATION_CONTEXT(2) 
PARAMETRIC_REPRESENTATION_CONTEXT() REPRESENTATION_CONTEXT('2D SPACE',''
  ) );
#3500 = PCURVE('',#616,#3501);
#3501 = DEFINITIONAL_REPRESENTATION('',(#3502),#3506);
#3502 = LINE('',#3503,#3504);
#3503 = CARTESIAN_POINT('',(0.,0.));
#3504 = VECTOR('',#3505,1.);
#3505 = DIRECTION('',(0.,1.));
#3506 = ( GEOMETRIC_REPRESENTATION_CONTEXT(2) 
PARAMETRIC_REPRESENTATION_CONTEXT() REPRESENTATION_CONTEXT('2D SPACE',''
  ) );
#3507 = ORIENTED_EDGE('',*,*,#642,.F.);
#3508 = ADVANCED_FACE('',(#3509),#616,.F.);
#3509 = FACE_BOUND('',#3510,.F.);
#3510 = EDGE_LOOP('',(#3511,#3512,#3532,#3533));
#3511 = ORIENTED_EDGE('',*,*,#3481,.F.);
#3512 = ORIENTED_EDGE('',*,*,#3513,.T.);
#3513 = EDGE_CURVE('',#3391,#2547,#3514,.T.);
#3514 = SURFACE_CURVE('',#3515,(#3518,#3525),.PCURVE_S1.);
#3515 = B_SPLINE_CURVE_WITH_KNOTS('',1,(#3516,#3517),.UNSPECIFIED.,.F.,
  .F.,(2,2),(0.,44.),.PIECEWISE_BEZIER_KNOTS.);
#3516 = CARTESIAN_POINT('',(-337.8966550502,49.80223278341,
    60.602798836018));
#3517 = CARTESIAN_POINT('',(-322.5967997364,26.976209424347,
    94.96683650609));
#3518 = PCURVE('',#616,#3519);
#3519 = DEFINITIONAL_REPRESENTATION('',(#3520),#3524);
#3520 = LINE('',#3521,#3522);
#3521 = CARTESIAN_POINT('',(0.,0.));
#3522 = VECTOR('',#3523,1.);
#3523 = DIRECTION('',(1.,0.));
#3524 = ( GEOMETRIC_REPRESENTATION_CONTEXT(2) 
PARAMETRIC_REPRESENTATION_CONTEXT() REPRESENTATION_CONTEXT('2D SPACE',''
  ) );
#3525 = PCURVE('',#2590,#3526);
#3526 = DEFINITIONAL_REPRESENTATION('',(#3527),#3531);
#3527 = LINE('',#3528,#3529);
#3528 = CARTESIAN_POINT('',(0.,66.666666666667));
#3529 = VECTOR('',#3530,1.);
#3530 = DIRECTION('',(1.,0.));
#3531 = ( GEOMETRIC_REPRESENTATION_CONTEXT(2) 
PARAMETRIC_REPRESENTATION_CONTEXT() REPRESENTATION_CONTEXT('2D SPACE',''
  ) );
#3532 = ORIENTED_EDGE('',*,*,#2616,.F.);
#3533 = ORIENTED_EDGE('',*,*,#602,.F.);
#3534 = ADVANCED_FACE('',(#3535),#1113,.F.);
#3535 = FACE_BOUND('',#3536,.F.);
#3536 = EDGE_LOOP('',(#3537,#3566,#3567,#3568,#3600));
#3537 = ORIENTED_EDGE('',*,*,#3538,.F.);
#3538 = EDGE_CURVE('',#1020,#3539,#3541,.T.);
#3539 = VERTEX_POINT('',#3540);
#3540 = CARTESIAN_POINT('',(-83.87834139461,22.817845663313,
    139.41860543683));
#3541 = SURFACE_CURVE('',#3542,(#3552,#3559),.PCURVE_S1.);
#3542 = ( BOUNDED_CURVE() B_SPLINE_CURVE(8,(#3543,#3544,#3545,#3546,
    #3547,#3548,#3549,#3550,#3551),.UNSPECIFIED.,.F.,.F.) 
B_SPLINE_CURVE_WITH_KNOTS((9,9),(0.,66.666666666667),
.PIECEWISE_BEZIER_KNOTS.) CURVE() GEOMETRIC_REPRESENTATION_ITEM() 
RATIONAL_B_SPLINE_CURVE((1.000053547667,1.000053547667,1.000053547667,
    1.000053547667,1.000053547667,1.000053547667,1.000053547667,
1.000053547667,1.000053547667)) REPRESENTATION_ITEM('') );
#3543 = CARTESIAN_POINT('',(-75.05504628689,-89.47275545114,
    -4.67017165584));
#3544 = CARTESIAN_POINT('',(-72.74358803874,-98.96136110492,
    21.009726367296));
#3545 = CARTESIAN_POINT('',(-69.22924431524,-100.8452808578,
    49.391349402885));
#3546 = CARTESIAN_POINT('',(-65.63711888121,-94.04977093022,
    77.947673020627));
#3547 = CARTESIAN_POINT('',(-63.28101721538,-78.70381145782,
    103.72784180162));
#3548 = CARTESIAN_POINT('',(-63.40431808281,-56.40687575999,
    123.93918131554));
#3549 = CARTESIAN_POINT('',(-66.81431371912,-29.9810006802,136.768483514
    ));
#3550 = CARTESIAN_POINT('',(-73.73450228753,-2.611830258755,
    141.71376330346));
#3551 = CARTESIAN_POINT('',(-83.87834139461,22.817845663313,
    139.41860543683));
#3552 = PCURVE('',#1113,#3553);
#3553 = DEFINITIONAL_REPRESENTATION('',(#3554),#3558);
#3554 = LINE('',#3555,#3556);
#3555 = CARTESIAN_POINT('',(0.,0.));
#3556 = VECTOR('',#3557,1.);
#3557 = DIRECTION('',(0.,1.));
#3558 = ( GEOMETRIC_REPRESENTATION_CONTEXT(2) 
PARAMETRIC_REPRESENTATION_CONTEXT() REPRESENTATION_CONTEXT('2D SPACE',''
  ) );
#3559 = PCURVE('',#2092,#3560);
#3560 = DEFINITIONAL_REPRESENTATION('',(#3561),#3565);
#3561 = LINE('',#3562,#3563);
#3562 = CARTESIAN_POINT('',(6.544984694977E-02,0.));
#3563 = VECTOR('',#3564,1.);
#3564 = DIRECTION('',(0.,1.));
#3565 = ( GEOMETRIC_REPRESENTATION_CONTEXT(2) 
PARAMETRIC_REPRESENTATION_CONTEXT() REPRESENTATION_CONTEXT('2D SPACE',''
  ) );
#3566 = ORIENTED_EDGE('',*,*,#1100,.T.);
#3567 = ORIENTED_EDGE('',*,*,#1195,.F.);
#3568 = ORIENTED_EDGE('',*,*,#3569,.T.);
#3569 = EDGE_CURVE('',#1196,#3570,#3572,.T.);
#3570 = VERTEX_POINT('',#3571);
#3571 = CARTESIAN_POINT('',(-101.2618795557,12.359666400961,
    100.37453946625));
#3572 = SURFACE_CURVE('',#3573,(#3583,#3590),.PCURVE_S1.);
#3573 = B_SPLINE_CURVE_WITH_KNOTS('',8,(#3574,#3575,#3576,#3577,#3578,
    #3579,#3580,#3581,#3582),.UNSPECIFIED.,.F.,.F.,(9,9),(0.,
    66.666666666667),.PIECEWISE_BEZIER_KNOTS.);
#3574 = CARTESIAN_POINT('',(-68.56870572226,-48.4644092027,
    9.898387780403));
#3575 = CARTESIAN_POINT('',(-70.80590196078,-53.6040705985,
    25.361840554683));
#3576 = CARTESIAN_POINT('',(-72.39153523349,-54.62452713133,
    42.288727710708));
#3577 = CARTESIAN_POINT('',(-73.93503674633,-50.94362592053,
    59.310244348733));
#3578 = CARTESIAN_POINT('',(-76.14805113362,-42.63123120632,
    74.828010450185));
#3579 = CARTESIAN_POINT('',(-79.70407522641,-30.55372436999,
    87.329327365309));
#3580 = CARTESIAN_POINT('',(-85.04039231902,-16.23970870177,
    95.832040734556));
#3581 = CARTESIAN_POINT('',(-92.27806391651,-1.414741390159,
    100.06424196559));
#3582 = CARTESIAN_POINT('',(-101.2618795557,12.359666400961,
    100.37453946625));
#3583 = PCURVE('',#1113,#3584);
#3584 = DEFINITIONAL_REPRESENTATION('',(#3585),#3589);
#3585 = LINE('',#3586,#3587);
#3586 = CARTESIAN_POINT('',(44.,0.));
#3587 = VECTOR('',#3588,1.);
#3588 = DIRECTION('',(0.,1.));
#3589 = ( GEOMETRIC_REPRESENTATION_CONTEXT(2) 
PARAMETRIC_REPRESENTATION_CONTEXT() REPRESENTATION_CONTEXT('2D SPACE',''
  ) );
#3590 = PCURVE('',#1282,#3591);
#3591 = DEFINITIONAL_REPRESENTATION('',(#3592),#3599);
#3592 = B_SPLINE_CURVE_WITH_KNOTS('',5,(#3593,#3594,#3595,#3596,#3597,
    #3598),.UNSPECIFIED.,.F.,.F.,(6,6),(59.333334538484,66.666666666667)
  ,.PIECEWISE_BEZIER_KNOTS.);
#3593 = CARTESIAN_POINT('',(3.552713678801E-15,-151.0000012051));
#3594 = CARTESIAN_POINT('',(-4.799653378352E-02,-152.4666676307));
#3595 = CARTESIAN_POINT('',(-9.599308213756E-02,-153.9333340564));
#3596 = CARTESIAN_POINT('',(-0.143989643323,-155.400000482));
#3597 = CARTESIAN_POINT('',(-0.191986225607,-156.8666669076));
#3598 = CARTESIAN_POINT('',(-0.239982772149,-158.3333333333));
#3599 = ( GEOMETRIC_REPRESENTATION_CONTEXT(2) 
PARAMETRIC_REPRESENTATION_CONTEXT() REPRESENTATION_CONTEXT('2D SPACE',''
  ) );
#3600 = ORIENTED_EDGE('',*,*,#3601,.F.);
#3601 = EDGE_CURVE('',#3539,#3570,#3602,.T.);
#3602 = SURFACE_CURVE('',#3603,(#3606,#3613),.PCURVE_S1.);
#3603 = B_SPLINE_CURVE_WITH_KNOTS('',1,(#3604,#3605),.UNSPECIFIED.,.F.,
  .F.,(2,2),(0.,44.),.PIECEWISE_BEZIER_KNOTS.);
#3604 = CARTESIAN_POINT('',(-83.87834139461,22.817845663313,
    139.41860543683));
#3605 = CARTESIAN_POINT('',(-101.2618795557,12.359666400961,
    100.37453946625));
#3606 = PCURVE('',#1113,#3607);
#3607 = DEFINITIONAL_REPRESENTATION('',(#3608),#3612);
#3608 = LINE('',#3609,#3610);
#3609 = CARTESIAN_POINT('',(0.,66.666666666667));
#3610 = VECTOR('',#3611,1.);
#3611 = DIRECTION('',(1.,0.));
#3612 = ( GEOMETRIC_REPRESENTATION_CONTEXT(2) 
PARAMETRIC_REPRESENTATION_CONTEXT() REPRESENTATION_CONTEXT('2D SPACE',''
  ) );
#3613 = PCURVE('',#3614,#3633);
#3614 = B_SPLINE_SURFACE_WITH_KNOTS('',1,8,(
    (#3615,#3616,#3617,#3618,#3619,#3620,#3621,#3622,#3623)
    ,(#3624,#3625,#3626,#3627,#3628,#3629,#3630,#3631,#3632
  )),.UNSPECIFIED.,.F.,.F.,.F.,(2,2),(9,9),(0.,44.),(0.,66.666666666667)
  ,.PIECEWISE_BEZIER_KNOTS.);
#3615 = CARTESIAN_POINT('',(-83.87834139461,22.817845663313,
    139.41860543683));
#3616 = CARTESIAN_POINT('',(-94.0221805017,48.24752158538,137.1234475702
    ));
#3617 = CARTESIAN_POINT('',(-107.3896891777,71.737894214185,
    127.58780930467));
#3618 = CARTESIAN_POINT('',(-123.6936166367,90.406599887621,
    111.45686646915));
#3619 = CARTESIAN_POINT('',(-142.1374215217,101.68166458221,
    90.519680243193));
#3620 = CARTESIAN_POINT('',(-161.4750199064,103.97639122225,
    67.57500094872));
#3621 = CARTESIAN_POINT('',(-180.3031241428,97.283577954547,
    45.774664247256));
#3622 = CARTESIAN_POINT('',(-197.432150769,82.98031838171,
    27.790518340136));
#3623 = CARTESIAN_POINT('',(-212.0659682732,63.297198249607,
    15.410703879419));
#3624 = CARTESIAN_POINT('',(-101.2618795557,12.359666400961,
    100.37453946625));
#3625 = CARTESIAN_POINT('',(-110.245695195,26.134074192081,
    100.6848369669));
#3626 = CARTESIAN_POINT('',(-120.9756651842,38.858026032683,
    97.073207584824));
#3627 = CARTESIAN_POINT('',(-133.2961953474,48.970241605794,
    89.889121560671));
#3628 = CARTESIAN_POINT('',(-146.7758257831,55.077568315367,
    80.101653700019));
#3629 = CARTESIAN_POINT('',(-160.7395943643,56.32054524539,
    69.226793760596));
#3630 = CARTESIAN_POINT('',(-174.4273869487,52.695271392047,
    58.971786059049));
#3631 = CARTESIAN_POINT('',(-187.1948458275,44.947672456759,
    50.783881704441));
#3632 = CARTESIAN_POINT('',(-198.6107330986,34.285982385204,
    45.6316568833));
#3633 = DEFINITIONAL_REPRESENTATION('',(#3634),#3638);
#3634 = LINE('',#3635,#3636);
#3635 = CARTESIAN_POINT('',(0.,0.));
#3636 = VECTOR('',#3637,1.);
#3637 = DIRECTION('',(1.,0.));
#3638 = ( GEOMETRIC_REPRESENTATION_CONTEXT(2) 
PARAMETRIC_REPRESENTATION_CONTEXT() REPRESENTATION_CONTEXT('2D SPACE',''
  ) );
#3639 = ADVANCED_FACE('',(#3640),#1282,.F.);
#3640 = FACE_BOUND('',#3641,.T.);
#3641 = EDGE_LOOP('',(#3642,#3643,#3644,#3645,#3696,#3766,#3796,#3797,
    #3846,#3847,#3898,#3968));
#3642 = ORIENTED_EDGE('',*,*,#1297,.F.);
#3643 = ORIENTED_EDGE('',*,*,#1268,.T.);
#3644 = ORIENTED_EDGE('',*,*,#3569,.T.);
#3645 = ORIENTED_EDGE('',*,*,#3646,.F.);
#3646 = EDGE_CURVE('',#3647,#3570,#3649,.T.);
#3647 = VERTEX_POINT('',#3648);
#3648 = CARTESIAN_POINT('',(-198.6107330986,34.285982385204,
    45.6316568833));
#3649 = SURFACE_CURVE('',#3650,(#3660,#3689),.PCURVE_S1.);
#3650 = B_SPLINE_CURVE_WITH_KNOTS('',8,(#3651,#3652,#3653,#3654,#3655,
    #3656,#3657,#3658,#3659),.UNSPECIFIED.,.F.,.F.,(9,9),(
    57.151721048834,123.8183877155),.PIECEWISE_BEZIER_KNOTS.);
#3651 = CARTESIAN_POINT('',(-198.6107330986,34.285982385204,
    45.6316568833));
#3652 = CARTESIAN_POINT('',(-187.1948458275,44.94767245676,
    50.783881704441));
#3653 = CARTESIAN_POINT('',(-174.4273869487,52.695271392047,
    58.971786059049));
#3654 = CARTESIAN_POINT('',(-160.7395943644,56.320545245394,
    69.226793760602));
#3655 = CARTESIAN_POINT('',(-146.7758257831,55.077568315407,
    80.101653700009));
#3656 = CARTESIAN_POINT('',(-133.2961953474,48.970241605777,
    89.889121560675));
#3657 = CARTESIAN_POINT('',(-120.9756651842,38.85802603268,
    97.073207584824));
#3658 = CARTESIAN_POINT('',(-110.245695195,26.134074192084,
    100.6848369669));
#3659 = CARTESIAN_POINT('',(-101.2618795557,12.359666400961,
    100.37453946625));
#3660 = PCURVE('',#1282,#3661);
#3661 = DEFINITIONAL_REPRESENTATION('',(#3662),#3688);
#3662 = B_SPLINE_CURVE_WITH_KNOTS('',3,(#3663,#3664,#3665,#3666,#3667,
    #3668,#3669,#3670,#3671,#3672,#3673,#3674,#3675,#3676,#3677,#3678,
    #3679,#3680,#3681,#3682,#3683,#3684,#3685,#3686,#3687),
  .UNSPECIFIED.,.F.,.F.,(4,1,1,1,1,1,1,1,1,1,1,1,1,1,1,1,1,1,1,1,1,1,4),
  (57.151721048834,60.182024079138,63.212327109441,66.242630139744,
    69.272933170047,72.30323620035,75.333539230653,78.363842260956,
    81.394145291259,84.424448321562,87.454751351865,90.485054382169,
    93.515357412472,96.545660442775,99.575963473078,102.60626650338,
    105.63656953368,108.66687256398,111.69717559429,114.72747862459,
    117.75778165489,120.78808468519,123.8183877155),
  .QUASI_UNIFORM_KNOTS.);
#3663 = CARTESIAN_POINT('',(-2.421644337142,-225.));
#3664 = CARTESIAN_POINT('',(-2.388588850121,-223.9898989898));
#3665 = CARTESIAN_POINT('',(-2.322477871383,-221.9696969696));
#3666 = CARTESIAN_POINT('',(-2.223311411891,-218.9393939393));
#3667 = CARTESIAN_POINT('',(-2.124145010291,-215.909090909));
#3668 = CARTESIAN_POINT('',(-2.024978622856,-212.8787878787));
#3669 = CARTESIAN_POINT('',(-1.925812213572,-209.8484848484));
#3670 = CARTESIAN_POINT('',(-1.826645767052,-206.8181818181));
#3671 = CARTESIAN_POINT('',(-1.727479294798,-203.7878787878));
#3672 = CARTESIAN_POINT('',(-1.628312822137,-200.7575757575));
#3673 = CARTESIAN_POINT('',(-1.529146372004,-197.7272727272));
#3674 = CARTESIAN_POINT('',(-1.429979952683,-194.6969696969));
#3675 = CARTESIAN_POINT('',(-1.330813554646,-191.6666666666));
#3676 = CARTESIAN_POINT('',(-1.231647156608,-188.6363636363));
#3677 = CARTESIAN_POINT('',(-1.132480737287,-185.606060606));
#3678 = CARTESIAN_POINT('',(-1.033314287154,-182.5757575757));
#3679 = CARTESIAN_POINT('',(-0.934147814493,-179.5454545454));
#3680 = CARTESIAN_POINT('',(-0.834981342239,-176.5151515151));
#3681 = CARTESIAN_POINT('',(-0.735814895719,-173.4848484848));
#3682 = CARTESIAN_POINT('',(-0.636648486435,-170.4545454545));
#3683 = CARTESIAN_POINT('',(-0.537482099,-167.4242424242));
#3684 = CARTESIAN_POINT('',(-0.4383156974,-164.3939393939));
#3685 = CARTESIAN_POINT('',(-0.339149237908,-161.3636363636));
#3686 = CARTESIAN_POINT('',(-0.27303825917,-159.3434343434));
#3687 = CARTESIAN_POINT('',(-0.239982772149,-158.3333333333));
#3688 = ( GEOMETRIC_REPRESENTATION_CONTEXT(2) 
PARAMETRIC_REPRESENTATION_CONTEXT() REPRESENTATION_CONTEXT('2D SPACE',''
  ) );
#3689 = PCURVE('',#3614,#3690);
#3690 = DEFINITIONAL_REPRESENTATION('',(#3691),#3695);
#3691 = LINE('',#3692,#3693);
#3692 = CARTESIAN_POINT('',(44.,123.8183877155));
#3693 = VECTOR('',#3694,1.);
#3694 = DIRECTION('',(-3.19744231092E-16,-1.));
#3695 = ( GEOMETRIC_REPRESENTATION_CONTEXT(2) 
PARAMETRIC_REPRESENTATION_CONTEXT() REPRESENTATION_CONTEXT('2D SPACE',''
  ) );
#3696 = ORIENTED_EDGE('',*,*,#3697,.F.);
#3697 = EDGE_CURVE('',#3698,#3647,#3700,.T.);
#3698 = VERTEX_POINT('',#3699);
#3699 = CARTESIAN_POINT('',(-245.9146896934,-51.69092958756,
    103.29145319175));
#3700 = SURFACE_CURVE('',#3701,(#3711,#3740),.PCURVE_S1.);
#3701 = B_SPLINE_CURVE_WITH_KNOTS('',8,(#3702,#3703,#3704,#3705,#3706,
    #3707,#3708,#3709,#3710),.UNSPECIFIED.,.F.,.F.,(9,9),(
    57.151721035458,123.81838770213),.PIECEWISE_BEZIER_KNOTS.);
#3702 = CARTESIAN_POINT('',(-245.9146896934,-51.69092958756,
    103.29145319175));
#3703 = CARTESIAN_POINT('',(-244.0353797821,-50.14711018988,
    87.024174565624));
#3704 = CARTESIAN_POINT('',(-241.9603850815,-44.20982325342,
    71.196411172452));
#3705 = CARTESIAN_POINT('',(-239.0397993301,-34.05455090039,
    57.267876374869));
#3706 = CARTESIAN_POINT('',(-234.6555072365,-20.55115950799,
    46.626879847739));
#3707 = CARTESIAN_POINT('',(-228.3728249732,-5.232727414568,
    40.249737454168));
#3708 = CARTESIAN_POINT('',(-220.0909646279,10.048430940432,
    38.362822549323));
#3709 = CARTESIAN_POINT('',(-210.0266203696,23.62429231365,
    40.479432062152));
#3710 = CARTESIAN_POINT('',(-198.6107330986,34.285982385204,
    45.6316568833));
#3711 = PCURVE('',#1282,#3712);
#3712 = DEFINITIONAL_REPRESENTATION('',(#3713),#3739);
#3713 = B_SPLINE_CURVE_WITH_KNOTS('',3,(#3714,#3715,#3716,#3717,#3718,
    #3719,#3720,#3721,#3722,#3723,#3724,#3725,#3726,#3727,#3728,#3729,
    #3730,#3731,#3732,#3733,#3734,#3735,#3736,#3737,#3738),
  .UNSPECIFIED.,.F.,.F.,(4,1,1,1,1,1,1,1,1,1,1,1,1,1,1,1,1,1,1,1,1,1,4),
  (57.151721035458,60.182024065761,63.212327096065,66.242630126368,
    69.272933156672,72.303236186975,75.333539217278,78.363842247582,
    81.394145277885,84.424448308189,87.454751338492,90.485054368795,
    93.515357399099,96.545660429402,99.575963459706,102.60626649,
    105.63656952031,108.66687255061,111.69717558091,114.72747861122,
    117.75778164152,120.78808467182,123.81838770213),
  .QUASI_UNIFORM_KNOTS.);
#3714 = CARTESIAN_POINT('',(-4.603305902135,-291.6666666666));
#3715 = CARTESIAN_POINT('',(-4.570250415114,-290.6565656565));
#3716 = CARTESIAN_POINT('',(-4.504139436376,-288.6363636363));
#3717 = CARTESIAN_POINT('',(-4.404972976884,-285.606060606));
#3718 = CARTESIAN_POINT('',(-4.305806575284,-282.5757575757));
#3719 = CARTESIAN_POINT('',(-4.206640187849,-279.5454545454));
#3720 = CARTESIAN_POINT('',(-4.107473778565,-276.5151515151));
#3721 = CARTESIAN_POINT('',(-4.008307332045,-273.4848484848));
#3722 = CARTESIAN_POINT('',(-3.909140859791,-270.4545454545));
#3723 = CARTESIAN_POINT('',(-3.80997438713,-267.4242424242));
#3724 = CARTESIAN_POINT('',(-3.710807936997,-264.3939393939));
#3725 = CARTESIAN_POINT('',(-3.611641517676,-261.3636363635));
#3726 = CARTESIAN_POINT('',(-3.512475119638,-258.3333333333));
#3727 = CARTESIAN_POINT('',(-3.413308721601,-255.303030303));
#3728 = CARTESIAN_POINT('',(-3.31414230228,-252.2727272727));
#3729 = CARTESIAN_POINT('',(-3.214975852147,-249.2424242424));
#3730 = CARTESIAN_POINT('',(-3.115809379486,-246.2121212121));
#3731 = CARTESIAN_POINT('',(-3.016642907232,-243.1818181818));
#3732 = CARTESIAN_POINT('',(-2.917476460712,-240.1515151515));
#3733 = CARTESIAN_POINT('',(-2.818310051428,-237.1212121212));
#3734 = CARTESIAN_POINT('',(-2.719143663993,-234.0909090909));
#3735 = CARTESIAN_POINT('',(-2.619977262393,-231.0606060606));
#3736 = CARTESIAN_POINT('',(-2.520810802901,-228.0303030303));
#3737 = CARTESIAN_POINT('',(-2.454699824163,-226.01010101));
#3738 = CARTESIAN_POINT('',(-2.421644337142,-225.));
#3739 = ( GEOMETRIC_REPRESENTATION_CONTEXT(2) 
PARAMETRIC_REPRESENTATION_CONTEXT() REPRESENTATION_CONTEXT('2D SPACE',''
  ) );
#3740 = PCURVE('',#3741,#3760);
#3741 = B_SPLINE_SURFACE_WITH_KNOTS('',1,8,(
    (#3742,#3743,#3744,#3745,#3746,#3747,#3748,#3749,#3750)
    ,(#3751,#3752,#3753,#3754,#3755,#3756,#3757,#3758,#3759
  )),.UNSPECIFIED.,.F.,.F.,.F.,(2,2),(9,9),(0.,44.),(0.,66.666666666667)
  ,.PIECEWISE_BEZIER_KNOTS.);
#3742 = CARTESIAN_POINT('',(-212.0659682732,63.297198249607,
    15.410703879419));
#3743 = CARTESIAN_POINT('',(-226.6997857775,43.614078117504,
    3.030889418701));
#3744 = CARTESIAN_POINT('',(-238.8384469504,18.550949428457,
    -3.74471216512));
#3745 = CARTESIAN_POINT('',(-247.6863685915,-9.660419842091,
    -3.129191747313));
#3746 = CARTESIAN_POINT('',(-252.843499928,-37.94060216879,5.77597941954
    ));
#3747 = CARTESIAN_POINT('',(-254.4959109505,-62.86994012381,
    22.552881293887));
#3748 = CARTESIAN_POINT('',(-253.4460948799,-81.61813523709,
    45.399084590806));
#3749 = CARTESIAN_POINT('',(-250.8351876387,-92.57928035055,
    71.751556064202));
#3750 = CARTESIAN_POINT('',(-247.863016171,-95.42940846934,
    98.915440275373));
#3751 = CARTESIAN_POINT('',(-198.6107330986,34.285982385204,
    45.6316568833));
#3752 = CARTESIAN_POINT('',(-210.0266203696,23.624292313648,
    40.479432062159));
#3753 = CARTESIAN_POINT('',(-220.0909646279,10.048430940414,
    38.362822549338));
#3754 = CARTESIAN_POINT('',(-228.3728249731,-5.232727414465,
    40.249737454064));
#3755 = CARTESIAN_POINT('',(-234.6555072367,-20.55115950809,
    46.626879847858));
#3756 = CARTESIAN_POINT('',(-239.0397993301,-34.0545509004,
    57.267876374876));
#3757 = CARTESIAN_POINT('',(-241.9603850815,-44.20982325342,
    71.196411172456));
#3758 = CARTESIAN_POINT('',(-244.0353797821,-50.14711018988,
    87.024174565626));
#3759 = CARTESIAN_POINT('',(-245.9146896934,-51.69092958756,
    103.29145319175));
#3760 = DEFINITIONAL_REPRESENTATION('',(#3761),#3765);
#3761 = LINE('',#3762,#3763);
#3762 = CARTESIAN_POINT('',(44.,123.81838770212));
#3763 = VECTOR('',#3764,1.);
#3764 = DIRECTION('',(2.13162820728E-16,-1.));
#3765 = ( GEOMETRIC_REPRESENTATION_CONTEXT(2) 
PARAMETRIC_REPRESENTATION_CONTEXT() REPRESENTATION_CONTEXT('2D SPACE',''
  ) );
#3766 = ORIENTED_EDGE('',*,*,#3767,.T.);
#3767 = EDGE_CURVE('',#3698,#2239,#3768,.T.);
#3768 = SURFACE_CURVE('',#3769,(#3779,#3789),.PCURVE_S1.);
#3769 = B_SPLINE_CURVE_WITH_KNOTS('',8,(#3770,#3771,#3772,#3773,#3774,
    #3775,#3776,#3777,#3778),.UNSPECIFIED.,.F.,.F.,(9,9),(0.,
    66.666666666667),.PIECEWISE_BEZIER_KNOTS.);
#3770 = CARTESIAN_POINT('',(-245.9146896934,-51.69092958756,
    103.29145319175));
#3771 = CARTESIAN_POINT('',(-247.7939996047,-53.23474898523,
    119.55873181789));
#3772 = CARTESIAN_POINT('',(-249.4775816158,-50.38511245212,
    136.2656225054));
#3773 = CARTESIAN_POINT('',(-251.6153849943,-42.96750332022,
    151.95231529846));
#3774 = CARTESIAN_POINT('',(-254.8874509798,-31.50224664829,
    165.09141256486));
#3775 = CARTESIAN_POINT('',(-259.8531225567,-17.25476935141,
    174.4266093923));
#3776 = CARTESIAN_POINT('',(-266.7738650658,-1.979845645228,
    179.37064501069));
#3777 = CARTESIAN_POINT('',(-275.5849634834,12.578729055276,
    180.06887174278));
#3778 = CARTESIAN_POINT('',(-285.9721138769,25.011415983808,
    177.22722777932));
#3779 = PCURVE('',#1282,#3780);
#3780 = DEFINITIONAL_REPRESENTATION('',(#3781),#3788);
#3781 = B_SPLINE_CURVE_WITH_KNOTS('',5,(#3782,#3783,#3784,#3785,#3786,
    #3787),.UNSPECIFIED.,.F.,.F.,(6,6),(0.,9.515011140653),
  .PIECEWISE_BEZIER_KNOTS.);
#3782 = CARTESIAN_POINT('',(-4.603305902135,-291.6666666666));
#3783 = CARTESIAN_POINT('',(-4.665581504423,-293.5696688947));
#3784 = CARTESIAN_POINT('',(-4.727857165292,-295.4726711229));
#3785 = CARTESIAN_POINT('',(-4.790132770728,-297.375673351));
#3786 = CARTESIAN_POINT('',(-4.85240835197,-299.2786755791));
#3787 = CARTESIAN_POINT('',(-4.914683928019,-301.1816778073));
#3788 = ( GEOMETRIC_REPRESENTATION_CONTEXT(2) 
PARAMETRIC_REPRESENTATION_CONTEXT() REPRESENTATION_CONTEXT('2D SPACE',''
  ) );
#3789 = PCURVE('',#2988,#3790);
#3790 = DEFINITIONAL_REPRESENTATION('',(#3791),#3795);
#3791 = LINE('',#3792,#3793);
#3792 = CARTESIAN_POINT('',(44.,0.));
#3793 = VECTOR('',#3794,1.);
#3794 = DIRECTION('',(0.,1.));
#3795 = ( GEOMETRIC_REPRESENTATION_CONTEXT(2) 
PARAMETRIC_REPRESENTATION_CONTEXT() REPRESENTATION_CONTEXT('2D SPACE',''
  ) );
#3796 = ORIENTED_EDGE('',*,*,#2238,.F.);
#3797 = ORIENTED_EDGE('',*,*,#3798,.T.);
#3798 = EDGE_CURVE('',#2167,#3261,#3799,.T.);
#3799 = SURFACE_CURVE('',#3800,(#3810,#3839),.PCURVE_S1.);
#3800 = B_SPLINE_CURVE_WITH_KNOTS('',8,(#3801,#3802,#3803,#3804,#3805,
    #3806,#3807,#3808,#3809),.UNSPECIFIED.,.F.,.F.,(9,9),(18.72328472776
    ,51.333334013671),.PIECEWISE_BEZIER_KNOTS.);
#3801 = CARTESIAN_POINT('',(-250.5092954599,-45.54337211445,
    139.00474273023));
#3802 = CARTESIAN_POINT('',(-251.7621070095,-42.19570607227,
    146.21273814994));
#3803 = CARTESIAN_POINT('',(-253.2224987505,-37.92185476904,
    152.95450082627));
#3804 = CARTESIAN_POINT('',(-254.957474099,-32.81259393967,
    159.07953862259));
#3805 = CARTESIAN_POINT('',(-257.0261573493,-26.99385990274,
    164.45505619979));
#3806 = CARTESIAN_POINT('',(-259.475973754,-20.62156738882,
    168.97453469641));
#3807 = CARTESIAN_POINT('',(-262.339579759,-13.8730974913,
    172.56462653422));
#3808 = CARTESIAN_POINT('',(-265.6333051583,-6.936545209541,
    175.18865439499));
#3809 = CARTESIAN_POINT('',(-269.3571503517,3.468121968386E-06,
    176.84661738123));
#3810 = PCURVE('',#1282,#3811);
#3811 = DEFINITIONAL_REPRESENTATION('',(#3812),#3838);
#3812 = B_SPLINE_CURVE_WITH_KNOTS('',3,(#3813,#3814,#3815,#3816,#3817,
    #3818,#3819,#3820,#3821,#3822,#3823,#3824,#3825,#3826,#3827,#3828,
    #3829,#3830,#3831,#3832,#3833,#3834,#3835,#3836,#3837),
  .UNSPECIFIED.,.F.,.F.,(4,1,1,1,1,1,1,1,1,1,1,1,1,1,1,1,1,1,1,1,1,1,4),
  (18.72328472776,20.205559695302,21.687834662843,23.170109630384,
    24.652384597926,26.134659565467,27.616934533009,29.09920950055,
    30.581484468091,32.063759435633,33.546034403174,35.028309370716,
    36.510584338257,37.992859305798,39.47513427334,40.957409240881,
    42.439684208423,43.921959175964,45.404234143505,46.886509111047,
    48.368784078588,49.85105904613,51.333334013671),
  .QUASI_UNIFORM_KNOTS.);
#3813 = CARTESIAN_POINT('',(-5.216023932581,-310.3899513944));
#3814 = CARTESIAN_POINT('',(-5.232193048892,-310.8840430502));
#3815 = CARTESIAN_POINT('',(-5.264531283215,-311.8722263619));
#3816 = CARTESIAN_POINT('',(-5.313038636876,-313.3545013295));
#3817 = CARTESIAN_POINT('',(-5.361545989719,-314.836776297));
#3818 = CARTESIAN_POINT('',(-5.410053338997,-316.3190512645));
#3819 = CARTESIAN_POINT('',(-5.458560682615,-317.8013262321));
#3820 = CARTESIAN_POINT('',(-5.507068019369,-319.2836011996));
#3821 = CARTESIAN_POINT('',(-5.555575349077,-320.7658761672));
#3822 = CARTESIAN_POINT('',(-5.604082672559,-322.2481511347));
#3823 = CARTESIAN_POINT('',(-5.652589991504,-323.7304261022));
#3824 = CARTESIAN_POINT('',(-5.701097308219,-325.2127010698));
#3825 = CARTESIAN_POINT('',(-5.749604625314,-326.6949760373));
#3826 = CARTESIAN_POINT('',(-5.798111945347,-328.1772510049));
#3827 = CARTESIAN_POINT('',(-5.846619270478,-329.6595259724));
#3828 = CARTESIAN_POINT('',(-5.895126602166,-331.14180094));
#3829 = CARTESIAN_POINT('',(-5.943633940954,-332.6240759075));
#3830 = CARTESIAN_POINT('',(-5.992141286363,-334.106350875));
#3831 = CARTESIAN_POINT('',(-6.040648636912,-335.5886258426));
#3832 = CARTESIAN_POINT('',(-6.089155990292,-337.0709008101));
#3833 = CARTESIAN_POINT('',(-6.137663343633,-338.5531757777));
#3834 = CARTESIAN_POINT('',(-6.186170693944,-340.0354507452));
#3835 = CARTESIAN_POINT('',(-6.234678038423,-341.5177257128));
#3836 = CARTESIAN_POINT('',(-6.267016263104,-342.5059090244));
#3837 = CARTESIAN_POINT('',(-6.283185373874,-343.0000006803));
#3838 = ( GEOMETRIC_REPRESENTATION_CONTEXT(2) 
PARAMETRIC_REPRESENTATION_CONTEXT() REPRESENTATION_CONTEXT('2D SPACE',''
  ) );
#3839 = PCURVE('',#2988,#3840);
#3840 = DEFINITIONAL_REPRESENTATION('',(#3841),#3845);
#3841 = LINE('',#3842,#3843);
#3842 = CARTESIAN_POINT('',(44.,-2.48689957516E-14));
#3843 = VECTOR('',#3844,1.);
#3844 = DIRECTION('',(-2.17890727343E-16,1.));
#3845 = ( GEOMETRIC_REPRESENTATION_CONTEXT(2) 
PARAMETRIC_REPRESENTATION_CONTEXT() REPRESENTATION_CONTEXT('2D SPACE',''
  ) );
#3846 = ORIENTED_EDGE('',*,*,#3260,.F.);
#3847 = ORIENTED_EDGE('',*,*,#3848,.F.);
#3848 = EDGE_CURVE('',#3849,#3191,#3851,.T.);
#3849 = VERTEX_POINT('',#3850);
#3850 = CARTESIAN_POINT('',(-188.1831933861,-50.22814296703,
    69.05229453891));
#3851 = SURFACE_CURVE('',#3852,(#3862,#3891),.PCURVE_S1.);
#3852 = B_SPLINE_CURVE_WITH_KNOTS('',8,(#3853,#3854,#3855,#3856,#3857,
    #3858,#3859,#3860,#3861),.UNSPECIFIED.,.F.,.F.,(9,9),(0.,
    55.999998832208),.PIECEWISE_BEZIER_KNOTS.);
#3853 = CARTESIAN_POINT('',(-188.1831933861,-50.22814296703,
    69.05229453891));
#3854 = CARTESIAN_POINT('',(-189.8981058623,-53.31116227665,
    82.410691043328));
#3855 = CARTESIAN_POINT('',(-191.2847088123,-53.3818916014,
    96.506482817021));
#3856 = CARTESIAN_POINT('',(-192.7173462164,-50.19401930389,
    110.49887951376));
#3857 = CARTESIAN_POINT('',(-194.6065744727,-43.83754588899,
    123.46575636586));
#3858 = CARTESIAN_POINT('',(-197.3381346356,-34.78314464396,
    134.54072478021));
#3859 = CARTESIAN_POINT('',(-201.1961104726,-23.82373834057,
    143.08572216759));
#3860 = CARTESIAN_POINT('',(-206.3225115105,-11.91186876149,
    148.78178990883));
#3861 = CARTESIAN_POINT('',(-212.717330453,-1.893388922758E-06,
    151.62894439149));
#3862 = PCURVE('',#1282,#3863);
#3863 = DEFINITIONAL_REPRESENTATION('',(#3864),#3890);
#3864 = B_SPLINE_CURVE_WITH_KNOTS('',3,(#3865,#3866,#3867,#3868,#3869,
    #3870,#3871,#3872,#3873,#3874,#3875,#3876,#3877,#3878,#3879,#3880,
    #3881,#3882,#3883,#3884,#3885,#3886,#3887,#3888,#3889),
  .UNSPECIFIED.,.F.,.F.,(4,1,1,1,1,1,1,1,1,1,1,1,1,1,1,1,1,1,1,1,1,1,4),
  (0.,2.545454492373,5.090908984746,7.636363477119,10.181817969492,
    12.727272461865,15.272726954238,17.818181446611,20.363635938985,
    22.909090431358,25.454544923731,27.999999416104,30.545453908477,
    33.09090840085,35.636362893223,38.181817385596,40.727271877969,
    43.272726370342,45.818180862715,48.363635355088,50.909089847461,
    53.454544339834,55.999998832208),.QUASI_UNIFORM_KNOTS.);
#3865 = CARTESIAN_POINT('',(-4.450589592586,-225.));
#3866 = CARTESIAN_POINT('',(-4.478356198605,-225.8484848307));
#3867 = CARTESIAN_POINT('',(-4.533889419455,-227.5454544923));
#3868 = CARTESIAN_POINT('',(-4.617189251983,-230.0909089847));
#3869 = CARTESIAN_POINT('',(-4.700489043815,-232.6363634771));
#3870 = CARTESIAN_POINT('',(-4.783788811685,-235.1818179694));
#3871 = CARTESIAN_POINT('',(-4.867088578728,-237.7272724618));
#3872 = CARTESIAN_POINT('',(-4.950388364802,-240.2727269542));
#3873 = CARTESIAN_POINT('',(-5.033688176582,-242.8181814466));
#3874 = CARTESIAN_POINT('',(-5.116988007976,-245.3636359389));
#3875 = CARTESIAN_POINT('',(-5.20028784494,-247.9090904313));
#3876 = CARTESIAN_POINT('',(-5.283587672424,-250.4545449237));
#3877 = CARTESIAN_POINT('',(-5.366887480456,-252.999999416));
#3878 = CARTESIAN_POINT('',(-5.450187267584,-255.5454539084));
#3879 = CARTESIAN_POINT('',(-5.533487040878,-258.0909084008));
#3880 = CARTESIAN_POINT('',(-5.616786812868,-260.6363628932));
#3881 = CARTESIAN_POINT('',(-5.70008659659,-263.1818173855));
#3882 = CARTESIAN_POINT('',(-5.783386400472,-265.7272718779));
#3883 = CARTESIAN_POINT('',(-5.866686224783,-268.2727263703));
#3884 = CARTESIAN_POINT('',(-5.949986061032,-270.8181808627));
#3885 = CARTESIAN_POINT('',(-6.03328589465,-273.363635355));
#3886 = CARTESIAN_POINT('',(-6.116585711144,-275.9090898474));
#3887 = CARTESIAN_POINT('',(-6.199885501372,-278.4545443398));
#3888 = CARTESIAN_POINT('',(-6.25541868266,-280.1515140014));
#3889 = CARTESIAN_POINT('',(-6.283185270768,-280.9999988322));
#3890 = ( GEOMETRIC_REPRESENTATION_CONTEXT(2) 
PARAMETRIC_REPRESENTATION_CONTEXT() REPRESENTATION_CONTEXT('2D SPACE',''
  ) );
#3891 = PCURVE('',#3234,#3892);
#3892 = DEFINITIONAL_REPRESENTATION('',(#3893),#3897);
#3893 = LINE('',#3894,#3895);
#3894 = CARTESIAN_POINT('',(2.061076200431E-14,-1.650527249735E-15));
#3895 = VECTOR('',#3896,1.);
#3896 = DIRECTION('',(-4.380474847744E-16,1.));
#3897 = ( GEOMETRIC_REPRESENTATION_CONTEXT(2) 
PARAMETRIC_REPRESENTATION_CONTEXT() REPRESENTATION_CONTEXT('2D SPACE',''
  ) );
#3898 = ORIENTED_EDGE('',*,*,#3899,.F.);
#3899 = EDGE_CURVE('',#3900,#3849,#3902,.T.);
#3900 = VERTEX_POINT('',#3901);
#3901 = CARTESIAN_POINT('',(-135.4012152968,39.834311042187,
    23.696335955086));
#3902 = SURFACE_CURVE('',#3903,(#3913,#3942),.PCURVE_S1.);
#3903 = B_SPLINE_CURVE_WITH_KNOTS('',8,(#3904,#3905,#3906,#3907,#3908,
    #3909,#3910,#3911,#3912),.UNSPECIFIED.,.F.,.F.,(9,9),(0.,
    66.666666666674),.PIECEWISE_BEZIER_KNOTS.);
#3904 = CARTESIAN_POINT('',(-135.4012152968,39.834311042187,
    23.696335955086));
#3905 = CARTESIAN_POINT('',(-147.4325243625,30.719068395892,
    17.161851151957));
#3906 = CARTESIAN_POINT('',(-158.3083322225,18.218081014898,
    13.222664548766));
#3907 = CARTESIAN_POINT('',(-167.5279154005,3.364977738775,
    13.003419487563));
#3908 = CARTESIAN_POINT('',(-174.773894191,-12.27267714779,
    17.216962457659));
#3909 = CARTESIAN_POINT('',(-180.031273095,-26.82643170588,
    25.896973901149));
#3910 = CARTESIAN_POINT('',(-183.6348189501,-38.6184744141,
    38.291555190711));
#3911 = CARTESIAN_POINT('',(-186.1416308718,-46.5578818076,
    53.149441225834));
#3912 = CARTESIAN_POINT('',(-188.1831933861,-50.22814296703,
    69.05229453891));
#3913 = PCURVE('',#1282,#3914);
#3914 = DEFINITIONAL_REPRESENTATION('',(#3915),#3941);
#3915 = B_SPLINE_CURVE_WITH_KNOTS('',3,(#3916,#3917,#3918,#3919,#3920,
    #3921,#3922,#3923,#3924,#3925,#3926,#3927,#3928,#3929,#3930,#3931,
    #3932,#3933,#3934,#3935,#3936,#3937,#3938,#3939,#3940),
  .UNSPECIFIED.,.F.,.F.,(4,1,1,1,1,1,1,1,1,1,1,1,1,1,1,1,1,1,1,1,1,1,4),
  (0.,3.030303030303,6.060606060607,9.09090909091,12.121212121213,
    15.151515151517,18.18181818182,21.212121212123,24.242424242427,
    27.27272727273,30.303030303033,33.333333333337,36.36363636364,
    39.393939393943,42.424242424247,45.45454545455,48.484848484854,
    51.515151515157,54.54545454546,57.575757575764,60.606060606067,
    63.63636363637,66.666666666674),.QUASI_UNIFORM_KNOTS.);
#3916 = CARTESIAN_POINT('',(-2.268928027593,-158.3333333333));
#3917 = CARTESIAN_POINT('',(-2.301983514614,-159.3434343434));
#3918 = CARTESIAN_POINT('',(-2.368094493352,-161.3636363636));
#3919 = CARTESIAN_POINT('',(-2.467260952843,-164.3939393939));
#3920 = CARTESIAN_POINT('',(-2.566427354444,-167.4242424242));
#3921 = CARTESIAN_POINT('',(-2.665593741879,-170.4545454545));
#3922 = CARTESIAN_POINT('',(-2.764760151163,-173.4848484848));
#3923 = CARTESIAN_POINT('',(-2.863926597683,-176.5151515151));
#3924 = CARTESIAN_POINT('',(-2.963093069937,-179.5454545454));
#3925 = CARTESIAN_POINT('',(-3.062259542598,-182.5757575757));
#3926 = CARTESIAN_POINT('',(-3.161425992731,-185.606060606));
#3927 = CARTESIAN_POINT('',(-3.260592412052,-188.6363636363));
#3928 = CARTESIAN_POINT('',(-3.359758810089,-191.6666666666));
#3929 = CARTESIAN_POINT('',(-3.458925208127,-194.6969696969));
#3930 = CARTESIAN_POINT('',(-3.558091627448,-197.7272727272));
#3931 = CARTESIAN_POINT('',(-3.657258077581,-200.7575757575));
#3932 = CARTESIAN_POINT('',(-3.756424550241,-203.7878787878));
#3933 = CARTESIAN_POINT('',(-3.855591022495,-206.8181818181));
#3934 = CARTESIAN_POINT('',(-3.954757469015,-209.8484848484));
#3935 = CARTESIAN_POINT('',(-4.053923878299,-212.8787878787));
#3936 = CARTESIAN_POINT('',(-4.153090265734,-215.909090909));
#3937 = CARTESIAN_POINT('',(-4.252256667335,-218.9393939393));
#3938 = CARTESIAN_POINT('',(-4.351423126826,-221.9696969696));
#3939 = CARTESIAN_POINT('',(-4.417534105565,-223.9898989899));
#3940 = CARTESIAN_POINT('',(-4.450589592586,-225.));
#3941 = ( GEOMETRIC_REPRESENTATION_CONTEXT(2) 
PARAMETRIC_REPRESENTATION_CONTEXT() REPRESENTATION_CONTEXT('2D SPACE',''
  ) );
#3942 = PCURVE('',#3943,#3962);
#3943 = B_SPLINE_SURFACE_WITH_KNOTS('',1,8,(
    (#3944,#3945,#3946,#3947,#3948,#3949,#3950,#3951,#3952)
    ,(#3953,#3954,#3955,#3956,#3957,#3958,#3959,#3960,#3961
  )),.UNSPECIFIED.,.F.,.F.,.F.,(2,2),(9,9),(0.,44.),(0.,66.666666666667)
  ,.PIECEWISE_BEZIER_KNOTS.);
#3944 = CARTESIAN_POINT('',(-135.4012152968,39.834311042187,
    23.696335955086));
#3945 = CARTESIAN_POINT('',(-147.4325243625,30.719068395893,
    17.161851151957));
#3946 = CARTESIAN_POINT('',(-158.3083322225,18.218081014901,
    13.222664548767));
#3947 = CARTESIAN_POINT('',(-167.5279154004,3.364977738778,
    13.003419487561));
#3948 = CARTESIAN_POINT('',(-174.773894191,-12.27267714773,
    17.216962457618));
#3949 = CARTESIAN_POINT('',(-180.031273095,-26.82643170595,
    25.896973901182));
#3950 = CARTESIAN_POINT('',(-183.6348189501,-38.61847441408,
    38.291555190706));
#3951 = CARTESIAN_POINT('',(-186.1416308717,-46.5578818076,
    53.149441225832));
#3952 = CARTESIAN_POINT('',(-188.1831933861,-50.22814296703,
    69.05229453891));
#3953 = CARTESIAN_POINT('',(-146.9048073781,73.540266539422,
    -2.141154891469));
#3954 = CARTESIAN_POINT('',(-162.6747881954,56.71212626934,
    -17.07283393431));
#3955 = CARTESIAN_POINT('',(-176.3115360178,33.633380335203,
    -27.21319322343));
#3956 = CARTESIAN_POINT('',(-186.8906382731,6.212266594666,
    -30.48596812735));
#3957 = CARTESIAN_POINT('',(-193.8261631978,-22.65725011888,
    -25.57513435816));
#3958 = CARTESIAN_POINT('',(-197.0904267938,-49.52572007254,
    -12.41851263788));
#3959 = CARTESIAN_POINT('',(-197.3014601454,-71.29564507215,
    7.595776490314));
#3960 = CARTESIAN_POINT('',(-195.4877539276,-85.95301256789,
    32.157705148858));
#3961 = CARTESIAN_POINT('',(-192.8151257271,-92.72887932375,
    58.648804166699));
#3962 = DEFINITIONAL_REPRESENTATION('',(#3963),#3967);
#3963 = LINE('',#3964,#3965);
#3964 = CARTESIAN_POINT('',(7.703154316499E-15,-6.466604489448E-15));
#3965 = VECTOR('',#3966,1.);
#3966 = DIRECTION('',(-9.751405998069E-17,1.));
#3967 = ( GEOMETRIC_REPRESENTATION_CONTEXT(2) 
PARAMETRIC_REPRESENTATION_CONTEXT() REPRESENTATION_CONTEXT('2D SPACE',''
  ) );
#3968 = ORIENTED_EDGE('',*,*,#3969,.F.);
#3969 = EDGE_CURVE('',#1298,#3900,#3970,.T.);
#3970 = SURFACE_CURVE('',#3971,(#3981,#4010),.PCURVE_S1.);
#3971 = B_SPLINE_CURVE_WITH_KNOTS('',8,(#3972,#3973,#3974,#3975,#3976,
    #3977,#3978,#3979,#3980),.UNSPECIFIED.,.F.,.F.,(9,9),(0.,
    66.666666666676),.PIECEWISE_BEZIER_KNOTS.);
#3972 = CARTESIAN_POINT('',(-39.83320836721,4.532098622878,
    74.43937155626));
#3973 = CARTESIAN_POINT('',(-47.94878852394,18.658936569377,
    76.699757879129));
#3974 = CARTESIAN_POINT('',(-57.85519650619,32.400622677173,
    74.937879050165));
#3975 = CARTESIAN_POINT('',(-69.49525192033,44.155853867253,
    69.282164336174));
#3976 = CARTESIAN_POINT('',(-82.52871654656,52.386321614637,
    60.496801290772));
#3977 = CARTESIAN_POINT('',(-96.34166221595,55.990125553275,
    49.960695157734));
#3978 = CARTESIAN_POINT('',(-110.1830627378,54.679120137729,
    39.360678379662));
#3979 = CARTESIAN_POINT('',(-123.3699062312,48.949553688479,
    30.230820758213));
#3980 = CARTESIAN_POINT('',(-135.4012152968,39.834311042187,
    23.696335955086));
#3981 = PCURVE('',#1282,#3982);
#3982 = DEFINITIONAL_REPRESENTATION('',(#3983),#4009);
#3983 = B_SPLINE_CURVE_WITH_KNOTS('',3,(#3984,#3985,#3986,#3987,#3988,
    #3989,#3990,#3991,#3992,#3993,#3994,#3995,#3996,#3997,#3998,#3999,
    #4000,#4001,#4002,#4003,#4004,#4005,#4006,#4007,#4008),
  .UNSPECIFIED.,.F.,.F.,(4,1,1,1,1,1,1,1,1,1,1,1,1,1,1,1,1,1,1,1,1,1,4),
  (0.,3.030303030303,6.060606060607,9.09090909091,12.121212121214,
    15.151515151517,18.181818181821,21.212121212124,24.242424242428,
    27.272727272731,30.303030303035,33.333333333338,36.363636363642,
    39.393939393945,42.424242424249,45.454545454552,48.484848484856,
    51.515151515159,54.545454545462,57.575757575766,60.606060606069,
    63.636363636373,66.666666666676),.QUASI_UNIFORM_KNOTS.);
#3984 = CARTESIAN_POINT('',(-8.726646259972E-02,-91.66666666666));
#3985 = CARTESIAN_POINT('',(-0.120321949621,-92.67676767676));
#3986 = CARTESIAN_POINT('',(-0.186432928359,-94.69696969697));
#3987 = CARTESIAN_POINT('',(-0.285599387851,-97.72727272727));
#3988 = CARTESIAN_POINT('',(-0.384765789451,-100.7575757575));
#3989 = CARTESIAN_POINT('',(-0.483932176886,-103.7878787878));
#3990 = CARTESIAN_POINT('',(-0.58309858617,-106.8181818181));
#3991 = CARTESIAN_POINT('',(-0.68226503269,-109.8484848484));
#3992 = CARTESIAN_POINT('',(-0.781431504944,-112.8787878787));
#3993 = CARTESIAN_POINT('',(-0.880597977605,-115.909090909));
#3994 = CARTESIAN_POINT('',(-0.979764427738,-118.9393939393));
#3995 = CARTESIAN_POINT('',(-1.078930847059,-121.9696969697));
#3996 = CARTESIAN_POINT('',(-1.178097245096,-125.));
#3997 = CARTESIAN_POINT('',(-1.277263643134,-128.0303030303));
#3998 = CARTESIAN_POINT('',(-1.376430062455,-131.0606060606));
#3999 = CARTESIAN_POINT('',(-1.475596512588,-134.0909090909));
#4000 = CARTESIAN_POINT('',(-1.574762985249,-137.1212121212));
#4001 = CARTESIAN_POINT('',(-1.673929457503,-140.1515151515));
#4002 = CARTESIAN_POINT('',(-1.773095904022,-143.1818181818));
#4003 = CARTESIAN_POINT('',(-1.872262313306,-146.2121212121));
#4004 = CARTESIAN_POINT('',(-1.971428700742,-149.2424242424));
#4005 = CARTESIAN_POINT('',(-2.070595102342,-152.2727272727));
#4006 = CARTESIAN_POINT('',(-2.169761561834,-155.303030303));
#4007 = CARTESIAN_POINT('',(-2.235872540572,-157.3232323232));
#4008 = CARTESIAN_POINT('',(-2.268928027593,-158.3333333333));
#4009 = ( GEOMETRIC_REPRESENTATION_CONTEXT(2) 
PARAMETRIC_REPRESENTATION_CONTEXT() REPRESENTATION_CONTEXT('2D SPACE',''
  ) );
#4010 = PCURVE('',#1373,#4011);
#4011 = DEFINITIONAL_REPRESENTATION('',(#4012),#4016);
#4012 = LINE('',#4013,#4014);
#4013 = CARTESIAN_POINT('',(1.479425296293E-14,-8.577865235383E-15));
#4014 = VECTOR('',#4015,1.);
#4015 = DIRECTION('',(-4.158546649099E-16,1.));
#4016 = ( GEOMETRIC_REPRESENTATION_CONTEXT(2) 
PARAMETRIC_REPRESENTATION_CONTEXT() REPRESENTATION_CONTEXT('2D SPACE',''
  ) );
#4017 = ADVANCED_FACE('',(#4018),#1373,.F.);
#4018 = FACE_BOUND('',#4019,.F.);
#4019 = EDGE_LOOP('',(#4020,#4021,#4022,#4051));
#4020 = ORIENTED_EDGE('',*,*,#3969,.F.);
#4021 = ORIENTED_EDGE('',*,*,#1360,.T.);
#4022 = ORIENTED_EDGE('',*,*,#4023,.T.);
#4023 = EDGE_CURVE('',#1332,#4024,#4026,.T.);
#4024 = VERTEX_POINT('',#4025);
#4025 = CARTESIAN_POINT('',(-146.9048073781,73.540266539422,
    -2.141154891469));
#4026 = SURFACE_CURVE('',#4027,(#4037,#4044),.PCURVE_S1.);
#4027 = B_SPLINE_CURVE_WITH_KNOTS('',8,(#4028,#4029,#4030,#4031,#4032,
    #4033,#4034,#4035,#4036),.UNSPECIFIED.,.F.,.F.,(9,9),(0.,
    66.666666666667),.PIECEWISE_BEZIER_KNOTS.);
#4028 = CARTESIAN_POINT('',(-22.00489732373,8.366951303775,
    114.48241377651));
#4029 = CARTESIAN_POINT('',(-30.54584015535,34.447267512693,
    115.78741988935));
#4030 = CARTESIAN_POINT('',(-42.39292666483,59.816534173235,
    109.66670572188));
#4031 = CARTESIAN_POINT('',(-57.44059304857,81.518499447227,
    96.357371458984));
#4032 = CARTESIAN_POINT('',(-75.06070720846,96.713209134704,
    77.270224891976));
#4033 = CARTESIAN_POINT('',(-94.1198632943,103.36638563683,
    54.95093724001));
#4034 = CARTESIAN_POINT('',(-113.2315514154,100.94606794657,
    32.513660704975));
#4035 = CARTESIAN_POINT('',(-131.1348265609,90.368406809504,
    12.79052415138));
#4036 = CARTESIAN_POINT('',(-146.9048073781,73.540266539422,
    -2.141154891469));
#4037 = PCURVE('',#1373,#4038);
#4038 = DEFINITIONAL_REPRESENTATION('',(#4039),#4043);
#4039 = LINE('',#4040,#4041);
#4040 = CARTESIAN_POINT('',(44.,0.));
#4041 = VECTOR('',#4042,1.);
#4042 = DIRECTION('',(0.,1.));
#4043 = ( GEOMETRIC_REPRESENTATION_CONTEXT(2) 
PARAMETRIC_REPRESENTATION_CONTEXT() REPRESENTATION_CONTEXT('2D SPACE',''
  ) );
#4044 = PCURVE('',#1451,#4045);
#4045 = DEFINITIONAL_REPRESENTATION('',(#4046),#4050);
#4046 = LINE('',#4047,#4048);
#4047 = CARTESIAN_POINT('',(0.,0.));
#4048 = VECTOR('',#4049,1.);
#4049 = DIRECTION('',(0.,1.));
#4050 = ( GEOMETRIC_REPRESENTATION_CONTEXT(2) 
PARAMETRIC_REPRESENTATION_CONTEXT() REPRESENTATION_CONTEXT('2D SPACE',''
  ) );
#4051 = ORIENTED_EDGE('',*,*,#4052,.F.);
#4052 = EDGE_CURVE('',#3900,#4024,#4053,.T.);
#4053 = SURFACE_CURVE('',#4054,(#4057,#4064),.PCURVE_S1.);
#4054 = B_SPLINE_CURVE_WITH_KNOTS('',1,(#4055,#4056),.UNSPECIFIED.,.F.,
  .F.,(2,2),(0.,44.),.PIECEWISE_BEZIER_KNOTS.);
#4055 = CARTESIAN_POINT('',(-135.4012152968,39.834311042187,
    23.696335955086));
#4056 = CARTESIAN_POINT('',(-146.9048073781,73.540266539422,
    -2.141154891469));
#4057 = PCURVE('',#1373,#4058);
#4058 = DEFINITIONAL_REPRESENTATION('',(#4059),#4063);
#4059 = LINE('',#4060,#4061);
#4060 = CARTESIAN_POINT('',(0.,66.666666666667));
#4061 = VECTOR('',#4062,1.);
#4062 = DIRECTION('',(1.,0.));
#4063 = ( GEOMETRIC_REPRESENTATION_CONTEXT(2) 
PARAMETRIC_REPRESENTATION_CONTEXT() REPRESENTATION_CONTEXT('2D SPACE',''
  ) );
#4064 = PCURVE('',#3943,#4065);
#4065 = DEFINITIONAL_REPRESENTATION('',(#4066),#4070);
#4066 = LINE('',#4067,#4068);
#4067 = CARTESIAN_POINT('',(0.,0.));
#4068 = VECTOR('',#4069,1.);
#4069 = DIRECTION('',(1.,0.));
#4070 = ( GEOMETRIC_REPRESENTATION_CONTEXT(2) 
PARAMETRIC_REPRESENTATION_CONTEXT() REPRESENTATION_CONTEXT('2D SPACE',''
  ) );
#4071 = ADVANCED_FACE('',(#4072),#1451,.F.);
#4072 = FACE_BOUND('',#4073,.F.);
#4073 = EDGE_LOOP('',(#4074,#4075,#4076,#4105));
#4074 = ORIENTED_EDGE('',*,*,#4023,.F.);
#4075 = ORIENTED_EDGE('',*,*,#1433,.T.);
#4076 = ORIENTED_EDGE('',*,*,#4077,.T.);
#4077 = EDGE_CURVE('',#1405,#4078,#4080,.T.);
#4078 = VERTEX_POINT('',#4079);
#4079 = CARTESIAN_POINT('',(-148.8073761184,69.346940357737,
    -6.414394246896));
#4080 = SURFACE_CURVE('',#4081,(#4091,#4098),.PCURVE_S1.);
#4081 = ( BOUNDED_CURVE() B_SPLINE_CURVE(8,(#4082,#4083,#4084,#4085,
    #4086,#4087,#4088,#4089,#4090),.UNSPECIFIED.,.F.,.F.) 
B_SPLINE_CURVE_WITH_KNOTS((9,9),(0.,66.666666666667),
.PIECEWISE_BEZIER_KNOTS.) CURVE() GEOMETRIC_REPRESENTATION_ITEM() 
RATIONAL_B_SPLINE_CURVE((1.000053547667,1.000053547667,1.000053547667,
    1.000053547667,1.000053547667,1.000053547667,1.000053547667,
1.000053547667,1.000053547667)) REPRESENTATION_ITEM('') );
#4082 = CARTESIAN_POINT('',(-22.31075758986,14.603845074232,
    113.79544037112));
#4083 = CARTESIAN_POINT('',(-31.54349800482,40.479088910703,
    113.54664367166));
#4084 = CARTESIAN_POINT('',(-44.05638815737,65.113178706668,
    105.93051003765));
#4085 = CARTESIAN_POINT('',(-59.66544849843,85.573166813771,
    91.360264301977));
#4086 = CARTESIAN_POINT('',(-77.66834377547,99.126183043454,
    71.413377269497));
#4087 = CARTESIAN_POINT('',(-96.87997930125,103.92455665939,
    48.751615188166));
#4088 = CARTESIAN_POINT('',(-115.9026626627,99.660415995105,
    26.514246616418));
#4089 = CARTESIAN_POINT('',(-133.5025199329,87.450709823628,
    7.472597768433));
#4090 = CARTESIAN_POINT('',(-148.8073761184,69.346940357737,
    -6.414394246896));
#4091 = PCURVE('',#1451,#4092);
#4092 = DEFINITIONAL_REPRESENTATION('',(#4093),#4097);
#4093 = LINE('',#4094,#4095);
#4094 = CARTESIAN_POINT('',(6.544984694977E-02,0.));
#4095 = VECTOR('',#4096,1.);
#4096 = DIRECTION('',(0.,1.));
#4097 = ( GEOMETRIC_REPRESENTATION_CONTEXT(2) 
PARAMETRIC_REPRESENTATION_CONTEXT() REPRESENTATION_CONTEXT('2D SPACE',''
  ) );
#4098 = PCURVE('',#1623,#4099);
#4099 = DEFINITIONAL_REPRESENTATION('',(#4100),#4104);
#4100 = LINE('',#4101,#4102);
#4101 = CARTESIAN_POINT('',(0.,0.));
#4102 = VECTOR('',#4103,1.);
#4103 = DIRECTION('',(0.,1.));
#4104 = ( GEOMETRIC_REPRESENTATION_CONTEXT(2) 
PARAMETRIC_REPRESENTATION_CONTEXT() REPRESENTATION_CONTEXT('2D SPACE',''
  ) );
#4105 = ORIENTED_EDGE('',*,*,#4106,.F.);
#4106 = EDGE_CURVE('',#4024,#4078,#4107,.T.);
#4107 = SURFACE_CURVE('',#4108,(#4116,#4123),.PCURVE_S1.);
#4108 = ( BOUNDED_CURVE() B_SPLINE_CURVE(6,(#4109,#4110,#4111,#4112,
#4113,#4114,#4115),.UNSPECIFIED.,.F.,.F.) B_SPLINE_CURVE_WITH_KNOTS((7,7
),(0.,6.544984694977E-02),.PIECEWISE_BEZIER_KNOTS.) CURVE() 
GEOMETRIC_REPRESENTATION_ITEM() RATIONAL_B_SPLINE_CURVE((1.000053547667,
    1.000017847948,0.999996430156,0.999989291231,0.999996430156,
1.000017847948,1.000053547667)) REPRESENTATION_ITEM('') );
#4109 = CARTESIAN_POINT('',(-146.9048073781,73.540266539422,
    -2.141154891469));
#4110 = CARTESIAN_POINT('',(-147.2124974569,72.816089909268,
    -2.832238123264));
#4111 = CARTESIAN_POINT('',(-147.5240300761,72.101846878109,
    -3.531951842369));
#4112 = CARTESIAN_POINT('',(-147.8393453884,71.397675660389,
    -4.240161629088));
#4113 = CARTESIAN_POINT('',(-148.1583826808,70.70371217244,
    -4.956731120105));
#4114 = CARTESIAN_POINT('',(-148.4810803902,70.020089998506,
    -5.681522042226));
#4115 = CARTESIAN_POINT('',(-148.8073761184,69.346940357737,
    -6.414394246896));
#4116 = PCURVE('',#1451,#4117);
#4117 = DEFINITIONAL_REPRESENTATION('',(#4118),#4122);
#4118 = LINE('',#4119,#4120);
#4119 = CARTESIAN_POINT('',(0.,66.666666666667));
#4120 = VECTOR('',#4121,1.);
#4121 = DIRECTION('',(1.,0.));
#4122 = ( GEOMETRIC_REPRESENTATION_CONTEXT(2) 
PARAMETRIC_REPRESENTATION_CONTEXT() REPRESENTATION_CONTEXT('2D SPACE',''
  ) );
#4123 = PCURVE('',#4124,#4188);
#4124 = ( BOUNDED_SURFACE() B_SPLINE_SURFACE(6,8,(
    (#4125,#4126,#4127,#4128,#4129,#4130,#4131,#4132,#4133)
    ,(#4134,#4135,#4136,#4137,#4138,#4139,#4140,#4141,#4142)
    ,(#4143,#4144,#4145,#4146,#4147,#4148,#4149,#4150,#4151)
    ,(#4152,#4153,#4154,#4155,#4156,#4157,#4158,#4159,#4160)
    ,(#4161,#4162,#4163,#4164,#4165,#4166,#4167,#4168,#4169)
    ,(#4170,#4171,#4172,#4173,#4174,#4175,#4176,#4177,#4178)
    ,(#4179,#4180,#4181,#4182,#4183,#4184,#4185,#4186,#4187
)),.UNSPECIFIED.,.F.,.F.,.F.) B_SPLINE_SURFACE_WITH_KNOTS((7,7),(9,9),(
    0.,6.544984694977E-02),(0.,66.666666666667),
.PIECEWISE_BEZIER_KNOTS.) GEOMETRIC_REPRESENTATION_ITEM() 
RATIONAL_B_SPLINE_SURFACE((
    (1.000053547667,1.000053547667,1.000053547667,1.000053547667
      ,1.000053547667,1.000053547667,1.000053547667,1.000053547667
      ,1.000053547667)
    ,(1.000017847948,1.000017847948,1.000017847948,1.000017847948
      ,1.000017847948,1.000017847948,1.000017847948,1.000017847948
      ,1.000017847948)
    ,(0.999996430156,0.999996430156,0.999996430156,0.999996430156
      ,0.999996430156,0.999996430156,0.999996430156,0.999996430156
      ,0.999996430156)
    ,(0.999989291231,0.999989291231,0.999989291231,0.999989291231
      ,0.999989291231,0.999989291231,0.999989291231,0.999989291231
      ,0.999989291231)
    ,(0.999996430156,0.999996430156,0.999996430156,0.999996430156
      ,0.999996430156,0.999996430156,0.999996430156,0.999996430156
      ,0.999996430156)
    ,(1.000017847948,1.000017847948,1.000017847948,1.000017847948
      ,1.000017847948,1.000017847948,1.000017847948,1.000017847948
      ,1.000017847948)
    ,(1.000053547667,1.000053547667,1.000053547667,1.000053547667
      ,1.000053547667,1.000053547667,1.000053547667,1.000053547667
,1.000053547667))) REPRESENTATION_ITEM('') SURFACE() );
#4125 = CARTESIAN_POINT('',(-146.9048073781,73.540266539422,
    -2.141154891469));
#4126 = CARTESIAN_POINT('',(-162.6747881954,56.71212626934,
    -17.07283393431));
#4127 = CARTESIAN_POINT('',(-176.3115360178,33.633380335204,
    -27.21319322343));
#4128 = CARTESIAN_POINT('',(-186.8906382731,6.212266594665,
    -30.48596812735));
#4129 = CARTESIAN_POINT('',(-193.8261631978,-22.65725011888,
    -25.57513435816));
#4130 = CARTESIAN_POINT('',(-197.0904267938,-49.52572007254,
    -12.41851263788));
#4131 = CARTESIAN_POINT('',(-197.3014601454,-71.29564507215,
    7.595776490313));
#4132 = CARTESIAN_POINT('',(-195.4877539276,-85.95301256789,
    32.157705148858));
#4133 = CARTESIAN_POINT('',(-192.8151257271,-92.72887932375,
    58.648804166699));
#4134 = CARTESIAN_POINT('',(-147.2124974569,72.816089909268,
    -2.832238123264));
#4135 = CARTESIAN_POINT('',(-162.9021524483,55.781650418879,
    -17.58350240742));
#4136 = CARTESIAN_POINT('',(-176.4324220772,32.558155757888,
    -27.48470775829));
#4137 = CARTESIAN_POINT('',(-186.8880019656,5.077222035416,
    -30.48004688366));
#4138 = CARTESIAN_POINT('',(-193.6961913244,-23.75356957882,
    -25.28321275076));
#4139 = CARTESIAN_POINT('',(-196.8445982317,-50.48648950994,
    -11.86637264751));
#4140 = CARTESIAN_POINT('',(-196.964526901,-72.04278964907,8.35254094751
    ));
#4141 = CARTESIAN_POINT('',(-195.0926511913,-86.43741948152,
    33.045120424227));
#4142 = CARTESIAN_POINT('',(-192.3973613922,-92.93318472448,
    59.587118225646));
#4143 = CARTESIAN_POINT('',(-147.5240300761,72.101846878109,
    -3.531951842369));
#4144 = CARTESIAN_POINT('',(-163.1344610786,54.858531831131,
    -18.10527613407));
#4145 = CARTESIAN_POINT('',(-176.559027759,31.486867792769,
    -27.76906877542));
#4146 = CARTESIAN_POINT('',(-186.8914090708,3.942141256552,
    -30.48769936738));
#4147 = CARTESIAN_POINT('',(-193.5720621354,-24.85402503441,
    -25.00441402765));
#4148 = CARTESIAN_POINT('',(-196.6038956108,-51.45512943549,
    -11.3257457093));
#4149 = CARTESIAN_POINT('',(-196.6315861012,-72.80074594273,
    9.100338227329));
#4150 = CARTESIAN_POINT('',(-194.7001445015,-86.93452147149,
    33.926704883404));
#4151 = CARTESIAN_POINT('',(-191.9807027348,-93.15092653318,
    60.522948892497));
#4152 = CARTESIAN_POINT('',(-147.8393453884,71.397675660389,
    -4.240161629088));
#4153 = CARTESIAN_POINT('',(-163.3716695697,53.942948846937,
    -18.63805512804));
#4154 = CARTESIAN_POINT('',(-176.691328964,30.419723159719,
    -28.06622214721));
#4155 = CARTESIAN_POINT('',(-186.9008592557,2.807243062392,
    -30.5089248301));
#4156 = CARTESIAN_POINT('',(-193.4537998718,-25.95840457547,
    -24.73879263471));
#4157 = CARTESIAN_POINT('',(-196.3683656049,-52.43145354865,
    -10.79673665477));
#4158 = CARTESIAN_POINT('',(-196.3027021399,-73.56936842295,
    9.839023698903));
#4159 = CARTESIAN_POINT('',(-194.3103096598,-87.44422339262,
    34.802288273693));
#4160 = CARTESIAN_POINT('',(-191.565230132,-93.3820634958,
    61.456115636901));
#4161 = CARTESIAN_POINT('',(-148.1583826808,70.70371217244,
    -4.956731120105));
#4162 = CARTESIAN_POINT('',(-163.6137322844,53.035078089224,
    -19.18173688698));
#4163 = CARTESIAN_POINT('',(-176.8293002916,29.356927636228,
    -28.37611082254));
#4164 = CARTESIAN_POINT('',(-186.9163508064,1.672746219933,
    -30.54371942273));
#4165 = CARTESIAN_POINT('',(-193.3414274347,-27.06649539112,
    -24.48640000857));
#4166 = CARTESIAN_POINT('',(-196.1380537074,-53.41527378972,
    -10.2794476635));
#4167 = CARTESIAN_POINT('',(-195.9779384852,-74.34850911999,
    10.568454810054));
#4168 = CARTESIAN_POINT('',(-193.9232218586,-87.96642721937,
    35.671701709913));
#4169 = CARTESIAN_POINT('',(-191.1510236918,-93.62655129738,
    62.386438533447));
#4170 = CARTESIAN_POINT('',(-148.4810803902,70.020089998506,
    -5.681522042226));
#4171 = CARTESIAN_POINT('',(-163.8606024769,52.13509441896,
    -19.73621641764));
#4172 = CARTESIAN_POINT('',(-176.9729150453,28.298686006178,
    -28.69867484079));
#4173 = CARTESIAN_POINT('',(-186.9378806291,0.538869404478,
    -30.59207619611));
#4174 = CARTESIAN_POINT('',(-193.2349663795,-28.17808382257,
    -24.24728456353));
#4175 = CARTESIAN_POINT('',(-195.9130042194,-54.40640038642,
    -9.773978237441));
#4176 = CARTESIAN_POINT('',(-195.6573576643,-75.13801766105,
    11.288491122876));
#4177 = CARTESIAN_POINT('',(-193.5389556629,-88.50103206997,
    36.534777716487));
#4178 = CARTESIAN_POINT('',(-190.738163233,-93.88434257278,
    63.313738306441));
#4179 = CARTESIAN_POINT('',(-148.8073761184,69.346940357737,
    -6.414394246896));
#4180 = CARTESIAN_POINT('',(-164.1122323038,51.243170891845,
    -20.30138626222));
#4181 = CARTESIAN_POINT('',(-177.1221452405,27.245202009019,
    -29.03385134689));
#4182 = CARTESIAN_POINT('',(-186.9654442503,-0.594168854697,
    -30.65398510302));
#4183 = CARTESIAN_POINT('',(-193.1344369108,-29.29295541635,
    -24.02149167988));
#4184 = CARTESIAN_POINT('',(-195.6932602389,-55.40464190115,
    -9.280425176441));
#4185 = CARTESIAN_POINT('',(-195.3410212473,-75.9377413079,
    11.998994348472));
#4186 = CARTESIAN_POINT('',(-193.1575849915,-89.04793423177,
    37.391350268953));
#4187 = CARTESIAN_POINT('',(-190.3267282651,-94.15538691871,
    64.237836374405));
#4188 = DEFINITIONAL_REPRESENTATION('',(#4189),#4193);
#4189 = LINE('',#4190,#4191);
#4190 = CARTESIAN_POINT('',(0.,0.));
#4191 = VECTOR('',#4192,1.);
#4192 = DIRECTION('',(1.,0.));
#4193 = ( GEOMETRIC_REPRESENTATION_CONTEXT(2) 
PARAMETRIC_REPRESENTATION_CONTEXT() REPRESENTATION_CONTEXT('2D SPACE',''
  ) );
#4194 = ADVANCED_FACE('',(#4195),#1623,.F.);
#4195 = FACE_BOUND('',#4196,.F.);
#4196 = EDGE_LOOP('',(#4197,#4198,#4199,#4200));
#4197 = ORIENTED_EDGE('',*,*,#4077,.F.);
#4198 = ORIENTED_EDGE('',*,*,#1610,.T.);
#4199 = ORIENTED_EDGE('',*,*,#1681,.F.);
#4200 = ORIENTED_EDGE('',*,*,#4201,.F.);
#4201 = EDGE_CURVE('',#4078,#1682,#4202,.T.);
#4202 = SURFACE_CURVE('',#4203,(#4206,#4213),.PCURVE_S1.);
#4203 = B_SPLINE_CURVE_WITH_KNOTS('',1,(#4204,#4205),.UNSPECIFIED.,.F.,
  .F.,(2,2),(0.,44.),.PIECEWISE_BEZIER_KNOTS.);
#4204 = CARTESIAN_POINT('',(-148.8073761184,69.346940357737,
    -6.414394246896));
#4205 = CARTESIAN_POINT('',(-136.4317733645,37.562926027107,
    21.381664637564));
#4206 = PCURVE('',#1623,#4207);
#4207 = DEFINITIONAL_REPRESENTATION('',(#4208),#4212);
#4208 = LINE('',#4209,#4210);
#4209 = CARTESIAN_POINT('',(0.,66.666666666667));
#4210 = VECTOR('',#4211,1.);
#4211 = DIRECTION('',(1.,0.));
#4212 = ( GEOMETRIC_REPRESENTATION_CONTEXT(2) 
PARAMETRIC_REPRESENTATION_CONTEXT() REPRESENTATION_CONTEXT('2D SPACE',''
  ) );
#4213 = PCURVE('',#1776,#4214);
#4214 = DEFINITIONAL_REPRESENTATION('',(#4215),#4219);
#4215 = LINE('',#4216,#4217);
#4216 = CARTESIAN_POINT('',(0.,0.));
#4217 = VECTOR('',#4218,1.);
#4218 = DIRECTION('',(1.,0.));
#4219 = ( GEOMETRIC_REPRESENTATION_CONTEXT(2) 
PARAMETRIC_REPRESENTATION_CONTEXT() REPRESENTATION_CONTEXT('2D SPACE',''
  ) );
#4220 = ADVANCED_FACE('',(#4221),#1939,.F.);
#4221 = FACE_BOUND('',#4222,.F.);
#4222 = EDGE_LOOP('',(#4223,#4224,#4225,#4226,#4255));
#4223 = ORIENTED_EDGE('',*,*,#2464,.F.);
#4224 = ORIENTED_EDGE('',*,*,#1895,.F.);
#4225 = ORIENTED_EDGE('',*,*,#2048,.T.);
#4226 = ORIENTED_EDGE('',*,*,#4227,.T.);
#4227 = EDGE_CURVE('',#2020,#4228,#4230,.T.);
#4228 = VERTEX_POINT('',#4229);
#4229 = CARTESIAN_POINT('',(-83.35255066363,16.670225056025,
    140.59955075399));
#4230 = SURFACE_CURVE('',#4231,(#4241,#4248),.PCURVE_S1.);
#4231 = B_SPLINE_CURVE_WITH_KNOTS('',8,(#4232,#4233,#4234,#4235,#4236,
    #4237,#4238,#4239,#4240),.UNSPECIFIED.,.F.,.F.,(9,9),(0.,
    66.666666666667),.PIECEWISE_BEZIER_KNOTS.);
#4232 = CARTESIAN_POINT('',(-77.40488648546,-87.00554755551,
    -9.947999154629));
#4233 = CARTESIAN_POINT('',(-75.36709146177,-98.06966777516,
    15.11724120271));
#4234 = CARTESIAN_POINT('',(-71.92668772509,-101.7388079309,
    43.332792308835));
#4235 = CARTESIAN_POINT('',(-68.17777993473,-96.75960900692,
    72.241254864391));
#4236 = CARTESIAN_POINT('',(-65.43479172117,-83.04951545873,
    98.890385058912));
#4237 = CARTESIAN_POINT('',(-64.98098862817,-62.00464108106,
    120.39792129032));
#4238 = CARTESIAN_POINT('',(-67.69700581535,-36.31116817249,
    134.78592460583));
#4239 = CARTESIAN_POINT('',(-73.89060694165,-9.11198162782,
    141.36314650971));
#4240 = CARTESIAN_POINT('',(-83.35255066363,16.670225056025,
    140.59955075399));
#4241 = PCURVE('',#1939,#4242);
#4242 = DEFINITIONAL_REPRESENTATION('',(#4243),#4247);
#4243 = LINE('',#4244,#4245);
#4244 = CARTESIAN_POINT('',(44.,0.));
#4245 = VECTOR('',#4246,1.);
#4246 = DIRECTION('',(0.,1.));
#4247 = ( GEOMETRIC_REPRESENTATION_CONTEXT(2) 
PARAMETRIC_REPRESENTATION_CONTEXT() REPRESENTATION_CONTEXT('2D SPACE',''
  ) );
#4248 = PCURVE('',#2092,#4249);
#4249 = DEFINITIONAL_REPRESENTATION('',(#4250),#4254);
#4250 = LINE('',#4251,#4252);
#4251 = CARTESIAN_POINT('',(0.,0.));
#4252 = VECTOR('',#4253,1.);
#4253 = DIRECTION('',(0.,1.));
#4254 = ( GEOMETRIC_REPRESENTATION_CONTEXT(2) 
PARAMETRIC_REPRESENTATION_CONTEXT() REPRESENTATION_CONTEXT('2D SPACE',''
  ) );
#4255 = ORIENTED_EDGE('',*,*,#4256,.F.);
#4256 = EDGE_CURVE('',#2395,#4228,#4257,.T.);
#4257 = SURFACE_CURVE('',#4258,(#4261,#4268),.PCURVE_S1.);
#4258 = B_SPLINE_CURVE_WITH_KNOTS('',1,(#4259,#4260),.UNSPECIFIED.,.F.,
  .F.,(2,2),(0.,44.),.PIECEWISE_BEZIER_KNOTS.);
#4259 = CARTESIAN_POINT('',(-100.9770762431,9.02970523868,
    101.01421817971));
#4260 = CARTESIAN_POINT('',(-83.35255066363,16.670225056025,
    140.59955075399));
#4261 = PCURVE('',#1939,#4262);
#4262 = DEFINITIONAL_REPRESENTATION('',(#4263),#4267);
#4263 = LINE('',#4264,#4265);
#4264 = CARTESIAN_POINT('',(0.,66.666666666667));
#4265 = VECTOR('',#4266,1.);
#4266 = DIRECTION('',(1.,0.));
#4267 = ( GEOMETRIC_REPRESENTATION_CONTEXT(2) 
PARAMETRIC_REPRESENTATION_CONTEXT() REPRESENTATION_CONTEXT('2D SPACE',''
  ) );
#4268 = PCURVE('',#2438,#4269);
#4269 = DEFINITIONAL_REPRESENTATION('',(#4270),#4274);
#4270 = LINE('',#4271,#4272);
#4271 = CARTESIAN_POINT('',(0.,0.));
#4272 = VECTOR('',#4273,1.);
#4273 = DIRECTION('',(1.,0.));
#4274 = ( GEOMETRIC_REPRESENTATION_CONTEXT(2) 
PARAMETRIC_REPRESENTATION_CONTEXT() REPRESENTATION_CONTEXT('2D SPACE',''
  ) );
#4275 = ADVANCED_FACE('',(#4276),#1846,.F.);
#4276 = FACE_BOUND('',#4277,.F.);
#4277 = EDGE_LOOP('',(#4278,#4373,#4393,#4394,#4395));
#4278 = ORIENTED_EDGE('',*,*,#4279,.F.);
#4279 = EDGE_CURVE('',#4280,#4282,#4284,.T.);
#4280 = VERTEX_POINT('',#4281);
#4281 = CARTESIAN_POINT('',(-190.3267282651,-94.15538691871,
    64.237836374405));
#4282 = VERTEX_POINT('',#4283);
#4283 = CARTESIAN_POINT('',(-207.8722130729,38.663682226439,
    188.73625465167));
#4284 = SURFACE_CURVE('',#4285,(#4295,#4302),.PCURVE_S1.);
#4285 = ( BOUNDED_CURVE() B_SPLINE_CURVE(8,(#4286,#4287,#4288,#4289,
    #4290,#4291,#4292,#4293,#4294),.UNSPECIFIED.,.F.,.F.) 
B_SPLINE_CURVE_WITH_KNOTS((9,9),(0.,66.666666666667),
.PIECEWISE_BEZIER_KNOTS.) CURVE() GEOMETRIC_REPRESENTATION_ITEM() 
RATIONAL_B_SPLINE_CURVE((1.000053547667,1.000053547667,1.000053547667,
    1.000053547667,1.000053547667,1.000053547667,1.000053547667,
1.000053547667,1.000053547667)) REPRESENTATION_ITEM('') );
#4286 = CARTESIAN_POINT('',(-190.3267282651,-94.15538691871,
    64.237836374405));
#4287 = CARTESIAN_POINT('',(-187.4958715388,-99.26283960564,
    91.084322479857));
#4288 = CARTESIAN_POINT('',(-184.0175158153,-96.36759045866,
    119.38511514392));
#4289 = CARTESIAN_POINT('',(-181.0755801663,-84.89156430523,
    146.4810885945));
#4290 = CARTESIAN_POINT('',(-179.9548006652,-65.52268508764,
    169.48667836588));
#4291 = CARTESIAN_POINT('',(-181.7666970358,-40.36696254144,
    185.90537028348));
#4292 = CARTESIAN_POINT('',(-187.1069790735,-12.54821790723,
    194.39917824022));
#4293 = CARTESIAN_POINT('',(-195.9707504045,14.700883738538,
    194.97909967175));
#4294 = CARTESIAN_POINT('',(-207.8722130729,38.663682226439,
    188.73625465167));
#4295 = PCURVE('',#1846,#4296);
#4296 = DEFINITIONAL_REPRESENTATION('',(#4297),#4301);
#4297 = LINE('',#4298,#4299);
#4298 = CARTESIAN_POINT('',(0.,0.));
#4299 = VECTOR('',#4300,1.);
#4300 = DIRECTION('',(0.,1.));
#4301 = ( GEOMETRIC_REPRESENTATION_CONTEXT(2) 
PARAMETRIC_REPRESENTATION_CONTEXT() REPRESENTATION_CONTEXT('2D SPACE',''
  ) );
#4302 = PCURVE('',#4303,#4367);
#4303 = ( BOUNDED_SURFACE() B_SPLINE_SURFACE(6,8,(
    (#4304,#4305,#4306,#4307,#4308,#4309,#4310,#4311,#4312)
    ,(#4313,#4314,#4315,#4316,#4317,#4318,#4319,#4320,#4321)
    ,(#4322,#4323,#4324,#4325,#4326,#4327,#4328,#4329,#4330)
    ,(#4331,#4332,#4333,#4334,#4335,#4336,#4337,#4338,#4339)
    ,(#4340,#4341,#4342,#4343,#4344,#4345,#4346,#4347,#4348)
    ,(#4349,#4350,#4351,#4352,#4353,#4354,#4355,#4356,#4357)
    ,(#4358,#4359,#4360,#4361,#4362,#4363,#4364,#4365,#4366
)),.UNSPECIFIED.,.F.,.F.,.F.) B_SPLINE_SURFACE_WITH_KNOTS((7,7),(9,9),(
    0.,6.544984694977E-02),(0.,66.666666666667),
.PIECEWISE_BEZIER_KNOTS.) GEOMETRIC_REPRESENTATION_ITEM() 
RATIONAL_B_SPLINE_SURFACE((
    (1.000053547667,1.000053547667,1.000053547667,1.000053547667
      ,1.000053547667,1.000053547667,1.000053547667,1.000053547667
      ,1.000053547667)
    ,(1.000017847948,1.000017847948,1.000017847948,1.000017847948
      ,1.000017847948,1.000017847948,1.000017847948,1.000017847948
      ,1.000017847948)
    ,(0.999996430156,0.999996430156,0.999996430156,0.999996430156
      ,0.999996430156,0.999996430156,0.999996430156,0.999996430156
      ,0.999996430156)
    ,(0.999989291231,0.999989291231,0.999989291231,0.999989291231
      ,0.999989291231,0.999989291231,0.999989291231,0.999989291231
      ,0.999989291231)
    ,(0.999996430156,0.999996430156,0.999996430156,0.999996430156
      ,0.999996430156,0.999996430156,0.999996430156,0.999996430156
      ,0.999996430156)
    ,(1.000017847948,1.000017847948,1.000017847948,1.000017847948
      ,1.000017847948,1.000017847948,1.000017847948,1.000017847948
      ,1.000017847948)
    ,(1.000053547667,1.000053547667,1.000053547667,1.000053547667
      ,1.000053547667,1.000053547667,1.000053547667,1.000053547667
,1.000053547667))) REPRESENTATION_ITEM('') SURFACE() );
#4304 = CARTESIAN_POINT('',(-192.8151257271,-92.72887932375,
    58.648804166699));
#4305 = CARTESIAN_POINT('',(-190.1424975266,-99.50474607961,
    85.13990318454));
#4306 = CARTESIAN_POINT('',(-186.6108700063,-98.39916304344,
    113.56034626316));
#4307 = CARTESIAN_POINT('',(-183.3862495078,-88.64491891728,
    141.29124028119));
#4308 = CARTESIAN_POINT('',(-181.7689214349,-70.72187957329,
    165.41209640494));
#4309 = CARTESIAN_POINT('',(-182.9240494157,-46.55281358298,
    183.30591427783));
#4310 = CARTESIAN_POINT('',(-187.5291672071,-19.15906389089,
    193.45092816678));
#4311 = CARTESIAN_POINT('',(-195.6653837875,8.232838475151,
    195.66496432303));
#4312 = CARTESIAN_POINT('',(-206.9202095162,32.833933759264,
    190.87448964894));
#4313 = CARTESIAN_POINT('',(-192.3973613922,-92.93318472448,
    59.587118225646));
#4314 = CARTESIAN_POINT('',(-189.7020715932,-99.42894996744,
    86.129116027067));
#4315 = CARTESIAN_POINT('',(-186.1832901976,-98.02589946268,
    114.52070623738));
#4316 = CARTESIAN_POINT('',(-183.0095884472,-87.98857468133,
    142.1372348746));
#4317 = CARTESIAN_POINT('',(-181.4781994502,-69.8312981817,
    166.06506867355));
#4318 = CARTESIAN_POINT('',(-182.7449425392,-45.50664955025,
    183.70819490892));
#4319 = CARTESIAN_POINT('',(-187.4734911796,-18.05194869824,
    193.57597857189));
#4320 = CARTESIAN_POINT('',(-195.730611122,9.306404667526,
    195.51846133109));
#4321 = CARTESIAN_POINT('',(-207.0917589944,33.792479916777,
    190.48918321251));
#4322 = CARTESIAN_POINT('',(-191.9807027348,-93.15092653318,
    60.522948892497));
#4323 = CARTESIAN_POINT('',(-189.261260968,-99.36733159486,
    87.119192901591));
#4324 = CARTESIAN_POINT('',(-185.7537413453,-97.66641293071,
    115.48548875577));
#4325 = CARTESIAN_POINT('',(-182.6294489598,-87.34438087292,
    142.99104214251));
#4326 = CARTESIAN_POINT('',(-181.1827482118,-68.95011142365,
    166.72866301986));
#4327 = CARTESIAN_POINT('',(-182.5602732611,-44.46629464028,
    184.12296889851));
#4328 = CARTESIAN_POINT('',(-187.4119229414,-16.94667279036,
    193.71426309905));
#4329 = CARTESIAN_POINT('',(-195.7901196906,10.382024117922,
    195.38480289778));
#4330 = CARTESIAN_POINT('',(-207.258197551,34.756506089291,
    190.11535609378));
#4331 = CARTESIAN_POINT('',(-191.565230132,-93.3820634958,61.4561156369)
  );
#4332 = CARTESIAN_POINT('',(-188.8201506042,-99.31990359898,
    88.109943000108));
#4333 = CARTESIAN_POINT('',(-185.322306147,-97.32077348239,
    116.45450807677));
#4334 = CARTESIAN_POINT('',(-182.2459041377,-86.712462322,
    143.85249791727));
#4335 = CARTESIAN_POINT('',(-180.8826244198,-68.078489666,
    167.40275209346));
#4336 = CARTESIAN_POINT('',(-182.3700768818,-43.43194971032,
    184.55015696075));
#4337 = CARTESIAN_POINT('',(-187.3444740452,-15.8434493266,
    193.86575580015));
#4338 = CARTESIAN_POINT('',(-195.8438977157,11.459489592213,
    195.26401547578));
#4339 = CARTESIAN_POINT('',(-207.4194928285,35.725826737675,
    189.75308096894));
#4340 = CARTESIAN_POINT('',(-191.1510236918,-93.62655129738,
    62.386438533447));
#4341 = CARTESIAN_POINT('',(-188.3788255251,-99.2866753754,
    89.101175356981));
#4342 = CARTESIAN_POINT('',(-184.8890677327,-96.98904799062,
    117.42757748721));
#4343 = CARTESIAN_POINT('',(-181.8590278526,-86.09294105678,
    144.72143628063));
#4344 = CARTESIAN_POINT('',(-180.5778858428,-67.21660109391,
    168.08720614383));
#4345 = CARTESIAN_POINT('',(-182.1743899649,-42.40381424869,
    184.98967697222));
#4346 = CARTESIAN_POINT('',(-187.2711573877,-14.7424910017,
    194.03042770916));
#4347 = CARTESIAN_POINT('',(-195.8919347287,12.538593430387,
    195.15612257796));
#4348 = CARTESIAN_POINT('',(-207.5756136438,36.70025510955,
    189.40242787665));
#4349 = CARTESIAN_POINT('',(-190.738163233,-93.88434257278,
    63.313738306441));
#4350 = CARTESIAN_POINT('',(-187.9373708032,-99.26765307559,
    90.092698896396));
#4351 = CARTESIAN_POINT('',(-184.4541096444,-96.67130014948,
    118.40450934861));
#4352 = CARTESIAN_POINT('',(-181.4688947371,-85.48593627313,
    145.59768960485));
#4353 = CARTESIAN_POINT('',(-180.2685913037,-66.36461166888,
    168.78189305247));
#4354 = CARTESIAN_POINT('',(-181.9732503286,-41.38208632508,
    185.44144399208));
#4355 = CARTESIAN_POINT('',(-187.1919872058,-13.64400999289,
    194.2082468491));
#4356 = CARTESIAN_POINT('',(-195.9342215727,13.619127598124,
    195.06114477123));
#4357 = CARTESIAN_POINT('',(-207.7265299958,37.679603285613,
    189.06346420032));
#4358 = CARTESIAN_POINT('',(-190.3267282651,-94.15538691871,
    64.237836374405));
#4359 = CARTESIAN_POINT('',(-187.4958715388,-99.26283960564,
    91.084322479857));
#4360 = CARTESIAN_POINT('',(-184.0175158153,-96.36759045866,
    119.38511514392));
#4361 = CARTESIAN_POINT('',(-181.0755801663,-84.89156430523,
    146.4810885945));
#4362 = CARTESIAN_POINT('',(-179.9548006652,-65.52268508764,
    169.48667836588));
#4363 = CARTESIAN_POINT('',(-181.7666970358,-40.36696254144,
    185.90537028348));
#4364 = CARTESIAN_POINT('',(-187.1069790735,-12.54821790723,
    194.39917824022));
#4365 = CARTESIAN_POINT('',(-195.9707504045,14.700883738538,
    194.97909967175));
#4366 = CARTESIAN_POINT('',(-207.8722130729,38.663682226439,
    188.73625465167));
#4367 = DEFINITIONAL_REPRESENTATION('',(#4368),#4372);
#4368 = LINE('',#4369,#4370);
#4369 = CARTESIAN_POINT('',(6.544984694977E-02,0.));
#4370 = VECTOR('',#4371,1.);
#4371 = DIRECTION('',(0.,1.));
#4372 = ( GEOMETRIC_REPRESENTATION_CONTEXT(2) 
PARAMETRIC_REPRESENTATION_CONTEXT() REPRESENTATION_CONTEXT('2D SPACE',''
  ) );
#4373 = ORIENTED_EDGE('',*,*,#4374,.T.);
#4374 = EDGE_CURVE('',#4280,#1733,#4375,.T.);
#4375 = SURFACE_CURVE('',#4376,(#4379,#4386),.PCURVE_S1.);
#4376 = B_SPLINE_CURVE_WITH_KNOTS('',1,(#4377,#4378),.UNSPECIFIED.,.F.,
  .F.,(2,2),(0.,44.),.PIECEWISE_BEZIER_KNOTS.);
#4377 = CARTESIAN_POINT('',(-190.3267282651,-94.15538691871,
    64.237836374405));
#4378 = CARTESIAN_POINT('',(-186.8353114275,-51.00083458096,
    72.079686984751));
#4379 = PCURVE('',#1846,#4380);
#4380 = DEFINITIONAL_REPRESENTATION('',(#4381),#4385);
#4381 = LINE('',#4382,#4383);
#4382 = CARTESIAN_POINT('',(0.,0.));
#4383 = VECTOR('',#4384,1.);
#4384 = DIRECTION('',(1.,0.));
#4385 = ( GEOMETRIC_REPRESENTATION_CONTEXT(2) 
PARAMETRIC_REPRESENTATION_CONTEXT() REPRESENTATION_CONTEXT('2D SPACE',''
  ) );
#4386 = PCURVE('',#1776,#4387);
#4387 = DEFINITIONAL_REPRESENTATION('',(#4388),#4392);
#4388 = LINE('',#4389,#4390);
#4389 = CARTESIAN_POINT('',(0.,66.666666666667));
#4390 = VECTOR('',#4391,1.);
#4391 = DIRECTION('',(1.,0.));
#4392 = ( GEOMETRIC_REPRESENTATION_CONTEXT(2) 
PARAMETRIC_REPRESENTATION_CONTEXT() REPRESENTATION_CONTEXT('2D SPACE',''
  ) );
#4393 = ORIENTED_EDGE('',*,*,#1802,.T.);
#4394 = ORIENTED_EDGE('',*,*,#2495,.F.);
#4395 = ORIENTED_EDGE('',*,*,#4396,.F.);
#4396 = EDGE_CURVE('',#4282,#2496,#4397,.T.);
#4397 = SURFACE_CURVE('',#4398,(#4401,#4408),.PCURVE_S1.);
#4398 = B_SPLINE_CURVE_WITH_KNOTS('',1,(#4399,#4400),.UNSPECIFIED.,.F.,
  .F.,(2,2),(0.,44.),.PIECEWISE_BEZIER_KNOTS.);
#4399 = CARTESIAN_POINT('',(-207.8722130729,38.663682226439,
    188.73625465167));
#4400 = CARTESIAN_POINT('',(-224.2530046819,20.942827872654,
    151.94439431225));
#4401 = PCURVE('',#1846,#4402);
#4402 = DEFINITIONAL_REPRESENTATION('',(#4403),#4407);
#4403 = LINE('',#4404,#4405);
#4404 = CARTESIAN_POINT('',(0.,66.666666666667));
#4405 = VECTOR('',#4406,1.);
#4406 = DIRECTION('',(1.,0.));
#4407 = ( GEOMETRIC_REPRESENTATION_CONTEXT(2) 
PARAMETRIC_REPRESENTATION_CONTEXT() REPRESENTATION_CONTEXT('2D SPACE',''
  ) );
#4408 = PCURVE('',#2590,#4409);
#4409 = DEFINITIONAL_REPRESENTATION('',(#4410),#4414);
#4410 = LINE('',#4411,#4412);
#4411 = CARTESIAN_POINT('',(0.,0.));
#4412 = VECTOR('',#4413,1.);
#4413 = DIRECTION('',(1.,0.));
#4414 = ( GEOMETRIC_REPRESENTATION_CONTEXT(2) 
PARAMETRIC_REPRESENTATION_CONTEXT() REPRESENTATION_CONTEXT('2D SPACE',''
  ) );
#4415 = ADVANCED_FACE('',(#4416),#1776,.F.);
#4416 = FACE_BOUND('',#4417,.F.);
#4417 = EDGE_LOOP('',(#4418,#4445,#4446,#4447));
#4418 = ORIENTED_EDGE('',*,*,#4419,.F.);
#4419 = EDGE_CURVE('',#4078,#4280,#4420,.T.);
#4420 = SURFACE_CURVE('',#4421,(#4431,#4438),.PCURVE_S1.);
#4421 = ( BOUNDED_CURVE() B_SPLINE_CURVE(8,(#4422,#4423,#4424,#4425,
    #4426,#4427,#4428,#4429,#4430),.UNSPECIFIED.,.F.,.F.) 
B_SPLINE_CURVE_WITH_KNOTS((9,9),(0.,66.666666666667),
.PIECEWISE_BEZIER_KNOTS.) CURVE() GEOMETRIC_REPRESENTATION_ITEM() 
RATIONAL_B_SPLINE_CURVE((1.000053547667,1.000053547667,1.000053547667,
    1.000053547667,1.000053547667,1.000053547667,1.000053547667,
1.000053547667,1.000053547667)) REPRESENTATION_ITEM('') );
#4422 = CARTESIAN_POINT('',(-148.8073761184,69.346940357737,
    -6.414394246896));
#4423 = CARTESIAN_POINT('',(-164.1122323038,51.243170891845,
    -20.30138626222));
#4424 = CARTESIAN_POINT('',(-177.1221452405,27.245202009019,
    -29.03385134689));
#4425 = CARTESIAN_POINT('',(-186.9654442503,-0.594168854697,
    -30.65398510302));
#4426 = CARTESIAN_POINT('',(-193.1344369108,-29.29295541635,
    -24.02149167988));
#4427 = CARTESIAN_POINT('',(-195.6932602389,-55.40464190115,
    -9.280425176441));
#4428 = CARTESIAN_POINT('',(-195.3410212473,-75.9377413079,
    11.998994348472));
#4429 = CARTESIAN_POINT('',(-193.1575849915,-89.04793423177,
    37.391350268953));
#4430 = CARTESIAN_POINT('',(-190.3267282651,-94.15538691871,
    64.237836374405));
#4431 = PCURVE('',#1776,#4432);
#4432 = DEFINITIONAL_REPRESENTATION('',(#4433),#4437);
#4433 = LINE('',#4434,#4435);
#4434 = CARTESIAN_POINT('',(0.,0.));
#4435 = VECTOR('',#4436,1.);
#4436 = DIRECTION('',(0.,1.));
#4437 = ( GEOMETRIC_REPRESENTATION_CONTEXT(2) 
PARAMETRIC_REPRESENTATION_CONTEXT() REPRESENTATION_CONTEXT('2D SPACE',''
  ) );
#4438 = PCURVE('',#4124,#4439);
#4439 = DEFINITIONAL_REPRESENTATION('',(#4440),#4444);
#4440 = LINE('',#4441,#4442);
#4441 = CARTESIAN_POINT('',(6.544984694977E-02,0.));
#4442 = VECTOR('',#4443,1.);
#4443 = DIRECTION('',(0.,1.));
#4444 = ( GEOMETRIC_REPRESENTATION_CONTEXT(2) 
PARAMETRIC_REPRESENTATION_CONTEXT() REPRESENTATION_CONTEXT('2D SPACE',''
  ) );
#4445 = ORIENTED_EDGE('',*,*,#4201,.T.);
#4446 = ORIENTED_EDGE('',*,*,#1732,.F.);
#4447 = ORIENTED_EDGE('',*,*,#4374,.F.);
#4448 = ADVANCED_FACE('',(#4449),#2092,.F.);
#4449 = FACE_BOUND('',#4450,.F.);
#4450 = EDGE_LOOP('',(#4451,#4452,#4453,#4454));
#4451 = ORIENTED_EDGE('',*,*,#4227,.F.);
#4452 = ORIENTED_EDGE('',*,*,#2074,.T.);
#4453 = ORIENTED_EDGE('',*,*,#3538,.T.);
#4454 = ORIENTED_EDGE('',*,*,#4455,.F.);
#4455 = EDGE_CURVE('',#4228,#3539,#4456,.T.);
#4456 = SURFACE_CURVE('',#4457,(#4465,#4472),.PCURVE_S1.);
#4457 = ( BOUNDED_CURVE() B_SPLINE_CURVE(6,(#4458,#4459,#4460,#4461,
#4462,#4463,#4464),.UNSPECIFIED.,.F.,.F.) B_SPLINE_CURVE_WITH_KNOTS((7,7
),(0.,6.544984694977E-02),.PIECEWISE_BEZIER_KNOTS.) CURVE() 
GEOMETRIC_REPRESENTATION_ITEM() RATIONAL_B_SPLINE_CURVE((1.000053547667,
    1.000017847948,0.999996430156,0.999989291231,0.999996430156,
1.000017847948,1.000053547667)) REPRESENTATION_ITEM('') );
#4458 = CARTESIAN_POINT('',(-83.35255066363,16.670225056025,
    140.59955075399));
#4459 = CARTESIAN_POINT('',(-83.45379268948,17.687448405551,
    140.37215744086));
#4460 = CARTESIAN_POINT('',(-83.5496143918,18.707886509323,
    140.15693837373));
#4461 = CARTESIAN_POINT('',(-83.63999700907,19.731342832553,
    139.9539356916));
#4462 = CARTESIAN_POINT('',(-83.724923022,20.757620146996,
    139.76318874351));
#4463 = CARTESIAN_POINT('',(-83.80437615788,21.786520579914,
    139.58473407851));
#4464 = CARTESIAN_POINT('',(-83.87834139461,22.817845663313,
    139.41860543683));
#4465 = PCURVE('',#2092,#4466);
#4466 = DEFINITIONAL_REPRESENTATION('',(#4467),#4471);
#4467 = LINE('',#4468,#4469);
#4468 = CARTESIAN_POINT('',(0.,66.666666666667));
#4469 = VECTOR('',#4470,1.);
#4470 = DIRECTION('',(1.,0.));
#4471 = ( GEOMETRIC_REPRESENTATION_CONTEXT(2) 
PARAMETRIC_REPRESENTATION_CONTEXT() REPRESENTATION_CONTEXT('2D SPACE',''
  ) );
#4472 = PCURVE('',#4473,#4537);
#4473 = ( BOUNDED_SURFACE() B_SPLINE_SURFACE(6,8,(
    (#4474,#4475,#4476,#4477,#4478,#4479,#4480,#4481,#4482)
    ,(#4483,#4484,#4485,#4486,#4487,#4488,#4489,#4490,#4491)
    ,(#4492,#4493,#4494,#4495,#4496,#4497,#4498,#4499,#4500)
    ,(#4501,#4502,#4503,#4504,#4505,#4506,#4507,#4508,#4509)
    ,(#4510,#4511,#4512,#4513,#4514,#4515,#4516,#4517,#4518)
    ,(#4519,#4520,#4521,#4522,#4523,#4524,#4525,#4526,#4527)
    ,(#4528,#4529,#4530,#4531,#4532,#4533,#4534,#4535,#4536
)),.UNSPECIFIED.,.F.,.F.,.F.) B_SPLINE_SURFACE_WITH_KNOTS((7,7),(9,9),(
    0.,6.544984694977E-02),(0.,66.666666666667),
.PIECEWISE_BEZIER_KNOTS.) GEOMETRIC_REPRESENTATION_ITEM() 
RATIONAL_B_SPLINE_SURFACE((
    (1.000053547667,1.000053547667,1.000053547667,1.000053547667
      ,1.000053547667,1.000053547667,1.000053547667,1.000053547667
      ,1.000053547667)
    ,(1.000017847948,1.000017847948,1.000017847948,1.000017847948
      ,1.000017847948,1.000017847948,1.000017847948,1.000017847948
      ,1.000017847948)
    ,(0.999996430156,0.999996430156,0.999996430156,0.999996430156
      ,0.999996430156,0.999996430156,0.999996430156,0.999996430156
      ,0.999996430156)
    ,(0.999989291231,0.999989291231,0.999989291231,0.999989291231
      ,0.999989291231,0.999989291231,0.999989291231,0.999989291231
      ,0.999989291231)
    ,(0.999996430156,0.999996430156,0.999996430156,0.999996430156
      ,0.999996430156,0.999996430156,0.999996430156,0.999996430156
      ,0.999996430156)
    ,(1.000017847948,1.000017847948,1.000017847948,1.000017847948
      ,1.000017847948,1.000017847948,1.000017847948,1.000017847948
      ,1.000017847948)
    ,(1.000053547667,1.000053547667,1.000053547667,1.000053547667
      ,1.000053547667,1.000053547667,1.000053547667,1.000053547667
,1.000053547667))) REPRESENTATION_ITEM('') SURFACE() );
#4474 = CARTESIAN_POINT('',(-83.35255066363,16.670225056025,
    140.59955075399));
#4475 = CARTESIAN_POINT('',(-92.81449438561,42.452431739871,
    139.83595499827));
#4476 = CARTESIAN_POINT('',(-105.5447946064,66.817852419691,
    131.73151035596));
#4477 = CARTESIAN_POINT('',(-121.3334917694,86.844104955678,
    116.75779371213));
#4478 = CARTESIAN_POINT('',(-139.4541692393,99.836638508819,
    96.546363543312));
#4479 = CARTESIAN_POINT('',(-158.7056201272,104.01178332503,
    73.795174694424));
#4480 = CARTESIAN_POINT('',(-177.6877529146,99.136704741341,
    51.648884203311));
#4481 = CARTESIAN_POINT('',(-195.1768978925,86.394263236235,
    32.85589923529));
#4482 = CARTESIAN_POINT('',(-210.3192904222,67.882250993909,
    19.33380656512));
#4483 = CARTESIAN_POINT('',(-83.45379268948,17.687448405551,
    140.37215744086));
#4484 = CARTESIAN_POINT('',(-93.02856704171,43.401774606925,
    139.35513994037));
#4485 = CARTESIAN_POINT('',(-105.8630932682,67.612855824161,
    131.01659985638));
#4486 = CARTESIAN_POINT('',(-121.7346228603,87.406013997989,
    115.85683853078));
#4487 = CARTESIAN_POINT('',(-139.905327419,100.10806156869,
    95.533045680816));
#4488 = CARTESIAN_POINT('',(-159.166959933,103.96874881581,
    72.75898852521));
#4489 = CARTESIAN_POINT('',(-178.1193969295,98.792877321739,
    50.679395872511));
#4490 = CARTESIAN_POINT('',(-195.5450788182,85.795212253278,
    32.028951336699));
#4491 = CARTESIAN_POINT('',(-210.6001379954,67.094898081852,
    18.703012587704));
#4492 = CARTESIAN_POINT('',(-83.5496143918,18.707886509323,
    140.15693837373));
#4493 = CARTESIAN_POINT('',(-93.2375759555,44.357966432243,
    138.88569823393));
#4494 = CARTESIAN_POINT('',(-106.1771454698,68.418069167083,
    130.31122706274));
#4495 = CARTESIAN_POINT('',(-122.132745003,87.98080881055,
    114.96264155785));
#4496 = CARTESIAN_POINT('',(-140.3550211372,100.39399289532,
    94.523017052739));
#4497 = CARTESIAN_POINT('',(-159.6285091027,103.94056372638,
    71.722332117248));
#4498 = CARTESIAN_POINT('',(-178.5528530874,98.462956490648,
    49.705837402074));
#4499 = CARTESIAN_POINT('',(-195.9164334884,85.208036322099,
    31.194875091183));
#4500 = CARTESIAN_POINT('',(-210.8851656276,66.316617586833,
    18.062830044155));
#4501 = CARTESIAN_POINT('',(-83.63999700907,19.731342832553,
    139.9539356916));
#4502 = CARTESIAN_POINT('',(-93.4414805658,45.320823260192,
    138.42772098083));
#4503 = CARTESIAN_POINT('',(-106.4868904448,69.233337776478,
    129.6155284584));
#4504 = CARTESIAN_POINT('',(-122.5277812914,88.568379281748,
    114.07537552697));
#4505 = CARTESIAN_POINT('',(-140.8031636293,100.69437814738,
    93.516472535496));
#4506 = CARTESIAN_POINT('',(-160.0901786758,103.92723428495,
    70.685405278642));
#4507 = CARTESIAN_POINT('',(-178.9880379291,98.147006590566,
    48.72839624413));
#4508 = CARTESIAN_POINT('',(-196.2908904881,84.632849266735,
    30.353830899549));
#4509 = CARTESIAN_POINT('',(-211.1743185987,65.547560021506,
    17.413381837927));
#4510 = CARTESIAN_POINT('',(-83.724923022,20.757620146996,
    139.76318874351));
#4511 = CARTESIAN_POINT('',(-93.64024147669,46.290159608834,
    137.98129666576));
#4512 = CARTESIAN_POINT('',(-106.7922684096,70.058504680132,
    128.92963831941));
#4513 = CARTESIAN_POINT('',(-122.9196555231,89.168612379195,
    113.19521159187));
#4514 = CARTESIAN_POINT('',(-141.2496684834,101.00915968043,
    92.51360621349));
#4515 = CARTESIAN_POINT('',(-160.5518796628,103.92876332615,
    69.648407883276));
#4516 = CARTESIAN_POINT('',(-179.424867599,97.845088773625,
    47.747260741577));
#4517 = CARTESIAN_POINT('',(-196.6683776921,84.069762174669,
    29.505980757641));
#4518 = CARTESIAN_POINT('',(-211.4675412449,64.787873794583,
    16.754792991674));
#4519 = CARTESIAN_POINT('',(-83.80437615788,21.786520579914,
    139.58473407851));
#4520 = CARTESIAN_POINT('',(-93.8338204674,47.2657885159,137.54651113397
    ));
#4521 = CARTESIAN_POINT('',(-107.0932205785,70.893410644444,
    128.25368868094));
#4522 = CARTESIAN_POINT('',(-123.3082922179,89.781392177561,
    112.32231928373));
#4523 = CARTESIAN_POINT('',(-141.6944496616,101.33827656105,
    91.514611330801));
#4524 = CARTESIAN_POINT('',(-161.0135230669,103.94515028998,
    68.611539821151));
#4525 = CARTESIAN_POINT('',(-179.8632578657,97.557260986159,
    46.762620081337));
#4526 = CARTESIAN_POINT('',(-197.048822283,83.518883368993,
    28.651488216209));
#4527 = CARTESIAN_POINT('',(-211.7647769727,64.037705173773,
    16.087190616344));
#4528 = CARTESIAN_POINT('',(-83.87834139461,22.817845663313,
    139.41860543683));
#4529 = CARTESIAN_POINT('',(-94.0221805017,48.24752158538,137.1234475702
    ));
#4530 = CARTESIAN_POINT('',(-107.3896891777,71.737894214185,
    127.58780930467));
#4531 = CARTESIAN_POINT('',(-123.6936166367,90.406599887619,
    111.45686646915));
#4532 = CARTESIAN_POINT('',(-142.1374215217,101.68166458221,
    90.519680243194));
#4533 = CARTESIAN_POINT('',(-161.4750199064,103.97639122225,
    67.57500094872));
#4534 = CARTESIAN_POINT('',(-180.3031241428,97.283577954549,
    45.774664247256));
#4535 = CARTESIAN_POINT('',(-197.432150769,82.980318381709,
    27.790518340136));
#4536 = CARTESIAN_POINT('',(-212.0659682732,63.297198249607,
    15.410703879419));
#4537 = DEFINITIONAL_REPRESENTATION('',(#4538),#4542);
#4538 = LINE('',#4539,#4540);
#4539 = CARTESIAN_POINT('',(0.,0.));
#4540 = VECTOR('',#4541,1.);
#4541 = DIRECTION('',(1.,0.));
#4542 = ( GEOMETRIC_REPRESENTATION_CONTEXT(2) 
PARAMETRIC_REPRESENTATION_CONTEXT() REPRESENTATION_CONTEXT('2D SPACE',''
  ) );
#4543 = ADVANCED_FACE('',(#4544),#2212,.F.);
#4544 = FACE_BOUND('',#4545,.F.);
#4545 = EDGE_LOOP('',(#4546,#4547,#4548,#4549,#4550,#4572,#4599));
#4546 = ORIENTED_EDGE('',*,*,#2690,.F.);
#4547 = ORIENTED_EDGE('',*,*,#2166,.F.);
#4548 = ORIENTED_EDGE('',*,*,#2238,.T.);
#4549 = ORIENTED_EDGE('',*,*,#2273,.F.);
#4550 = ORIENTED_EDGE('',*,*,#4551,.T.);
#4551 = EDGE_CURVE('',#2274,#4552,#4554,.T.);
#4552 = VERTEX_POINT('',#4553);
#4553 = CARTESIAN_POINT('',(-250.3925134166,-94.54154428917,
    93.234096442402));
#4554 = SURFACE_CURVE('',#4555,(#4558,#4565),.PCURVE_S1.);
#4555 = B_SPLINE_CURVE_WITH_KNOTS('',1,(#4556,#4557),.UNSPECIFIED.,.F.,
  .F.,(2,2),(0.,44.),.PIECEWISE_BEZIER_KNOTS.);
#4556 = CARTESIAN_POINT('',(-247.2848340347,-51.21000315663,
    100.21405861556));
#4557 = CARTESIAN_POINT('',(-250.3925134166,-94.54154428917,
    93.234096442401));
#4558 = PCURVE('',#2212,#4559);
#4559 = DEFINITIONAL_REPRESENTATION('',(#4560),#4564);
#4560 = LINE('',#4561,#4562);
#4561 = CARTESIAN_POINT('',(0.,0.));
#4562 = VECTOR('',#4563,1.);
#4563 = DIRECTION('',(1.,0.));
#4564 = ( GEOMETRIC_REPRESENTATION_CONTEXT(2) 
PARAMETRIC_REPRESENTATION_CONTEXT() REPRESENTATION_CONTEXT('2D SPACE',''
  ) );
#4565 = PCURVE('',#2368,#4566);
#4566 = DEFINITIONAL_REPRESENTATION('',(#4567),#4571);
#4567 = LINE('',#4568,#4569);
#4568 = CARTESIAN_POINT('',(0.,66.666666666667));
#4569 = VECTOR('',#4570,1.);
#4570 = DIRECTION('',(1.,0.));
#4571 = ( GEOMETRIC_REPRESENTATION_CONTEXT(2) 
PARAMETRIC_REPRESENTATION_CONTEXT() REPRESENTATION_CONTEXT('2D SPACE',''
  ) );
#4572 = ORIENTED_EDGE('',*,*,#4573,.T.);
#4573 = EDGE_CURVE('',#4552,#2797,#4574,.T.);
#4574 = SURFACE_CURVE('',#4575,(#4585,#4592),.PCURVE_S1.);
#4575 = B_SPLINE_CURVE_WITH_KNOTS('',8,(#4576,#4577,#4578,#4579,#4580,
    #4581,#4582,#4583,#4584),.UNSPECIFIED.,.F.,.F.,(9,9),(0.,
    66.666666666667),.PIECEWISE_BEZIER_KNOTS.);
#4576 = CARTESIAN_POINT('',(-250.3925134166,-94.54154428917,
    93.234096442402));
#4577 = CARTESIAN_POINT('',(-247.5188240326,-99.08764294973,
    120.17678627206));
#4578 = CARTESIAN_POINT('',(-244.0687970167,-95.59821628619,
    148.41395161715));
#4579 = CARTESIAN_POINT('',(-241.2311989106,-83.55882492601,
    175.27557910947));
#4580 = CARTESIAN_POINT('',(-240.284356166,-63.72613455006,
    197.89050052948));
#4581 = CARTESIAN_POINT('',(-242.3208375536,-38.26526889274,
    213.80476623992));
#4582 = CARTESIAN_POINT('',(-247.9084937117,-10.33125606784,
    221.74296282531));
#4583 = CARTESIAN_POINT('',(-257.0137462754,16.844270746727,
    221.78050852815));
#4584 = CARTESIAN_POINT('',(-269.1268082058,40.571353127107,
    215.06240378431));
#4585 = PCURVE('',#2212,#4586);
#4586 = DEFINITIONAL_REPRESENTATION('',(#4587),#4591);
#4587 = LINE('',#4588,#4589);
#4588 = CARTESIAN_POINT('',(44.,0.));
#4589 = VECTOR('',#4590,1.);
#4590 = DIRECTION('',(0.,1.));
#4591 = ( GEOMETRIC_REPRESENTATION_CONTEXT(2) 
PARAMETRIC_REPRESENTATION_CONTEXT() REPRESENTATION_CONTEXT('2D SPACE',''
  ) );
#4592 = PCURVE('',#2870,#4593);
#4593 = DEFINITIONAL_REPRESENTATION('',(#4594),#4598);
#4594 = LINE('',#4595,#4596);
#4595 = CARTESIAN_POINT('',(0.,0.));
#4596 = VECTOR('',#4597,1.);
#4597 = DIRECTION('',(0.,1.));
#4598 = ( GEOMETRIC_REPRESENTATION_CONTEXT(2) 
PARAMETRIC_REPRESENTATION_CONTEXT() REPRESENTATION_CONTEXT('2D SPACE',''
  ) );
#4599 = ORIENTED_EDGE('',*,*,#2796,.F.);
#4600 = ADVANCED_FACE('',(#4601),#2590,.F.);
#4601 = FACE_BOUND('',#4602,.F.);
#4602 = EDGE_LOOP('',(#4603,#4630,#4631,#4632));
#4603 = ORIENTED_EDGE('',*,*,#4604,.F.);
#4604 = EDGE_CURVE('',#4282,#3391,#4605,.T.);
#4605 = SURFACE_CURVE('',#4606,(#4616,#4623),.PCURVE_S1.);
#4606 = ( BOUNDED_CURVE() B_SPLINE_CURVE(8,(#4607,#4608,#4609,#4610,
    #4611,#4612,#4613,#4614,#4615),.UNSPECIFIED.,.F.,.F.) 
B_SPLINE_CURVE_WITH_KNOTS((9,9),(0.,66.666666666667),
.PIECEWISE_BEZIER_KNOTS.) CURVE() GEOMETRIC_REPRESENTATION_ITEM() 
RATIONAL_B_SPLINE_CURVE((1.000053547667,1.000053547667,1.000053547667,
    1.000053547667,1.000053547667,1.000053547667,1.000053547667,
1.000053547667,1.000053547667)) REPRESENTATION_ITEM('') );
#4607 = CARTESIAN_POINT('',(-207.8722130729,38.663682226439,
    188.73625465167));
#4608 = CARTESIAN_POINT('',(-219.7736757414,62.62648071434,
    182.49340963158));
#4609 = CARTESIAN_POINT('',(-234.7128619932,83.303156221016,
    169.42772573433));
#4610 = CARTESIAN_POINT('',(-252.2033063424,97.977770715622,
    150.63182233036));
#4611 = CARTESIAN_POINT('',(-271.2789125344,104.4574918418,
    128.27558713521));
#4612 = CARTESIAN_POINT('',(-290.6004605077,101.71171894283,
    105.36695765487));
#4613 = CARTESIAN_POINT('',(-308.7854730468,90.33246552748,
    85.011028554638));
#4614 = CARTESIAN_POINT('',(-324.7597019853,72.18377321985,
    69.620600720434));
#4615 = CARTESIAN_POINT('',(-337.8966550502,49.80223278341,
    60.602798836018));
#4616 = PCURVE('',#2590,#4617);
#4617 = DEFINITIONAL_REPRESENTATION('',(#4618),#4622);
#4618 = LINE('',#4619,#4620);
#4619 = CARTESIAN_POINT('',(0.,0.));
#4620 = VECTOR('',#4621,1.);
#4621 = DIRECTION('',(0.,1.));
#4622 = ( GEOMETRIC_REPRESENTATION_CONTEXT(2) 
PARAMETRIC_REPRESENTATION_CONTEXT() REPRESENTATION_CONTEXT('2D SPACE',''
  ) );
#4623 = PCURVE('',#3410,#4624);
#4624 = DEFINITIONAL_REPRESENTATION('',(#4625),#4629);
#4625 = LINE('',#4626,#4627);
#4626 = CARTESIAN_POINT('',(6.544984694977E-02,0.));
#4627 = VECTOR('',#4628,1.);
#4628 = DIRECTION('',(0.,1.));
#4629 = ( GEOMETRIC_REPRESENTATION_CONTEXT(2) 
PARAMETRIC_REPRESENTATION_CONTEXT() REPRESENTATION_CONTEXT('2D SPACE',''
  ) );
#4630 = ORIENTED_EDGE('',*,*,#4396,.T.);
#4631 = ORIENTED_EDGE('',*,*,#2546,.F.);
#4632 = ORIENTED_EDGE('',*,*,#3513,.F.);
#4633 = ADVANCED_FACE('',(#4634),#2438,.F.);
#4634 = FACE_BOUND('',#4635,.F.);
#4635 = EDGE_LOOP('',(#4636,#4637,#4638,#4667));
#4636 = ORIENTED_EDGE('',*,*,#2394,.F.);
#4637 = ORIENTED_EDGE('',*,*,#4256,.T.);
#4638 = ORIENTED_EDGE('',*,*,#4639,.T.);
#4639 = EDGE_CURVE('',#4228,#4640,#4642,.T.);
#4640 = VERTEX_POINT('',#4641);
#4641 = CARTESIAN_POINT('',(-210.3192904222,67.882250993909,
    19.33380656512));
#4642 = SURFACE_CURVE('',#4643,(#4653,#4660),.PCURVE_S1.);
#4643 = B_SPLINE_CURVE_WITH_KNOTS('',8,(#4644,#4645,#4646,#4647,#4648,
    #4649,#4650,#4651,#4652),.UNSPECIFIED.,.F.,.F.,(9,9),(0.,
    66.666666666667),.PIECEWISE_BEZIER_KNOTS.);
#4644 = CARTESIAN_POINT('',(-83.35255066363,16.670225056025,
    140.59955075399));
#4645 = CARTESIAN_POINT('',(-92.81449438561,42.452431739871,
    139.83595499827));
#4646 = CARTESIAN_POINT('',(-105.5447946064,66.817852419691,
    131.73151035596));
#4647 = CARTESIAN_POINT('',(-121.3334917694,86.844104955678,
    116.75779371213));
#4648 = CARTESIAN_POINT('',(-139.4541692393,99.836638508819,
    96.54636354331));
#4649 = CARTESIAN_POINT('',(-158.7056201272,104.01178332503,
    73.795174694426));
#4650 = CARTESIAN_POINT('',(-177.6877529146,99.13670474134,
    51.64888420331));
#4651 = CARTESIAN_POINT('',(-195.1768978925,86.394263236236,
    32.85589923529));
#4652 = CARTESIAN_POINT('',(-210.3192904222,67.882250993909,
    19.33380656512));
#4653 = PCURVE('',#2438,#4654);
#4654 = DEFINITIONAL_REPRESENTATION('',(#4655),#4659);
#4655 = LINE('',#4656,#4657);
#4656 = CARTESIAN_POINT('',(44.,0.));
#4657 = VECTOR('',#4658,1.);
#4658 = DIRECTION('',(0.,1.));
#4659 = ( GEOMETRIC_REPRESENTATION_CONTEXT(2) 
PARAMETRIC_REPRESENTATION_CONTEXT() REPRESENTATION_CONTEXT('2D SPACE',''
  ) );
#4660 = PCURVE('',#4473,#4661);
#4661 = DEFINITIONAL_REPRESENTATION('',(#4662),#4666);
#4662 = LINE('',#4663,#4664);
#4663 = CARTESIAN_POINT('',(0.,0.));
#4664 = VECTOR('',#4665,1.);
#4665 = DIRECTION('',(0.,1.));
#4666 = ( GEOMETRIC_REPRESENTATION_CONTEXT(2) 
PARAMETRIC_REPRESENTATION_CONTEXT() REPRESENTATION_CONTEXT('2D SPACE',''
  ) );
#4667 = ORIENTED_EDGE('',*,*,#4668,.F.);
#4668 = EDGE_CURVE('',#2325,#4640,#4669,.T.);
#4669 = SURFACE_CURVE('',#4670,(#4673,#4680),.PCURVE_S1.);
#4670 = B_SPLINE_CURVE_WITH_KNOTS('',1,(#4671,#4672),.UNSPECIFIED.,.F.,
  .F.,(2,2),(0.,44.),.PIECEWISE_BEZIER_KNOTS.);
#4671 = CARTESIAN_POINT('',(-197.6646159292,36.7695526217,
    47.756670838055));
#4672 = CARTESIAN_POINT('',(-210.3192904222,67.882250993909,
    19.33380656512));
#4673 = PCURVE('',#2438,#4674);
#4674 = DEFINITIONAL_REPRESENTATION('',(#4675),#4679);
#4675 = LINE('',#4676,#4677);
#4676 = CARTESIAN_POINT('',(0.,66.666666666667));
#4677 = VECTOR('',#4678,1.);
#4678 = DIRECTION('',(1.,0.));
#4679 = ( GEOMETRIC_REPRESENTATION_CONTEXT(2) 
PARAMETRIC_REPRESENTATION_CONTEXT() REPRESENTATION_CONTEXT('2D SPACE',''
  ) );
#4680 = PCURVE('',#2368,#4681);
#4681 = DEFINITIONAL_REPRESENTATION('',(#4682),#4686);
#4682 = LINE('',#4683,#4684);
#4683 = CARTESIAN_POINT('',(0.,0.));
#4684 = VECTOR('',#4685,1.);
#4685 = DIRECTION('',(1.,0.));
#4686 = ( GEOMETRIC_REPRESENTATION_CONTEXT(2) 
PARAMETRIC_REPRESENTATION_CONTEXT() REPRESENTATION_CONTEXT('2D SPACE',''
  ) );
#4687 = ADVANCED_FACE('',(#4688),#2368,.F.);
#4688 = FACE_BOUND('',#4689,.F.);
#4689 = EDGE_LOOP('',(#4690,#4691,#4692,#4783));
#4690 = ORIENTED_EDGE('',*,*,#2324,.F.);
#4691 = ORIENTED_EDGE('',*,*,#4668,.T.);
#4692 = ORIENTED_EDGE('',*,*,#4693,.T.);
#4693 = EDGE_CURVE('',#4640,#4552,#4694,.T.);
#4694 = SURFACE_CURVE('',#4695,(#4705,#4712),.PCURVE_S1.);
#4695 = B_SPLINE_CURVE_WITH_KNOTS('',8,(#4696,#4697,#4698,#4699,#4700,
    #4701,#4702,#4703,#4704),.UNSPECIFIED.,.F.,.F.,(9,9),(0.,
    66.666666666667),.PIECEWISE_BEZIER_KNOTS.);
#4696 = CARTESIAN_POINT('',(-210.3192904222,67.882250993909,
    19.33380656512));
#4697 = CARTESIAN_POINT('',(-225.4616829519,49.370238751582,
    5.81171389495));
#4698 = CARTESIAN_POINT('',(-238.2573796479,25.088516579933,
    -2.439613635683));
#4699 = CARTESIAN_POINT('',(-247.8531315595,-2.863855470221,
    -3.503747505837));
#4700 = CARTESIAN_POINT('',(-253.7678259863,-31.47837120757,
    3.699909101651));
#4701 = CARTESIAN_POINT('',(-256.0961653175,-57.31277495511,
    18.95865113802));
#4702 = CARTESIAN_POINT('',(-255.5636334013,-77.41378746175,
    40.643015201508));
#4703 = CARTESIAN_POINT('',(-253.2662028006,-89.9954456286,
    66.29140661274));
#4704 = CARTESIAN_POINT('',(-250.3925134166,-94.54154428917,
    93.234096442401));
#4705 = PCURVE('',#2368,#4706);
#4706 = DEFINITIONAL_REPRESENTATION('',(#4707),#4711);
#4707 = LINE('',#4708,#4709);
#4708 = CARTESIAN_POINT('',(44.,0.));
#4709 = VECTOR('',#4710,1.);
#4710 = DIRECTION('',(0.,1.));
#4711 = ( GEOMETRIC_REPRESENTATION_CONTEXT(2) 
PARAMETRIC_REPRESENTATION_CONTEXT() REPRESENTATION_CONTEXT('2D SPACE',''
  ) );
#4712 = PCURVE('',#4713,#4777);
#4713 = ( BOUNDED_SURFACE() B_SPLINE_SURFACE(6,8,(
    (#4714,#4715,#4716,#4717,#4718,#4719,#4720,#4721,#4722)
    ,(#4723,#4724,#4725,#4726,#4727,#4728,#4729,#4730,#4731)
    ,(#4732,#4733,#4734,#4735,#4736,#4737,#4738,#4739,#4740)
    ,(#4741,#4742,#4743,#4744,#4745,#4746,#4747,#4748,#4749)
    ,(#4750,#4751,#4752,#4753,#4754,#4755,#4756,#4757,#4758)
    ,(#4759,#4760,#4761,#4762,#4763,#4764,#4765,#4766,#4767)
    ,(#4768,#4769,#4770,#4771,#4772,#4773,#4774,#4775,#4776
)),.UNSPECIFIED.,.F.,.F.,.F.) B_SPLINE_SURFACE_WITH_KNOTS((7,7),(9,9),(
    0.,6.544984694977E-02),(0.,66.666666666667),
.PIECEWISE_BEZIER_KNOTS.) GEOMETRIC_REPRESENTATION_ITEM() 
RATIONAL_B_SPLINE_SURFACE((
    (1.000053547667,1.000053547667,1.000053547667,1.000053547667
      ,1.000053547667,1.000053547667,1.000053547667,1.000053547667
      ,1.000053547667)
    ,(1.000017847948,1.000017847948,1.000017847948,1.000017847948
      ,1.000017847948,1.000017847948,1.000017847948,1.000017847948
      ,1.000017847948)
    ,(0.999996430156,0.999996430156,0.999996430156,0.999996430156
      ,0.999996430156,0.999996430156,0.999996430156,0.999996430156
      ,0.999996430156)
    ,(0.999989291231,0.999989291231,0.999989291231,0.999989291231
      ,0.999989291231,0.999989291231,0.999989291231,0.999989291231
      ,0.999989291231)
    ,(0.999996430156,0.999996430156,0.999996430156,0.999996430156
      ,0.999996430156,0.999996430156,0.999996430156,0.999996430156
      ,0.999996430156)
    ,(1.000017847948,1.000017847948,1.000017847948,1.000017847948
      ,1.000017847948,1.000017847948,1.000017847948,1.000017847948
      ,1.000017847948)
    ,(1.000053547667,1.000053547667,1.000053547667,1.000053547667
      ,1.000053547667,1.000053547667,1.000053547667,1.000053547667
,1.000053547667))) REPRESENTATION_ITEM('') SURFACE() );
#4714 = CARTESIAN_POINT('',(-210.3192904222,67.882250993909,
    19.33380656512));
#4715 = CARTESIAN_POINT('',(-225.4616829519,49.370238751582,
    5.81171389495));
#4716 = CARTESIAN_POINT('',(-238.2573796479,25.088516579934,
    -2.439613635683));
#4717 = CARTESIAN_POINT('',(-247.8531315595,-2.863855470223,
    -3.503747505837));
#4718 = CARTESIAN_POINT('',(-253.7678259863,-31.47837120757,
    3.699909101651));
#4719 = CARTESIAN_POINT('',(-256.0961653175,-57.31277495511,
    18.958651138021));
#4720 = CARTESIAN_POINT('',(-255.5636334013,-77.41378746175,
    40.643015201507));
#4721 = CARTESIAN_POINT('',(-253.2662028006,-89.9954456286,
    66.29140661274));
#4722 = CARTESIAN_POINT('',(-250.3925134166,-94.54154428917,
    93.234096442401));
#4723 = CARTESIAN_POINT('',(-210.6001379954,67.094898081852,
    18.703012587704));
#4724 = CARTESIAN_POINT('',(-225.6551971727,48.394583910425,
    5.37707383871));
#4725 = CARTESIAN_POINT('',(-238.3396895964,23.991480028084,
    -2.624484806897));
#4726 = CARTESIAN_POINT('',(-247.8102685964,-3.994015932872,
    -3.407475714597));
#4727 = CARTESIAN_POINT('',(-253.5994847904,-32.54266839927,
    4.07800961809));
#4728 = CARTESIAN_POINT('',(-255.8172134744,-58.2172121006,
    19.585187235787));
#4729 = CARTESIAN_POINT('',(-255.2014964371,-78.08589069439,
    41.456388140264));
#4730 = CARTESIAN_POINT('',(-252.8554315984,-90.39334640461,
    67.214013838551));
#4731 = CARTESIAN_POINT('',(-249.9690962903,-94.6555534838,
    94.185106878811));
#4732 = CARTESIAN_POINT('',(-210.8851656276,66.316617586833,
    18.062830044155));
#4733 = CARTESIAN_POINT('',(-225.8538977669,47.425198851567,
    4.930784997126));
#4734 = CARTESIAN_POINT('',(-238.4278369532,22.897139504722,
    -2.822467011579));
#4735 = CARTESIAN_POINT('',(-247.7734247652,-5.125507462998,
    -3.324723114795));
#4736 = CARTESIAN_POINT('',(-253.4368174272,-33.61233782142,
    4.44336649778));
#4737 = CARTESIAN_POINT('',(-255.5430890623,-59.13058817402,
    20.200880746061));
#4738 = CARTESIAN_POINT('',(-254.8429534558,-78.76962000505,
    42.26168886127));
#4739 = CARTESIAN_POINT('',(-252.4467965308,-90.8044502306,
    68.131823227468));
#4740 = CARTESIAN_POINT('',(-249.5463043209,-94.78318488194,
    95.134713189829));
#4741 = CARTESIAN_POINT('',(-211.1743185987,65.547560021507,
    17.413381837927));
#4742 = CARTESIAN_POINT('',(-226.0577467092,46.462270776278,
    4.472932776305));
#4743 = CARTESIAN_POINT('',(-238.5218050387,21.805706107071,
    -3.033522787283));
#4744 = CARTESIAN_POINT('',(-247.7426074904,-6.258112017499,
    -3.255506382246));
#4745 = CARTESIAN_POINT('',(-253.2798555574,-34.6871735646,
    4.795908629571));
#4746 = CARTESIAN_POINT('',(-255.2738451817,-60.05272758509,
    20.805612402854));
#4747 = CARTESIAN_POINT('',(-254.4880737652,-79.4648442157,
    43.058761696804));
#4748 = CARTESIAN_POINT('',(-252.0403764836,-91.22867856621,
    69.044657599129));
#4749 = CARTESIAN_POINT('',(-249.1242190422,-94.92441460983,
    96.082732247403));
#4750 = CARTESIAN_POINT('',(-211.4675412449,64.787873794583,
    16.754792991674));
#4751 = CARTESIAN_POINT('',(-226.2667047976,45.505985414497,
    4.003605225708));
#4752 = CARTESIAN_POINT('',(-238.6215758436,20.717390272467,
    -3.257611684155));
#4753 = CARTESIAN_POINT('',(-247.7178228199,-7.391611294633,
    -3.199839100879));
#4754 = CARTESIAN_POINT('',(-253.1286295388,-35.76696853496,
    5.135567828432));
#4755 = CARTESIAN_POINT('',(-255.0095338196,-60.98345273806,
    21.399265441973));
#4756 = CARTESIAN_POINT('',(-254.1369258374,-80.17142951968,
    43.847452855681));
#4757 = CARTESIAN_POINT('',(-251.6362498381,-91.66594987121,
    69.952340906148));
#4758 = CARTESIAN_POINT('',(-248.7029218284,-95.07921568671,
    97.028981282402));
#4759 = CARTESIAN_POINT('',(-211.7647769727,64.037705173773,
    16.087190616344));
#4760 = CARTESIAN_POINT('',(-226.4807316625,44.556526978554,
    3.522893016479));
#4761 = CARTESIAN_POINT('',(-238.7271300329,19.632401726005,
    -3.49469027476));
#4762 = CARTESIAN_POINT('',(-247.6990754235,-8.525786788246,
    -3.157731759077));
#4763 = CARTESIAN_POINT('',(-252.983168419,-36.85151450568,
    5.462278852598));
#4764 = CARTESIAN_POINT('',(-254.7502058357,-61.92258407564,
    21.981725630283));
#4765 = CARTESIAN_POINT('',(-253.7895772922,-80.88923951471,
    44.627610461614));
#4766 = CARTESIAN_POINT('',(-251.2344944518,-92.11617962554,
    70.854698277961));
#4767 = CARTESIAN_POINT('',(-248.2824938734,-95.24755803125,
    97.973277930081));
#4768 = CARTESIAN_POINT('',(-212.0659682732,63.297198249607,
    15.410703879419));
#4769 = CARTESIAN_POINT('',(-226.6997857775,43.614078117504,
    3.030889418701));
#4770 = CARTESIAN_POINT('',(-238.8384469504,18.550949428457,
    -3.74471216512));
#4771 = CARTESIAN_POINT('',(-247.6863685915,-9.66041984209,
    -3.129191747313));
#4772 = CARTESIAN_POINT('',(-252.843499928,-37.94060216879,5.77597941954
    ));
#4773 = CARTESIAN_POINT('',(-254.4959109505,-62.86994012381,
    22.552881293888));
#4774 = CARTESIAN_POINT('',(-253.4460948799,-81.61813523709,
    45.399084590806));
#4775 = CARTESIAN_POINT('',(-250.8351876387,-92.57928035055,
    71.751556064202));
#4776 = CARTESIAN_POINT('',(-247.863016171,-95.42940846934,
    98.915440275373));
#4777 = DEFINITIONAL_REPRESENTATION('',(#4778),#4782);
#4778 = LINE('',#4779,#4780);
#4779 = CARTESIAN_POINT('',(0.,0.));
#4780 = VECTOR('',#4781,1.);
#4781 = DIRECTION('',(0.,1.));
#4782 = ( GEOMETRIC_REPRESENTATION_CONTEXT(2) 
PARAMETRIC_REPRESENTATION_CONTEXT() REPRESENTATION_CONTEXT('2D SPACE',''
  ) );
#4783 = ORIENTED_EDGE('',*,*,#4551,.F.);
#4784 = ADVANCED_FACE('',(#4785),#2870,.F.);
#4785 = FACE_BOUND('',#4786,.F.);
#4786 = EDGE_LOOP('',(#4787,#4788,#4815,#4842));
#4787 = ORIENTED_EDGE('',*,*,#4573,.F.);
#4788 = ORIENTED_EDGE('',*,*,#4789,.T.);
#4789 = EDGE_CURVE('',#4552,#4790,#4792,.T.);
#4790 = VERTEX_POINT('',#4791);
#4791 = CARTESIAN_POINT('',(-247.863016171,-95.42940846934,
    98.915440275373));
#4792 = SURFACE_CURVE('',#4793,(#4801,#4808),.PCURVE_S1.);
#4793 = ( BOUNDED_CURVE() B_SPLINE_CURVE(6,(#4794,#4795,#4796,#4797,
#4798,#4799,#4800),.UNSPECIFIED.,.F.,.F.) B_SPLINE_CURVE_WITH_KNOTS((7,7
),(0.,6.544984694977E-02),.PIECEWISE_BEZIER_KNOTS.) CURVE() 
GEOMETRIC_REPRESENTATION_ITEM() RATIONAL_B_SPLINE_CURVE((1.000053547667,
    1.000017847948,0.999996430156,0.999989291231,0.999996430156,
1.000017847948,1.000053547667)) REPRESENTATION_ITEM('') );
#4794 = CARTESIAN_POINT('',(-250.3925134166,-94.54154428917,
    93.234096442401));
#4795 = CARTESIAN_POINT('',(-249.9690962903,-94.6555534838,
    94.185106878811));
#4796 = CARTESIAN_POINT('',(-249.5463043209,-94.78318488194,
    95.134713189829));
#4797 = CARTESIAN_POINT('',(-249.1242190422,-94.92441460983,
    96.082732247403));
#4798 = CARTESIAN_POINT('',(-248.7029218284,-95.07921568671,
    97.028981282402));
#4799 = CARTESIAN_POINT('',(-248.2824938734,-95.24755803125,
    97.973277930081));
#4800 = CARTESIAN_POINT('',(-247.863016171,-95.42940846934,
    98.915440275373));
#4801 = PCURVE('',#2870,#4802);
#4802 = DEFINITIONAL_REPRESENTATION('',(#4803),#4807);
#4803 = LINE('',#4804,#4805);
#4804 = CARTESIAN_POINT('',(0.,0.));
#4805 = VECTOR('',#4806,1.);
#4806 = DIRECTION('',(1.,0.));
#4807 = ( GEOMETRIC_REPRESENTATION_CONTEXT(2) 
PARAMETRIC_REPRESENTATION_CONTEXT() REPRESENTATION_CONTEXT('2D SPACE',''
  ) );
#4808 = PCURVE('',#4713,#4809);
#4809 = DEFINITIONAL_REPRESENTATION('',(#4810),#4814);
#4810 = LINE('',#4811,#4812);
#4811 = CARTESIAN_POINT('',(0.,66.666666666667));
#4812 = VECTOR('',#4813,1.);
#4813 = DIRECTION('',(1.,0.));
#4814 = ( GEOMETRIC_REPRESENTATION_CONTEXT(2) 
PARAMETRIC_REPRESENTATION_CONTEXT() REPRESENTATION_CONTEXT('2D SPACE',''
  ) );
#4815 = ORIENTED_EDGE('',*,*,#4816,.T.);
#4816 = EDGE_CURVE('',#4790,#2851,#4817,.T.);
#4817 = SURFACE_CURVE('',#4818,(#4828,#4835),.PCURVE_S1.);
#4818 = ( BOUNDED_CURVE() B_SPLINE_CURVE(8,(#4819,#4820,#4821,#4822,
    #4823,#4824,#4825,#4826,#4827),.UNSPECIFIED.,.F.,.F.) 
B_SPLINE_CURVE_WITH_KNOTS((9,9),(0.,66.666666666667),
.PIECEWISE_BEZIER_KNOTS.) CURVE() GEOMETRIC_REPRESENTATION_ITEM() 
RATIONAL_B_SPLINE_CURVE((1.000053547667,1.000053547667,1.000053547667,
    1.000053547667,1.000053547667,1.000053547667,1.000053547667,
1.000053547667,1.000053547667)) REPRESENTATION_ITEM('') );
#4819 = CARTESIAN_POINT('',(-247.863016171,-95.42940846934,
    98.915440275373));
#4820 = CARTESIAN_POINT('',(-244.8908447034,-98.27953658812,
    126.07932448654));
#4821 = CARTESIAN_POINT('',(-241.5573294201,-93.01866914239,
    154.05480019565));
#4822 = CARTESIAN_POINT('',(-239.062376661,-79.32462151425,
    180.14683363807));
#4823 = CARTESIAN_POINT('',(-238.6614471765,-58.15799381223,
    201.5356138005));
#4824 = CARTESIAN_POINT('',(-241.3871741686,-31.85495880261,
    215.90180853717));
#4825 = CARTESIAN_POINT('',(-247.7222628814,-3.655099652729,
    222.16124411866));
#4826 = CARTESIAN_POINT('',(-257.5472394253,23.222269025125,
    220.58226329468));
#4827 = CARTESIAN_POINT('',(-270.2818503864,46.174921816261,
    212.46813657121));
#4828 = PCURVE('',#2870,#4829);
#4829 = DEFINITIONAL_REPRESENTATION('',(#4830),#4834);
#4830 = LINE('',#4831,#4832);
#4831 = CARTESIAN_POINT('',(6.544984694977E-02,0.));
#4832 = VECTOR('',#4833,1.);
#4833 = DIRECTION('',(0.,1.));
#4834 = ( GEOMETRIC_REPRESENTATION_CONTEXT(2) 
PARAMETRIC_REPRESENTATION_CONTEXT() REPRESENTATION_CONTEXT('2D SPACE',''
  ) );
#4835 = PCURVE('',#2988,#4836);
#4836 = DEFINITIONAL_REPRESENTATION('',(#4837),#4841);
#4837 = LINE('',#4838,#4839);
#4838 = CARTESIAN_POINT('',(0.,0.));
#4839 = VECTOR('',#4840,1.);
#4840 = DIRECTION('',(0.,1.));
#4841 = ( GEOMETRIC_REPRESENTATION_CONTEXT(2) 
PARAMETRIC_REPRESENTATION_CONTEXT() REPRESENTATION_CONTEXT('2D SPACE',''
  ) );
#4842 = ORIENTED_EDGE('',*,*,#2850,.F.);
#4843 = ADVANCED_FACE('',(#4844),#2988,.F.);
#4844 = FACE_BOUND('',#4845,.F.);
#4845 = EDGE_LOOP('',(#4846,#4847,#4867,#4868,#4869,#4870,#4871));
#4846 = ORIENTED_EDGE('',*,*,#4816,.F.);
#4847 = ORIENTED_EDGE('',*,*,#4848,.T.);
#4848 = EDGE_CURVE('',#4790,#3698,#4849,.T.);
#4849 = SURFACE_CURVE('',#4850,(#4853,#4860),.PCURVE_S1.);
#4850 = B_SPLINE_CURVE_WITH_KNOTS('',1,(#4851,#4852),.UNSPECIFIED.,.F.,
  .F.,(2,2),(0.,44.),.PIECEWISE_BEZIER_KNOTS.);
#4851 = CARTESIAN_POINT('',(-247.863016171,-95.42940846934,
    98.915440275373));
#4852 = CARTESIAN_POINT('',(-245.9146896934,-51.69092958756,
    103.29145319175));
#4853 = PCURVE('',#2988,#4854);
#4854 = DEFINITIONAL_REPRESENTATION('',(#4855),#4859);
#4855 = LINE('',#4856,#4857);
#4856 = CARTESIAN_POINT('',(0.,0.));
#4857 = VECTOR('',#4858,1.);
#4858 = DIRECTION('',(1.,0.));
#4859 = ( GEOMETRIC_REPRESENTATION_CONTEXT(2) 
PARAMETRIC_REPRESENTATION_CONTEXT() REPRESENTATION_CONTEXT('2D SPACE',''
  ) );
#4860 = PCURVE('',#3741,#4861);
#4861 = DEFINITIONAL_REPRESENTATION('',(#4862),#4866);
#4862 = LINE('',#4863,#4864);
#4863 = CARTESIAN_POINT('',(0.,66.666666666667));
#4864 = VECTOR('',#4865,1.);
#4865 = DIRECTION('',(1.,0.));
#4866 = ( GEOMETRIC_REPRESENTATION_CONTEXT(2) 
PARAMETRIC_REPRESENTATION_CONTEXT() REPRESENTATION_CONTEXT('2D SPACE',''
  ) );
#4867 = ORIENTED_EDGE('',*,*,#3767,.T.);
#4868 = ORIENTED_EDGE('',*,*,#2238,.F.);
#4869 = ORIENTED_EDGE('',*,*,#3798,.T.);
#4870 = ORIENTED_EDGE('',*,*,#3283,.F.);
#4871 = ORIENTED_EDGE('',*,*,#2973,.F.);
#4872 = ADVANCED_FACE('',(#4873),#3234,.F.);
#4873 = FACE_BOUND('',#4874,.F.);
#4874 = EDGE_LOOP('',(#4875,#4876,#4877,#4899,#4928));
#4875 = ORIENTED_EDGE('',*,*,#3190,.F.);
#4876 = ORIENTED_EDGE('',*,*,#3848,.F.);
#4877 = ORIENTED_EDGE('',*,*,#4878,.T.);
#4878 = EDGE_CURVE('',#3849,#4879,#4881,.T.);
#4879 = VERTEX_POINT('',#4880);
#4880 = CARTESIAN_POINT('',(-192.8151257271,-92.72887932375,
    58.648804166699));
#4881 = SURFACE_CURVE('',#4882,(#4885,#4892),.PCURVE_S1.);
#4882 = B_SPLINE_CURVE_WITH_KNOTS('',1,(#4883,#4884),.UNSPECIFIED.,.F.,
  .F.,(2,2),(0.,44.),.PIECEWISE_BEZIER_KNOTS.);
#4883 = CARTESIAN_POINT('',(-188.1831933861,-50.22814296703,
    69.05229453891));
#4884 = CARTESIAN_POINT('',(-192.8151257271,-92.72887932375,
    58.648804166699));
#4885 = PCURVE('',#3234,#4886);
#4886 = DEFINITIONAL_REPRESENTATION('',(#4887),#4891);
#4887 = LINE('',#4888,#4889);
#4888 = CARTESIAN_POINT('',(0.,0.));
#4889 = VECTOR('',#4890,1.);
#4890 = DIRECTION('',(1.,0.));
#4891 = ( GEOMETRIC_REPRESENTATION_CONTEXT(2) 
PARAMETRIC_REPRESENTATION_CONTEXT() REPRESENTATION_CONTEXT('2D SPACE',''
  ) );
#4892 = PCURVE('',#3943,#4893);
#4893 = DEFINITIONAL_REPRESENTATION('',(#4894),#4898);
#4894 = LINE('',#4895,#4896);
#4895 = CARTESIAN_POINT('',(0.,66.666666666667));
#4896 = VECTOR('',#4897,1.);
#4897 = DIRECTION('',(1.,0.));
#4898 = ( GEOMETRIC_REPRESENTATION_CONTEXT(2) 
PARAMETRIC_REPRESENTATION_CONTEXT() REPRESENTATION_CONTEXT('2D SPACE',''
  ) );
#4899 = ORIENTED_EDGE('',*,*,#4900,.T.);
#4900 = EDGE_CURVE('',#4879,#4901,#4903,.T.);
#4901 = VERTEX_POINT('',#4902);
#4902 = CARTESIAN_POINT('',(-206.9202095162,32.833933759264,
    190.87448964894));
#4903 = SURFACE_CURVE('',#4904,(#4914,#4921),.PCURVE_S1.);
#4904 = B_SPLINE_CURVE_WITH_KNOTS('',8,(#4905,#4906,#4907,#4908,#4909,
    #4910,#4911,#4912,#4913),.UNSPECIFIED.,.F.,.F.,(9,9),(0.,
    66.666666666667),.PIECEWISE_BEZIER_KNOTS.);
#4905 = CARTESIAN_POINT('',(-192.8151257271,-92.72887932375,
    58.648804166699));
#4906 = CARTESIAN_POINT('',(-190.1424975266,-99.50474607961,
    85.13990318454));
#4907 = CARTESIAN_POINT('',(-186.6108700063,-98.39916304344,
    113.56034626316));
#4908 = CARTESIAN_POINT('',(-183.3862495078,-88.64491891729,
    141.29124028119));
#4909 = CARTESIAN_POINT('',(-181.7689214349,-70.72187957329,
    165.41209640494));
#4910 = CARTESIAN_POINT('',(-182.9240494157,-46.55281358298,
    183.30591427783));
#4911 = CARTESIAN_POINT('',(-187.5291672071,-19.15906389089,
    193.45092816678));
#4912 = CARTESIAN_POINT('',(-195.6653837875,8.232838475151,
    195.66496432303));
#4913 = CARTESIAN_POINT('',(-206.9202095162,32.833933759264,
    190.87448964894));
#4914 = PCURVE('',#3234,#4915);
#4915 = DEFINITIONAL_REPRESENTATION('',(#4916),#4920);
#4916 = LINE('',#4917,#4918);
#4917 = CARTESIAN_POINT('',(44.,0.));
#4918 = VECTOR('',#4919,1.);
#4919 = DIRECTION('',(0.,1.));
#4920 = ( GEOMETRIC_REPRESENTATION_CONTEXT(2) 
PARAMETRIC_REPRESENTATION_CONTEXT() REPRESENTATION_CONTEXT('2D SPACE',''
  ) );
#4921 = PCURVE('',#4303,#4922);
#4922 = DEFINITIONAL_REPRESENTATION('',(#4923),#4927);
#4923 = LINE('',#4924,#4925);
#4924 = CARTESIAN_POINT('',(0.,0.));
#4925 = VECTOR('',#4926,1.);
#4926 = DIRECTION('',(0.,1.));
#4927 = ( GEOMETRIC_REPRESENTATION_CONTEXT(2) 
PARAMETRIC_REPRESENTATION_CONTEXT() REPRESENTATION_CONTEXT('2D SPACE',''
  ) );
#4928 = ORIENTED_EDGE('',*,*,#4929,.F.);
#4929 = EDGE_CURVE('',#3121,#4901,#4930,.T.);
#4930 = SURFACE_CURVE('',#4931,(#4934,#4941),.PCURVE_S1.);
#4931 = B_SPLINE_CURVE_WITH_KNOTS('',1,(#4932,#4933),.UNSPECIFIED.,.F.,
  .F.,(2,2),(0.,44.),.PIECEWISE_BEZIER_KNOTS.);
#4932 = CARTESIAN_POINT('',(-223.7373360887,17.785047452935,
    153.10260493577));
#4933 = CARTESIAN_POINT('',(-206.9202095162,32.833933759264,
    190.87448964894));
#4934 = PCURVE('',#3234,#4935);
#4935 = DEFINITIONAL_REPRESENTATION('',(#4936),#4940);
#4936 = LINE('',#4937,#4938);
#4937 = CARTESIAN_POINT('',(0.,66.666666666667));
#4938 = VECTOR('',#4939,1.);
#4939 = DIRECTION('',(1.,0.));
#4940 = ( GEOMETRIC_REPRESENTATION_CONTEXT(2) 
PARAMETRIC_REPRESENTATION_CONTEXT() REPRESENTATION_CONTEXT('2D SPACE',''
  ) );
#4941 = PCURVE('',#3164,#4942);
#4942 = DEFINITIONAL_REPRESENTATION('',(#4943),#4947);
#4943 = LINE('',#4944,#4945);
#4944 = CARTESIAN_POINT('',(0.,0.));
#4945 = VECTOR('',#4946,1.);
#4946 = DIRECTION('',(1.,0.));
#4947 = ( GEOMETRIC_REPRESENTATION_CONTEXT(2) 
PARAMETRIC_REPRESENTATION_CONTEXT() REPRESENTATION_CONTEXT('2D SPACE',''
  ) );
#4948 = ADVANCED_FACE('',(#4949),#3164,.F.);
#4949 = FACE_BOUND('',#4950,.F.);
#4950 = EDGE_LOOP('',(#4951,#4952,#4953,#4980));
#4951 = ORIENTED_EDGE('',*,*,#3120,.F.);
#4952 = ORIENTED_EDGE('',*,*,#4929,.T.);
#4953 = ORIENTED_EDGE('',*,*,#4954,.T.);
#4954 = EDGE_CURVE('',#4901,#3337,#4955,.T.);
#4955 = SURFACE_CURVE('',#4956,(#4966,#4973),.PCURVE_S1.);
#4956 = B_SPLINE_CURVE_WITH_KNOTS('',8,(#4957,#4958,#4959,#4960,#4961,
    #4962,#4963,#4964,#4965),.UNSPECIFIED.,.F.,.F.,(9,9),(0.,
    66.666666666667),.PIECEWISE_BEZIER_KNOTS.);
#4957 = CARTESIAN_POINT('',(-206.9202095162,32.833933759264,
    190.87448964894));
#4958 = CARTESIAN_POINT('',(-218.1750352449,57.435029043377,
    186.08401497484));
#4959 = CARTESIAN_POINT('',(-232.5484975057,79.245502221566,
    174.28896796527));
#4960 = CARTESIAN_POINT('',(-249.6274213467,95.477006791747,
    156.4173547562));
#4961 = CARTESIAN_POINT('',(-268.506112395,103.78605743428,
    134.50339821504));
#4962 = CARTESIAN_POINT('',(-287.8756338455,102.92891390662,
    111.48701854067));
#4963 = CARTESIAN_POINT('',(-306.3407198184,93.274020252882,
    90.50203420858));
#4964 = CARTESIAN_POINT('',(-322.779835241,76.508688260629,
    74.067454235535));
#4965 = CARTESIAN_POINT('',(-336.5003512031,55.0633378897,
    63.738948624096));
#4966 = PCURVE('',#3164,#4967);
#4967 = DEFINITIONAL_REPRESENTATION('',(#4968),#4972);
#4968 = LINE('',#4969,#4970);
#4969 = CARTESIAN_POINT('',(44.,0.));
#4970 = VECTOR('',#4971,1.);
#4971 = DIRECTION('',(0.,1.));
#4972 = ( GEOMETRIC_REPRESENTATION_CONTEXT(2) 
PARAMETRIC_REPRESENTATION_CONTEXT() REPRESENTATION_CONTEXT('2D SPACE',''
  ) );
#4973 = PCURVE('',#3410,#4974);
#4974 = DEFINITIONAL_REPRESENTATION('',(#4975),#4979);
#4975 = LINE('',#4976,#4977);
#4976 = CARTESIAN_POINT('',(0.,0.));
#4977 = VECTOR('',#4978,1.);
#4978 = DIRECTION('',(0.,1.));
#4979 = ( GEOMETRIC_REPRESENTATION_CONTEXT(2) 
PARAMETRIC_REPRESENTATION_CONTEXT() REPRESENTATION_CONTEXT('2D SPACE',''
  ) );
#4980 = ORIENTED_EDGE('',*,*,#3336,.F.);
#4981 = ADVANCED_FACE('',(#4982),#3410,.F.);
#4982 = FACE_BOUND('',#4983,.F.);
#4983 = EDGE_LOOP('',(#4984,#4985,#5010,#5011));
#4984 = ORIENTED_EDGE('',*,*,#4954,.F.);
#4985 = ORIENTED_EDGE('',*,*,#4986,.T.);
#4986 = EDGE_CURVE('',#4901,#4282,#4987,.T.);
#4987 = SURFACE_CURVE('',#4988,(#4996,#5003),.PCURVE_S1.);
#4988 = ( BOUNDED_CURVE() B_SPLINE_CURVE(6,(#4989,#4990,#4991,#4992,
#4993,#4994,#4995),.UNSPECIFIED.,.F.,.F.) B_SPLINE_CURVE_WITH_KNOTS((7,7
),(0.,6.544984694977E-02),.PIECEWISE_BEZIER_KNOTS.) CURVE() 
GEOMETRIC_REPRESENTATION_ITEM() RATIONAL_B_SPLINE_CURVE((1.000053547667,
    1.000017847948,0.999996430156,0.999989291231,0.999996430156,
1.000017847948,1.000053547667)) REPRESENTATION_ITEM('') );
#4989 = CARTESIAN_POINT('',(-206.9202095162,32.833933759264,
    190.87448964894));
#4990 = CARTESIAN_POINT('',(-207.0917589944,33.792479916777,
    190.48918321251));
#4991 = CARTESIAN_POINT('',(-207.258197551,34.756506089291,
    190.11535609378));
#4992 = CARTESIAN_POINT('',(-207.4194928285,35.725826737675,
    189.75308096894));
#4993 = CARTESIAN_POINT('',(-207.5756136438,36.70025510955,
    189.40242787665));
#4994 = CARTESIAN_POINT('',(-207.7265299958,37.679603285613,
    189.06346420032));
#4995 = CARTESIAN_POINT('',(-207.8722130729,38.663682226439,
    188.73625465167));
#4996 = PCURVE('',#3410,#4997);
#4997 = DEFINITIONAL_REPRESENTATION('',(#4998),#5002);
#4998 = LINE('',#4999,#5000);
#4999 = CARTESIAN_POINT('',(0.,0.));
#5000 = VECTOR('',#5001,1.);
#5001 = DIRECTION('',(1.,0.));
#5002 = ( GEOMETRIC_REPRESENTATION_CONTEXT(2) 
PARAMETRIC_REPRESENTATION_CONTEXT() REPRESENTATION_CONTEXT('2D SPACE',''
  ) );
#5003 = PCURVE('',#4303,#5004);
#5004 = DEFINITIONAL_REPRESENTATION('',(#5005),#5009);
#5005 = LINE('',#5006,#5007);
#5006 = CARTESIAN_POINT('',(0.,66.666666666667));
#5007 = VECTOR('',#5008,1.);
#5008 = DIRECTION('',(1.,0.));
#5009 = ( GEOMETRIC_REPRESENTATION_CONTEXT(2) 
PARAMETRIC_REPRESENTATION_CONTEXT() REPRESENTATION_CONTEXT('2D SPACE',''
  ) );
#5010 = ORIENTED_EDGE('',*,*,#4604,.T.);
#5011 = ORIENTED_EDGE('',*,*,#3390,.F.);
#5012 = ADVANCED_FACE('',(#5013),#3614,.F.);
#5013 = FACE_BOUND('',#5014,.F.);
#5014 = EDGE_LOOP('',(#5015,#5044,#5045,#5046));
#5015 = ORIENTED_EDGE('',*,*,#5016,.F.);
#5016 = EDGE_CURVE('',#3539,#5017,#5019,.T.);
#5017 = VERTEX_POINT('',#5018);
#5018 = CARTESIAN_POINT('',(-212.0659682732,63.297198249607,
    15.410703879419));
#5019 = SURFACE_CURVE('',#5020,(#5030,#5037),.PCURVE_S1.);
#5020 = ( BOUNDED_CURVE() B_SPLINE_CURVE(8,(#5021,#5022,#5023,#5024,
    #5025,#5026,#5027,#5028,#5029),.UNSPECIFIED.,.F.,.F.) 
B_SPLINE_CURVE_WITH_KNOTS((9,9),(0.,66.666666666667),
.PIECEWISE_BEZIER_KNOTS.) CURVE() GEOMETRIC_REPRESENTATION_ITEM() 
RATIONAL_B_SPLINE_CURVE((1.000053547667,1.000053547667,1.000053547667,
    1.000053547667,1.000053547667,1.000053547667,1.000053547667,
1.000053547667,1.000053547667)) REPRESENTATION_ITEM('') );
#5021 = CARTESIAN_POINT('',(-83.87834139461,22.817845663313,
    139.41860543683));
#5022 = CARTESIAN_POINT('',(-94.0221805017,48.24752158538,137.1234475702
    ));
#5023 = CARTESIAN_POINT('',(-107.3896891777,71.737894214185,
    127.58780930467));
#5024 = CARTESIAN_POINT('',(-123.6936166367,90.406599887619,
    111.45686646915));
#5025 = CARTESIAN_POINT('',(-142.1374215217,101.68166458221,
    90.519680243194));
#5026 = CARTESIAN_POINT('',(-161.4750199064,103.97639122225,
    67.57500094872));
#5027 = CARTESIAN_POINT('',(-180.3031241428,97.283577954549,
    45.774664247256));
#5028 = CARTESIAN_POINT('',(-197.432150769,82.980318381709,
    27.790518340136));
#5029 = CARTESIAN_POINT('',(-212.0659682732,63.297198249607,
    15.410703879419));
#5030 = PCURVE('',#3614,#5031);
#5031 = DEFINITIONAL_REPRESENTATION('',(#5032),#5036);
#5032 = LINE('',#5033,#5034);
#5033 = CARTESIAN_POINT('',(0.,0.));
#5034 = VECTOR('',#5035,1.);
#5035 = DIRECTION('',(0.,1.));
#5036 = ( GEOMETRIC_REPRESENTATION_CONTEXT(2) 
PARAMETRIC_REPRESENTATION_CONTEXT() REPRESENTATION_CONTEXT('2D SPACE',''
  ) );
#5037 = PCURVE('',#4473,#5038);
#5038 = DEFINITIONAL_REPRESENTATION('',(#5039),#5043);
#5039 = LINE('',#5040,#5041);
#5040 = CARTESIAN_POINT('',(6.544984694977E-02,0.));
#5041 = VECTOR('',#5042,1.);
#5042 = DIRECTION('',(0.,1.));
#5043 = ( GEOMETRIC_REPRESENTATION_CONTEXT(2) 
PARAMETRIC_REPRESENTATION_CONTEXT() REPRESENTATION_CONTEXT('2D SPACE',''
  ) );
#5044 = ORIENTED_EDGE('',*,*,#3601,.T.);
#5045 = ORIENTED_EDGE('',*,*,#3646,.F.);
#5046 = ORIENTED_EDGE('',*,*,#5047,.F.);
#5047 = EDGE_CURVE('',#5017,#3647,#5048,.T.);
#5048 = SURFACE_CURVE('',#5049,(#5052,#5059),.PCURVE_S1.);
#5049 = B_SPLINE_CURVE_WITH_KNOTS('',1,(#5050,#5051),.UNSPECIFIED.,.F.,
  .F.,(2,2),(0.,44.),.PIECEWISE_BEZIER_KNOTS.);
#5050 = CARTESIAN_POINT('',(-212.0659682732,63.297198249607,
    15.410703879419));
#5051 = CARTESIAN_POINT('',(-198.6107330986,34.285982385204,
    45.6316568833));
#5052 = PCURVE('',#3614,#5053);
#5053 = DEFINITIONAL_REPRESENTATION('',(#5054),#5058);
#5054 = LINE('',#5055,#5056);
#5055 = CARTESIAN_POINT('',(0.,66.666666666667));
#5056 = VECTOR('',#5057,1.);
#5057 = DIRECTION('',(1.,0.));
#5058 = ( GEOMETRIC_REPRESENTATION_CONTEXT(2) 
PARAMETRIC_REPRESENTATION_CONTEXT() REPRESENTATION_CONTEXT('2D SPACE',''
  ) );
#5059 = PCURVE('',#3741,#5060);
#5060 = DEFINITIONAL_REPRESENTATION('',(#5061),#5065);
#5061 = LINE('',#5062,#5063);
#5062 = CARTESIAN_POINT('',(0.,0.));
#5063 = VECTOR('',#5064,1.);
#5064 = DIRECTION('',(1.,0.));
#5065 = ( GEOMETRIC_REPRESENTATION_CONTEXT(2) 
PARAMETRIC_REPRESENTATION_CONTEXT() REPRESENTATION_CONTEXT('2D SPACE',''
  ) );
#5066 = ADVANCED_FACE('',(#5067),#3741,.F.);
#5067 = FACE_BOUND('',#5068,.F.);
#5068 = EDGE_LOOP('',(#5069,#5096,#5097,#5098));
#5069 = ORIENTED_EDGE('',*,*,#5070,.F.);
#5070 = EDGE_CURVE('',#5017,#4790,#5071,.T.);
#5071 = SURFACE_CURVE('',#5072,(#5082,#5089),.PCURVE_S1.);
#5072 = ( BOUNDED_CURVE() B_SPLINE_CURVE(8,(#5073,#5074,#5075,#5076,
    #5077,#5078,#5079,#5080,#5081),.UNSPECIFIED.,.F.,.F.) 
B_SPLINE_CURVE_WITH_KNOTS((9,9),(0.,66.666666666667),
.PIECEWISE_BEZIER_KNOTS.) CURVE() GEOMETRIC_REPRESENTATION_ITEM() 
RATIONAL_B_SPLINE_CURVE((1.000053547667,1.000053547667,1.000053547667,
    1.000053547667,1.000053547667,1.000053547667,1.000053547667,
1.000053547667,1.000053547667)) REPRESENTATION_ITEM('') );
#5073 = CARTESIAN_POINT('',(-212.0659682732,63.297198249607,
    15.410703879419));
#5074 = CARTESIAN_POINT('',(-226.6997857775,43.614078117504,
    3.030889418701));
#5075 = CARTESIAN_POINT('',(-238.8384469504,18.550949428457,
    -3.74471216512));
#5076 = CARTESIAN_POINT('',(-247.6863685915,-9.66041984209,
    -3.129191747313));
#5077 = CARTESIAN_POINT('',(-252.843499928,-37.94060216879,5.77597941954
    ));
#5078 = CARTESIAN_POINT('',(-254.4959109505,-62.86994012381,
    22.552881293888));
#5079 = CARTESIAN_POINT('',(-253.4460948799,-81.61813523709,
    45.399084590806));
#5080 = CARTESIAN_POINT('',(-250.8351876387,-92.57928035055,
    71.751556064202));
#5081 = CARTESIAN_POINT('',(-247.863016171,-95.42940846934,
    98.915440275373));
#5082 = PCURVE('',#3741,#5083);
#5083 = DEFINITIONAL_REPRESENTATION('',(#5084),#5088);
#5084 = LINE('',#5085,#5086);
#5085 = CARTESIAN_POINT('',(0.,0.));
#5086 = VECTOR('',#5087,1.);
#5087 = DIRECTION('',(0.,1.));
#5088 = ( GEOMETRIC_REPRESENTATION_CONTEXT(2) 
PARAMETRIC_REPRESENTATION_CONTEXT() REPRESENTATION_CONTEXT('2D SPACE',''
  ) );
#5089 = PCURVE('',#4713,#5090);
#5090 = DEFINITIONAL_REPRESENTATION('',(#5091),#5095);
#5091 = LINE('',#5092,#5093);
#5092 = CARTESIAN_POINT('',(6.544984694977E-02,0.));
#5093 = VECTOR('',#5094,1.);
#5094 = DIRECTION('',(0.,1.));
#5095 = ( GEOMETRIC_REPRESENTATION_CONTEXT(2) 
PARAMETRIC_REPRESENTATION_CONTEXT() REPRESENTATION_CONTEXT('2D SPACE',''
  ) );
#5096 = ORIENTED_EDGE('',*,*,#5047,.T.);
#5097 = ORIENTED_EDGE('',*,*,#3697,.F.);
#5098 = ORIENTED_EDGE('',*,*,#4848,.F.);
#5099 = ADVANCED_FACE('',(#5100),#3943,.F.);
#5100 = FACE_BOUND('',#5101,.F.);
#5101 = EDGE_LOOP('',(#5102,#5103,#5104,#5131));
#5102 = ORIENTED_EDGE('',*,*,#3899,.F.);
#5103 = ORIENTED_EDGE('',*,*,#4052,.T.);
#5104 = ORIENTED_EDGE('',*,*,#5105,.T.);
#5105 = EDGE_CURVE('',#4024,#4879,#5106,.T.);
#5106 = SURFACE_CURVE('',#5107,(#5117,#5124),.PCURVE_S1.);
#5107 = B_SPLINE_CURVE_WITH_KNOTS('',8,(#5108,#5109,#5110,#5111,#5112,
    #5113,#5114,#5115,#5116),.UNSPECIFIED.,.F.,.F.,(9,9),(0.,
    66.666666666667),.PIECEWISE_BEZIER_KNOTS.);
#5108 = CARTESIAN_POINT('',(-146.9048073781,73.540266539422,
    -2.141154891469));
#5109 = CARTESIAN_POINT('',(-162.6747881954,56.71212626934,
    -17.07283393431));
#5110 = CARTESIAN_POINT('',(-176.3115360178,33.633380335203,
    -27.21319322343));
#5111 = CARTESIAN_POINT('',(-186.8906382731,6.212266594666,
    -30.48596812735));
#5112 = CARTESIAN_POINT('',(-193.8261631978,-22.65725011888,
    -25.57513435816));
#5113 = CARTESIAN_POINT('',(-197.0904267938,-49.52572007254,
    -12.41851263788));
#5114 = CARTESIAN_POINT('',(-197.3014601454,-71.29564507215,
    7.595776490314));
#5115 = CARTESIAN_POINT('',(-195.4877539276,-85.95301256789,
    32.157705148858));
#5116 = CARTESIAN_POINT('',(-192.8151257271,-92.72887932375,
    58.648804166699));
#5117 = PCURVE('',#3943,#5118);
#5118 = DEFINITIONAL_REPRESENTATION('',(#5119),#5123);
#5119 = LINE('',#5120,#5121);
#5120 = CARTESIAN_POINT('',(44.,0.));
#5121 = VECTOR('',#5122,1.);
#5122 = DIRECTION('',(0.,1.));
#5123 = ( GEOMETRIC_REPRESENTATION_CONTEXT(2) 
PARAMETRIC_REPRESENTATION_CONTEXT() REPRESENTATION_CONTEXT('2D SPACE',''
  ) );
#5124 = PCURVE('',#4124,#5125);
#5125 = DEFINITIONAL_REPRESENTATION('',(#5126),#5130);
#5126 = LINE('',#5127,#5128);
#5127 = CARTESIAN_POINT('',(0.,0.));
#5128 = VECTOR('',#5129,1.);
#5129 = DIRECTION('',(0.,1.));
#5130 = ( GEOMETRIC_REPRESENTATION_CONTEXT(2) 
PARAMETRIC_REPRESENTATION_CONTEXT() REPRESENTATION_CONTEXT('2D SPACE',''
  ) );
#5131 = ORIENTED_EDGE('',*,*,#4878,.F.);
#5132 = ADVANCED_FACE('',(#5133),#4124,.F.);
#5133 = FACE_BOUND('',#5134,.F.);
#5134 = EDGE_LOOP('',(#5135,#5136,#5137,#5138));
#5135 = ORIENTED_EDGE('',*,*,#5105,.F.);
#5136 = ORIENTED_EDGE('',*,*,#4106,.T.);
#5137 = ORIENTED_EDGE('',*,*,#4419,.T.);
#5138 = ORIENTED_EDGE('',*,*,#5139,.F.);
#5139 = EDGE_CURVE('',#4879,#4280,#5140,.T.);
#5140 = SURFACE_CURVE('',#5141,(#5149,#5156),.PCURVE_S1.);
#5141 = ( BOUNDED_CURVE() B_SPLINE_CURVE(6,(#5142,#5143,#5144,#5145,
#5146,#5147,#5148),.UNSPECIFIED.,.F.,.F.) B_SPLINE_CURVE_WITH_KNOTS((7,7
),(0.,6.544984694977E-02),.PIECEWISE_BEZIER_KNOTS.) CURVE() 
GEOMETRIC_REPRESENTATION_ITEM() RATIONAL_B_SPLINE_CURVE((1.000053547667,
    1.000017847948,0.999996430156,0.999989291231,0.999996430156,
1.000017847948,1.000053547667)) REPRESENTATION_ITEM('') );
#5142 = CARTESIAN_POINT('',(-192.8151257271,-92.72887932375,
    58.648804166699));
#5143 = CARTESIAN_POINT('',(-192.3973613922,-92.93318472448,
    59.587118225646));
#5144 = CARTESIAN_POINT('',(-191.9807027348,-93.15092653318,
    60.522948892497));
#5145 = CARTESIAN_POINT('',(-191.565230132,-93.3820634958,
    61.456115636901));
#5146 = CARTESIAN_POINT('',(-191.1510236918,-93.62655129738,
    62.386438533447));
#5147 = CARTESIAN_POINT('',(-190.738163233,-93.88434257278,
    63.313738306441));
#5148 = CARTESIAN_POINT('',(-190.3267282651,-94.15538691871,
    64.237836374405));
#5149 = PCURVE('',#4124,#5150);
#5150 = DEFINITIONAL_REPRESENTATION('',(#5151),#5155);
#5151 = LINE('',#5152,#5153);
#5152 = CARTESIAN_POINT('',(0.,66.666666666667));
#5153 = VECTOR('',#5154,1.);
#5154 = DIRECTION('',(1.,0.));
#5155 = ( GEOMETRIC_REPRESENTATION_CONTEXT(2) 
PARAMETRIC_REPRESENTATION_CONTEXT() REPRESENTATION_CONTEXT('2D SPACE',''
  ) );
#5156 = PCURVE('',#4303,#5157);
#5157 = DEFINITIONAL_REPRESENTATION('',(#5158),#5162);
#5158 = LINE('',#5159,#5160);
#5159 = CARTESIAN_POINT('',(0.,0.));
#5160 = VECTOR('',#5161,1.);
#5161 = DIRECTION('',(1.,0.));
#5162 = ( GEOMETRIC_REPRESENTATION_CONTEXT(2) 
PARAMETRIC_REPRESENTATION_CONTEXT() REPRESENTATION_CONTEXT('2D SPACE',''
  ) );
#5163 = ADVANCED_FACE('',(#5164),#4303,.F.);
#5164 = FACE_BOUND('',#5165,.F.);
#5165 = EDGE_LOOP('',(#5166,#5167,#5168,#5169));
#5166 = ORIENTED_EDGE('',*,*,#4900,.F.);
#5167 = ORIENTED_EDGE('',*,*,#5139,.T.);
#5168 = ORIENTED_EDGE('',*,*,#4279,.T.);
#5169 = ORIENTED_EDGE('',*,*,#4986,.F.);
#5170 = ADVANCED_FACE('',(#5171),#4473,.F.);
#5171 = FACE_BOUND('',#5172,.F.);
#5172 = EDGE_LOOP('',(#5173,#5174,#5175,#5176));
#5173 = ORIENTED_EDGE('',*,*,#4639,.F.);
#5174 = ORIENTED_EDGE('',*,*,#4455,.T.);
#5175 = ORIENTED_EDGE('',*,*,#5016,.T.);
#5176 = ORIENTED_EDGE('',*,*,#5177,.F.);
#5177 = EDGE_CURVE('',#4640,#5017,#5178,.T.);
#5178 = SURFACE_CURVE('',#5179,(#5187,#5194),.PCURVE_S1.);
#5179 = ( BOUNDED_CURVE() B_SPLINE_CURVE(6,(#5180,#5181,#5182,#5183,
#5184,#5185,#5186),.UNSPECIFIED.,.F.,.F.) B_SPLINE_CURVE_WITH_KNOTS((7,7
),(0.,6.544984694977E-02),.PIECEWISE_BEZIER_KNOTS.) CURVE() 
GEOMETRIC_REPRESENTATION_ITEM() RATIONAL_B_SPLINE_CURVE((1.000053547667,
    1.000017847948,0.999996430156,0.999989291231,0.999996430156,
1.000017847948,1.000053547667)) REPRESENTATION_ITEM('') );
#5180 = CARTESIAN_POINT('',(-210.3192904222,67.882250993909,
    19.33380656512));
#5181 = CARTESIAN_POINT('',(-210.6001379954,67.094898081852,
    18.703012587704));
#5182 = CARTESIAN_POINT('',(-210.8851656276,66.316617586833,
    18.062830044155));
#5183 = CARTESIAN_POINT('',(-211.1743185987,65.547560021506,
    17.413381837927));
#5184 = CARTESIAN_POINT('',(-211.4675412449,64.787873794583,
    16.754792991674));
#5185 = CARTESIAN_POINT('',(-211.7647769727,64.037705173773,
    16.087190616344));
#5186 = CARTESIAN_POINT('',(-212.0659682732,63.297198249607,
    15.410703879419));
#5187 = PCURVE('',#4473,#5188);
#5188 = DEFINITIONAL_REPRESENTATION('',(#5189),#5193);
#5189 = LINE('',#5190,#5191);
#5190 = CARTESIAN_POINT('',(0.,66.666666666667));
#5191 = VECTOR('',#5192,1.);
#5192 = DIRECTION('',(1.,0.));
#5193 = ( GEOMETRIC_REPRESENTATION_CONTEXT(2) 
PARAMETRIC_REPRESENTATION_CONTEXT() REPRESENTATION_CONTEXT('2D SPACE',''
  ) );
#5194 = PCURVE('',#4713,#5195);
#5195 = DEFINITIONAL_REPRESENTATION('',(#5196),#5200);
#5196 = LINE('',#5197,#5198);
#5197 = CARTESIAN_POINT('',(0.,0.));
#5198 = VECTOR('',#5199,1.);
#5199 = DIRECTION('',(1.,0.));
#5200 = ( GEOMETRIC_REPRESENTATION_CONTEXT(2) 
PARAMETRIC_REPRESENTATION_CONTEXT() REPRESENTATION_CONTEXT('2D SPACE',''
  ) );
#5201 = ADVANCED_FACE('',(#5202),#4713,.F.);
#5202 = FACE_BOUND('',#5203,.F.);
#5203 = EDGE_LOOP('',(#5204,#5205,#5206,#5207));
#5204 = ORIENTED_EDGE('',*,*,#4693,.F.);
#5205 = ORIENTED_EDGE('',*,*,#5177,.T.);
#5206 = ORIENTED_EDGE('',*,*,#5070,.T.);
#5207 = ORIENTED_EDGE('',*,*,#4789,.F.);
#5208 = ( GEOMETRIC_REPRESENTATION_CONTEXT(3) 
GLOBAL_UNCERTAINTY_ASSIGNED_CONTEXT((#5212)) 
GLOBAL_UNIT_ASSIGNED_CONTEXT((#5209,#5210,#5211)) REPRESENTATION_CONTEXT
('Context #1','3D Context with UNIT and UNCERTAINTY') );
#5209 = ( LENGTH_UNIT() NAMED_UNIT(*) SI_UNIT(.MILLI.,.METRE.) );
#5210 = ( NAMED_UNIT(*) PLANE_ANGLE_UNIT() SI_UNIT($,.RADIAN.) );
#5211 = ( NAMED_UNIT(*) SI_UNIT($,.STERADIAN.) SOLID_ANGLE_UNIT() );
#5212 = UNCERTAINTY_MEASURE_WITH_UNIT(LENGTH_MEASURE(5.E-02),#5209,
  'distance_accuracy_value','confusion accuracy');
#5213 = PRODUCT_RELATED_PRODUCT_CATEGORY('part',$,(#7));
ENDSEC;
END-ISO-10303-21;
