ISO-10303-21;
HEADER;
FILE_DESCRIPTION(('Open CASCADE Model'),'2;1');
FILE_NAME('Open CASCADE Shape Model','2026-07-22T19:41:09',('Author'),(
    'Open CASCADE'),'Open CASCADE STEP processor 7.9','Open CASCADE 7.9'
  ,'Unknown');
FILE_SCHEMA(('AUTOMOTIVE_DESIGN { 1 0 10303 214 1 1 1 1 }'));
ENDSEC;
DATA;
#1 = APPLICATION_PROTOCOL_DEFINITION('international standard',
  'automotive_design',2000,#2);
#2 = APPLICATION_CONTEXT(
  'core data for automotive mechanical design processes');
#3 = SHAPE_DEFINITION_REPRESENTATION(#4,#10);
#4 = PRODUCT_DEFINITION_SHAPE('','',#5);
#5 = PRODUCT_DEFINITION('design','',#6,#9);
#6 = PRODUCT_DEFINITION_FORMATION('','',#7);
#7 = PRODUCT('Open CASCADE STEP translator 7.9 1',
  'Open CASCADE STEP translator 7.9 1','',(#8));
#8 = PRODUCT_CONTEXT('',#2,'mechanical');
#9 = PRODUCT_DEFINITION_CONTEXT('part definition',#2,'design');
#10 = SHAPE_REPRESENTATION('',(#11,#15,#19,#23),#27);
#11 = AXIS2_PLACEMENT_3D('',#12,#13,#14);
#12 = CARTESIAN_POINT('',(0.,0.,0.));
#13 = DIRECTION('',(0.,0.,1.));
#14 = DIRECTION('',(1.,0.,-0.));
#15 = AXIS2_PLACEMENT_3D('',#16,#17,#18);
#16 = CARTESIAN_POINT('',(0.,0.,0.));
#17 = DIRECTION('',(0.,0.,1.));
#18 = DIRECTION('',(1.,0.,-0.));
#19 = AXIS2_PLACEMENT_3D('',#20,#21,#22);
#20 = CARTESIAN_POINT('',(0.,0.,0.));
#21 = DIRECTION('',(0.,0.,1.));
#22 = DIRECTION('',(1.,0.,-0.));
#23 = AXIS2_PLACEMENT_3D('',#24,#25,#26);
#24 = CARTESIAN_POINT('',(0.,0.,0.));
#25 = DIRECTION('',(0.,0.,1.));
#26 = DIRECTION('',(1.,0.,-0.));
#27 = ( GEOMETRIC_REPRESENTATION_CONTEXT(3) 
GLOBAL_UNCERTAINTY_ASSIGNED_CONTEXT((#31)) GLOBAL_UNIT_ASSIGNED_CONTEXT(
(#28,#29,#30)) REPRESENTATION_CONTEXT('Context #1',
  '3D Context with UNIT and UNCERTAINTY') );
#28 = ( LENGTH_UNIT() NAMED_UNIT(*) SI_UNIT(.MILLI.,.METRE.) );
#29 = ( NAMED_UNIT(*) PLANE_ANGLE_UNIT() SI_UNIT($,.RADIAN.) );
#30 = ( NAMED_UNIT(*) SI_UNIT($,.STERADIAN.) SOLID_ANGLE_UNIT() );
#31 = UNCERTAINTY_MEASURE_WITH_UNIT(LENGTH_MEASURE(5.E-02),#28,
  'distance_accuracy_value','confusion accuracy');
#32 = PRODUCT_RELATED_PRODUCT_CATEGORY('part',$,(#7));
#33 = SHAPE_DEFINITION_REPRESENTATION(#34,#40);
#34 = PRODUCT_DEFINITION_SHAPE('','',#35);
#35 = PRODUCT_DEFINITION('design','',#36,#39);
#36 = PRODUCT_DEFINITION_FORMATION('','',#37);
#37 = PRODUCT('Open CASCADE STEP translator 7.9 1.1',
  'Open CASCADE STEP translator 7.9 1.1','',(#38));
#38 = PRODUCT_CONTEXT('',#2,'mechanical');
#39 = PRODUCT_DEFINITION_CONTEXT('part definition',#2,'design');
#40 = ADVANCED_BREP_SHAPE_REPRESENTATION('',(#11,#41),#5226);
#41 = MANIFOLD_SOLID_BREP('',#42);
#42 = CLOSED_SHELL('',(#43,#131,#166,#201,#1028,#2132,#2271,#2389,#2507,
    #2626,#2766,#2883,#2938,#2992,#3097,#3525,#3600,#3635,#3777,#3895,
    #3992,#4110,#4227,#4282,#4336,#4390,#4445,#4523,#4640,#4695,#4728,
    #4759,#4818,#4875,#4906,#4961,#4968,#5022,#5055,#5081,#5088,#5143,
    #5174,#5181,#5212,#5219));
#43 = ADVANCED_FACE('',(#44),#58,.T.);
#44 = FACE_BOUND('',#45,.F.);
#45 = EDGE_LOOP('',(#46,#76,#103,#104));
#46 = ORIENTED_EDGE('',*,*,#47,.T.);
#47 = EDGE_CURVE('',#48,#50,#52,.T.);
#48 = VERTEX_POINT('',#49);
#49 = CARTESIAN_POINT('',(62.292090819418,0.,78.445493314437));
#50 = VERTEX_POINT('',#51);
#51 = CARTESIAN_POINT('',(-348.8033651197,0.,261.47698269854));
#52 = SEAM_CURVE('',#53,(#57,#69),.PCURVE_S1.);
#53 = LINE('',#54,#55);
#54 = CARTESIAN_POINT('',(62.292090819418,0.,78.445493314437));
#55 = VECTOR('',#56,1.);
#56 = DIRECTION('',(-0.913545457643,0.,0.406736643076));
#57 = PCURVE('',#58,#63);
#58 = CYLINDRICAL_SURFACE('',#59,97.);
#59 = AXIS2_PLACEMENT_3D('',#60,#61,#62);
#60 = CARTESIAN_POINT('',(22.838636441065,0.,-10.16841607689));
#61 = DIRECTION('',(0.913545457643,-0.,-0.406736643076));
#62 = DIRECTION('',(0.406736643076,0.,0.913545457643));
#63 = DEFINITIONAL_REPRESENTATION('',(#64),#68);
#64 = LINE('',#65,#66);
#65 = CARTESIAN_POINT('',(-0.,0.));
#66 = VECTOR('',#67,1.);
#67 = DIRECTION('',(-0.,-1.));
#68 = ( GEOMETRIC_REPRESENTATION_CONTEXT(2) 
PARAMETRIC_REPRESENTATION_CONTEXT() REPRESENTATION_CONTEXT('2D SPACE',''
  ) );
#69 = PCURVE('',#58,#70);
#70 = DEFINITIONAL_REPRESENTATION('',(#71),#75);
#71 = LINE('',#72,#73);
#72 = CARTESIAN_POINT('',(-6.28318530718,0.));
#73 = VECTOR('',#74,1.);
#74 = DIRECTION('',(-0.,-1.));
#75 = ( GEOMETRIC_REPRESENTATION_CONTEXT(2) 
PARAMETRIC_REPRESENTATION_CONTEXT() REPRESENTATION_CONTEXT('2D SPACE',''
  ) );
#76 = ORIENTED_EDGE('',*,*,#77,.T.);
#77 = EDGE_CURVE('',#50,#50,#78,.T.);
#78 = SURFACE_CURVE('',#79,(#84,#91),.PCURVE_S1.);
#79 = CIRCLE('',#80,97.);
#80 = AXIS2_PLACEMENT_3D('',#81,#82,#83);
#81 = CARTESIAN_POINT('',(-388.2568194981,0.,172.86307330721));
#82 = DIRECTION('',(-0.913545457643,0.,0.406736643076));
#83 = DIRECTION('',(0.406736643076,0.,0.913545457643));
#84 = PCURVE('',#58,#85);
#85 = DEFINITIONAL_REPRESENTATION('',(#86),#90);
#86 = LINE('',#87,#88);
#87 = CARTESIAN_POINT('',(-0.,-450.));
#88 = VECTOR('',#89,1.);
#89 = DIRECTION('',(-1.,0.));
#90 = ( GEOMETRIC_REPRESENTATION_CONTEXT(2) 
PARAMETRIC_REPRESENTATION_CONTEXT() REPRESENTATION_CONTEXT('2D SPACE',''
  ) );
#91 = PCURVE('',#92,#97);
#92 = PLANE('',#93);
#93 = AXIS2_PLACEMENT_3D('',#94,#95,#96);
#94 = CARTESIAN_POINT('',(-388.2568194981,6.86705117544E-15,
    172.86307330721));
#95 = DIRECTION('',(-0.913545457643,0.,0.406736643076));
#96 = DIRECTION('',(0.406736643076,0.,0.913545457643));
#97 = DEFINITIONAL_REPRESENTATION('',(#98),#102);
#98 = CIRCLE('',#99,97.);
#99 = AXIS2_PLACEMENT_2D('',#100,#101);
#100 = CARTESIAN_POINT('',(0.,-6.86705117544E-15));
#101 = DIRECTION('',(1.,0.));
#102 = ( GEOMETRIC_REPRESENTATION_CONTEXT(2) 
PARAMETRIC_REPRESENTATION_CONTEXT() REPRESENTATION_CONTEXT('2D SPACE',''
  ) );
#103 = ORIENTED_EDGE('',*,*,#47,.F.);
#104 = ORIENTED_EDGE('',*,*,#105,.F.);
#105 = EDGE_CURVE('',#48,#48,#106,.T.);
#106 = SURFACE_CURVE('',#107,(#112,#119),.PCURVE_S1.);
#107 = CIRCLE('',#108,97.);
#108 = AXIS2_PLACEMENT_3D('',#109,#110,#111);
#109 = CARTESIAN_POINT('',(22.838636441065,0.,-10.16841607689));
#110 = DIRECTION('',(-0.913545457643,0.,0.406736643076));
#111 = DIRECTION('',(0.406736643076,0.,0.913545457643));
#112 = PCURVE('',#58,#113);
#113 = DEFINITIONAL_REPRESENTATION('',(#114),#118);
#114 = LINE('',#115,#116);
#115 = CARTESIAN_POINT('',(-0.,0.));
#116 = VECTOR('',#117,1.);
#117 = DIRECTION('',(-1.,0.));
#118 = ( GEOMETRIC_REPRESENTATION_CONTEXT(2) 
PARAMETRIC_REPRESENTATION_CONTEXT() REPRESENTATION_CONTEXT('2D SPACE',''
  ) );
#119 = PCURVE('',#120,#125);
#120 = PLANE('',#121);
#121 = AXIS2_PLACEMENT_3D('',#122,#123,#124);
#122 = CARTESIAN_POINT('',(22.838636441065,6.86705117544E-15,
    -10.16841607689));
#123 = DIRECTION('',(-0.913545457643,0.,0.406736643076));
#124 = DIRECTION('',(0.406736643076,0.,0.913545457643));
#125 = DEFINITIONAL_REPRESENTATION('',(#126),#130);
#126 = CIRCLE('',#127,97.);
#127 = AXIS2_PLACEMENT_2D('',#128,#129);
#128 = CARTESIAN_POINT('',(6.313367000884E-15,-6.86705117544E-15));
#129 = DIRECTION('',(1.,0.));
#130 = ( GEOMETRIC_REPRESENTATION_CONTEXT(2) 
PARAMETRIC_REPRESENTATION_CONTEXT() REPRESENTATION_CONTEXT('2D SPACE',''
  ) );
#131 = ADVANCED_FACE('',(#132,#135),#120,.F.);
#132 = FACE_BOUND('',#133,.F.);
#133 = EDGE_LOOP('',(#134));
#134 = ORIENTED_EDGE('',*,*,#105,.T.);
#135 = FACE_BOUND('',#136,.F.);
#136 = EDGE_LOOP('',(#137));
#137 = ORIENTED_EDGE('',*,*,#138,.F.);
#138 = EDGE_CURVE('',#139,#139,#141,.T.);
#139 = VERTEX_POINT('',#140);
#140 = CARTESIAN_POINT('',(43.988941881007,0.,37.33594772052));
#141 = SURFACE_CURVE('',#142,(#147,#154),.PCURVE_S1.);
#142 = CIRCLE('',#143,52.);
#143 = AXIS2_PLACEMENT_3D('',#144,#145,#146);
#144 = CARTESIAN_POINT('',(22.838636441065,0.,-10.16841607689));
#145 = DIRECTION('',(-0.913545457643,0.,0.406736643076));
#146 = DIRECTION('',(0.406736643076,0.,0.913545457643));
#147 = PCURVE('',#120,#148);
#148 = DEFINITIONAL_REPRESENTATION('',(#149),#153);
#149 = CIRCLE('',#150,52.);
#150 = AXIS2_PLACEMENT_2D('',#151,#152);
#151 = CARTESIAN_POINT('',(6.313367000884E-15,-6.86705117544E-15));
#152 = DIRECTION('',(1.,0.));
#153 = ( GEOMETRIC_REPRESENTATION_CONTEXT(2) 
PARAMETRIC_REPRESENTATION_CONTEXT() REPRESENTATION_CONTEXT('2D SPACE',''
  ) );
#154 = PCURVE('',#155,#160);
#155 = CYLINDRICAL_SURFACE('',#156,52.);
#156 = AXIS2_PLACEMENT_3D('',#157,#158,#159);
#157 = CARTESIAN_POINT('',(22.838636441065,0.,-10.16841607689));
#158 = DIRECTION('',(0.913545457643,-0.,-0.406736643076));
#159 = DIRECTION('',(0.406736643076,0.,0.913545457643));
#160 = DEFINITIONAL_REPRESENTATION('',(#161),#165);
#161 = LINE('',#162,#163);
#162 = CARTESIAN_POINT('',(-0.,0.));
#163 = VECTOR('',#164,1.);
#164 = DIRECTION('',(-1.,0.));
#165 = ( GEOMETRIC_REPRESENTATION_CONTEXT(2) 
PARAMETRIC_REPRESENTATION_CONTEXT() REPRESENTATION_CONTEXT('2D SPACE',''
  ) );
#166 = ADVANCED_FACE('',(#167,#170),#92,.T.);
#167 = FACE_BOUND('',#168,.T.);
#168 = EDGE_LOOP('',(#169));
#169 = ORIENTED_EDGE('',*,*,#77,.T.);
#170 = FACE_BOUND('',#171,.T.);
#171 = EDGE_LOOP('',(#172));
#172 = ORIENTED_EDGE('',*,*,#173,.F.);
#173 = EDGE_CURVE('',#174,#174,#176,.T.);
#174 = VERTEX_POINT('',#175);
#175 = CARTESIAN_POINT('',(-367.1065140581,0.,220.36743710463));
#176 = SURFACE_CURVE('',#177,(#182,#189),.PCURVE_S1.);
#177 = CIRCLE('',#178,52.);
#178 = AXIS2_PLACEMENT_3D('',#179,#180,#181);
#179 = CARTESIAN_POINT('',(-388.2568194981,0.,172.86307330721));
#180 = DIRECTION('',(-0.913545457643,0.,0.406736643076));
#181 = DIRECTION('',(0.406736643076,0.,0.913545457643));
#182 = PCURVE('',#92,#183);
#183 = DEFINITIONAL_REPRESENTATION('',(#184),#188);
#184 = CIRCLE('',#185,52.);
#185 = AXIS2_PLACEMENT_2D('',#186,#187);
#186 = CARTESIAN_POINT('',(0.,-6.86705117544E-15));
#187 = DIRECTION('',(1.,0.));
#188 = ( GEOMETRIC_REPRESENTATION_CONTEXT(2) 
PARAMETRIC_REPRESENTATION_CONTEXT() REPRESENTATION_CONTEXT('2D SPACE',''
  ) );
#189 = PCURVE('',#190,#195);
#190 = CYLINDRICAL_SURFACE('',#191,52.);
#191 = AXIS2_PLACEMENT_3D('',#192,#193,#194);
#192 = CARTESIAN_POINT('',(22.838636441065,0.,-10.16841607689));
#193 = DIRECTION('',(0.913545457643,-0.,-0.406736643076));
#194 = DIRECTION('',(0.406736643076,0.,0.913545457643));
#195 = DEFINITIONAL_REPRESENTATION('',(#196),#200);
#196 = LINE('',#197,#198);
#197 = CARTESIAN_POINT('',(-0.,-450.));
#198 = VECTOR('',#199,1.);
#199 = DIRECTION('',(-1.,0.));
#200 = ( GEOMETRIC_REPRESENTATION_CONTEXT(2) 
PARAMETRIC_REPRESENTATION_CONTEXT() REPRESENTATION_CONTEXT('2D SPACE',''
  ) );
#201 = ADVANCED_FACE('',(#202),#155,.F.);
#202 = FACE_BOUND('',#203,.T.);
#203 = EDGE_LOOP('',(#204,#227,#228,#229,#280,#350,#420,#490,#513,#583,
    #653,#686,#756,#848,#876,#946,#979));
#204 = ORIENTED_EDGE('',*,*,#205,.F.);
#205 = EDGE_CURVE('',#139,#206,#208,.T.);
#206 = VERTEX_POINT('',#207);
#207 = CARTESIAN_POINT('',(-35.48951416085,0.,72.722036214391));
#208 = SEAM_CURVE('',#209,(#213,#220),.PCURVE_S1.);
#209 = LINE('',#210,#211);
#210 = CARTESIAN_POINT('',(43.988941881007,0.,37.33594772052));
#211 = VECTOR('',#212,1.);
#212 = DIRECTION('',(-0.913545457643,0.,0.406736643076));
#213 = PCURVE('',#155,#214);
#214 = DEFINITIONAL_REPRESENTATION('',(#215),#219);
#215 = LINE('',#216,#217);
#216 = CARTESIAN_POINT('',(-6.28318530718,0.));
#217 = VECTOR('',#218,1.);
#218 = DIRECTION('',(-0.,-1.));
#219 = ( GEOMETRIC_REPRESENTATION_CONTEXT(2) 
PARAMETRIC_REPRESENTATION_CONTEXT() REPRESENTATION_CONTEXT('2D SPACE',''
  ) );
#220 = PCURVE('',#155,#221);
#221 = DEFINITIONAL_REPRESENTATION('',(#222),#226);
#222 = LINE('',#223,#224);
#223 = CARTESIAN_POINT('',(-0.,0.));
#224 = VECTOR('',#225,1.);
#225 = DIRECTION('',(-0.,-1.));
#226 = ( GEOMETRIC_REPRESENTATION_CONTEXT(2) 
PARAMETRIC_REPRESENTATION_CONTEXT() REPRESENTATION_CONTEXT('2D SPACE',''
  ) );
#227 = ORIENTED_EDGE('',*,*,#138,.F.);
#228 = ORIENTED_EDGE('',*,*,#205,.T.);
#229 = ORIENTED_EDGE('',*,*,#230,.T.);
#230 = EDGE_CURVE('',#206,#231,#233,.T.);
#231 = VERTEX_POINT('',#232);
#232 = CARTESIAN_POINT('',(-39.99888267803,7.910416081876,
    74.067260961677));
#233 = SURFACE_CURVE('',#234,(#244,#254),.PCURVE_S1.);
#234 = B_SPLINE_CURVE_WITH_KNOTS('',8,(#235,#236,#237,#238,#239,#240,
    #241,#242,#243),.UNSPECIFIED.,.F.,.F.,(9,9),(0.,66.666666666667),
  .PIECEWISE_BEZIER_KNOTS.);
#235 = CARTESIAN_POINT('',(-9.354540890764,-46.6373825597,
    -21.01064284364));
#236 = CARTESIAN_POINT('',(-11.79439131306,-52.90939009423,
    -6.002358818512));
#237 = CARTESIAN_POINT('',(-13.43913468147,-55.21748484045,
    10.791764888853));
#238 = CARTESIAN_POINT('',(-14.87524614196,-52.85113994438,
    28.054483533618));
#239 = CARTESIAN_POINT('',(-16.81413895394,-45.72746220354,
    44.187936773734));
#240 = CARTESIAN_POINT('',(-19.95745981949,-34.56521889976,
    57.61620031396));
#241 = CARTESIAN_POINT('',(-24.79501615976,-20.79349523093,
    67.239148674333));
#242 = CARTESIAN_POINT('',(-31.50857883032,-6.105340996213,
    72.648517828806));
#243 = CARTESIAN_POINT('',(-39.99888267803,7.910416081876,
    74.067260961677));
#244 = PCURVE('',#155,#245);
#245 = DEFINITIONAL_REPRESENTATION('',(#246),#253);
#246 = B_SPLINE_CURVE_WITH_KNOTS('',5,(#247,#248,#249,#250,#251,#252),
  .UNSPECIFIED.,.F.,.F.,(6,6),(62.00000134307,66.666666666667),
  .PIECEWISE_BEZIER_KNOTS.);
#247 = CARTESIAN_POINT('',(-3.885780712974E-16,-87.00000134307));
#248 = CARTESIAN_POINT('',(-3.054325692283E-02,-87.93333440778));
#249 = CARTESIAN_POINT('',(-6.108652319376E-02,-88.8666674725));
#250 = CARTESIAN_POINT('',(-9.162978827879E-02,-89.80000053722));
#251 = CARTESIAN_POINT('',(-0.12217305643,-90.73333360194));
#252 = CARTESIAN_POINT('',(-0.15271630955,-91.66666666666));
#253 = ( GEOMETRIC_REPRESENTATION_CONTEXT(2) 
PARAMETRIC_REPRESENTATION_CONTEXT() REPRESENTATION_CONTEXT('2D SPACE',''
  ) );
#254 = PCURVE('',#255,#274);
#255 = B_SPLINE_SURFACE_WITH_KNOTS('',1,8,(
    (#256,#257,#258,#259,#260,#261,#262,#263,#264)
    ,(#265,#266,#267,#268,#269,#270,#271,#272,#273
  )),.UNSPECIFIED.,.F.,.F.,.F.,(2,2),(9,9),(0.,44.),(0.,66.666666666667)
  ,.PIECEWISE_BEZIER_KNOTS.);
#256 = CARTESIAN_POINT('',(-17.26992164448,-86.09978318713,
    -38.78887909596));
#257 = CARTESIAN_POINT('',(-15.33259419715,-97.67887402012,
    -13.94929260971));
#258 = CARTESIAN_POINT('',(-11.92737680418,-101.9399720131,
    14.187228674504));
#259 = CARTESIAN_POINT('',(-8.136992811958,-97.57133528193,
    43.188848304692));
#260 = CARTESIAN_POINT('',(-5.27482054556,-84.41993022193,
    70.105670264753));
#261 = CARTESIAN_POINT('',(-4.636207762686,-63.81271181495,
    92.028295855793));
#262 = CARTESIAN_POINT('',(-7.125414317764,-38.38799119556,
    106.92572419171));
#263 = CARTESIAN_POINT('',(-13.07801717489,-11.27139876223,
    114.04423707059));
#264 = CARTESIAN_POINT('',(-22.31075758986,14.603845074232,
    113.79544037112));
#265 = CARTESIAN_POINT('',(-9.354540890764,-46.6373825597,
    -21.01064284364));
#266 = CARTESIAN_POINT('',(-11.79439131306,-52.90939009423,
    -6.002358818512));
#267 = CARTESIAN_POINT('',(-13.43913468147,-55.21748484045,
    10.791764888853));
#268 = CARTESIAN_POINT('',(-14.87524614196,-52.85113994438,
    28.054483533618));
#269 = CARTESIAN_POINT('',(-16.81413895394,-45.72746220354,
    44.187936773734));
#270 = CARTESIAN_POINT('',(-19.95745981949,-34.56521889976,
    57.61620031396));
#271 = CARTESIAN_POINT('',(-24.79501615976,-20.79349523093,
    67.239148674333));
#272 = CARTESIAN_POINT('',(-31.50857883032,-6.105340996213,
    72.648517828806));
#273 = CARTESIAN_POINT('',(-39.99888267803,7.910416081876,
    74.067260961677));
#274 = DEFINITIONAL_REPRESENTATION('',(#275),#279);
#275 = LINE('',#276,#277);
#276 = CARTESIAN_POINT('',(44.,0.));
#277 = VECTOR('',#278,1.);
#278 = DIRECTION('',(0.,1.));
#279 = ( GEOMETRIC_REPRESENTATION_CONTEXT(2) 
PARAMETRIC_REPRESENTATION_CONTEXT() REPRESENTATION_CONTEXT('2D SPACE',''
  ) );
#280 = ORIENTED_EDGE('',*,*,#281,.F.);
#281 = EDGE_CURVE('',#282,#231,#284,.T.);
#282 = VERTEX_POINT('',#283);
#283 = CARTESIAN_POINT('',(-136.4317733645,37.562926027107,
    21.381664637563));
#284 = SURFACE_CURVE('',#285,(#295,#324),.PCURVE_S1.);
#285 = B_SPLINE_CURVE_WITH_KNOTS('',8,(#286,#287,#288,#289,#290,#291,
    #292,#293,#294),.UNSPECIFIED.,.F.,.F.,(9,9),(57.125125013583,
    123.79179168024),.PIECEWISE_BEZIER_KNOTS.);
#286 = CARTESIAN_POINT('',(-136.4317733645,37.562926027107,
    21.381664637564));
#287 = CARTESIAN_POINT('',(-124.6524068078,47.369134487799,
    27.350277300786));
#288 = CARTESIAN_POINT('',(-111.6299146634,53.982725330681,
    36.110995748362));
#289 = CARTESIAN_POINT('',(-97.83672505307,56.292468190506,
    46.602729046312));
#290 = CARTESIAN_POINT('',(-83.94118635372,53.693349148539,
    57.324342161967));
#291 = CARTESIAN_POINT('',(-70.70038195566,46.352132024149,
    66.57539795947));
#292 = CARTESIAN_POINT('',(-58.75623814796,35.269638466099,
    72.914106387867));
#293 = CARTESIAN_POINT('',(-48.48918652574,21.926173159963,
    75.486004094549));
#294 = CARTESIAN_POINT('',(-39.99888267803,7.910416081876,
    74.067260961677));
#295 = PCURVE('',#155,#296);
#296 = DEFINITIONAL_REPRESENTATION('',(#297),#323);
#297 = B_SPLINE_CURVE_WITH_KNOTS('',3,(#298,#299,#300,#301,#302,#303,
    #304,#305,#306,#307,#308,#309,#310,#311,#312,#313,#314,#315,#316,
    #317,#318,#319,#320,#321,#322),.UNSPECIFIED.,.F.,.F.,(4,1,1,1,1,1,1,
    1,1,1,1,1,1,1,1,1,1,1,1,1,1,1,4),(57.125125013583,60.155428043886,
    63.185731074189,66.216034104492,69.246337134795,72.276640165098,
    75.306943195401,78.337246225704,81.367549256007,84.39785228631,
    87.428155316613,90.458458346916,93.488761377219,96.519064407522,
    99.549367437825,102.57967046812,105.60997349843,108.64027652873,
    111.67057955903,114.70088258934,117.73118561964,120.76148864994,
    123.79179168024),.QUASI_UNIFORM_KNOTS.);
#298 = CARTESIAN_POINT('',(-2.334377874542,-158.3333333333));
#299 = CARTESIAN_POINT('',(-2.301322387521,-157.3232323232));
#300 = CARTESIAN_POINT('',(-2.235211408783,-155.303030303));
#301 = CARTESIAN_POINT('',(-2.136044949292,-152.2727272727));
#302 = CARTESIAN_POINT('',(-2.036878547691,-149.2424242424));
#303 = CARTESIAN_POINT('',(-1.937712160256,-146.2121212121));
#304 = CARTESIAN_POINT('',(-1.838545750972,-143.1818181818));
#305 = CARTESIAN_POINT('',(-1.739379304452,-140.1515151515));
#306 = CARTESIAN_POINT('',(-1.640212832198,-137.1212121212));
#307 = CARTESIAN_POINT('',(-1.541046359538,-134.0909090909));
#308 = CARTESIAN_POINT('',(-1.441879909405,-131.0606060606));
#309 = CARTESIAN_POINT('',(-1.342713490084,-128.0303030303));
#310 = CARTESIAN_POINT('',(-1.243547092046,-125.));
#311 = CARTESIAN_POINT('',(-1.144380694008,-121.9696969697));
#312 = CARTESIAN_POINT('',(-1.045214274687,-118.9393939394));
#313 = CARTESIAN_POINT('',(-0.946047824554,-115.909090909));
#314 = CARTESIAN_POINT('',(-0.846881351894,-112.8787878787));
#315 = CARTESIAN_POINT('',(-0.74771487964,-109.8484848484));
#316 = CARTESIAN_POINT('',(-0.64854843312,-106.8181818181));
#317 = CARTESIAN_POINT('',(-0.549382023836,-103.7878787878));
#318 = CARTESIAN_POINT('',(-0.450215636401,-100.7575757575));
#319 = CARTESIAN_POINT('',(-0.3510492348,-97.72727272727));
#320 = CARTESIAN_POINT('',(-0.251882775309,-94.69696969697));
#321 = CARTESIAN_POINT('',(-0.18577179657,-92.67676767676));
#322 = CARTESIAN_POINT('',(-0.15271630955,-91.66666666666));
#323 = ( GEOMETRIC_REPRESENTATION_CONTEXT(2) 
PARAMETRIC_REPRESENTATION_CONTEXT() REPRESENTATION_CONTEXT('2D SPACE',''
  ) );
#324 = PCURVE('',#325,#344);
#325 = B_SPLINE_SURFACE_WITH_KNOTS('',1,8,(
    (#326,#327,#328,#329,#330,#331,#332,#333,#334)
    ,(#335,#336,#337,#338,#339,#340,#341,#342,#343
  )),.UNSPECIFIED.,.F.,.F.,.F.,(2,2),(9,9),(0.,44.),(0.,66.666666666667)
  ,.PIECEWISE_BEZIER_KNOTS.);
#326 = CARTESIAN_POINT('',(-22.31075758986,14.603845074232,
    113.79544037112));
#327 = CARTESIAN_POINT('',(-31.54349800482,40.479088910703,
    113.54664367166));
#328 = CARTESIAN_POINT('',(-44.05638815737,65.113178706668,
    105.93051003765));
#329 = CARTESIAN_POINT('',(-59.66544849843,85.573166813772,
    91.360264301978));
#330 = CARTESIAN_POINT('',(-77.66834377547,99.126183043452,
    71.413377269496));
#331 = CARTESIAN_POINT('',(-96.87997930125,103.92455665939,
    48.751615188167));
#332 = CARTESIAN_POINT('',(-115.9026626627,99.660415995104,
    26.514246616418));
#333 = CARTESIAN_POINT('',(-133.5025199329,87.450709823629,
    7.472597768433));
#334 = CARTESIAN_POINT('',(-148.8073761184,69.346940357737,
    -6.414394246896));
#335 = CARTESIAN_POINT('',(-39.99888267803,7.910416081876,
    74.067260961677));
#336 = CARTESIAN_POINT('',(-48.48918652574,21.926173159964,
    75.486004094547));
#337 = CARTESIAN_POINT('',(-58.75623814798,35.269638466112,
    72.914106387875));
#338 = CARTESIAN_POINT('',(-70.70038195566,46.352132024126,
    66.575397959465));
#339 = CARTESIAN_POINT('',(-83.94118635366,53.693349148537,
    57.32434216195));
#340 = CARTESIAN_POINT('',(-97.83672505307,56.292468190504,
    46.602729046313));
#341 = CARTESIAN_POINT('',(-111.6299146634,53.982725330681,
    36.110995748363));
#342 = CARTESIAN_POINT('',(-124.6524068078,47.369134487799,
    27.350277300786));
#343 = CARTESIAN_POINT('',(-136.4317733645,37.562926027107,
    21.381664637564));
#344 = DEFINITIONAL_REPRESENTATION('',(#345),#349);
#345 = LINE('',#346,#347);
#346 = CARTESIAN_POINT('',(44.,123.79179168024));
#347 = VECTOR('',#348,1.);
#348 = DIRECTION('',(-5.329070518201E-16,-1.));
#349 = ( GEOMETRIC_REPRESENTATION_CONTEXT(2) 
PARAMETRIC_REPRESENTATION_CONTEXT() REPRESENTATION_CONTEXT('2D SPACE',''
  ) );
#350 = ORIENTED_EDGE('',*,*,#351,.F.);
#351 = EDGE_CURVE('',#352,#282,#354,.T.);
#352 = VERTEX_POINT('',#353);
#353 = CARTESIAN_POINT('',(-186.8353114275,-51.00083458096,
    72.079686984751));
#354 = SURFACE_CURVE('',#355,(#365,#394),.PCURVE_S1.);
#355 = B_SPLINE_CURVE_WITH_KNOTS('',8,(#356,#357,#358,#359,#360,#361,
    #362,#363,#364),.UNSPECIFIED.,.F.,.F.,(9,9),(57.125125040385,
    123.79179170704),.PIECEWISE_BEZIER_KNOTS.);
#356 = CARTESIAN_POINT('',(-186.8353114275,-51.00083458096,
    72.079686984751));
#357 = CARTESIAN_POINT('',(-184.8794560313,-48.23429770887,
    55.984332332551));
#358 = CARTESIAN_POINT('',(-182.5729145469,-41.13294320844,
    40.676631530543));
#359 = CARTESIAN_POINT('',(-179.2744745445,-30.01084769646,
    27.596771276133));
#360 = CARTESIAN_POINT('',(-174.3992091188,-15.86701751726,
    18.058518908366));
#361 = CARTESIAN_POINT('',(-167.5684353047,-0.321841462908,
    12.91241029237));
#362 = CARTESIAN_POINT('',(-158.7474122182,14.757817754881,
    12.236474731906));
#363 = CARTESIAN_POINT('',(-148.2111399212,27.756717566412,
    15.41305197434));
#364 = CARTESIAN_POINT('',(-136.4317733645,37.562926027107,
    21.381664637563));
#365 = PCURVE('',#155,#366);
#366 = DEFINITIONAL_REPRESENTATION('',(#367),#393);
#367 = B_SPLINE_CURVE_WITH_KNOTS('',3,(#368,#369,#370,#371,#372,#373,
    #374,#375,#376,#377,#378,#379,#380,#381,#382,#383,#384,#385,#386,
    #387,#388,#389,#390,#391,#392),.UNSPECIFIED.,.F.,.F.,(4,1,1,1,1,1,1,
    1,1,1,1,1,1,1,1,1,1,1,1,1,1,1,4),(57.125125040385,60.155428070688,
    63.185731100991,66.216034131294,69.246337161596,72.276640191899,
    75.306943222202,78.337246252505,81.367549282808,84.397852313111,
    87.428155343414,90.458458373717,93.488761404019,96.519064434322,
    99.549367464625,102.57967049492,105.60997352523,108.64027655553,
    111.67057958583,114.70088261614,117.73118564644,120.76148867674,
    123.79179170704),.QUASI_UNIFORM_KNOTS.);
#368 = CARTESIAN_POINT('',(-4.516039439535,-225.));
#369 = CARTESIAN_POINT('',(-4.482983952514,-223.9898989898));
#370 = CARTESIAN_POINT('',(-4.416872973776,-221.9696969696));
#371 = CARTESIAN_POINT('',(-4.317706514285,-218.9393939393));
#372 = CARTESIAN_POINT('',(-4.218540112684,-215.909090909));
#373 = CARTESIAN_POINT('',(-4.119373725249,-212.8787878787));
#374 = CARTESIAN_POINT('',(-4.020207315965,-209.8484848484));
#375 = CARTESIAN_POINT('',(-3.921040869445,-206.8181818181));
#376 = CARTESIAN_POINT('',(-3.821874397191,-203.7878787878));
#377 = CARTESIAN_POINT('',(-3.722707924531,-200.7575757575));
#378 = CARTESIAN_POINT('',(-3.623541474398,-197.7272727272));
#379 = CARTESIAN_POINT('',(-3.524375055077,-194.6969696969));
#380 = CARTESIAN_POINT('',(-3.425208657039,-191.6666666666));
#381 = CARTESIAN_POINT('',(-3.326042259001,-188.6363636363));
#382 = CARTESIAN_POINT('',(-3.22687583968,-185.606060606));
#383 = CARTESIAN_POINT('',(-3.127709389547,-182.5757575757));
#384 = CARTESIAN_POINT('',(-3.028542916886,-179.5454545454));
#385 = CARTESIAN_POINT('',(-2.929376444632,-176.5151515151));
#386 = CARTESIAN_POINT('',(-2.830209998113,-173.4848484848));
#387 = CARTESIAN_POINT('',(-2.731043588829,-170.4545454545));
#388 = CARTESIAN_POINT('',(-2.631877201393,-167.4242424242));
#389 = CARTESIAN_POINT('',(-2.532710799793,-164.3939393939));
#390 = CARTESIAN_POINT('',(-2.433544340301,-161.3636363636));
#391 = CARTESIAN_POINT('',(-2.367433361563,-159.3434343434));
#392 = CARTESIAN_POINT('',(-2.334377874542,-158.3333333333));
#393 = ( GEOMETRIC_REPRESENTATION_CONTEXT(2) 
PARAMETRIC_REPRESENTATION_CONTEXT() REPRESENTATION_CONTEXT('2D SPACE',''
  ) );
#394 = PCURVE('',#395,#414);
#395 = B_SPLINE_SURFACE_WITH_KNOTS('',1,8,(
    (#396,#397,#398,#399,#400,#401,#402,#403,#404)
    ,(#405,#406,#407,#408,#409,#410,#411,#412,#413
  )),.UNSPECIFIED.,.F.,.F.,.F.,(2,2),(9,9),(0.,44.),(0.,66.666666666667)
  ,.PIECEWISE_BEZIER_KNOTS.);
#396 = CARTESIAN_POINT('',(-148.8073761184,69.346940357737,
    -6.414394246896));
#397 = CARTESIAN_POINT('',(-164.1122323038,51.243170891845,
    -20.30138626222));
#398 = CARTESIAN_POINT('',(-177.1221452405,27.245202009019,
    -29.03385134689));
#399 = CARTESIAN_POINT('',(-186.9654442503,-0.594168854697,
    -30.65398510302));
#400 = CARTESIAN_POINT('',(-193.1344369108,-29.29295541635,
    -24.02149167988));
#401 = CARTESIAN_POINT('',(-195.6932602389,-55.40464190116,
    -9.280425176442));
#402 = CARTESIAN_POINT('',(-195.3410212473,-75.9377413079,
    11.998994348473));
#403 = CARTESIAN_POINT('',(-193.1575849915,-89.04793423177,
    37.391350268953));
#404 = CARTESIAN_POINT('',(-190.3267282651,-94.15538691871,
    64.237836374405));
#405 = CARTESIAN_POINT('',(-136.4317733645,37.562926027107,
    21.381664637563));
#406 = CARTESIAN_POINT('',(-148.2111399212,27.756717566416,
    15.413051974341));
#407 = CARTESIAN_POINT('',(-158.7474122182,14.757817754885,
    12.236474731893));
#408 = CARTESIAN_POINT('',(-167.5684353048,-0.32184146296,
    12.912410292404));
#409 = CARTESIAN_POINT('',(-174.3992091188,-15.86701751719,
    18.058518908355));
#410 = CARTESIAN_POINT('',(-179.2744745445,-30.01084769646,
    27.596771276132));
#411 = CARTESIAN_POINT('',(-182.5729145469,-41.13294320844,
    40.676631530542));
#412 = CARTESIAN_POINT('',(-184.8794560313,-48.23429770887,
    55.98433233255));
#413 = CARTESIAN_POINT('',(-186.8353114275,-51.00083458096,
    72.079686984751));
#414 = DEFINITIONAL_REPRESENTATION('',(#415),#419);
#415 = LINE('',#416,#417);
#416 = CARTESIAN_POINT('',(44.,123.79179170705));
#417 = VECTOR('',#418,1.);
#418 = DIRECTION('',(1.06581410364E-16,-1.));
#419 = ( GEOMETRIC_REPRESENTATION_CONTEXT(2) 
PARAMETRIC_REPRESENTATION_CONTEXT() REPRESENTATION_CONTEXT('2D SPACE',''
  ) );
#420 = ORIENTED_EDGE('',*,*,#421,.T.);
#421 = EDGE_CURVE('',#352,#422,#424,.T.);
#422 = VERTEX_POINT('',#423);
#423 = CARTESIAN_POINT('',(-210.8902481044,0.,150.81547439027));
#424 = SURFACE_CURVE('',#425,(#435,#464),.PCURVE_S1.);
#425 = B_SPLINE_CURVE_WITH_KNOTS('',8,(#426,#427,#428,#429,#430,#431,
    #432,#433,#434),.UNSPECIFIED.,.F.,.F.,(9,9),(0.,54.000001429743),
  .PIECEWISE_BEZIER_KNOTS.);
#426 = CARTESIAN_POINT('',(-186.8353114275,-51.00083458096,
    72.079686984751));
#427 = CARTESIAN_POINT('',(-188.4195543403,-53.24172950669,
    85.116924598217));
#428 = CARTESIAN_POINT('',(-189.7736841912,-52.63856408381,
    98.671004611152));
#429 = CARTESIAN_POINT('',(-191.2385085387,-49.0249313399,
    111.97646071388));
#430 = CARTESIAN_POINT('',(-193.178342418,-42.52961701667,
    124.21502794011));
#431 = CARTESIAN_POINT('',(-195.9292523432,-33.6053238027,
    134.63188854101));
#432 = CARTESIAN_POINT('',(-199.7368117813,-22.97289389982,
    142.67547547875));
#433 = CARTESIAN_POINT('',(-204.723809017,-11.48644103461,148.0700017504
    ));
#434 = CARTESIAN_POINT('',(-210.8902417067,3.857699512833E-06,
    150.81547262006));
#435 = PCURVE('',#155,#436);
#436 = DEFINITIONAL_REPRESENTATION('',(#437),#463);
#437 = B_SPLINE_CURVE_WITH_KNOTS('',3,(#438,#439,#440,#441,#442,#443,
    #444,#445,#446,#447,#448,#449,#450,#451,#452,#453,#454,#455,#456,
    #457,#458,#459,#460,#461,#462),.UNSPECIFIED.,.F.,.F.,(4,1,1,1,1,1,1,
    1,1,1,1,1,1,1,1,1,1,1,1,1,1,1,4),(0.,2.454545519534,4.909091039068,
    7.363636558601,9.818182078135,12.272727597669,14.727273117203,
    17.181818636736,19.63636415627,22.090909675804,24.545455195338,
    27.000000714871,29.454546234405,31.909091753939,34.363637273473,
    36.818182793007,39.27272831254,41.727273832074,44.181819351608,
    46.636364871142,49.090910390675,51.545455910209,54.000001429743),
  .QUASI_UNIFORM_KNOTS.);
#438 = CARTESIAN_POINT('',(-4.516039439535,-225.));
#439 = CARTESIAN_POINT('',(-4.542814381917,-225.8181818398));
#440 = CARTESIAN_POINT('',(-4.596364275839,-227.4545455195));
#441 = CARTESIAN_POINT('',(-4.676689119377,-229.909091039));
#442 = CARTESIAN_POINT('',(-4.757013925666,-232.3636365586));
#443 = CARTESIAN_POINT('',(-4.837338707592,-234.8181820781));
#444 = CARTESIAN_POINT('',(-4.917663485506,-237.2727275976));
#445 = CARTESIAN_POINT('',(-4.997988278566,-239.7272731172));
#446 = CARTESIAN_POINT('',(-5.078313095203,-242.1818186367));
#447 = CARTESIAN_POINT('',(-5.158637932371,-244.6363641562));
#448 = CARTESIAN_POINT('',(-5.238962778814,-247.0909096758));
#449 = CARTESIAN_POINT('',(-5.319287620679,-249.5454551953));
#450 = CARTESIAN_POINT('',(-5.399612447001,-252.0000007148));
#451 = CARTESIAN_POINT('',(-5.47993725345,-254.4545462344));
#452 = CARTESIAN_POINT('',(-5.560262043414,-256.9090917539));
#453 = CARTESIAN_POINT('',(-5.640586826411,-259.3636372734));
#454 = CARTESIAN_POINT('',(-5.720911614499,-261.818182793));
#455 = CARTESIAN_POINT('',(-5.801236417882,-264.2727283125));
#456 = CARTESIAN_POINT('',(-5.881561241102,-266.727273832));
#457 = CARTESIAN_POINT('',(-5.96188608108,-269.1818193516));
#458 = CARTESIAN_POINT('',(-6.04221092767,-271.6363648711));
#459 = CARTESIAN_POINT('',(-6.122535767359,-274.0909103906));
#460 = CARTESIAN_POINT('',(-6.202860587261,-276.5454559102));
#461 = CARTESIAN_POINT('',(-6.256410452916,-278.1818195898));
#462 = CARTESIAN_POINT('',(-6.283185381366,-279.0000014297));
#463 = ( GEOMETRIC_REPRESENTATION_CONTEXT(2) 
PARAMETRIC_REPRESENTATION_CONTEXT() REPRESENTATION_CONTEXT('2D SPACE',''
  ) );
#464 = PCURVE('',#465,#484);
#465 = B_SPLINE_SURFACE_WITH_KNOTS('',1,8,(
    (#466,#467,#468,#469,#470,#471,#472,#473,#474)
    ,(#475,#476,#477,#478,#479,#480,#481,#482,#483
  )),.UNSPECIFIED.,.F.,.F.,.F.,(2,2),(9,9),(0.,44.),(0.,66.666666666667)
  ,.PIECEWISE_BEZIER_KNOTS.);
#466 = CARTESIAN_POINT('',(-190.3267282651,-94.15538691871,
    64.237836374405));
#467 = CARTESIAN_POINT('',(-187.4958715388,-99.26283960564,
    91.084322479857));
#468 = CARTESIAN_POINT('',(-184.0175158153,-96.36759045866,
    119.38511514392));
#469 = CARTESIAN_POINT('',(-181.0755801663,-84.89156430523,
    146.4810885945));
#470 = CARTESIAN_POINT('',(-179.9548006652,-65.52268508764,
    169.48667836588));
#471 = CARTESIAN_POINT('',(-181.7666970358,-40.36696254144,
    185.90537028348));
#472 = CARTESIAN_POINT('',(-187.1069790735,-12.54821790723,
    194.39917824022));
#473 = CARTESIAN_POINT('',(-195.9707504045,14.700883738538,
    194.97909967175));
#474 = CARTESIAN_POINT('',(-207.8722130729,38.663682226439,
    188.73625465167));
#475 = CARTESIAN_POINT('',(-186.8353114275,-51.00083458096,
    72.079686984751));
#476 = CARTESIAN_POINT('',(-188.7911668237,-53.76737145305,
    88.175041636952));
#477 = CARTESIAN_POINT('',(-190.3962935964,-52.19911149844,
    105.05814567507));
#478 = CARTESIAN_POINT('',(-192.2919812428,-45.98293066533,
    121.28863930588));
#479 = CARTESIAN_POINT('',(-195.1741284693,-35.49145442247,
    135.30350844379));
#480 = CARTESIAN_POINT('',(-199.6448084596,-21.86543804328,
    145.75047457757));
#481 = CARTESIAN_POINT('',(-206.026697353,-6.796951366418,
    151.90479523255));
#482 = CARTESIAN_POINT('',(-214.3171429469,7.962978691708,
    153.77242735305));
#483 = CARTESIAN_POINT('',(-224.2530046819,20.942827872654,
    151.94439431225));
#484 = DEFINITIONAL_REPRESENTATION('',(#485),#489);
#485 = LINE('',#486,#487);
#486 = CARTESIAN_POINT('',(44.,4.531661301857E-15));
#487 = VECTOR('',#488,1.);
#488 = DIRECTION('',(-5.263279384795E-16,1.));
#489 = ( GEOMETRIC_REPRESENTATION_CONTEXT(2) 
PARAMETRIC_REPRESENTATION_CONTEXT() REPRESENTATION_CONTEXT('2D SPACE',''
  ) );
#490 = ORIENTED_EDGE('',*,*,#491,.F.);
#491 = EDGE_CURVE('',#492,#422,#494,.T.);
#492 = VERTEX_POINT('',#493);
#493 = CARTESIAN_POINT('',(-95.78351442891,0.,99.566654685729));
#494 = SURFACE_CURVE('',#495,(#499,#506),.PCURVE_S1.);
#495 = LINE('',#496,#497);
#496 = CARTESIAN_POINT('',(43.988941881007,0.,37.33594772052));
#497 = VECTOR('',#498,1.);
#498 = DIRECTION('',(-0.913545457643,0.,0.406736643076));
#499 = PCURVE('',#155,#500);
#500 = DEFINITIONAL_REPRESENTATION('',(#501),#505);
#501 = LINE('',#502,#503);
#502 = CARTESIAN_POINT('',(-6.28318530718,0.));
#503 = VECTOR('',#504,1.);
#504 = DIRECTION('',(-0.,-1.));
#505 = ( GEOMETRIC_REPRESENTATION_CONTEXT(2) 
PARAMETRIC_REPRESENTATION_CONTEXT() REPRESENTATION_CONTEXT('2D SPACE',''
  ) );
#506 = PCURVE('',#190,#507);
#507 = DEFINITIONAL_REPRESENTATION('',(#508),#512);
#508 = LINE('',#509,#510);
#509 = CARTESIAN_POINT('',(-0.,0.));
#510 = VECTOR('',#511,1.);
#511 = DIRECTION('',(-0.,-1.));
#512 = ( GEOMETRIC_REPRESENTATION_CONTEXT(2) 
PARAMETRIC_REPRESENTATION_CONTEXT() REPRESENTATION_CONTEXT('2D SPACE',''
  ) );
#513 = ORIENTED_EDGE('',*,*,#514,.F.);
#514 = EDGE_CURVE('',#515,#492,#517,.T.);
#515 = VERTEX_POINT('',#516);
#516 = CARTESIAN_POINT('',(-69.84153582982,-47.1280049259,7.039564551892
    ));
#517 = SURFACE_CURVE('',#518,(#528,#557),.PCURVE_S1.);
#518 = B_SPLINE_CURVE_WITH_KNOTS('',8,(#519,#520,#521,#522,#523,#524,
    #525,#526,#527),.UNSPECIFIED.,.F.,.F.,(9,9),(0.,61.333334746067),
  .PIECEWISE_BEZIER_KNOTS.);
#519 = CARTESIAN_POINT('',(-69.84153582982,-47.1280049259,7.039564551892
    ));
#520 = CARTESIAN_POINT('',(-72.03613192666,-52.64162496236,
    20.959637021405));
#521 = CARTESIAN_POINT('',(-73.58767865261,-54.76489298269,
    36.324022025414));
#522 = CARTESIAN_POINT('',(-74.95765771438,-52.96915548659,
    52.096214680083));
#523 = CARTESIAN_POINT('',(-76.69304476317,-47.18008483816,
    67.047687558327));
#524 = CARTESIAN_POINT('',(-79.3365314482,-37.88758816012,
    79.959535259484));
#525 = CARTESIAN_POINT('',(-83.29733595268,-26.09265554431,
    89.912638695052));
#526 = CARTESIAN_POINT('',(-88.77966602386,-13.04633670947,
    96.448339755405));
#527 = CARTESIAN_POINT('',(-95.78351510394,-9.042766535572E-14,
    99.566653169583));
#528 = PCURVE('',#155,#529);
#529 = DEFINITIONAL_REPRESENTATION('',(#530),#556);
#530 = B_SPLINE_CURVE_WITH_KNOTS('',3,(#531,#532,#533,#534,#535,#536,
    #537,#538,#539,#540,#541,#542,#543,#544,#545,#546,#547,#548,#549,
    #550,#551,#552,#553,#554,#555),.UNSPECIFIED.,.F.,.F.,(4,1,1,1,1,1,1,
    1,1,1,1,1,1,1,1,1,1,1,1,1,1,1,4),(0.,2.787878852094,5.575757704188,
    8.363636556282,11.151515408376,13.93939426047,16.727273112564,
    19.515151964658,22.303030816751,25.090909668845,27.878788520939,
    30.666667373033,33.454546225127,36.242425077221,39.030303929315,
    41.818182781409,44.606061633503,47.393940485597,50.181819337691,
    52.969698189785,55.757577041879,58.545455893973,61.333334746067),
  .QUASI_UNIFORM_KNOTS.);
#531 = CARTESIAN_POINT('',(-4.276056667386,-91.66666666666));
#532 = CARTESIAN_POINT('',(-4.306467714721,-92.59595961736));
#533 = CARTESIAN_POINT('',(-4.367289816642,-94.45454551876));
#534 = CARTESIAN_POINT('',(-4.458522966332,-97.24242437085));
#535 = CARTESIAN_POINT('',(-4.549756066341,-100.0303032229));
#536 = CARTESIAN_POINT('',(-4.640989145603,-102.818182075));
#537 = CARTESIAN_POINT('',(-4.73222223438,-105.6060609271));
#538 = CARTESIAN_POINT('',(-4.823455352245,-108.3939397792));
#539 = CARTESIAN_POINT('',(-4.91468849857,-111.1818186313));
#540 = CARTESIAN_POINT('',(-5.005921657818,-113.9696974834));
#541 = CARTESIAN_POINT('',(-5.097154809591,-116.7575763355));
#542 = CARTESIAN_POINT('',(-5.188387938999,-119.5454551875));
#543 = CARTESIAN_POINT('',(-5.279621042989,-122.3333340396));
#544 = CARTESIAN_POINT('',(-5.370854130887,-125.1212128917));
#545 = CARTESIAN_POINT('',(-5.462087219574,-127.9090917438));
#546 = CARTESIAN_POINT('',(-5.553320325562,-130.6969705959));
#547 = CARTESIAN_POINT('',(-5.644553457227,-133.484849448));
#548 = CARTESIAN_POINT('',(-5.735786610379,-136.2727283001));
#549 = CARTESIAN_POINT('',(-5.827019769322,-139.0606071522));
#550 = CARTESIAN_POINT('',(-5.918252913633,-141.8484860043));
#551 = CARTESIAN_POINT('',(-6.009486028725,-144.6363648564));
#552 = CARTESIAN_POINT('',(-6.100719115599,-147.4242437085));
#553 = CARTESIAN_POINT('',(-6.191952195497,-150.2121225606));
#554 = CARTESIAN_POINT('',(-6.252774264288,-152.070708462));
#555 = CARTESIAN_POINT('',(-6.28318530718,-153.0000014127));
#556 = ( GEOMETRIC_REPRESENTATION_CONTEXT(2) 
PARAMETRIC_REPRESENTATION_CONTEXT() REPRESENTATION_CONTEXT('2D SPACE',''
  ) );
#557 = PCURVE('',#558,#577);
#558 = B_SPLINE_SURFACE_WITH_KNOTS('',1,8,(
    (#559,#560,#561,#562,#563,#564,#565,#566,#567)
    ,(#568,#569,#570,#571,#572,#573,#574,#575,#576
  )),.UNSPECIFIED.,.F.,.F.,.F.,(2,2),(9,9),(0.,44.),(0.,66.666666666667)
  ,.PIECEWISE_BEZIER_KNOTS.);
#559 = CARTESIAN_POINT('',(-69.84153582982,-47.1280049259,7.039564551892
    ));
#560 = CARTESIAN_POINT('',(-72.22696631492,-53.12107004488,
    22.170077757199));
#561 = CARTESIAN_POINT('',(-73.85265041383,-55.1085209626,
    39.007009284764));
#562 = CARTESIAN_POINT('',(-75.31122815032,-52.41145487875,
    56.219267847437));
#563 = CARTESIAN_POINT('',(-77.31467899092,-44.98515420681,
    72.207721381219));
#564 = CARTESIAN_POINT('',(-80.55810510515,-33.58584725224,
    85.411144851645));
#565 = CARTESIAN_POINT('',(-85.51851720448,-19.66854942676,
    94.758154659296));
#566 = CARTESIAN_POINT('',(-92.36262060417,-4.935656715069,
    99.874324535648));
#567 = CARTESIAN_POINT('',(-100.9770762431,9.02970523868,101.01421817971
    ));
#568 = CARTESIAN_POINT('',(-77.40488648546,-87.00554755551,
    -9.947999154629));
#569 = CARTESIAN_POINT('',(-75.36709146177,-98.06966777516,
    15.11724120271));
#570 = CARTESIAN_POINT('',(-71.92668772509,-101.7388079309,
    43.332792308835));
#571 = CARTESIAN_POINT('',(-68.17777993473,-96.75960900692,
    72.241254864391));
#572 = CARTESIAN_POINT('',(-65.43479172117,-83.04951545873,
    98.890385058912));
#573 = CARTESIAN_POINT('',(-64.98098862817,-62.00464108106,
    120.39792129032));
#574 = CARTESIAN_POINT('',(-67.69700581535,-36.31116817249,
    134.78592460583));
#575 = CARTESIAN_POINT('',(-73.89060694165,-9.11198162782,
    141.36314650971));
#576 = CARTESIAN_POINT('',(-83.35255066363,16.670225056025,
    140.59955075399));
#577 = DEFINITIONAL_REPRESENTATION('',(#578),#582);
#578 = LINE('',#579,#580);
#579 = CARTESIAN_POINT('',(3.106560313185E-14,1.017945455406E-14));
#580 = VECTOR('',#581,1.);
#581 = DIRECTION('',(-4.49322167709E-17,1.));
#582 = ( GEOMETRIC_REPRESENTATION_CONTEXT(2) 
PARAMETRIC_REPRESENTATION_CONTEXT() REPRESENTATION_CONTEXT('2D SPACE',''
  ) );
#583 = ORIENTED_EDGE('',*,*,#584,.F.);
#584 = EDGE_CURVE('',#585,#515,#587,.T.);
#585 = VERTEX_POINT('',#586);
#586 = CARTESIAN_POINT('',(-10.57515271997,45.033320996791,
    -23.7521818987));
#587 = SURFACE_CURVE('',#588,(#598,#627),.PCURVE_S1.);
#588 = B_SPLINE_CURVE_WITH_KNOTS('',8,(#589,#590,#591,#592,#593,#594,
    #595,#596,#597),.UNSPECIFIED.,.F.,.F.,(9,9),(0.,66.666666666672),
  .PIECEWISE_BEZIER_KNOTS.);
#589 = CARTESIAN_POINT('',(-10.57515271997,45.033320996791,
    -23.7521818987));
#590 = CARTESIAN_POINT('',(-23.18313707536,37.942920910563,
    -31.58190060928));
#591 = CARTESIAN_POINT('',(-34.89230691003,27.024894738616,
    -37.39284885337));
#592 = CARTESIAN_POINT('',(-45.1365416113,13.083394175661,-39.9134989165
    ));
#593 = CARTESIAN_POINT('',(-53.49256756648,-2.473330314982,
    -38.19316269907));
#594 = CARTESIAN_POINT('',(-59.81365005625,-17.81161481021,
    -31.90226862551));
#595 = CARTESIAN_POINT('',(-64.31096777866,-31.13621542474,
    -21.51513181753));
#596 = CARTESIAN_POINT('',(-67.45610534471,-41.13493980693,
    -8.090948653415));
#597 = CARTESIAN_POINT('',(-69.84153582982,-47.1280049259,7.039564551892
    ));
#598 = PCURVE('',#155,#599);
#599 = DEFINITIONAL_REPRESENTATION('',(#600),#626);
#600 = B_SPLINE_CURVE_WITH_KNOTS('',3,(#601,#602,#603,#604,#605,#606,
    #607,#608,#609,#610,#611,#612,#613,#614,#615,#616,#617,#618,#619,
    #620,#621,#622,#623,#624,#625),.UNSPECIFIED.,.F.,.F.,(4,1,1,1,1,1,1,
    1,1,1,1,1,1,1,1,1,1,1,1,1,1,1,4),(0.,3.030303030303,6.060606060607,
    9.09090909091,12.121212121213,15.151515151516,18.18181818182,
    21.212121212123,24.242424242426,27.272727272729,30.303030303033,
    33.333333333336,36.363636363639,39.393939393942,42.424242424246,
    45.454545454549,48.484848484852,51.515151515155,54.545454545459,
    57.575757575762,60.606060606065,63.636363636368,66.666666666672),
  .QUASI_UNIFORM_KNOTS.);
#601 = CARTESIAN_POINT('',(-2.094395102393,-25.));
#602 = CARTESIAN_POINT('',(-2.127450589414,-26.0101010101));
#603 = CARTESIAN_POINT('',(-2.193561568152,-28.0303030303));
#604 = CARTESIAN_POINT('',(-2.292728027644,-31.0606060606));
#605 = CARTESIAN_POINT('',(-2.391894429244,-34.09090909091));
#606 = CARTESIAN_POINT('',(-2.491060816679,-37.12121212121));
#607 = CARTESIAN_POINT('',(-2.590227225963,-40.15151515151));
#608 = CARTESIAN_POINT('',(-2.689393672483,-43.18181818181));
#609 = CARTESIAN_POINT('',(-2.788560144737,-46.21212121212));
#610 = CARTESIAN_POINT('',(-2.887726617398,-49.24242424242));
#611 = CARTESIAN_POINT('',(-2.986893067531,-52.27272727272));
#612 = CARTESIAN_POINT('',(-3.086059486852,-55.30303030303));
#613 = CARTESIAN_POINT('',(-3.18522588489,-58.33333333333));
#614 = CARTESIAN_POINT('',(-3.284392282927,-61.36363636363));
#615 = CARTESIAN_POINT('',(-3.383558702248,-64.39393939394));
#616 = CARTESIAN_POINT('',(-3.482725152381,-67.42424242424));
#617 = CARTESIAN_POINT('',(-3.581891625042,-70.45454545454));
#618 = CARTESIAN_POINT('',(-3.681058097296,-73.48484848485));
#619 = CARTESIAN_POINT('',(-3.780224543816,-76.51515151515));
#620 = CARTESIAN_POINT('',(-3.8793909531,-79.54545454545));
#621 = CARTESIAN_POINT('',(-3.978557340535,-82.57575757575));
#622 = CARTESIAN_POINT('',(-4.077723742135,-85.60606060606));
#623 = CARTESIAN_POINT('',(-4.176890201627,-88.63636363636));
#624 = CARTESIAN_POINT('',(-4.243001180365,-90.65656565656));
#625 = CARTESIAN_POINT('',(-4.276056667386,-91.66666666666));
#626 = ( GEOMETRIC_REPRESENTATION_CONTEXT(2) 
PARAMETRIC_REPRESENTATION_CONTEXT() REPRESENTATION_CONTEXT('2D SPACE',''
  ) );
#627 = PCURVE('',#628,#647);
#628 = B_SPLINE_SURFACE_WITH_KNOTS('',1,8,(
    (#629,#630,#631,#632,#633,#634,#635,#636,#637)
    ,(#638,#639,#640,#641,#642,#643,#644,#645,#646
  )),.UNSPECIFIED.,.F.,.F.,.F.,(2,2),(9,9),(0.,44.),(0.,66.666666666667)
  ,.PIECEWISE_BEZIER_KNOTS.);
#629 = CARTESIAN_POINT('',(-10.57515271997,45.033320996791,
    -23.7521818987));
#630 = CARTESIAN_POINT('',(-23.18313707536,37.942920910564,
    -31.58190060928));
#631 = CARTESIAN_POINT('',(-34.89230691003,27.024894738618,
    -37.39284885337));
#632 = CARTESIAN_POINT('',(-45.1365416113,13.083394175664,-39.9134989165
    ));
#633 = CARTESIAN_POINT('',(-53.49256756648,-2.473330314984,
    -38.19316269906));
#634 = CARTESIAN_POINT('',(-59.81365005625,-17.81161481018,
    -31.90226862553));
#635 = CARTESIAN_POINT('',(-64.31096777866,-31.13621542476,
    -21.51513181753));
#636 = CARTESIAN_POINT('',(-67.45610534471,-41.13493980693,
    -8.090948653415));
#637 = CARTESIAN_POINT('',(-69.84153582982,-47.1280049259,7.039564551892
    ));
#638 = CARTESIAN_POINT('',(-19.52335886763,83.138438763306,
    -43.85018196684));
#639 = CARTESIAN_POINT('',(-36.35797098909,70.048469373349,
    -61.1730620696));
#640 = CARTESIAN_POINT('',(-51.53323322612,49.892113363603,
    -74.76898131114));
#641 = CARTESIAN_POINT('',(-64.00399983228,24.153958478149,
    -82.29050391091));
#642 = CARTESIAN_POINT('',(-72.98884259948,-4.566148273816,
    -81.98251337732));
#643 = CARTESIAN_POINT('',(-78.21686666132,-32.88298118802,
    -73.23656987865));
#644 = CARTESIAN_POINT('',(-80.07794038342,-57.48224386109,
    -56.92833210095));
#645 = CARTESIAN_POINT('',(-79.44268150916,-75.94142733587,
    -35.01323951196));
#646 = CARTESIAN_POINT('',(-77.40488648546,-87.00554755551,
    -9.947999154629));
#647 = DEFINITIONAL_REPRESENTATION('',(#648),#652);
#648 = LINE('',#649,#650);
#649 = CARTESIAN_POINT('',(3.905144394637E-15,-4.811199187755E-15));
#650 = VECTOR('',#651,1.);
#651 = DIRECTION('',(2.116543027025E-16,1.));
#652 = ( GEOMETRIC_REPRESENTATION_CONTEXT(2) 
PARAMETRIC_REPRESENTATION_CONTEXT() REPRESENTATION_CONTEXT('2D SPACE',''
  ) );
#653 = ORIENTED_EDGE('',*,*,#654,.F.);
#654 = EDGE_CURVE('',#655,#585,#657,.T.);
#655 = VERTEX_POINT('',#656);
#656 = CARTESIAN_POINT('',(-11.7504801217,43.236419839732,
    -26.39201046437));
#657 = SURFACE_CURVE('',#658,(#663,#670),.PCURVE_S1.);
#658 = CIRCLE('',#659,52.);
#659 = AXIS2_PLACEMENT_3D('',#660,#661,#662);
#660 = CARTESIAN_POINT('',(0.,0.,0.));
#661 = DIRECTION('',(0.913545457643,0.,-0.406736643076));
#662 = DIRECTION('',(0.406736643076,0.,0.913545457643));
#663 = PCURVE('',#155,#664);
#664 = DEFINITIONAL_REPRESENTATION('',(#665),#669);
#665 = LINE('',#666,#667);
#666 = CARTESIAN_POINT('',(-6.28318530718,-25.));
#667 = VECTOR('',#668,1.);
#668 = DIRECTION('',(1.,-0.));
#669 = ( GEOMETRIC_REPRESENTATION_CONTEXT(2) 
PARAMETRIC_REPRESENTATION_CONTEXT() REPRESENTATION_CONTEXT('2D SPACE',''
  ) );
#670 = PCURVE('',#671,#676);
#671 = PLANE('',#672);
#672 = AXIS2_PLACEMENT_3D('',#673,#674,#675);
#673 = CARTESIAN_POINT('',(-16.02417630382,63.355421971135,
    -35.9908892499));
#674 = DIRECTION('',(-0.913545457643,0.,0.406736643076));
#675 = DIRECTION('',(-0.203368321538,0.866025403784,-0.456772728821));
#676 = DEFINITIONAL_REPRESENTATION('',(#677),#685);
#677 = ( BOUNDED_CURVE() B_SPLINE_CURVE(2,(#678,#679,#680,#681,#682,#683
,#684),.UNSPECIFIED.,.T.,.F.) B_SPLINE_CURVE_WITH_KNOTS((1,2,2,2,2,1),(
    -2.094395102393,0.,2.094395102393,4.188790204786,6.28318530718,
8.377580409573),.UNSPECIFIED.) CURVE() GEOMETRIC_REPRESENTATION_ITEM() 
RATIONAL_B_SPLINE_CURVE((1.,0.5,1.,0.5,1.,0.5,1.)) REPRESENTATION_ITEM(
  '') );
#678 = CARTESIAN_POINT('',(-100.5658714288,-47.47435487985));
#679 = CARTESIAN_POINT('',(-178.5658714288,-2.441033883069));
#680 = CARTESIAN_POINT('',(-100.5658714288,42.592287113722));
#681 = CARTESIAN_POINT('',(-22.5658714288,87.625608110513));
#682 = CARTESIAN_POINT('',(-22.5658714288,-2.441033883069));
#683 = CARTESIAN_POINT('',(-22.5658714288,-92.50767587665));
#684 = CARTESIAN_POINT('',(-100.5658714288,-47.47435487985));
#685 = ( GEOMETRIC_REPRESENTATION_CONTEXT(2) 
PARAMETRIC_REPRESENTATION_CONTEXT() REPRESENTATION_CONTEXT('2D SPACE',''
  ) );
#686 = ORIENTED_EDGE('',*,*,#687,.F.);
#687 = EDGE_CURVE('',#688,#655,#690,.T.);
#688 = VERTEX_POINT('',#689);
#689 = CARTESIAN_POINT('',(-68.56870572226,-48.4644092027,9.898387780403
    ));
#690 = SURFACE_CURVE('',#691,(#701,#730),.PCURVE_S1.);
#691 = B_SPLINE_CURVE_WITH_KNOTS('',8,(#692,#693,#694,#695,#696,#697,
    #698,#699,#700),.UNSPECIFIED.,.F.,.F.,(9,9),(57.151721060948,
    123.81838772761),.PIECEWISE_BEZIER_KNOTS.);
#692 = CARTESIAN_POINT('',(-68.56870572226,-48.4644092027,9.898387780403
    ));
#693 = CARTESIAN_POINT('',(-66.33150948373,-43.3247478069,
    -5.565064993878));
#694 = CARTESIAN_POINT('',(-63.44279069922,-34.06584290295,
    -19.56517417085));
#695 = CARTESIAN_POINT('',(-59.29326133795,-21.2707525626,
    -30.73345642752));
#696 = CARTESIAN_POINT('',(-53.37743974473,-6.173028970236,
    -37.93458137759));
#697 = CARTESIAN_POINT('',(-45.43684256395,9.469885214856,
    -40.58798589949));
#698 = CARTESIAN_POINT('',(-35.56911149367,23.804657186017,
    -38.91297683697));
#699 = CARTESIAN_POINT('',(-24.15915181863,35.357989383517,
    -33.77406561453));
#700 = CARTESIAN_POINT('',(-11.7504801217,43.236419839732,
    -26.39201046437));
#701 = PCURVE('',#155,#702);
#702 = DEFINITIONAL_REPRESENTATION('',(#703),#729);
#703 = B_SPLINE_CURVE_WITH_KNOTS('',3,(#704,#705,#706,#707,#708,#709,
    #710,#711,#712,#713,#714,#715,#716,#717,#718,#719,#720,#721,#722,
    #723,#724,#725,#726,#727,#728),.UNSPECIFIED.,.F.,.F.,(4,1,1,1,1,1,1,
    1,1,1,1,1,1,1,1,1,1,1,1,1,1,1,4),(57.151721060948,60.182024091251,
    63.212327121554,66.242630151857,69.27293318216,72.303236212464,
    75.333539242767,78.36384227307,81.394145303373,84.424448333676,
    87.454751363979,90.485054394282,93.515357424585,96.545660454889,
    99.575963485192,102.60626651549,105.63656954579,108.6668725761,
    111.6971756064,114.7274786367,117.75778166701,120.78808469731,
    123.81838772761),.QUASI_UNIFORM_KNOTS.);
#704 = CARTESIAN_POINT('',(-4.341506514336,-91.66666666666));
#705 = CARTESIAN_POINT('',(-4.308451027315,-90.65656565656));
#706 = CARTESIAN_POINT('',(-4.242340048577,-88.63636363636));
#707 = CARTESIAN_POINT('',(-4.143173589085,-85.60606060606));
#708 = CARTESIAN_POINT('',(-4.044007187485,-82.57575757575));
#709 = CARTESIAN_POINT('',(-3.94484080005,-79.54545454545));
#710 = CARTESIAN_POINT('',(-3.845674390766,-76.51515151515));
#711 = CARTESIAN_POINT('',(-3.746507944246,-73.48484848485));
#712 = CARTESIAN_POINT('',(-3.647341471992,-70.45454545454));
#713 = CARTESIAN_POINT('',(-3.548174999331,-67.42424242424));
#714 = CARTESIAN_POINT('',(-3.449008549198,-64.39393939394));
#715 = CARTESIAN_POINT('',(-3.349842129877,-61.36363636363));
#716 = CARTESIAN_POINT('',(-3.250675731839,-58.33333333333));
#717 = CARTESIAN_POINT('',(-3.151509333802,-55.30303030303));
#718 = CARTESIAN_POINT('',(-3.052342914481,-52.27272727272));
#719 = CARTESIAN_POINT('',(-2.953176464348,-49.24242424242));
#720 = CARTESIAN_POINT('',(-2.854009991687,-46.21212121211));
#721 = CARTESIAN_POINT('',(-2.754843519433,-43.18181818181));
#722 = CARTESIAN_POINT('',(-2.655677072913,-40.15151515151));
#723 = CARTESIAN_POINT('',(-2.556510663629,-37.12121212121));
#724 = CARTESIAN_POINT('',(-2.457344276194,-34.0909090909));
#725 = CARTESIAN_POINT('',(-2.358177874594,-31.0606060606));
#726 = CARTESIAN_POINT('',(-2.259011415102,-28.0303030303));
#727 = CARTESIAN_POINT('',(-2.192900436364,-26.0101010101));
#728 = CARTESIAN_POINT('',(-2.159844949343,-25.));
#729 = ( GEOMETRIC_REPRESENTATION_CONTEXT(2) 
PARAMETRIC_REPRESENTATION_CONTEXT() REPRESENTATION_CONTEXT('2D SPACE',''
  ) );
#730 = PCURVE('',#731,#750);
#731 = B_SPLINE_SURFACE_WITH_KNOTS('',1,8,(
    (#732,#733,#734,#735,#736,#737,#738,#739,#740)
    ,(#741,#742,#743,#744,#745,#746,#747,#748,#749
  )),.UNSPECIFIED.,.F.,.F.,.F.,(2,2),(9,9),(0.,44.),(0.,66.666666666667)
  ,.PIECEWISE_BEZIER_KNOTS.);
#732 = CARTESIAN_POINT('',(-21.69319407083,79.821082781044,
    -48.72371162654));
#733 = CARTESIAN_POINT('',(-38.15984436127,65.276288092648,
    -65.22013592544));
#734 = CARTESIAN_POINT('',(-52.7827186113,43.947059420357,
    -77.57537143471));
#735 = CARTESIAN_POINT('',(-64.55840159108,17.482865011957,
    -83.53571064871));
#736 = CARTESIAN_POINT('',(-72.77629892847,-11.39636117576,
    -81.50513247617));
#737 = CARTESIAN_POINT('',(-77.25614902755,-39.26908165403,
    -71.07876274387));
#738 = CARTESIAN_POINT('',(-78.47515192907,-62.89078689776,
    -53.32841029171));
#739 = CARTESIAN_POINT('',(-77.36650453504,-79.98414979736,
    -30.35006967897));
#740 = CARTESIAN_POINT('',(-75.05504628689,-89.47275545114,
    -4.67017165584));
#741 = CARTESIAN_POINT('',(-11.7504801217,43.236419839732,
    -26.39201046437));
#742 = CARTESIAN_POINT('',(-24.15915181863,35.357989383518,
    -33.77406561453));
#743 = CARTESIAN_POINT('',(-35.56911149367,23.804657186026,
    -38.91297683697));
#744 = CARTESIAN_POINT('',(-45.43684256399,9.469885214811,
    -40.58798589947));
#745 = CARTESIAN_POINT('',(-53.37743974468,-6.173028970209,
    -37.9345813776));
#746 = CARTESIAN_POINT('',(-59.29326133796,-21.27075256259,
    -30.73345642752));
#747 = CARTESIAN_POINT('',(-63.44279069922,-34.06584290295,
    -19.56517417085));
#748 = CARTESIAN_POINT('',(-66.33150948373,-43.3247478069,
    -5.565064993877));
#749 = CARTESIAN_POINT('',(-68.56870572226,-48.4644092027,9.898387780403
    ));
#750 = DEFINITIONAL_REPRESENTATION('',(#751),#755);
#751 = LINE('',#752,#753);
#752 = CARTESIAN_POINT('',(44.,123.81838772761));
#753 = VECTOR('',#754,1.);
#754 = DIRECTION('',(-1.06581410364E-16,-1.));
#755 = ( GEOMETRIC_REPRESENTATION_CONTEXT(2) 
PARAMETRIC_REPRESENTATION_CONTEXT() REPRESENTATION_CONTEXT('2D SPACE',''
  ) );
#756 = ORIENTED_EDGE('',*,*,#757,.F.);
#757 = EDGE_CURVE('',#758,#688,#760,.T.);
#758 = VERTEX_POINT('',#759);
#759 = CARTESIAN_POINT('',(-93.95642332398,0.,98.753181315145));
#760 = SURFACE_CURVE('',#761,(#771,#800),.PCURVE_S1.);
#761 = B_SPLINE_CURVE_WITH_KNOTS('',8,(#762,#763,#764,#765,#766,#767,
    #768,#769,#770),.UNSPECIFIED.,.F.,.F.,(9,9),(57.151721043875,
    116.48505555702),.PIECEWISE_BEZIER_KNOTS.);
#762 = CARTESIAN_POINT('',(-93.95642374761,-1.859068454735E-13,
    98.753180363661));
#763 = CARTESIAN_POINT('',(-87.18096013771,-12.6209090495,
    95.736553190323));
#764 = CARTESIAN_POINT('',(-81.82940649591,-25.24180668118,
    89.521771865851));
#765 = CARTESIAN_POINT('',(-77.90177651954,-36.72982283888,
    80.108805627972));
#766 = CARTESIAN_POINT('',(-75.21915803286,-45.95216172274,
    67.899499064567));
#767 = CARTESIAN_POINT('',(-73.42334033711,-51.98843909782,
    53.698400366336));
#768 = CARTESIAN_POINT('',(-72.03481219704,-54.35018407475,
    38.582521129924));
#769 = CARTESIAN_POINT('',(-70.55981042767,-53.03870799514,
    23.660861050419));
#770 = CARTESIAN_POINT('',(-68.56870572226,-48.4644092027,9.898387780403
    ));
#771 = PCURVE('',#155,#772);
#772 = DEFINITIONAL_REPRESENTATION('',(#773),#799);
#773 = B_SPLINE_CURVE_WITH_KNOTS('',3,(#774,#775,#776,#777,#778,#779,
    #780,#781,#782,#783,#784,#785,#786,#787,#788,#789,#790,#791,#792,
    #793,#794,#795,#796,#797,#798),.UNSPECIFIED.,.F.,.F.,(4,1,1,1,1,1,1,
    1,1,1,1,1,1,1,1,1,1,1,1,1,1,1,4),(57.151721043875,59.848690794473,
    62.54566054507,65.242630295668,67.939600046266,70.636569796863,
    73.333539547461,76.030509298058,78.727479048656,81.424448799254,
    84.121418549851,86.818388300449,89.515358051046,92.212327801644,
    94.909297552242,97.606267302839,100.30323705343,103.00020680403,
    105.69717655463,108.39414630523,111.09111605582,113.78808580642,
    116.48505555702),.QUASI_UNIFORM_KNOTS.);
#774 = CARTESIAN_POINT('',(-6.28318530718,-151.0000012051));
#775 = CARTESIAN_POINT('',(-6.253765938751,-150.1010112882));
#776 = CARTESIAN_POINT('',(-6.194927210033,-148.3030314544));
#777 = CARTESIAN_POINT('',(-6.106669120899,-145.6060617049));
#778 = CARTESIAN_POINT('',(-6.018411009829,-142.9090919582));
#779 = CARTESIAN_POINT('',(-5.930152869853,-140.2121222145));
#780 = CARTESIAN_POINT('',(-5.841894709249,-137.5151524722));
#781 = CARTESIAN_POINT('',(-5.753636545496,-134.8181827283));
#782 = CARTESIAN_POINT('',(-5.665378395766,-132.1212129795));
#783 = CARTESIAN_POINT('',(-5.577120269453,-129.424243223));
#784 = CARTESIAN_POINT('',(-5.488862164772,-126.7272734576));
#785 = CARTESIAN_POINT('',(-5.400604070209,-124.0303036842));
#786 = CARTESIAN_POINT('',(-5.31234596983,-121.3333339058));
#787 = CARTESIAN_POINT('',(-5.224087850262,-118.636364127));
#788 = CARTESIAN_POINT('',(-5.135829706712,-115.9393943535));
#789 = CARTESIAN_POINT('',(-5.047571545635,-113.2424245904));
#790 = CARTESIAN_POINT('',(-4.959313382677,-110.5454548413));
#791 = CARTESIAN_POINT('',(-4.871055236116,-107.8484851068));
#792 = CARTESIAN_POINT('',(-4.782797117692,-105.1515153835));
#793 = CARTESIAN_POINT('',(-4.694539024693,-102.4545456641));
#794 = CARTESIAN_POINT('',(-4.606280936855,-99.7575759384));
#795 = CARTESIAN_POINT('',(-4.518022826359,-97.06060619697));
#796 = CARTESIAN_POINT('',(-4.429764669126,-94.36363643374));
#797 = CARTESIAN_POINT('',(-4.370925896613,-92.5656565884));
#798 = CARTESIAN_POINT('',(-4.341506514336,-91.66666666666));
#799 = ( GEOMETRIC_REPRESENTATION_CONTEXT(2) 
PARAMETRIC_REPRESENTATION_CONTEXT() REPRESENTATION_CONTEXT('2D SPACE',''
  ) );
#800 = PCURVE('',#801,#820);
#801 = B_SPLINE_SURFACE_WITH_KNOTS('',1,8,(
    (#802,#803,#804,#805,#806,#807,#808,#809,#810)
    ,(#811,#812,#813,#814,#815,#816,#817,#818,#819
  )),.UNSPECIFIED.,.F.,.F.,.F.,(2,2),(9,9),(0.,44.),(0.,66.666666666667)
  ,.PIECEWISE_BEZIER_KNOTS.);
#802 = CARTESIAN_POINT('',(-75.05504628689,-89.47275545114,
    -4.67017165584));
#803 = CARTESIAN_POINT('',(-72.74358803875,-98.96136110492,
    21.009726367297));
#804 = CARTESIAN_POINT('',(-69.22924431524,-100.8452808578,
    49.391349402884));
#805 = CARTESIAN_POINT('',(-65.63711888121,-94.04977093022,
    77.947673020629));
#806 = CARTESIAN_POINT('',(-63.28101721538,-78.70381145782,
    103.72784180161));
#807 = CARTESIAN_POINT('',(-63.40431808281,-56.40687575999,
    123.93918131554));
#808 = CARTESIAN_POINT('',(-66.81431371912,-29.9810006802,136.768483514)
  );
#809 = CARTESIAN_POINT('',(-73.73450228753,-2.611830258755,
    141.71376330346));
#810 = CARTESIAN_POINT('',(-83.87834139461,22.817845663313,
    139.41860543683));
#811 = CARTESIAN_POINT('',(-68.56870572226,-48.4644092027,9.898387780403
    ));
#812 = CARTESIAN_POINT('',(-70.80590196078,-53.6040705985,
    25.361840554683));
#813 = CARTESIAN_POINT('',(-72.39153523349,-54.62452713133,
    42.288727710708));
#814 = CARTESIAN_POINT('',(-73.93503674633,-50.94362592053,
    59.310244348733));
#815 = CARTESIAN_POINT('',(-76.14805113362,-42.63123120632,
    74.828010450185));
#816 = CARTESIAN_POINT('',(-79.70407522641,-30.55372436999,
    87.329327365309));
#817 = CARTESIAN_POINT('',(-85.04039231902,-16.23970870177,
    95.832040734556));
#818 = CARTESIAN_POINT('',(-92.27806391651,-1.414741390159,
    100.06424196559));
#819 = CARTESIAN_POINT('',(-101.2618795557,12.359666400961,
    100.37453946625));
#820 = DEFINITIONAL_REPRESENTATION('',(#821),#847);
#821 = B_SPLINE_CURVE_WITH_KNOTS('',3,(#822,#823,#824,#825,#826,#827,
    #828,#829,#830,#831,#832,#833,#834,#835,#836,#837,#838,#839,#840,
    #841,#842,#843,#844,#845,#846),.UNSPECIFIED.,.F.,.F.,(4,1,1,1,1,1,1,
    1,1,1,1,1,1,1,1,1,1,1,1,1,1,1,4),(57.151721043875,59.848690794473,
    62.54566054507,65.242630295668,67.939600046266,70.636569796863,
    73.333539547461,76.030509298058,78.727479048656,81.424448799254,
    84.121418549851,86.818388300449,89.515358051046,92.212327801644,
    94.909297552242,97.606267302839,100.30323705343,103.00020680403,
    105.69717655463,108.39414630523,111.09111605582,113.78808580642,
    116.48505555702),.QUASI_UNIFORM_KNOTS.);
#822 = CARTESIAN_POINT('',(44.,59.333334538484));
#823 = CARTESIAN_POINT('',(44.,58.434344621611));
#824 = CARTESIAN_POINT('',(44.,56.636364787887));
#825 = CARTESIAN_POINT('',(44.,53.939395037327));
#826 = CARTESIAN_POINT('',(44.,51.242425286845));
#827 = CARTESIAN_POINT('',(44.,48.545455536188));
#828 = CARTESIAN_POINT('',(44.,45.848485784687));
#829 = CARTESIAN_POINT('',(44.,43.151516031303));
#830 = CARTESIAN_POINT('',(44.,40.45454627489));
#831 = CARTESIAN_POINT('',(44.,37.757576514601));
#832 = CARTESIAN_POINT('',(44.,35.060606750315));
#833 = CARTESIAN_POINT('',(44.,32.363636982953));
#834 = CARTESIAN_POINT('',(44.,29.66666721456));
#835 = CARTESIAN_POINT('',(44.,26.969697448087));
#836 = CARTESIAN_POINT('',(44.,24.272727686842));
#837 = CARTESIAN_POINT('',(44.,21.575757933708));
#838 = CARTESIAN_POINT('',(44.,18.878788190243));
#839 = CARTESIAN_POINT('',(44.,16.181818455902));
#840 = CARTESIAN_POINT('',(44.,13.484848727609));
#841 = CARTESIAN_POINT('',(44.,10.787879000013));
#842 = CARTESIAN_POINT('',(44.,8.090909266467));
#843 = CARTESIAN_POINT('',(44.,5.393939521534));
#844 = CARTESIAN_POINT('',(44.,2.696969762666));
#845 = CARTESIAN_POINT('',(44.,0.898989920654));
#846 = CARTESIAN_POINT('',(44.,0.));
#847 = ( GEOMETRIC_REPRESENTATION_CONTEXT(2) 
PARAMETRIC_REPRESENTATION_CONTEXT() REPRESENTATION_CONTEXT('2D SPACE',''
  ) );
#848 = ORIENTED_EDGE('',*,*,#849,.F.);
#849 = EDGE_CURVE('',#850,#758,#852,.T.);
#850 = VERTEX_POINT('',#851);
#851 = CARTESIAN_POINT('',(-37.31660455071,0.,73.535509266607));
#852 = SURFACE_CURVE('',#853,(#857,#864),.PCURVE_S1.);
#853 = LINE('',#854,#855);
#854 = CARTESIAN_POINT('',(43.988941881007,0.,37.33594772052));
#855 = VECTOR('',#856,1.);
#856 = DIRECTION('',(-0.913545457643,0.,0.406736643076));
#857 = PCURVE('',#155,#858);
#858 = DEFINITIONAL_REPRESENTATION('',(#859),#863);
#859 = LINE('',#860,#861);
#860 = CARTESIAN_POINT('',(-6.28318530718,0.));
#861 = VECTOR('',#862,1.);
#862 = DIRECTION('',(-0.,-1.));
#863 = ( GEOMETRIC_REPRESENTATION_CONTEXT(2) 
PARAMETRIC_REPRESENTATION_CONTEXT() REPRESENTATION_CONTEXT('2D SPACE',''
  ) );
#864 = PCURVE('',#865,#870);
#865 = CYLINDRICAL_SURFACE('',#866,52.);
#866 = AXIS2_PLACEMENT_3D('',#867,#868,#869);
#867 = CARTESIAN_POINT('',(22.838636441065,0.,-10.16841607689));
#868 = DIRECTION('',(0.913545457643,-0.,-0.406736643076));
#869 = DIRECTION('',(0.406736643076,0.,0.913545457643));
#870 = DEFINITIONAL_REPRESENTATION('',(#871),#875);
#871 = LINE('',#872,#873);
#872 = CARTESIAN_POINT('',(-0.,0.));
#873 = VECTOR('',#874,1.);
#874 = DIRECTION('',(-0.,-1.));
#875 = ( GEOMETRIC_REPRESENTATION_CONTEXT(2) 
PARAMETRIC_REPRESENTATION_CONTEXT() REPRESENTATION_CONTEXT('2D SPACE',''
  ) );
#876 = ORIENTED_EDGE('',*,*,#877,.F.);
#877 = EDGE_CURVE('',#878,#850,#880,.T.);
#878 = VERTEX_POINT('',#879);
#879 = CARTESIAN_POINT('',(-10.57515271997,-45.03332099679,
    -23.7521818987));
#880 = SURFACE_CURVE('',#881,(#891,#920),.PCURVE_S1.);
#881 = B_SPLINE_CURVE_WITH_KNOTS('',8,(#882,#883,#884,#885,#886,#887,
    #888,#889,#890),.UNSPECIFIED.,.F.,.F.,(9,9),(0.,64.000000767915),
  .PIECEWISE_BEZIER_KNOTS.);
#882 = CARTESIAN_POINT('',(-10.57515271997,-45.03332099679,
    -23.7521818987));
#883 = CARTESIAN_POINT('',(-13.08821509122,-51.84010516124,
    -9.727865479065));
#884 = CARTESIAN_POINT('',(-14.77289536658,-55.11939817354,
    6.157027590801));
#885 = CARTESIAN_POINT('',(-16.13023560063,-54.16048221209,
    22.777138431013));
#886 = CARTESIAN_POINT('',(-17.78134728204,-48.76751321927,
    38.737427797389));
#887 = CARTESIAN_POINT('',(-20.36158669586,-39.41877518343,
    52.610862108967));
#888 = CARTESIAN_POINT('',(-24.35658458361,-27.22713861441,
    63.306696862076));
#889 = CARTESIAN_POINT('',(-30.00824284286,-13.61357321796,
    70.281611498844));
#890 = CARTESIAN_POINT('',(-37.31660502526,2.297051437949E-13,
    73.535508200751));
#891 = PCURVE('',#155,#892);
#892 = DEFINITIONAL_REPRESENTATION('',(#893),#919);
#893 = B_SPLINE_CURVE_WITH_KNOTS('',3,(#894,#895,#896,#897,#898,#899,
    #900,#901,#902,#903,#904,#905,#906,#907,#908,#909,#910,#911,#912,
    #913,#914,#915,#916,#917,#918),.UNSPECIFIED.,.F.,.F.,(4,1,1,1,1,1,1,
    1,1,1,1,1,1,1,1,1,1,1,1,1,1,1,4),(0.,2.909090943996,5.818181887992,
    8.727272831988,11.636363775985,14.545454719981,17.454545663977,
    20.363636607973,23.272727551969,26.181818495965,29.090909439961,
    32.000000383958,34.909091327954,37.81818227195,40.727273215946,
    43.636364159942,46.545455103938,49.454546047935,52.363636991931,
    55.272727935927,58.181818879923,61.090909823919,64.000000767915),
  .QUASI_UNIFORM_KNOTS.);
#894 = CARTESIAN_POINT('',(-4.188790204786,-25.));
#895 = CARTESIAN_POINT('',(-4.220523471951,-25.96969698133));
#896 = CARTESIAN_POINT('',(-4.283990012381,-27.90909094399));
#897 = CARTESIAN_POINT('',(-4.379189817244,-30.81818188799));
#898 = CARTESIAN_POINT('',(-4.474389568184,-33.72727283198));
#899 = CARTESIAN_POINT('',(-4.569589301236,-36.63636377598));
#900 = CARTESIAN_POINT('',(-4.664789049786,-39.54545471998));
#901 = CARTESIAN_POINT('',(-4.759988831855,-42.45454566397));
#902 = CARTESIAN_POINT('',(-4.855188641778,-45.36363660797));
#903 = CARTESIAN_POINT('',(-4.950388459019,-48.27272755197));
#904 = CARTESIAN_POINT('',(-5.045588261258,-51.18181849596));
#905 = CARTESIAN_POINT('',(-5.140788036025,-54.09090943996));
#906 = CARTESIAN_POINT('',(-5.235987785979,-57.00000038396));
#907 = CARTESIAN_POINT('',(-5.331187526632,-59.90909132795));
#908 = CARTESIAN_POINT('',(-5.426387278197,-62.81818227195));
#909 = CARTESIAN_POINT('',(-5.521587055364,-65.72727321594));
#910 = CARTESIAN_POINT('',(-5.616786859523,-68.63636415994));
#911 = CARTESIAN_POINT('',(-5.711986677068,-71.54545510393));
#912 = CARTESIAN_POINT('',(-5.807186485347,-74.45454604793));
#913 = CARTESIAN_POINT('',(-5.902386264487,-77.36363699193));
#914 = CARTESIAN_POINT('',(-5.997586010958,-80.27272793592));
#915 = CARTESIAN_POINT('',(-6.092785743245,-83.18181887992));
#916 = CARTESIAN_POINT('',(-6.187985500838,-86.09090982392));
#917 = CARTESIAN_POINT('',(-6.251452031764,-88.03030378658));
#918 = CARTESIAN_POINT('',(-6.28318530718,-89.00000076791));
#919 = ( GEOMETRIC_REPRESENTATION_CONTEXT(2) 
PARAMETRIC_REPRESENTATION_CONTEXT() REPRESENTATION_CONTEXT('2D SPACE',''
  ) );
#920 = PCURVE('',#921,#940);
#921 = B_SPLINE_SURFACE_WITH_KNOTS('',1,8,(
    (#922,#923,#924,#925,#926,#927,#928,#929,#930)
    ,(#931,#932,#933,#934,#935,#936,#937,#938,#939
  )),.UNSPECIFIED.,.F.,.F.,.F.,(2,2),(9,9),(0.,44.),(0.,66.666666666667)
  ,.PIECEWISE_BEZIER_KNOTS.);
#922 = CARTESIAN_POINT('',(-10.57515271997,-45.03332099679,
    -23.7521818987));
#923 = CARTESIAN_POINT('',(-13.19292599195,-52.12372108301,
    -9.143519136865));
#924 = CARTESIAN_POINT('',(-14.91184718492,-55.38654839635,
    7.483998448736));
#925 = CARTESIAN_POINT('',(-16.29823442829,-54.0184923492,
    24.858399513684));
#926 = CARTESIAN_POINT('',(-18.05977267862,-47.82244218279,
    41.390197621285));
#927 = CARTESIAN_POINT('',(-20.91572689739,-37.40280166544,
    55.463897217765));
#928 = CARTESIAN_POINT('',(-25.39287209945,-24.10683532873,
    65.896342248302));
#929 = CARTESIAN_POINT('',(-31.71762821048,-9.594739323619,
    72.178985233391));
#930 = CARTESIAN_POINT('',(-39.83320836721,4.532098622878,74.43937155626
    ));
#931 = CARTESIAN_POINT('',(-19.52335886763,-83.1384387633,
    -43.85018196684));
#932 = CARTESIAN_POINT('',(-17.91450437355,-96.22840815326,
    -19.74835781282));
#933 = CARTESIAN_POINT('',(-14.64623065668,-102.2520893471,
    8.080582938905));
#934 = CARTESIAN_POINT('',(-10.76404810979,-99.72644741391,
    37.28838549866));
#935 = CARTESIAN_POINT('',(-7.574452037278,-88.28758556822,
    64.940613367926));
#936 = CARTESIAN_POINT('',(-6.405316214202,-69.05132615159,
    88.054813216663));
#937 = CARTESIAN_POINT('',(-8.229148360261,-44.50492676073,
    104.44669694365));
#938 = CARTESIAN_POINT('',(-13.46395449212,-17.71336490514,
    113.17740766367));
#939 = CARTESIAN_POINT('',(-22.00489732373,8.366951303775,
    114.48241377651));
#940 = DEFINITIONAL_REPRESENTATION('',(#941),#945);
#941 = LINE('',#942,#943);
#942 = CARTESIAN_POINT('',(1.451606968785E-14,-1.560704338278E-15));
#943 = VECTOR('',#944,1.);
#944 = DIRECTION('',(-4.324476513715E-17,1.));
#945 = ( GEOMETRIC_REPRESENTATION_CONTEXT(2) 
PARAMETRIC_REPRESENTATION_CONTEXT() REPRESENTATION_CONTEXT('2D SPACE',''
  ) );
#946 = ORIENTED_EDGE('',*,*,#947,.F.);
#947 = EDGE_CURVE('',#948,#878,#950,.T.);
#948 = VERTEX_POINT('',#949);
#949 = CARTESIAN_POINT('',(-9.354540890764,-46.6373825597,
    -21.01064284364));
#950 = SURFACE_CURVE('',#951,(#956,#963),.PCURVE_S1.);
#951 = CIRCLE('',#952,52.);
#952 = AXIS2_PLACEMENT_3D('',#953,#954,#955);
#953 = CARTESIAN_POINT('',(0.,0.,0.));
#954 = DIRECTION('',(0.913545457643,0.,-0.406736643076));
#955 = DIRECTION('',(0.406736643076,0.,0.913545457643));
#956 = PCURVE('',#155,#957);
#957 = DEFINITIONAL_REPRESENTATION('',(#958),#962);
#958 = LINE('',#959,#960);
#959 = CARTESIAN_POINT('',(-6.28318530718,-25.));
#960 = VECTOR('',#961,1.);
#961 = DIRECTION('',(1.,-0.));
#962 = ( GEOMETRIC_REPRESENTATION_CONTEXT(2) 
PARAMETRIC_REPRESENTATION_CONTEXT() REPRESENTATION_CONTEXT('2D SPACE',''
  ) );
#963 = PCURVE('',#964,#969);
#964 = PLANE('',#965);
#965 = AXIS2_PLACEMENT_3D('',#966,#967,#968);
#966 = CARTESIAN_POINT('',(-14.30449592915,-65.7964558542,
    -32.12842388904));
#967 = DIRECTION('',(-0.913545457643,0.,0.406736643076));
#968 = DIRECTION('',(-0.203368321538,-0.866025403784,-0.456772728821));
#969 = DEFINITIONAL_REPRESENTATION('',(#970),#978);
#970 = ( BOUNDED_CURVE() B_SPLINE_CURVE(2,(#971,#972,#973,#974,#975,#976
,#977),.UNSPECIFIED.,.T.,.F.) B_SPLINE_CURVE_WITH_KNOTS((1,2,2,2,2,1),(
    -2.094395102393,0.,2.094395102393,4.188790204786,6.28318530718,
8.377580409573),.UNSPECIFIED.) CURVE() GEOMETRIC_REPRESENTATION_ITEM() 
RATIONAL_B_SPLINE_CURVE((1.,0.5,1.,0.5,1.,0.5,1.)) REPRESENTATION_ITEM(
  '') );
#971 = CARTESIAN_POINT('',(-100.5658714288,42.592287113722));
#972 = CARTESIAN_POINT('',(-22.5658714288,87.625608110513));
#973 = CARTESIAN_POINT('',(-22.5658714288,-2.441033883069));
#974 = CARTESIAN_POINT('',(-22.5658714288,-92.50767587665));
#975 = CARTESIAN_POINT('',(-100.5658714288,-47.47435487985));
#976 = CARTESIAN_POINT('',(-178.5658714288,-2.441033883069));
#977 = CARTESIAN_POINT('',(-100.5658714288,42.592287113722));
#978 = ( GEOMETRIC_REPRESENTATION_CONTEXT(2) 
PARAMETRIC_REPRESENTATION_CONTEXT() REPRESENTATION_CONTEXT('2D SPACE',''
  ) );
#979 = ORIENTED_EDGE('',*,*,#980,.F.);
#980 = EDGE_CURVE('',#206,#948,#981,.T.);
#981 = SURFACE_CURVE('',#982,(#992,#1021),.PCURVE_S1.);
#982 = B_SPLINE_CURVE_WITH_KNOTS('',8,(#983,#984,#985,#986,#987,#988,
    #989,#990,#991),.UNSPECIFIED.,.F.,.F.,(9,9),(57.125125010717,
    119.12512635382),.PIECEWISE_BEZIER_KNOTS.);
#983 = CARTESIAN_POINT('',(-35.48951485094,1.931788062848E-14,
    72.722034664415));
#984 = CARTESIAN_POINT('',(-28.40953747432,-13.18814608828,
    69.56982544725));
#985 = CARTESIAN_POINT('',(-22.88433497727,-26.37627400535,
    62.925534675415));
#986 = CARTESIAN_POINT('',(-18.91390718164,-38.27174391015,
    52.78916274906));
#987 = CARTESIAN_POINT('',(-16.28505782857,-47.58235469061,
    39.639556308382));
#988 = CARTESIAN_POINT('',(-14.5703947733,-53.2796017174,24.436653816121
    ));
#989 = CARTESIAN_POINT('',(-13.20497465385,-54.87492850722,
    8.449338856383));
#990 = CARTESIAN_POINT('',(-11.62360183273,-52.47034969318,
    -7.052938397919));
#991 = CARTESIAN_POINT('',(-9.354540890764,-46.6373825597,
    -21.01064284364));
#992 = PCURVE('',#155,#993);
#993 = DEFINITIONAL_REPRESENTATION('',(#994),#1020);
#994 = B_SPLINE_CURVE_WITH_KNOTS('',3,(#995,#996,#997,#998,#999,#1000,
    #1001,#1002,#1003,#1004,#1005,#1006,#1007,#1008,#1009,#1010,#1011,
    #1012,#1013,#1014,#1015,#1016,#1017,#1018,#1019),.UNSPECIFIED.,.F.,
  .F.,(4,1,1,1,1,1,1,1,1,1,1,1,1,1,1,1,1,1,1,1,1,1,4),(57.125125010717,
    59.943306889949,62.761488769181,65.579670648413,68.397852527646,
    71.216034406878,74.03421628611,76.852398165343,79.670580044575,
    82.488761923807,85.306943803039,88.125125682272,90.943307561504,
    93.761489440736,96.579671319968,99.397853199201,102.21603507843,
    105.03421695766,107.85239883689,110.67058071613,113.48876259536,
    116.30694447459,119.12512635382),.QUASI_UNIFORM_KNOTS.);
#995 = CARTESIAN_POINT('',(-6.28318530718,-87.00000134307));
#996 = CARTESIAN_POINT('',(-6.25244370565,-86.06060738332));
#997 = CARTESIAN_POINT('',(-6.190960521757,-84.18181946383));
#998 = CARTESIAN_POINT('',(-6.098735775102,-81.3636375846));
#999 = CARTESIAN_POINT('',(-6.006511028476,-78.54545570538));
#1000 = CARTESIAN_POINT('',(-5.914286255652,-75.72727382617));
#1001 = CARTESIAN_POINT('',(-5.822061451679,-72.90909194696));
#1002 = CARTESIAN_POINT('',(-5.729836629183,-70.09091006775));
#1003 = CARTESIAN_POINT('',(-5.637611809059,-67.27272818854));
#1004 = CARTESIAN_POINT('',(-5.545387008981,-64.45454630932));
#1005 = CARTESIAN_POINT('',(-5.453162235386,-61.63636443009));
#1006 = CARTESIAN_POINT('',(-5.360937481357,-58.81818255084));
#1007 = CARTESIAN_POINT('',(-5.268712730544,-56.00000067157));
#1008 = CARTESIAN_POINT('',(-5.176487965073,-53.1818187923));
#1009 = CARTESIAN_POINT('',(-5.084263174076,-50.36363691302));
#1010 = CARTESIAN_POINT('',(-4.992038359307,-47.54545503376));
#1011 = CARTESIAN_POINT('',(-4.899813535212,-44.72727315451));
#1012 = CARTESIAN_POINT('',(-4.807588722773,-41.90909127528));
#1013 = CARTESIAN_POINT('',(-4.715363938777,-39.09090939607));
#1014 = CARTESIAN_POINT('',(-4.623139185032,-36.27272751688));
#1015 = CARTESIAN_POINT('',(-4.530914442255,-33.45454563769));
#1016 = CARTESIAN_POINT('',(-4.438689679365,-30.63636375848));
#1017 = CARTESIAN_POINT('',(-4.346464865712,-27.81818187925));
#1018 = CARTESIAN_POINT('',(-4.284981654066,-25.93939395975));
#1019 = CARTESIAN_POINT('',(-4.254240051736,-25.));
#1020 = ( GEOMETRIC_REPRESENTATION_CONTEXT(2) 
PARAMETRIC_REPRESENTATION_CONTEXT() REPRESENTATION_CONTEXT('2D SPACE',''
  ) );
#1021 = PCURVE('',#255,#1022);
#1022 = DEFINITIONAL_REPRESENTATION('',(#1023),#1027);
#1023 = LINE('',#1024,#1025);
#1024 = CARTESIAN_POINT('',(44.,119.12512635378));
#1025 = VECTOR('',#1026,1.);
#1026 = DIRECTION('',(0.,-1.));
#1027 = ( GEOMETRIC_REPRESENTATION_CONTEXT(2) 
PARAMETRIC_REPRESENTATION_CONTEXT() REPRESENTATION_CONTEXT('2D SPACE',''
  ) );
#1028 = ADVANCED_FACE('',(#1029),#190,.F.);
#1029 = FACE_BOUND('',#1030,.T.);
#1030 = EDGE_LOOP('',(#1031,#1103,#1138,#1189,#1259,#1329,#1359,#1360,
    #1411,#1481,#1551,#1584,#1654,#1724,#1794,#1817,#1887,#1957,#1990,
    #2060,#2109,#2130,#2131));
#1031 = ORIENTED_EDGE('',*,*,#1032,.F.);
#1032 = EDGE_CURVE('',#1033,#1035,#1037,.T.);
#1033 = VERTEX_POINT('',#1034);
#1034 = CARTESIAN_POINT('',(-251.4384909712,-46.70644385765,
    136.91773549837));
#1035 = VERTEX_POINT('',#1036);
#1036 = CARTESIAN_POINT('',(-271.1842315486,0.,177.66008537111));
#1037 = SURFACE_CURVE('',#1038,(#1048,#1077),.PCURVE_S1.);
#1038 = B_SPLINE_CURVE_WITH_KNOTS('',8,(#1039,#1040,#1041,#1042,#1043,
    #1044,#1045,#1046,#1047),.UNSPECIFIED.,.F.,.F.,(9,9),(
    18.723284758374,53.333329905703),.PIECEWISE_BEZIER_KNOTS.);
#1039 = CARTESIAN_POINT('',(-251.7426882104,-47.08720679603,
    136.23449733129));
#1040 = CARTESIAN_POINT('',(-252.9834348199,-43.96354407725,
    144.08423811206));
#1041 = CARTESIAN_POINT('',(-254.4297507758,-39.76124024876,
    151.4722625813));
#1042 = CARTESIAN_POINT('',(-256.1644545391,-34.57570543632,
    158.21255743004));
#1043 = CARTESIAN_POINT('',(-258.2615755046,-28.54847454366,
    164.13884991522));
#1044 = CARTESIAN_POINT('',(-260.7810352914,-21.86107080843,
    169.11655387648));
#1045 = CARTESIAN_POINT('',(-263.7642722838,-14.72394796193,
    173.0525971793));
#1046 = CARTESIAN_POINT('',(-267.232006427,-7.361974257942,
    175.90044206442));
#1047 = CARTESIAN_POINT('',(-271.1842374517,-4.069120787986E-06,
    177.66008913671));
#1048 = PCURVE('',#190,#1049);
#1049 = DEFINITIONAL_REPRESENTATION('',(#1050),#1076);
#1050 = B_SPLINE_CURVE_WITH_KNOTS('',3,(#1051,#1052,#1053,#1054,#1055,
    #1056,#1057,#1058,#1059,#1060,#1061,#1062,#1063,#1064,#1065,#1066,
    #1067,#1068,#1069,#1070,#1071,#1072,#1073,#1074,#1075),
  .UNSPECIFIED.,.F.,.F.,(4,1,1,1,1,1,1,1,1,1,1,1,1,1,1,1,1,1,1,1,1,1,4),
  (18.723284758374,20.296468628707,21.86965249904,23.442836369373,
    25.016020239706,26.589204110039,28.162387980373,29.735571850706,
    31.308755721039,32.881939591372,34.455123461705,36.028307332038,
    37.601491202371,39.174675072705,40.747858943038,42.321042813371,
    43.894226683704,45.467410554037,47.04059442437,48.613778294703,
    50.186962165037,51.76014603537,53.333329905703),
  .QUASI_UNIFORM_KNOTS.);
#1051 = CARTESIAN_POINT('',(-5.150574086633,-310.389951425));
#1052 = CARTESIAN_POINT('',(-5.167734865529,-310.9143460484));
#1053 = CARTESIAN_POINT('',(-5.20205642523,-311.9631352953));
#1054 = CARTESIAN_POINT('',(-5.253538767035,-313.5363191657));
#1055 = CARTESIAN_POINT('',(-5.305021107507,-315.109503036));
#1056 = CARTESIAN_POINT('',(-5.356503443457,-316.6826869063));
#1057 = CARTESIAN_POINT('',(-5.407985772585,-318.2558707767));
#1058 = CARTESIAN_POINT('',(-5.459468093783,-319.829054647));
#1059 = CARTESIAN_POINT('',(-5.510950407245,-321.4022385173));
#1060 = CARTESIAN_POINT('',(-5.562432714397,-322.9754223877));
#1061 = CARTESIAN_POINT('',(-5.613915017641,-324.548606258));
#1062 = CARTESIAN_POINT('',(-5.665397319977,-326.1217901283));
#1063 = CARTESIAN_POINT('',(-5.716879624545,-327.6949739987));
#1064 = CARTESIAN_POINT('',(-5.768361934141,-329.268157869));
#1065 = CARTESIAN_POINT('',(-5.819844250794,-330.8413417393));
#1066 = CARTESIAN_POINT('',(-5.871326575423,-332.4145256097));
#1067 = CARTESIAN_POINT('',(-5.922808907668,-333.98770948));
#1068 = CARTESIAN_POINT('',(-5.974291245887,-335.5608933503));
#1069 = CARTESIAN_POINT('',(-6.025773587353,-337.1340772207));
#1070 = CARTESIAN_POINT('',(-6.077255928641,-338.707261091));
#1071 = CARTESIAN_POINT('',(-6.12873826614,-340.2804449613));
#1072 = CARTESIAN_POINT('',(-6.180220596731,-341.8536288317));
#1073 = CARTESIAN_POINT('',(-6.231702918179,-343.426812702));
#1074 = CARTESIAN_POINT('',(-6.266024459754,-344.4756019489));
#1075 = CARTESIAN_POINT('',(-6.283185228927,-344.9999965723));
#1076 = ( GEOMETRIC_REPRESENTATION_CONTEXT(2) 
PARAMETRIC_REPRESENTATION_CONTEXT() REPRESENTATION_CONTEXT('2D SPACE',''
  ) );
#1077 = PCURVE('',#1078,#1097);
#1078 = B_SPLINE_SURFACE_WITH_KNOTS('',1,8,(
    (#1079,#1080,#1081,#1082,#1083,#1084,#1085,#1086,#1087)
    ,(#1088,#1089,#1090,#1091,#1092,#1093,#1094,#1095,#1096
  )),.UNSPECIFIED.,.F.,.F.,.F.,(2,2),(9,9),(0.,44.),(0.,66.666666666667)
  ,.PIECEWISE_BEZIER_KNOTS.);
#1079 = CARTESIAN_POINT('',(-247.2848340347,-51.21000315663,
    100.21405861556));
#1080 = CARTESIAN_POINT('',(-249.217488408,-53.67247326444,
    116.36152361838));
#1081 = CARTESIAN_POINT('',(-250.8379598973,-51.78236715502,
    133.21016285872));
#1082 = CARTESIAN_POINT('',(-252.7901637128,-45.26103016825,
    149.31371909547));
#1083 = CARTESIAN_POINT('',(-255.7665266824,-34.51832288128,
    163.11697620972));
#1084 = CARTESIAN_POINT('',(-260.3588568903,-20.72702065023,
    173.29071148129));
#1085 = CARTESIAN_POINT('',(-266.8747400989,-5.596097036747,
    179.14407597679));
#1086 = CARTESIAN_POINT('',(-275.2959880271,9.123979987811,
    180.71792124425));
#1087 = CARTESIAN_POINT('',(-285.3464660291,21.976149610516,
    178.63245585308));
#1088 = CARTESIAN_POINT('',(-250.3925134166,-94.54154428917,
    93.234096442402));
#1089 = CARTESIAN_POINT('',(-247.5188240326,-99.08764294973,
    120.17678627206));
#1090 = CARTESIAN_POINT('',(-244.0687970167,-95.59821628619,
    148.41395161715));
#1091 = CARTESIAN_POINT('',(-241.2311989106,-83.55882492601,
    175.27557910947));
#1092 = CARTESIAN_POINT('',(-240.284356166,-63.72613455006,
    197.89050052948));
#1093 = CARTESIAN_POINT('',(-242.3208375536,-38.26526889274,
    213.80476623992));
#1094 = CARTESIAN_POINT('',(-247.9084937117,-10.33125606784,
    221.74296282531));
#1095 = CARTESIAN_POINT('',(-257.0137462754,16.844270746727,
    221.78050852815));
#1096 = CARTESIAN_POINT('',(-269.1268082058,40.571353127107,
    215.06240378431));
#1097 = DEFINITIONAL_REPRESENTATION('',(#1098),#1102);
#1098 = LINE('',#1099,#1100);
#1099 = CARTESIAN_POINT('',(6.924734919879E-14,-1.06581410364E-14));
#1100 = VECTOR('',#1101,1.);
#1101 = DIRECTION('',(-2.262964294252E-15,1.));
#1102 = ( GEOMETRIC_REPRESENTATION_CONTEXT(2) 
PARAMETRIC_REPRESENTATION_CONTEXT() REPRESENTATION_CONTEXT('2D SPACE',''
  ) );
#1103 = ORIENTED_EDGE('',*,*,#1104,.T.);
#1104 = EDGE_CURVE('',#1033,#1105,#1107,.T.);
#1105 = VERTEX_POINT('',#1106);
#1106 = CARTESIAN_POINT('',(-248.055040026,-50.93961920489,
    121.87769061409));
#1107 = SURFACE_CURVE('',#1108,(#1116,#1127),.PCURVE_S1.);
#1108 = B_SPLINE_CURVE_WITH_KNOTS('',6,(#1109,#1110,#1111,#1112,#1113,
    #1114,#1115),.UNSPECIFIED.,.F.,.F.,(7,7),(0.,1.),
  .PIECEWISE_BEZIER_KNOTS.);
#1109 = CARTESIAN_POINT('',(-250.5092441453,-45.54350923307,
    139.00444749276));
#1110 = CARTESIAN_POINT('',(-250.0375731324,-46.80387639168,
    136.2906672636));
#1111 = CARTESIAN_POINT('',(-249.5967928636,-47.92640636413,
    133.50746764286));
#1112 = CARTESIAN_POINT('',(-249.1826893819,-48.90534297486,
    130.66439385003));
#1113 = CARTESIAN_POINT('',(-248.7907944858,-49.73603690513,
    127.77143346111));
#1114 = CARTESIAN_POINT('',(-248.4164787097,-50.41493081257,
    124.83893967788));
#1115 = CARTESIAN_POINT('',(-248.0550275009,-50.93963738739,
    121.87758799569));
#1116 = PCURVE('',#190,#1117);
#1117 = DEFINITIONAL_REPRESENTATION('',(#1118),#1126);
#1118 = B_SPLINE_CURVE_WITH_KNOTS('',6,(#1119,#1120,#1121,#1122,#1123,
    #1124,#1125),.UNSPECIFIED.,.F.,.F.,(7,7),(0.,1.),
  .PIECEWISE_BEZIER_KNOTS.);
#1119 = CARTESIAN_POINT('',(-5.216018468757,-310.3897844323));
#1120 = CARTESIAN_POINT('',(-5.165795818912,-308.8550976604));
#1121 = CARTESIAN_POINT('',(-5.115572658087,-307.3203955773));
#1122 = CARTESIAN_POINT('',(-5.065350111233,-305.7857109321));
#1123 = CARTESIAN_POINT('',(-5.015127635688,-304.2510241327));
#1124 = CARTESIAN_POINT('',(-4.964904648178,-302.7163169785));
#1125 = CARTESIAN_POINT('',(-4.91468218768,-301.1816246264));
#1126 = ( GEOMETRIC_REPRESENTATION_CONTEXT(2) 
PARAMETRIC_REPRESENTATION_CONTEXT() REPRESENTATION_CONTEXT('2D SPACE',''
  ) );
#1127 = PCURVE('',#865,#1128);
#1128 = DEFINITIONAL_REPRESENTATION('',(#1129),#1137);
#1129 = B_SPLINE_CURVE_WITH_KNOTS('',6,(#1130,#1131,#1132,#1133,#1134,
    #1135,#1136),.UNSPECIFIED.,.F.,.F.,(7,7),(0.,1.),
  .PIECEWISE_BEZIER_KNOTS.);
#1130 = CARTESIAN_POINT('',(-5.216018468757,-310.3897844323));
#1131 = CARTESIAN_POINT('',(-5.165795818912,-308.8550976604));
#1132 = CARTESIAN_POINT('',(-5.115572658087,-307.3203955773));
#1133 = CARTESIAN_POINT('',(-5.065350111233,-305.7857109321));
#1134 = CARTESIAN_POINT('',(-5.015127635688,-304.2510241327));
#1135 = CARTESIAN_POINT('',(-4.964904648178,-302.7163169785));
#1136 = CARTESIAN_POINT('',(-4.91468218768,-301.1816246264));
#1137 = ( GEOMETRIC_REPRESENTATION_CONTEXT(2) 
PARAMETRIC_REPRESENTATION_CONTEXT() REPRESENTATION_CONTEXT('2D SPACE',''
  ) );
#1138 = ORIENTED_EDGE('',*,*,#1139,.F.);
#1139 = EDGE_CURVE('',#1140,#1105,#1142,.T.);
#1140 = VERTEX_POINT('',#1141);
#1141 = CARTESIAN_POINT('',(-247.2848340347,-51.21000315663,
    100.21405861556));
#1142 = SURFACE_CURVE('',#1143,(#1153,#1182),.PCURVE_S1.);
#1143 = B_SPLINE_CURVE_WITH_KNOTS('',8,(#1144,#1145,#1146,#1147,#1148,
    #1149,#1150,#1151,#1152),.UNSPECIFIED.,.F.,.F.,(9,9),(0.,
    11.001616089827),.PIECEWISE_BEZIER_KNOTS.);
#1144 = CARTESIAN_POINT('',(-247.2848340347,-51.21000315663,
    100.21405861556));
#1145 = CARTESIAN_POINT('',(-247.6037688565,-51.61637041801,
    102.87878177733));
#1146 = CARTESIAN_POINT('',(-247.9142020016,-51.90420397026,
    105.56260001728));
#1147 = CARTESIAN_POINT('',(-248.219027293,-52.07225151001,
    108.25901370321));
#1148 = CARTESIAN_POINT('',(-248.5211745311,-52.11977136181,
    110.96144239506));
#1149 = CARTESIAN_POINT('',(-248.823591243,-52.04654158369,
    113.66326583907));
#1150 = CARTESIAN_POINT('',(-249.1292237336,-51.85286299117,
    116.35786652566));
#1151 = CARTESIAN_POINT('',(-249.4409980304,-51.53955620999,
    119.03867248975));
#1152 = CARTESIAN_POINT('',(-249.7618011925,-51.10795308514,
    121.69919929037));
#1153 = PCURVE('',#190,#1154);
#1154 = DEFINITIONAL_REPRESENTATION('',(#1155),#1181);
#1155 = B_SPLINE_CURVE_WITH_KNOTS('',3,(#1156,#1157,#1158,#1159,#1160,
    #1161,#1162,#1163,#1164,#1165,#1166,#1167,#1168,#1169,#1170,#1171,
    #1172,#1173,#1174,#1175,#1176,#1177,#1178,#1179,#1180),
  .UNSPECIFIED.,.F.,.F.,(4,1,1,1,1,1,1,1,1,1,1,1,1,1,1,1,1,1,1,1,1,1,4),
  (0.,0.500073458629,1.000146917257,1.500220375886,2.000293834514,
    2.500367293143,3.000440751771,3.5005142104,4.000587669028,
    4.500661127657,5.000734586285,5.500808044914,6.000881503542,
    6.500954962171,7.001028420799,7.501101879428,8.001175338056,
    8.501248796685,9.001322255313,9.501395713942,10.00146917257,
    10.501542631199,11.001616089827),.QUASI_UNIFORM_KNOTS.);
#1156 = CARTESIAN_POINT('',(-4.537856055185,-291.6666666666));
#1157 = CARTESIAN_POINT('',(-4.543311010417,-291.8333578195));
#1158 = CARTESIAN_POINT('',(-4.55422092192,-292.1667401252));
#1159 = CARTESIAN_POINT('',(-4.570585791501,-292.6668135839));
#1160 = CARTESIAN_POINT('',(-4.586950662574,-293.1668870425));
#1161 = CARTESIAN_POINT('',(-4.603315534462,-293.6669605011));
#1162 = CARTESIAN_POINT('',(-4.619680406588,-294.1670339598));
#1163 = CARTESIAN_POINT('',(-4.636045278478,-294.6671074184));
#1164 = CARTESIAN_POINT('',(-4.652410149757,-295.167180877));
#1165 = CARTESIAN_POINT('',(-4.668775020137,-295.6672543356));
#1166 = CARTESIAN_POINT('',(-4.68513988941,-296.1673277943));
#1167 = CARTESIAN_POINT('',(-4.701504757442,-296.6674012529));
#1168 = CARTESIAN_POINT('',(-4.717869624163,-297.1674747115));
#1169 = CARTESIAN_POINT('',(-4.734234489561,-297.6675481702));
#1170 = CARTESIAN_POINT('',(-4.75059935367,-298.1676216288));
#1171 = CARTESIAN_POINT('',(-4.766964216566,-298.6676950874));
#1172 = CARTESIAN_POINT('',(-4.783329078361,-299.167768546));
#1173 = CARTESIAN_POINT('',(-4.799693939189,-299.6678420047));
#1174 = CARTESIAN_POINT('',(-4.816058799208,-300.1679154633));
#1175 = CARTESIAN_POINT('',(-4.832423658588,-300.6679889219));
#1176 = CARTESIAN_POINT('',(-4.848788517506,-301.1680623806));
#1177 = CARTESIAN_POINT('',(-4.865153376143,-301.6681358392));
#1178 = CARTESIAN_POINT('',(-4.88151823468,-302.1682092978));
#1179 = CARTESIAN_POINT('',(-4.892428140418,-302.5015916036));
#1180 = CARTESIAN_POINT('',(-4.897883093328,-302.6682827564));
#1181 = ( GEOMETRIC_REPRESENTATION_CONTEXT(2) 
PARAMETRIC_REPRESENTATION_CONTEXT() REPRESENTATION_CONTEXT('2D SPACE',''
  ) );
#1182 = PCURVE('',#1078,#1183);
#1183 = DEFINITIONAL_REPRESENTATION('',(#1184),#1188);
#1184 = LINE('',#1185,#1186);
#1185 = CARTESIAN_POINT('',(1.574015826874E-14,6.841232259054E-15));
#1186 = VECTOR('',#1187,1.);
#1187 = DIRECTION('',(9.909476868611E-16,1.));
#1188 = ( GEOMETRIC_REPRESENTATION_CONTEXT(2) 
PARAMETRIC_REPRESENTATION_CONTEXT() REPRESENTATION_CONTEXT('2D SPACE',''
  ) );
#1189 = ORIENTED_EDGE('',*,*,#1190,.F.);
#1190 = EDGE_CURVE('',#1191,#1140,#1193,.T.);
#1191 = VERTEX_POINT('',#1192);
#1192 = CARTESIAN_POINT('',(-197.6646159292,36.7695526217,
    47.756670838055));
#1193 = SURFACE_CURVE('',#1194,(#1204,#1233),.PCURVE_S1.);
#1194 = B_SPLINE_CURVE_WITH_KNOTS('',8,(#1195,#1196,#1197,#1198,#1199,
    #1200,#1201,#1202,#1203),.UNSPECIFIED.,.F.,.F.,(9,9),(0.,
    66.666666666679),.PIECEWISE_BEZIER_KNOTS.);
#1195 = CARTESIAN_POINT('',(-197.6646159292,36.7695526217,
    47.756670838055));
#1196 = CARTESIAN_POINT('',(-209.3559813391,26.742212657105,
    41.985711986793));
#1197 = CARTESIAN_POINT('',(-219.7762198391,13.589613147458,
    39.069750919448));
#1198 = CARTESIAN_POINT('',(-228.4631549141,-1.551255046378,
    40.04685308487));
#1199 = CARTESIAN_POINT('',(-235.1561838516,-17.05078440414,
    45.502341759048));
#1200 = CARTESIAN_POINT('',(-239.9066037789,-31.04441976732,
    55.32100170709));
#1201 = CARTESIAN_POINT('',(-243.1073851139,-41.93246820846,
    68.620206919925));
#1202 = CARTESIAN_POINT('',(-245.3521796614,-48.74753304883,
    84.066593612756));
#1203 = CARTESIAN_POINT('',(-247.2848340347,-51.21000315663,
    100.21405861556));
#1204 = PCURVE('',#190,#1205);
#1205 = DEFINITIONAL_REPRESENTATION('',(#1206),#1232);
#1206 = B_SPLINE_CURVE_WITH_KNOTS('',3,(#1207,#1208,#1209,#1210,#1211,
    #1212,#1213,#1214,#1215,#1216,#1217,#1218,#1219,#1220,#1221,#1222,
    #1223,#1224,#1225,#1226,#1227,#1228,#1229,#1230,#1231),
  .UNSPECIFIED.,.F.,.F.,(4,1,1,1,1,1,1,1,1,1,1,1,1,1,1,1,1,1,1,1,1,1,4),
  (0.,3.030303030304,6.060606060607,9.090909090911,12.121212121214,
    15.151515151518,18.181818181821,21.212121212125,24.242424242429,
    27.272727272732,30.303030303036,33.333333333339,36.363636363643,
    39.393939393947,42.42424242425,45.454545454554,48.484848484857,
    51.515151515161,54.545454545464,57.575757575768,60.606060606072,
    63.636363636375,66.666666666679),.QUASI_UNIFORM_KNOTS.);
#1207 = CARTESIAN_POINT('',(-2.356194490192,-225.));
#1208 = CARTESIAN_POINT('',(-2.389249977213,-226.0101010101));
#1209 = CARTESIAN_POINT('',(-2.455360955951,-228.0303030303));
#1210 = CARTESIAN_POINT('',(-2.554527415443,-231.0606060606));
#1211 = CARTESIAN_POINT('',(-2.653693817043,-234.0909090909));
#1212 = CARTESIAN_POINT('',(-2.752860204479,-237.1212121212));
#1213 = CARTESIAN_POINT('',(-2.852026613763,-240.1515151515));
#1214 = CARTESIAN_POINT('',(-2.951193060283,-243.1818181818));
#1215 = CARTESIAN_POINT('',(-3.050359532536,-246.2121212121));
#1216 = CARTESIAN_POINT('',(-3.149526005197,-249.2424242424));
#1217 = CARTESIAN_POINT('',(-3.24869245533,-252.2727272727));
#1218 = CARTESIAN_POINT('',(-3.347858874651,-255.303030303));
#1219 = CARTESIAN_POINT('',(-3.447025272689,-258.3333333333));
#1220 = CARTESIAN_POINT('',(-3.546191670727,-261.3636363636));
#1221 = CARTESIAN_POINT('',(-3.645358090047,-264.3939393939));
#1222 = CARTESIAN_POINT('',(-3.74452454018,-267.4242424242));
#1223 = CARTESIAN_POINT('',(-3.843691012841,-270.4545454545));
#1224 = CARTESIAN_POINT('',(-3.942857485095,-273.4848484848));
#1225 = CARTESIAN_POINT('',(-4.042023931615,-276.5151515151));
#1226 = CARTESIAN_POINT('',(-4.141190340899,-279.5454545454));
#1227 = CARTESIAN_POINT('',(-4.240356728334,-282.5757575757));
#1228 = CARTESIAN_POINT('',(-4.339523129934,-285.606060606));
#1229 = CARTESIAN_POINT('',(-4.438689589426,-288.6363636363));
#1230 = CARTESIAN_POINT('',(-4.504800568164,-290.6565656565));
#1231 = CARTESIAN_POINT('',(-4.537856055185,-291.6666666666));
#1232 = ( GEOMETRIC_REPRESENTATION_CONTEXT(2) 
PARAMETRIC_REPRESENTATION_CONTEXT() REPRESENTATION_CONTEXT('2D SPACE',''
  ) );
#1233 = PCURVE('',#1234,#1253);
#1234 = B_SPLINE_SURFACE_WITH_KNOTS('',1,8,(
    (#1235,#1236,#1237,#1238,#1239,#1240,#1241,#1242,#1243)
    ,(#1244,#1245,#1246,#1247,#1248,#1249,#1250,#1251,#1252
  )),.UNSPECIFIED.,.F.,.F.,.F.,(2,2),(9,9),(0.,44.),(0.,66.666666666667)
  ,.PIECEWISE_BEZIER_KNOTS.);
#1235 = CARTESIAN_POINT('',(-197.6646159292,36.7695526217,
    47.756670838055));
#1236 = CARTESIAN_POINT('',(-209.3559813391,26.742212657107,
    41.985711986794));
#1237 = CARTESIAN_POINT('',(-219.7762198391,13.589613147463,
    39.069750919449));
#1238 = CARTESIAN_POINT('',(-228.4631549141,-1.551255046369,
    40.046853084864));
#1239 = CARTESIAN_POINT('',(-235.1561838515,-17.0507844041,
    45.502341759001));
#1240 = CARTESIAN_POINT('',(-239.9066037789,-31.04441976735,
    55.321001707115));
#1241 = CARTESIAN_POINT('',(-243.1073851139,-41.93246820845,
    68.620206919919));
#1242 = CARTESIAN_POINT('',(-245.3521796614,-48.74753304882,
    84.066593612751));
#1243 = CARTESIAN_POINT('',(-247.2848340347,-51.21000315663,
    100.21405861556));
#1244 = CARTESIAN_POINT('',(-210.3192904222,67.882250993909,
    19.33380656512));
#1245 = CARTESIAN_POINT('',(-225.4616829519,49.370238751582,
    5.81171389495));
#1246 = CARTESIAN_POINT('',(-238.2573796479,25.088516579933,
    -2.439613635683));
#1247 = CARTESIAN_POINT('',(-247.8531315595,-2.863855470221,
    -3.503747505837));
#1248 = CARTESIAN_POINT('',(-253.7678259863,-31.47837120757,
    3.699909101651));
#1249 = CARTESIAN_POINT('',(-256.0961653175,-57.31277495511,
    18.95865113802));
#1250 = CARTESIAN_POINT('',(-255.5636334013,-77.41378746175,
    40.643015201508));
#1251 = CARTESIAN_POINT('',(-253.2662028006,-89.9954456286,
    66.29140661274));
#1252 = CARTESIAN_POINT('',(-250.3925134166,-94.54154428917,
    93.234096442401));
#1253 = DEFINITIONAL_REPRESENTATION('',(#1254),#1258);
#1254 = LINE('',#1255,#1256);
#1255 = CARTESIAN_POINT('',(5.510774034235E-15,-1.27780327633E-14));
#1256 = VECTOR('',#1257,1.);
#1257 = DIRECTION('',(3.418348517053E-16,1.));
#1258 = ( GEOMETRIC_REPRESENTATION_CONTEXT(2) 
PARAMETRIC_REPRESENTATION_CONTEXT() REPRESENTATION_CONTEXT('2D SPACE',''
  ) );
#1259 = ORIENTED_EDGE('',*,*,#1260,.F.);
#1260 = EDGE_CURVE('',#1261,#1191,#1263,.T.);
#1261 = VERTEX_POINT('',#1262);
#1262 = CARTESIAN_POINT('',(-100.9770762431,9.02970523868,
    101.01421817971));
#1263 = SURFACE_CURVE('',#1264,(#1274,#1303),.PCURVE_S1.);
#1264 = B_SPLINE_CURVE_WITH_KNOTS('',8,(#1265,#1266,#1267,#1268,#1269,
    #1270,#1271,#1272,#1273),.UNSPECIFIED.,.F.,.F.,(9,9),(0.,
    66.666666666658),.PIECEWISE_BEZIER_KNOTS.);
#1265 = CARTESIAN_POINT('',(-100.9770762431,9.02970523868,
    101.01421817971));
#1266 = CARTESIAN_POINT('',(-109.5915318821,22.995067192428,
    102.15411182377));
#1267 = CARTESIAN_POINT('',(-119.9763472914,36.193003393996,
    99.317712320943));
#1268 = CARTESIAN_POINT('',(-132.0177943776,47.040556850988,
    92.760457150618));
#1269 = CARTESIAN_POINT('',(-145.3223974635,54.078179192269,
    83.366107154219));
#1270 = CARTESIAN_POINT('',(-159.2395028172,56.339715967716,
    72.596054539545));
#1271 = CARTESIAN_POINT('',(-173.0107275334,53.699048401569,
    62.153655201918));
#1272 = CARTESIAN_POINT('',(-185.9732505194,46.796892586296,
    53.527629689315));
#1273 = CARTESIAN_POINT('',(-197.6646159292,36.7695526217,
    47.756670838055));
#1274 = PCURVE('',#190,#1275);
#1275 = DEFINITIONAL_REPRESENTATION('',(#1276),#1302);
#1276 = B_SPLINE_CURVE_WITH_KNOTS('',3,(#1277,#1278,#1279,#1280,#1281,
    #1282,#1283,#1284,#1285,#1286,#1287,#1288,#1289,#1290,#1291,#1292,
    #1293,#1294,#1295,#1296,#1297,#1298,#1299,#1300,#1301),
  .UNSPECIFIED.,.F.,.F.,(4,1,1,1,1,1,1,1,1,1,1,1,1,1,1,1,1,1,1,1,1,1,4),
  (0.,3.030303030303,6.060606060605,9.090909090908,12.121212121211,
    15.151515151513,18.181818181816,21.212121212119,24.242424242421,
    27.272727272724,30.303030303027,33.333333333329,36.363636363632,
    39.393939393935,42.424242424237,45.45454545454,48.484848484843,
    51.515151515145,54.545454545448,57.57575757575,60.606060606053,
    63.636363636356,66.666666666658),.QUASI_UNIFORM_KNOTS.);
#1277 = CARTESIAN_POINT('',(-0.174532925199,-158.3333333333));
#1278 = CARTESIAN_POINT('',(-0.20758841222,-159.3434343434));
#1279 = CARTESIAN_POINT('',(-0.273699390958,-161.3636363636));
#1280 = CARTESIAN_POINT('',(-0.37286585045,-164.3939393939));
#1281 = CARTESIAN_POINT('',(-0.47203225205,-167.4242424242));
#1282 = CARTESIAN_POINT('',(-0.571198639486,-170.4545454545));
#1283 = CARTESIAN_POINT('',(-0.67036504877,-173.4848484848));
#1284 = CARTESIAN_POINT('',(-0.76953149529,-176.5151515151));
#1285 = CARTESIAN_POINT('',(-0.868697967543,-179.5454545454));
#1286 = CARTESIAN_POINT('',(-0.967864440204,-182.5757575757));
#1287 = CARTESIAN_POINT('',(-1.067030890337,-185.606060606));
#1288 = CARTESIAN_POINT('',(-1.166197309658,-188.6363636363));
#1289 = CARTESIAN_POINT('',(-1.265363707696,-191.6666666666));
#1290 = CARTESIAN_POINT('',(-1.364530105733,-194.6969696969));
#1291 = CARTESIAN_POINT('',(-1.463696525054,-197.7272727272));
#1292 = CARTESIAN_POINT('',(-1.562862975187,-200.7575757575));
#1293 = CARTESIAN_POINT('',(-1.662029447848,-203.7878787878));
#1294 = CARTESIAN_POINT('',(-1.761195920102,-206.8181818181));
#1295 = CARTESIAN_POINT('',(-1.860362366622,-209.8484848484));
#1296 = CARTESIAN_POINT('',(-1.959528775906,-212.8787878787));
#1297 = CARTESIAN_POINT('',(-2.058695163341,-215.909090909));
#1298 = CARTESIAN_POINT('',(-2.157861564941,-218.9393939393));
#1299 = CARTESIAN_POINT('',(-2.257028024433,-221.9696969696));
#1300 = CARTESIAN_POINT('',(-2.323139003171,-223.9898989898));
#1301 = CARTESIAN_POINT('',(-2.356194490192,-225.));
#1302 = ( GEOMETRIC_REPRESENTATION_CONTEXT(2) 
PARAMETRIC_REPRESENTATION_CONTEXT() REPRESENTATION_CONTEXT('2D SPACE',''
  ) );
#1303 = PCURVE('',#1304,#1323);
#1304 = B_SPLINE_SURFACE_WITH_KNOTS('',1,8,(
    (#1305,#1306,#1307,#1308,#1309,#1310,#1311,#1312,#1313)
    ,(#1314,#1315,#1316,#1317,#1318,#1319,#1320,#1321,#1322
  )),.UNSPECIFIED.,.F.,.F.,.F.,(2,2),(9,9),(0.,44.),(0.,66.666666666667)
  ,.PIECEWISE_BEZIER_KNOTS.);
#1305 = CARTESIAN_POINT('',(-100.9770762431,9.02970523868,
    101.01421817971));
#1306 = CARTESIAN_POINT('',(-109.5915318821,22.99506719243,
    102.15411182377));
#1307 = CARTESIAN_POINT('',(-119.9763472914,36.193003394,99.317712320943
    ));
#1308 = CARTESIAN_POINT('',(-132.0177943776,47.040556850992,
    92.760457150614));
#1309 = CARTESIAN_POINT('',(-145.3223974634,54.078179192277,
    83.36610715425));
#1310 = CARTESIAN_POINT('',(-159.2395028173,56.339715967726,
    72.596054539519));
#1311 = CARTESIAN_POINT('',(-173.0107275334,53.69904840156,
    62.153655201912));
#1312 = CARTESIAN_POINT('',(-185.9732505194,46.796892586294,
    53.527629689316));
#1313 = CARTESIAN_POINT('',(-197.6646159292,36.7695526217,
    47.756670838055));
#1314 = CARTESIAN_POINT('',(-83.35255066363,16.670225056025,
    140.59955075399));
#1315 = CARTESIAN_POINT('',(-92.81449438561,42.452431739871,
    139.83595499827));
#1316 = CARTESIAN_POINT('',(-105.5447946064,66.817852419691,
    131.73151035596));
#1317 = CARTESIAN_POINT('',(-121.3334917694,86.844104955678,
    116.75779371213));
#1318 = CARTESIAN_POINT('',(-139.4541692393,99.836638508819,
    96.54636354331));
#1319 = CARTESIAN_POINT('',(-158.7056201272,104.01178332503,
    73.795174694426));
#1320 = CARTESIAN_POINT('',(-177.6877529146,99.13670474134,
    51.64888420331));
#1321 = CARTESIAN_POINT('',(-195.1768978925,86.394263236236,
    32.85589923529));
#1322 = CARTESIAN_POINT('',(-210.3192904222,67.882250993909,
    19.33380656512));
#1323 = DEFINITIONAL_REPRESENTATION('',(#1324),#1328);
#1324 = LINE('',#1325,#1326);
#1325 = CARTESIAN_POINT('',(3.073586719124E-14,3.717672027372E-16));
#1326 = VECTOR('',#1327,1.);
#1327 = DIRECTION('',(7.303019142472E-17,1.));
#1328 = ( GEOMETRIC_REPRESENTATION_CONTEXT(2) 
PARAMETRIC_REPRESENTATION_CONTEXT() REPRESENTATION_CONTEXT('2D SPACE',''
  ) );
#1329 = ORIENTED_EDGE('',*,*,#1330,.F.);
#1330 = EDGE_CURVE('',#492,#1261,#1331,.T.);
#1331 = SURFACE_CURVE('',#1332,(#1342,#1352),.PCURVE_S1.);
#1332 = B_SPLINE_CURVE_WITH_KNOTS('',8,(#1333,#1334,#1335,#1336,#1337,
    #1338,#1339,#1340,#1341),.UNSPECIFIED.,.F.,.F.,(9,9),(0.,
    66.666666666667),.PIECEWISE_BEZIER_KNOTS.);
#1333 = CARTESIAN_POINT('',(-69.84153582982,-47.1280049259,
    7.039564551892));
#1334 = CARTESIAN_POINT('',(-72.22696631492,-53.12107004488,
    22.170077757199));
#1335 = CARTESIAN_POINT('',(-73.85265041383,-55.1085209626,
    39.007009284764));
#1336 = CARTESIAN_POINT('',(-75.31122815032,-52.41145487875,
    56.219267847437));
#1337 = CARTESIAN_POINT('',(-77.31467899092,-44.98515420681,
    72.207721381219));
#1338 = CARTESIAN_POINT('',(-80.55810510515,-33.58584725224,
    85.411144851645));
#1339 = CARTESIAN_POINT('',(-85.51851720448,-19.66854942676,
    94.758154659296));
#1340 = CARTESIAN_POINT('',(-92.36262060417,-4.935656715069,
    99.874324535648));
#1341 = CARTESIAN_POINT('',(-100.9770762431,9.02970523868,
    101.01421817971));
#1342 = PCURVE('',#190,#1343);
#1343 = DEFINITIONAL_REPRESENTATION('',(#1344),#1351);
#1344 = B_SPLINE_CURVE_WITH_KNOTS('',5,(#1345,#1346,#1347,#1348,#1349,
    #1350),.UNSPECIFIED.,.F.,.F.,(6,6),(61.33333474607,66.666666666667),
  .PIECEWISE_BEZIER_KNOTS.);
#1345 = CARTESIAN_POINT('',(1.7763568394E-15,-153.0000014127));
#1346 = CARTESIAN_POINT('',(-3.490657646328E-02,-154.0666677968));
#1347 = CARTESIAN_POINT('',(-6.981316472342E-02,-155.1333341809));
#1348 = CARTESIAN_POINT('',(-0.104719754151,-156.200000565));
#1349 = CARTESIAN_POINT('',(-0.139626349406,-157.2666669492));
#1350 = CARTESIAN_POINT('',(-0.174532925199,-158.3333333333));
#1351 = ( GEOMETRIC_REPRESENTATION_CONTEXT(2) 
PARAMETRIC_REPRESENTATION_CONTEXT() REPRESENTATION_CONTEXT('2D SPACE',''
  ) );
#1352 = PCURVE('',#558,#1353);
#1353 = DEFINITIONAL_REPRESENTATION('',(#1354),#1358);
#1354 = LINE('',#1355,#1356);
#1355 = CARTESIAN_POINT('',(0.,0.));
#1356 = VECTOR('',#1357,1.);
#1357 = DIRECTION('',(0.,1.));
#1358 = ( GEOMETRIC_REPRESENTATION_CONTEXT(2) 
PARAMETRIC_REPRESENTATION_CONTEXT() REPRESENTATION_CONTEXT('2D SPACE',''
  ) );
#1359 = ORIENTED_EDGE('',*,*,#491,.T.);
#1360 = ORIENTED_EDGE('',*,*,#1361,.F.);
#1361 = EDGE_CURVE('',#1362,#422,#1364,.T.);
#1362 = VERTEX_POINT('',#1363);
#1363 = CARTESIAN_POINT('',(-224.2530046819,20.942827872654,
    151.94439431225));
#1364 = SURFACE_CURVE('',#1365,(#1375,#1404),.PCURVE_S1.);
#1365 = B_SPLINE_CURVE_WITH_KNOTS('',8,(#1366,#1367,#1368,#1369,#1370,
    #1371,#1372,#1373,#1374),.UNSPECIFIED.,.F.,.F.,(9,9),(
    57.125125034118,69.791790271046),.PIECEWISE_BEZIER_KNOTS.);
#1366 = CARTESIAN_POINT('',(-224.2530046819,20.942827872654,
    151.94439431225));
#1367 = CARTESIAN_POINT('',(-222.3651911654,18.476656806641,
    152.2917205508));
#1368 = CARTESIAN_POINT('',(-220.5367771581,15.946224835469,
    152.50563330714));
#1369 = CARTESIAN_POINT('',(-218.7695675406,13.361625140609,
    152.58207875333));
#1370 = CARTESIAN_POINT('',(-217.0650277224,10.733315154025,
    152.51776552551));
#1371 = CARTESIAN_POINT('',(-215.4242675874,8.072032752243,
    152.31020078403));
#1372 = CARTESIAN_POINT('',(-213.8480306496,5.388705210166,
    151.95771456879));
#1373 = CARTESIAN_POINT('',(-212.3366886793,2.694354753275,
    151.45947187012));
#1374 = CARTESIAN_POINT('',(-210.8902417067,3.857699511389E-06,
    150.81547262006));
#1375 = PCURVE('',#190,#1376);
#1376 = DEFINITIONAL_REPRESENTATION('',(#1377),#1403);
#1377 = B_SPLINE_CURVE_WITH_KNOTS('',3,(#1378,#1379,#1380,#1381,#1382,
    #1383,#1384,#1385,#1386,#1387,#1388,#1389,#1390,#1391,#1392,#1393,
    #1394,#1395,#1396,#1397,#1398,#1399,#1400,#1401,#1402),
  .UNSPECIFIED.,.F.,.F.,(4,1,1,1,1,1,1,1,1,1,1,1,1,1,1,1,1,1,1,1,1,1,4),
  (57.125125034118,57.700882544888,58.276640055657,58.852397566427,
    59.428155077196,60.003912587965,60.579670098735,61.155427609504,
    61.731185120274,62.306942631043,62.882700141813,63.458457652582,
    64.034215163351,64.609972674121,65.18573018489,65.76148769566,
    66.337245206429,66.913002717199,67.488760227968,68.064517738737,
    68.640275249507,69.216032760276,69.791790271046),
  .QUASI_UNIFORM_KNOTS.);
#1378 = CARTESIAN_POINT('',(-0.414515697349,-291.6666666666));
#1379 = CARTESIAN_POINT('',(-0.408235157171,-291.4747474964));
#1380 = CARTESIAN_POINT('',(-0.395674075455,-291.0909091558));
#1381 = CARTESIAN_POINT('',(-0.376832449959,-290.5151516451));
#1382 = CARTESIAN_POINT('',(-0.357990822784,-289.9393941343));
#1383 = CARTESIAN_POINT('',(-0.339149194895,-289.3636366235));
#1384 = CARTESIAN_POINT('',(-0.32030756709,-288.7878791128));
#1385 = CARTESIAN_POINT('',(-0.301465939989,-288.212121602));
#1386 = CARTESIAN_POINT('',(-0.282624314052,-287.6363640912));
#1387 = CARTESIAN_POINT('',(-0.263782689599,-287.0606065805));
#1388 = CARTESIAN_POINT('',(-0.244941066818,-286.4848490697));
#1389 = CARTESIAN_POINT('',(-0.226099445792,-285.9090915589));
#1390 = CARTESIAN_POINT('',(-0.207257826506,-285.3333340482));
#1391 = CARTESIAN_POINT('',(-0.188416208867,-284.7575765374));
#1392 = CARTESIAN_POINT('',(-0.16957459272,-284.1818190266));
#1393 = CARTESIAN_POINT('',(-0.15073297786,-283.6060615158));
#1394 = CARTESIAN_POINT('',(-0.131891364048,-283.0303040051));
#1395 = CARTESIAN_POINT('',(-0.113049751021,-282.4545464943));
#1396 = CARTESIAN_POINT('',(-9.420813850478E-02,-281.8787889835));
#1397 = CARTESIAN_POINT('',(-7.536652622323E-02,-281.3030314728));
#1398 = CARTESIAN_POINT('',(-5.652491390791E-02,-280.727273962));
#1399 = CARTESIAN_POINT('',(-3.768330130589E-02,-280.1515164512));
#1400 = CARTESIAN_POINT('',(-1.884168818261E-02,-279.5757589405));
#1401 = CARTESIAN_POINT('',(-6.280612288143E-03,-279.1919205999));
#1402 = CARTESIAN_POINT('',(-7.418652765987E-08,-279.0000014297));
#1403 = ( GEOMETRIC_REPRESENTATION_CONTEXT(2) 
PARAMETRIC_REPRESENTATION_CONTEXT() REPRESENTATION_CONTEXT('2D SPACE',''
  ) );
#1404 = PCURVE('',#465,#1405);
#1405 = DEFINITIONAL_REPRESENTATION('',(#1406),#1410);
#1406 = LINE('',#1407,#1408);
#1407 = CARTESIAN_POINT('',(44.,123.79179170078));
#1408 = VECTOR('',#1409,1.);
#1409 = DIRECTION('',(2.243819418827E-15,-1.));
#1410 = ( GEOMETRIC_REPRESENTATION_CONTEXT(2) 
PARAMETRIC_REPRESENTATION_CONTEXT() REPRESENTATION_CONTEXT('2D SPACE',''
  ) );
#1411 = ORIENTED_EDGE('',*,*,#1412,.F.);
#1412 = EDGE_CURVE('',#1413,#1362,#1415,.T.);
#1413 = VERTEX_POINT('',#1414);
#1414 = CARTESIAN_POINT('',(-322.5967997364,26.976209424347,
    94.96683650609));
#1415 = SURFACE_CURVE('',#1416,(#1426,#1455),.PCURVE_S1.);
#1416 = B_SPLINE_CURVE_WITH_KNOTS('',8,(#1417,#1418,#1419,#1420,#1421,
    #1422,#1423,#1424,#1425),.UNSPECIFIED.,.F.,.F.,(9,9),(
    57.125125045733,123.7917917124),.PIECEWISE_BEZIER_KNOTS.);
#1417 = CARTESIAN_POINT('',(-322.5967997364,26.976209424347,
    94.96683650609));
#1418 = CARTESIAN_POINT('',(-311.9917140367,39.09954382742,
    98.297971181735));
#1419 = CARTESIAN_POINT('',(-299.849770572,48.930085494052,
    105.08094491351));
#1420 = CARTESIAN_POINT('',(-286.5103193237,55.093847760702,
    114.55356516439));
#1421 = CARTESIAN_POINT('',(-272.5552447154,56.581141414341,
    125.40889812118));
#1422 = CARTESIAN_POINT('',(-258.7333885716,53.071292470959,
    135.96501750683));
#1423 = CARTESIAN_POINT('',(-245.7701617596,45.122542953038,
    144.59262383883));
#1424 = CARTESIAN_POINT('',(-234.1888664169,33.9226770536,
    150.11636127146));
#1425 = CARTESIAN_POINT('',(-224.2530046819,20.942827872654,
    151.94439431225));
#1426 = PCURVE('',#190,#1427);
#1427 = DEFINITIONAL_REPRESENTATION('',(#1428),#1454);
#1428 = B_SPLINE_CURVE_WITH_KNOTS('',3,(#1429,#1430,#1431,#1432,#1433,
    #1434,#1435,#1436,#1437,#1438,#1439,#1440,#1441,#1442,#1443,#1444,
    #1445,#1446,#1447,#1448,#1449,#1450,#1451,#1452,#1453),
  .UNSPECIFIED.,.F.,.F.,(4,1,1,1,1,1,1,1,1,1,1,1,1,1,1,1,1,1,1,1,1,1,4),
  (57.125125045733,60.155428076036,63.185731106339,66.216034136642,
    69.246337166946,72.276640197249,75.306943227552,78.337246257855,
    81.367549288158,84.397852318462,87.428155348765,90.458458379068,
    93.488761409371,96.519064439675,99.549367469978,102.57967050028,
    105.60997353058,108.64027656088,111.67057959119,114.70088262149,
    117.73118565179,120.7614886821,123.7917917124),
  .QUASI_UNIFORM_KNOTS.);
#1429 = CARTESIAN_POINT('',(-2.596177262342,-358.3333333333));
#1430 = CARTESIAN_POINT('',(-2.563121775321,-357.3232323232));
#1431 = CARTESIAN_POINT('',(-2.497010796582,-355.303030303));
#1432 = CARTESIAN_POINT('',(-2.397844337091,-352.2727272727));
#1433 = CARTESIAN_POINT('',(-2.29867793549,-349.2424242424));
#1434 = CARTESIAN_POINT('',(-2.199511548055,-346.2121212121));
#1435 = CARTESIAN_POINT('',(-2.100345138771,-343.1818181818));
#1436 = CARTESIAN_POINT('',(-2.001178692251,-340.1515151515));
#1437 = CARTESIAN_POINT('',(-1.902012219998,-337.1212121212));
#1438 = CARTESIAN_POINT('',(-1.802845747337,-334.0909090909));
#1439 = CARTESIAN_POINT('',(-1.703679297204,-331.0606060606));
#1440 = CARTESIAN_POINT('',(-1.604512877883,-328.0303030303));
#1441 = CARTESIAN_POINT('',(-1.505346479845,-325.));
#1442 = CARTESIAN_POINT('',(-1.406180081807,-321.9696969697));
#1443 = CARTESIAN_POINT('',(-1.307013662486,-318.9393939394));
#1444 = CARTESIAN_POINT('',(-1.207847212353,-315.909090909));
#1445 = CARTESIAN_POINT('',(-1.108680739692,-312.8787878787));
#1446 = CARTESIAN_POINT('',(-1.009514267439,-309.8484848484));
#1447 = CARTESIAN_POINT('',(-0.910347820919,-306.8181818181));
#1448 = CARTESIAN_POINT('',(-0.811181411635,-303.7878787878));
#1449 = CARTESIAN_POINT('',(-0.7120150242,-300.7575757575));
#1450 = CARTESIAN_POINT('',(-0.612848622599,-297.7272727272));
#1451 = CARTESIAN_POINT('',(-0.513682163108,-294.6969696969));
#1452 = CARTESIAN_POINT('',(-0.44757118437,-292.6767676767));
#1453 = CARTESIAN_POINT('',(-0.414515697349,-291.6666666666));
#1454 = ( GEOMETRIC_REPRESENTATION_CONTEXT(2) 
PARAMETRIC_REPRESENTATION_CONTEXT() REPRESENTATION_CONTEXT('2D SPACE',''
  ) );
#1455 = PCURVE('',#1456,#1475);
#1456 = B_SPLINE_SURFACE_WITH_KNOTS('',1,8,(
    (#1457,#1458,#1459,#1460,#1461,#1462,#1463,#1464,#1465)
    ,(#1466,#1467,#1468,#1469,#1470,#1471,#1472,#1473,#1474
  )),.UNSPECIFIED.,.F.,.F.,.F.,(2,2),(9,9),(0.,44.),(0.,66.666666666667)
  ,.PIECEWISE_BEZIER_KNOTS.);
#1457 = CARTESIAN_POINT('',(-207.8722130729,38.663682226439,
    188.73625465167));
#1458 = CARTESIAN_POINT('',(-219.7736757414,62.62648071434,
    182.49340963158));
#1459 = CARTESIAN_POINT('',(-234.7128619932,83.303156221015,
    169.42772573433));
#1460 = CARTESIAN_POINT('',(-252.2033063424,97.977770715623,
    150.63182233037));
#1461 = CARTESIAN_POINT('',(-271.2789125344,104.4574918418,
    128.27558713521));
#1462 = CARTESIAN_POINT('',(-290.6004605077,101.71171894283,
    105.36695765487));
#1463 = CARTESIAN_POINT('',(-308.7854730468,90.332465527479,
    85.011028554638));
#1464 = CARTESIAN_POINT('',(-324.7597019853,72.183773219851,
    69.620600720434));
#1465 = CARTESIAN_POINT('',(-337.8966550502,49.80223278341,
    60.602798836018));
#1466 = CARTESIAN_POINT('',(-224.2530046819,20.942827872654,
    151.94439431225));
#1467 = CARTESIAN_POINT('',(-234.1888664169,33.922677053601,
    150.11636127145));
#1468 = CARTESIAN_POINT('',(-245.7701617596,45.12254295305,
    144.59262383885));
#1469 = CARTESIAN_POINT('',(-258.7333885717,53.071292470962,
    135.96501750679));
#1470 = CARTESIAN_POINT('',(-272.5552447153,56.58114141431,
    125.40889812116));
#1471 = CARTESIAN_POINT('',(-286.5103193238,55.093847760704,
    114.55356516439));
#1472 = CARTESIAN_POINT('',(-299.849770572,48.930085494051,
    105.08094491351));
#1473 = CARTESIAN_POINT('',(-311.9917140367,39.099543827419,
    98.297971181734));
#1474 = CARTESIAN_POINT('',(-322.5967997364,26.976209424347,
    94.96683650609));
#1475 = DEFINITIONAL_REPRESENTATION('',(#1476),#1480);
#1476 = LINE('',#1477,#1478);
#1477 = CARTESIAN_POINT('',(44.,123.79179171239));
#1478 = VECTOR('',#1479,1.);
#1479 = DIRECTION('',(-3.19744231092E-16,-1.));
#1480 = ( GEOMETRIC_REPRESENTATION_CONTEXT(2) 
PARAMETRIC_REPRESENTATION_CONTEXT() REPRESENTATION_CONTEXT('2D SPACE',''
  ) );
#1481 = ORIENTED_EDGE('',*,*,#1482,.F.);
#1482 = EDGE_CURVE('',#1483,#1413,#1485,.T.);
#1483 = VERTEX_POINT('',#1484);
#1484 = CARTESIAN_POINT('',(-364.034886897,-51.8886640084,
    165.80159127475));
#1485 = SURFACE_CURVE('',#1486,(#1496,#1525),.PCURVE_S1.);
#1486 = B_SPLINE_CURVE_WITH_KNOTS('',8,(#1487,#1488,#1489,#1490,#1491,
    #1492,#1493,#1494,#1495),.UNSPECIFIED.,.F.,.F.,(9,9),(
    57.125125036105,123.79179170277),.PIECEWISE_BEZIER_KNOTS.);
#1487 = CARTESIAN_POINT('',(-364.034886897,-51.8886640084,
    165.80159127475));
#1488 = CARTESIAN_POINT('',(-362.1775097298,-52.81613271467,
    149.48505089902));
#1489 = CARTESIAN_POINT('',(-360.4377272213,-49.33333676964,
    132.90438859524));
#1490 = CARTESIAN_POINT('',(-358.1631125064,-41.33562768361,
    117.52497909499));
#1491 = CARTESIAN_POINT('',(-354.6835029944,-29.41576449161,
    104.8520322208));
#1492 = CARTESIAN_POINT('',(-349.4625387742,-14.89795495083,
    96.090232058648));
#1493 = CARTESIAN_POINT('',(-342.2701358696,0.436656726232,
    91.756355678576));
#1494 = CARTESIAN_POINT('',(-333.2018854362,14.852875021277,
    91.635701830443));
#1495 = CARTESIAN_POINT('',(-322.5967997364,26.976209424347,
    94.96683650609));
#1496 = PCURVE('',#190,#1497);
#1497 = DEFINITIONAL_REPRESENTATION('',(#1498),#1524);
#1498 = B_SPLINE_CURVE_WITH_KNOTS('',3,(#1499,#1500,#1501,#1502,#1503,
    #1504,#1505,#1506,#1507,#1508,#1509,#1510,#1511,#1512,#1513,#1514,
    #1515,#1516,#1517,#1518,#1519,#1520,#1521,#1522,#1523),
  .UNSPECIFIED.,.F.,.F.,(4,1,1,1,1,1,1,1,1,1,1,1,1,1,1,1,1,1,1,1,1,1,4),
  (57.125125036105,60.155428066408,63.185731096712,66.216034127015,
    69.246337157318,72.276640187621,75.306943217924,78.337246248227,
    81.36754927853,84.397852308833,87.428155339136,90.45845836944,
    93.488761399743,96.519064430046,99.549367460349,102.57967049065,
    105.60997352095,108.64027655125,111.67057958156,114.70088261186,
    117.73118564216,120.76148867247,123.79179170277),
  .QUASI_UNIFORM_KNOTS.);
#1499 = CARTESIAN_POINT('',(-4.777838827334,-425.));
#1500 = CARTESIAN_POINT('',(-4.744783340314,-423.9898989898));
#1501 = CARTESIAN_POINT('',(-4.678672361575,-421.9696969696));
#1502 = CARTESIAN_POINT('',(-4.579505902084,-418.9393939393));
#1503 = CARTESIAN_POINT('',(-4.480339500483,-415.909090909));
#1504 = CARTESIAN_POINT('',(-4.381173113048,-412.8787878787));
#1505 = CARTESIAN_POINT('',(-4.282006703764,-409.8484848484));
#1506 = CARTESIAN_POINT('',(-4.182840257244,-406.8181818181));
#1507 = CARTESIAN_POINT('',(-4.08367378499,-403.7878787878));
#1508 = CARTESIAN_POINT('',(-3.984507312329,-400.7575757575));
#1509 = CARTESIAN_POINT('',(-3.885340862196,-397.7272727272));
#1510 = CARTESIAN_POINT('',(-3.786174442875,-394.6969696969));
#1511 = CARTESIAN_POINT('',(-3.687008044838,-391.6666666666));
#1512 = CARTESIAN_POINT('',(-3.5878416468,-388.6363636363));
#1513 = CARTESIAN_POINT('',(-3.48867522748,-385.606060606));
#1514 = CARTESIAN_POINT('',(-3.389508777347,-382.5757575757));
#1515 = CARTESIAN_POINT('',(-3.290342304686,-379.5454545454));
#1516 = CARTESIAN_POINT('',(-3.191175832432,-376.5151515151));
#1517 = CARTESIAN_POINT('',(-3.092009385912,-373.4848484848));
#1518 = CARTESIAN_POINT('',(-2.992842976628,-370.4545454545));
#1519 = CARTESIAN_POINT('',(-2.893676589193,-367.4242424242));
#1520 = CARTESIAN_POINT('',(-2.794510187592,-364.3939393939));
#1521 = CARTESIAN_POINT('',(-2.695343728101,-361.3636363636));
#1522 = CARTESIAN_POINT('',(-2.629232749363,-359.3434343434));
#1523 = CARTESIAN_POINT('',(-2.596177262342,-358.3333333333));
#1524 = ( GEOMETRIC_REPRESENTATION_CONTEXT(2) 
PARAMETRIC_REPRESENTATION_CONTEXT() REPRESENTATION_CONTEXT('2D SPACE',''
  ) );
#1525 = PCURVE('',#1526,#1545);
#1526 = B_SPLINE_SURFACE_WITH_KNOTS('',1,8,(
    (#1527,#1528,#1529,#1530,#1531,#1532,#1533,#1534,#1535)
    ,(#1536,#1537,#1538,#1539,#1540,#1541,#1542,#1543,#1544
  )),.UNSPECIFIED.,.F.,.F.,.F.,(2,2),(9,9),(0.,44.),(0.,66.666666666667)
  ,.PIECEWISE_BEZIER_KNOTS.);
#1527 = CARTESIAN_POINT('',(-337.8966550502,49.80223278341,
    60.602798836018));
#1528 = CARTESIAN_POINT('',(-351.0336081151,27.420692346969,
    51.584996951602));
#1529 = CARTESIAN_POINT('',(-361.333326842,0.806135494575,
    48.939727726493));
#1530 = CARTESIAN_POINT('',(-368.169942439,-27.50391683213,
    54.072715483204));
#1531 = CARTESIAN_POINT('',(-371.3669789265,-54.30602675393,
    67.380331761178));
#1532 = CARTESIAN_POINT('',(-371.3492067213,-76.31192803129,
    87.908526584006));
#1533 = CARTESIAN_POINT('',(-369.1068287373,-91.07692942087,
    113.43326779355));
#1534 = CARTESIAN_POINT('',(-365.8770682183,-97.50670655016,
    141.17570648654));
#1535 = CARTESIAN_POINT('',(-362.8644055309,-95.7944566309,
    168.4305354662));
#1536 = CARTESIAN_POINT('',(-322.5967997364,26.976209424347,
    94.96683650609));
#1537 = CARTESIAN_POINT('',(-333.2018854362,14.852875021275,
    91.635701830446));
#1538 = CARTESIAN_POINT('',(-342.2701358696,0.436656726227,
    91.756355678594));
#1539 = CARTESIAN_POINT('',(-349.4625387742,-14.89795495074,
    96.090232058559));
#1540 = CARTESIAN_POINT('',(-354.6835029945,-29.41576449171,
    104.85203222087));
#1541 = CARTESIAN_POINT('',(-358.1631125063,-41.33562768361,
    117.52497909498));
#1542 = CARTESIAN_POINT('',(-360.4377272213,-49.33333676964,
    132.90438859524));
#1543 = CARTESIAN_POINT('',(-362.1775097298,-52.81613271467,
    149.48505089902));
#1544 = CARTESIAN_POINT('',(-364.034886897,-51.8886640084,
    165.80159127475));
#1545 = DEFINITIONAL_REPRESENTATION('',(#1546),#1550);
#1546 = LINE('',#1547,#1548);
#1547 = CARTESIAN_POINT('',(44.,123.79179170277));
#1548 = VECTOR('',#1549,1.);
#1549 = DIRECTION('',(-2.13162820728E-16,-1.));
#1550 = ( GEOMETRIC_REPRESENTATION_CONTEXT(2) 
PARAMETRIC_REPRESENTATION_CONTEXT() REPRESENTATION_CONTEXT('2D SPACE',''
  ) );
#1551 = ORIENTED_EDGE('',*,*,#1552,.T.);
#1552 = EDGE_CURVE('',#1483,#1553,#1555,.T.);
#1553 = VERTEX_POINT('',#1554);
#1554 = CARTESIAN_POINT('',(-365.418183057,-52.,162.69465723032));
#1555 = SURFACE_CURVE('',#1556,(#1561,#1568),.PCURVE_S1.);
#1556 = CIRCLE('',#1557,52.);
#1557 = AXIS2_PLACEMENT_3D('',#1558,#1559,#1560);
#1558 = CARTESIAN_POINT('',(-365.418183057,0.,162.69465723032));
#1559 = DIRECTION('',(0.913545457643,0.,-0.406736643076));
#1560 = DIRECTION('',(0.406736643076,0.,0.913545457643));
#1561 = PCURVE('',#190,#1562);
#1562 = DEFINITIONAL_REPRESENTATION('',(#1563),#1567);
#1563 = LINE('',#1564,#1565);
#1564 = CARTESIAN_POINT('',(-6.28318530718,-425.));
#1565 = VECTOR('',#1566,1.);
#1566 = DIRECTION('',(1.,-0.));
#1567 = ( GEOMETRIC_REPRESENTATION_CONTEXT(2) 
PARAMETRIC_REPRESENTATION_CONTEXT() REPRESENTATION_CONTEXT('2D SPACE',''
  ) );
#1568 = PCURVE('',#1569,#1574);
#1569 = PLANE('',#1570);
#1570 = AXIS2_PLACEMENT_3D('',#1571,#1572,#1573);
#1571 = CARTESIAN_POINT('',(-364.4253251298,-74.5658714288,
    164.92465264614));
#1572 = DIRECTION('',(-0.913545457643,0.,0.406736643076));
#1573 = DIRECTION('',(-0.333179152663,0.573576436351,-0.748332629179));
#1574 = DEFINITIONAL_REPRESENTATION('',(#1575),#1583);
#1575 = ( BOUNDED_CURVE() B_SPLINE_CURVE(2,(#1576,#1577,#1578,#1579,
#1580,#1581,#1582),.UNSPECIFIED.,.T.,.F.) B_SPLINE_CURVE_WITH_KNOTS((1,2
    ,2,2,2,1),(-2.094395102393,0.,2.094395102393,4.188790204786,
6.28318530718,8.377580409573),.UNSPECIFIED.) CURVE() 
GEOMETRIC_REPRESENTATION_ITEM() RATIONAL_B_SPLINE_CURVE((1.,0.5,1.,0.5,
1.,0.5,1.)) REPRESENTATION_ITEM('') );
#1576 = CARTESIAN_POINT('',(2.172898400011,-89.50664118968));
#1577 = CARTESIAN_POINT('',(-49.48720514877,-15.7283672784));
#1578 = CARTESIAN_POINT('',(40.23670608016,-7.878542198662));
#1579 = CARTESIAN_POINT('',(129.96061730909,-2.871711892445E-02));
#1580 = CARTESIAN_POINT('',(91.896809628944,-81.65681610995));
#1581 = CARTESIAN_POINT('',(53.833001948795,-163.2849151009));
#1582 = CARTESIAN_POINT('',(2.172898400011,-89.50664118968));
#1583 = ( GEOMETRIC_REPRESENTATION_CONTEXT(2) 
PARAMETRIC_REPRESENTATION_CONTEXT() REPRESENTATION_CONTEXT('2D SPACE',''
  ) );
#1584 = ORIENTED_EDGE('',*,*,#1585,.F.);
#1585 = EDGE_CURVE('',#1586,#1553,#1588,.T.);
#1586 = VERTEX_POINT('',#1587);
#1587 = CARTESIAN_POINT('',(-321.8404684859,29.825974690254,
    96.665584307966));
#1588 = SURFACE_CURVE('',#1589,(#1599,#1628),.PCURVE_S1.);
#1589 = B_SPLINE_CURVE_WITH_KNOTS('',8,(#1590,#1591,#1592,#1593,#1594,
    #1595,#1596,#1597,#1598),.UNSPECIFIED.,.F.,.F.,(9,9),(0.,
    66.666666666689),.PIECEWISE_BEZIER_KNOTS.);
#1590 = CARTESIAN_POINT('',(-321.8404684859,29.825974690254,
    96.665584307966));
#1591 = CARTESIAN_POINT('',(-332.761650755,18.209743239331,
    92.624485113516));
#1592 = CARTESIAN_POINT('',(-342.2102831916,4.05841449067,
    91.890786994361));
#1593 = CARTESIAN_POINT('',(-349.8115153952,-11.31097700464,
    95.30641773447));
#1594 = CARTESIAN_POINT('',(-355.423801469,-26.18232194442,
    103.18929462386));
#1595 = CARTESIAN_POINT('',(-359.2293510311,-38.74129224827,
    115.13016815894));
#1596 = CARTESIAN_POINT('',(-361.7281492304,-47.58026887827,
    130.00605330875));
#1597 = CARTESIAN_POINT('',(-363.5731553016,-52.,146.35037962141));
#1598 = CARTESIAN_POINT('',(-365.418183057,-52.,162.69465723032));
#1599 = PCURVE('',#190,#1600);
#1600 = DEFINITIONAL_REPRESENTATION('',(#1601),#1627);
#1601 = B_SPLINE_CURVE_WITH_KNOTS('',3,(#1602,#1603,#1604,#1605,#1606,
    #1607,#1608,#1609,#1610,#1611,#1612,#1613,#1614,#1615,#1616,#1617,
    #1618,#1619,#1620,#1621,#1622,#1623,#1624,#1625,#1626),
  .UNSPECIFIED.,.F.,.F.,(4,1,1,1,1,1,1,1,1,1,1,1,1,1,1,1,1,1,1,1,1,1,4),
  (0.,3.030303030304,6.060606060608,9.090909090912,12.121212121216,
    15.15151515152,18.181818181824,21.212121212128,24.242424242432,
    27.272727272736,30.30303030304,33.333333333344,36.363636363649,
    39.393939393953,42.424242424257,45.454545454561,48.484848484865,
    51.515151515169,54.545454545473,57.575757575777,60.606060606081,
    63.636363636385,66.666666666689),.QUASI_UNIFORM_KNOTS.);
#1602 = CARTESIAN_POINT('',(-2.530727415392,-358.3333333333));
#1603 = CARTESIAN_POINT('',(-2.563782902413,-359.3434343434));
#1604 = CARTESIAN_POINT('',(-2.629893881151,-361.3636363636));
#1605 = CARTESIAN_POINT('',(-2.729060340643,-364.3939393939));
#1606 = CARTESIAN_POINT('',(-2.828226742243,-367.4242424242));
#1607 = CARTESIAN_POINT('',(-2.927393129678,-370.4545454545));
#1608 = CARTESIAN_POINT('',(-3.026559538962,-373.4848484848));
#1609 = CARTESIAN_POINT('',(-3.125725985482,-376.5151515151));
#1610 = CARTESIAN_POINT('',(-3.224892457736,-379.5454545454));
#1611 = CARTESIAN_POINT('',(-3.324058930397,-382.5757575757));
#1612 = CARTESIAN_POINT('',(-3.42322538053,-385.606060606));
#1613 = CARTESIAN_POINT('',(-3.522391799851,-388.6363636364));
#1614 = CARTESIAN_POINT('',(-3.621558197889,-391.6666666667));
#1615 = CARTESIAN_POINT('',(-3.720724595926,-394.696969697));
#1616 = CARTESIAN_POINT('',(-3.819891015247,-397.7272727273));
#1617 = CARTESIAN_POINT('',(-3.91905746538,-400.7575757576));
#1618 = CARTESIAN_POINT('',(-4.018223938041,-403.7878787879));
#1619 = CARTESIAN_POINT('',(-4.117390410295,-406.8181818181));
#1620 = CARTESIAN_POINT('',(-4.216556856815,-409.8484848484));
#1621 = CARTESIAN_POINT('',(-4.315723266099,-412.8787878787));
#1622 = CARTESIAN_POINT('',(-4.414889653534,-415.909090909));
#1623 = CARTESIAN_POINT('',(-4.514056055134,-418.9393939393));
#1624 = CARTESIAN_POINT('',(-4.613222514626,-421.9696969696));
#1625 = CARTESIAN_POINT('',(-4.679333493364,-423.9898989899));
#1626 = CARTESIAN_POINT('',(-4.712388980385,-425.));
#1627 = ( GEOMETRIC_REPRESENTATION_CONTEXT(2) 
PARAMETRIC_REPRESENTATION_CONTEXT() REPRESENTATION_CONTEXT('2D SPACE',''
  ) );
#1628 = PCURVE('',#1629,#1648);
#1629 = B_SPLINE_SURFACE_WITH_KNOTS('',1,8,(
    (#1630,#1631,#1632,#1633,#1634,#1635,#1636,#1637,#1638)
    ,(#1639,#1640,#1641,#1642,#1643,#1644,#1645,#1646,#1647
  )),.UNSPECIFIED.,.F.,.F.,.F.,(2,2),(9,9),(0.,44.),(0.,66.666666666667)
  ,.PIECEWISE_BEZIER_KNOTS.);
#1630 = CARTESIAN_POINT('',(-321.8404684859,29.825974690254,
    96.665584307966));
#1631 = CARTESIAN_POINT('',(-332.761650755,18.209743239335,
    92.624485113518));
#1632 = CARTESIAN_POINT('',(-342.2102831916,4.058414490679,
    91.890786994361));
#1633 = CARTESIAN_POINT('',(-349.8115153952,-11.31097700463,
    95.306417734468));
#1634 = CARTESIAN_POINT('',(-355.4238014689,-26.18232194438,
    103.18929462382));
#1635 = CARTESIAN_POINT('',(-359.229351031,-38.74129224826,
    115.13016815883));
#1636 = CARTESIAN_POINT('',(-361.7281492304,-47.58026887828,
    130.0060533088));
#1637 = CARTESIAN_POINT('',(-363.5731553016,-52.,146.3503796214));
#1638 = CARTESIAN_POINT('',(-365.418183057,-52.,162.69465723032));
#1639 = CARTESIAN_POINT('',(-336.5003512031,55.0633378897,
    63.738948624096));
#1640 = CARTESIAN_POINT('',(-350.2208671652,33.617987518772,
    53.410443012657));
#1641 = CARTESIAN_POINT('',(-361.2228295904,7.492457521255,
    49.18790861714));
#1642 = CARTESIAN_POINT('',(-368.8142069701,-20.88180370086,
    52.625673654112));
#1643 = CARTESIAN_POINT('',(-372.7336838022,-48.33659435886,
    64.310662351243));
#1644 = CARTESIAN_POINT('',(-373.3176470745,-71.5223856891,
    83.487337163407));
#1645 = CARTESIAN_POINT('',(-371.4891462927,-87.84049639067,
    108.08249495704));
#1646 = CARTESIAN_POINT('',(-368.4536446586,-96.,135.38862105093));
#1647 = CARTESIAN_POINT('',(-365.418183057,-96.,162.69465723032));
#1648 = DEFINITIONAL_REPRESENTATION('',(#1649),#1653);
#1649 = LINE('',#1650,#1651);
#1650 = CARTESIAN_POINT('',(-5.337671107685E-15,-1.068325478839E-14));
#1651 = VECTOR('',#1652,1.);
#1652 = DIRECTION('',(-3.362457930208E-16,1.));
#1653 = ( GEOMETRIC_REPRESENTATION_CONTEXT(2) 
PARAMETRIC_REPRESENTATION_CONTEXT() REPRESENTATION_CONTEXT('2D SPACE',''
  ) );
#1654 = ORIENTED_EDGE('',*,*,#1655,.F.);
#1655 = EDGE_CURVE('',#1656,#1586,#1658,.T.);
#1656 = VERTEX_POINT('',#1657);
#1657 = CARTESIAN_POINT('',(-223.7373360887,17.785047452935,
    153.10260493577));
#1658 = SURFACE_CURVE('',#1659,(#1669,#1698),.PCURVE_S1.);
#1659 = B_SPLINE_CURVE_WITH_KNOTS('',8,(#1660,#1661,#1662,#1663,#1664,
    #1665,#1666,#1667,#1668),.UNSPECIFIED.,.F.,.F.,(9,9),(0.,
    66.666666666644),.PIECEWISE_BEZIER_KNOTS.);
#1660 = CARTESIAN_POINT('',(-223.7373360887,17.785047452935,
    153.10260493577));
#1661 = CARTESIAN_POINT('',(-233.322936148,31.110640731825,
    152.06127249905));
#1662 = CARTESIAN_POINT('',(-244.5977976622,42.924647036674,
    147.22579671395));
#1663 = CARTESIAN_POINT('',(-257.3381175323,51.716712012188,
    139.09884757078));
#1664 = CARTESIAN_POINT('',(-271.0533113061,56.217447776895,
    128.7822957895));
#1665 = CARTESIAN_POINT('',(-285.0343715486,55.753161699476,
    117.8685981441));
#1666 = CARTESIAN_POINT('',(-298.52552924,50.523427636956,
    108.05523964275));
#1667 = CARTESIAN_POINT('',(-310.9192862168,41.442206141174,
    100.70668350241));
#1668 = CARTESIAN_POINT('',(-321.8404684859,29.825974690254,
    96.665584307966));
#1669 = PCURVE('',#190,#1670);
#1670 = DEFINITIONAL_REPRESENTATION('',(#1671),#1697);
#1671 = B_SPLINE_CURVE_WITH_KNOTS('',3,(#1672,#1673,#1674,#1675,#1676,
    #1677,#1678,#1679,#1680,#1681,#1682,#1683,#1684,#1685,#1686,#1687,
    #1688,#1689,#1690,#1691,#1692,#1693,#1694,#1695,#1696),
  .UNSPECIFIED.,.F.,.F.,(4,1,1,1,1,1,1,1,1,1,1,1,1,1,1,1,1,1,1,1,1,1,4),
  (0.,3.030303030302,6.060606060604,9.090909090906,12.121212121208,
    15.15151515151,18.181818181812,21.212121212114,24.242424242416,
    27.272727272718,30.30303030302,33.333333333322,36.363636363624,
    39.393939393926,42.424242424228,45.45454545453,48.484848484832,
    51.515151515134,54.545454545436,57.575757575738,60.60606060604,
    63.636363636342,66.666666666644),.QUASI_UNIFORM_KNOTS.);
#1672 = CARTESIAN_POINT('',(-0.349065850399,-291.6666666666));
#1673 = CARTESIAN_POINT('',(-0.38212133742,-292.6767676767));
#1674 = CARTESIAN_POINT('',(-0.448232316158,-294.6969696969));
#1675 = CARTESIAN_POINT('',(-0.54739877565,-297.7272727272));
#1676 = CARTESIAN_POINT('',(-0.64656517725,-300.7575757575));
#1677 = CARTESIAN_POINT('',(-0.745731564685,-303.7878787878));
#1678 = CARTESIAN_POINT('',(-0.844897973969,-306.8181818181));
#1679 = CARTESIAN_POINT('',(-0.944064420489,-309.8484848484));
#1680 = CARTESIAN_POINT('',(-1.043230892742,-312.8787878787));
#1681 = CARTESIAN_POINT('',(-1.142397365403,-315.909090909));
#1682 = CARTESIAN_POINT('',(-1.241563815536,-318.9393939393));
#1683 = CARTESIAN_POINT('',(-1.340730234857,-321.9696969696));
#1684 = CARTESIAN_POINT('',(-1.439896632895,-324.9999999999));
#1685 = CARTESIAN_POINT('',(-1.539063030933,-328.0303030302));
#1686 = CARTESIAN_POINT('',(-1.638229450254,-331.0606060605));
#1687 = CARTESIAN_POINT('',(-1.737395900387,-334.0909090909));
#1688 = CARTESIAN_POINT('',(-1.836562373048,-337.1212121212));
#1689 = CARTESIAN_POINT('',(-1.935728845302,-340.1515151515));
#1690 = CARTESIAN_POINT('',(-2.034895291822,-343.1818181818));
#1691 = CARTESIAN_POINT('',(-2.134061701106,-346.2121212121));
#1692 = CARTESIAN_POINT('',(-2.233228088541,-349.2424242424));
#1693 = CARTESIAN_POINT('',(-2.332394490141,-352.2727272727));
#1694 = CARTESIAN_POINT('',(-2.431560949633,-355.303030303));
#1695 = CARTESIAN_POINT('',(-2.497671928371,-357.3232323232));
#1696 = CARTESIAN_POINT('',(-2.530727415392,-358.3333333333));
#1697 = ( GEOMETRIC_REPRESENTATION_CONTEXT(2) 
PARAMETRIC_REPRESENTATION_CONTEXT() REPRESENTATION_CONTEXT('2D SPACE',''
  ) );
#1698 = PCURVE('',#1699,#1718);
#1699 = B_SPLINE_SURFACE_WITH_KNOTS('',1,8,(
    (#1700,#1701,#1702,#1703,#1704,#1705,#1706,#1707,#1708)
    ,(#1709,#1710,#1711,#1712,#1713,#1714,#1715,#1716,#1717
  )),.UNSPECIFIED.,.F.,.F.,.F.,(2,2),(9,9),(0.,44.),(0.,66.666666666667)
  ,.PIECEWISE_BEZIER_KNOTS.);
#1700 = CARTESIAN_POINT('',(-223.7373360887,17.785047452935,
    153.10260493577));
#1701 = CARTESIAN_POINT('',(-233.322936148,31.110640731829,
    152.06127249905));
#1702 = CARTESIAN_POINT('',(-244.5977976622,42.924647036682,
    147.22579671394));
#1703 = CARTESIAN_POINT('',(-257.3381175323,51.716712012196,
    139.09884757078));
#1704 = CARTESIAN_POINT('',(-271.0533113064,56.217447776903,
    128.7822957894));
#1705 = CARTESIAN_POINT('',(-285.0343715484,55.75316169942,
    117.8685981442));
#1706 = CARTESIAN_POINT('',(-298.52552924,50.523427636978,
    108.05523964273));
#1707 = CARTESIAN_POINT('',(-310.9192862169,41.442206141174,
    100.70668350241));
#1708 = CARTESIAN_POINT('',(-321.8404684859,29.825974690254,
    96.665584307966));
#1709 = CARTESIAN_POINT('',(-206.9202095162,32.833933759264,
    190.87448964894));
#1710 = CARTESIAN_POINT('',(-218.1750352449,57.435029043377,
    186.08401497484));
#1711 = CARTESIAN_POINT('',(-232.5484975057,79.245502221566,
    174.28896796527));
#1712 = CARTESIAN_POINT('',(-249.6274213467,95.477006791747,
    156.4173547562));
#1713 = CARTESIAN_POINT('',(-268.506112395,103.78605743428,
    134.50339821504));
#1714 = CARTESIAN_POINT('',(-287.8756338455,102.92891390662,
    111.48701854067));
#1715 = CARTESIAN_POINT('',(-306.3407198184,93.274020252882,
    90.50203420858));
#1716 = CARTESIAN_POINT('',(-322.779835241,76.508688260629,
    74.067454235535));
#1717 = CARTESIAN_POINT('',(-336.5003512031,55.0633378897,
    63.738948624096));
#1718 = DEFINITIONAL_REPRESENTATION('',(#1719),#1723);
#1719 = LINE('',#1720,#1721);
#1720 = CARTESIAN_POINT('',(-3.30901150306E-14,-1.59390161775E-14));
#1721 = VECTOR('',#1722,1.);
#1722 = DIRECTION('',(3.165972255613E-16,1.));
#1723 = ( GEOMETRIC_REPRESENTATION_CONTEXT(2) 
PARAMETRIC_REPRESENTATION_CONTEXT() REPRESENTATION_CONTEXT('2D SPACE',''
  ) );
#1724 = ORIENTED_EDGE('',*,*,#1725,.F.);
#1725 = EDGE_CURVE('',#1726,#1656,#1728,.T.);
#1726 = VERTEX_POINT('',#1727);
#1727 = CARTESIAN_POINT('',(-212.7173277063,0.,151.62894263934));
#1728 = SURFACE_CURVE('',#1729,(#1739,#1768),.PCURVE_S1.);
#1729 = B_SPLINE_CURVE_WITH_KNOTS('',8,(#1730,#1731,#1732,#1733,#1734,
    #1735,#1736,#1737,#1738),.UNSPECIFIED.,.F.,.F.,(9,9),(
    55.999998832202,66.666666666667),.PIECEWISE_BEZIER_KNOTS.);
#1730 = CARTESIAN_POINT('',(-212.717330453,-1.893388919649E-06,
    151.62894439149));
#1731 = CARTESIAN_POINT('',(-213.9353913628,2.268925424828,
    152.17125960173));
#1732 = CARTESIAN_POINT('',(-215.1994719817,4.537852644688,
    152.61021285274));
#1733 = CARTESIAN_POINT('',(-216.5095722595,6.800197556172,
    152.94580425778));
#1734 = CARTESIAN_POINT('',(-217.865505205,9.049378049032,
    153.17845380445));
#1735 = CARTESIAN_POINT('',(-219.266896906,11.278852152828,
    153.30900132777));
#1736 = CARTESIAN_POINT('',(-220.7131884291,13.482157936829,
    153.33870207121));
#1737 = CARTESIAN_POINT('',(-222.2036400331,15.652952296001,
    153.26921846146));
#1738 = CARTESIAN_POINT('',(-223.7373360887,17.785047452935,
    153.10260493577));
#1739 = PCURVE('',#190,#1740);
#1740 = DEFINITIONAL_REPRESENTATION('',(#1741),#1767);
#1741 = B_SPLINE_CURVE_WITH_KNOTS('',3,(#1742,#1743,#1744,#1745,#1746,
    #1747,#1748,#1749,#1750,#1751,#1752,#1753,#1754,#1755,#1756,#1757,
    #1758,#1759,#1760,#1761,#1762,#1763,#1764,#1765,#1766),
  .UNSPECIFIED.,.F.,.F.,(4,1,1,1,1,1,1,1,1,1,1,1,1,1,1,1,1,1,1,1,1,1,4),
  (55.999998832202,56.484847370132,56.969695908063,57.454544445993,
    57.939392983923,58.424241521853,58.909090059783,59.393938597714,
    59.878787135644,60.363635673574,60.848484211504,61.333332749434,
    61.818181287365,62.303029825295,62.787878363225,63.272726901155,
    63.757575439086,64.242423977016,64.727272514946,65.212121052876,
    65.696969590806,66.181818128737,66.666666666667),
  .QUASI_UNIFORM_KNOTS.);
#1742 = CARTESIAN_POINT('',(3.641132462207E-08,-280.9999988322));
#1743 = CARTESIAN_POINT('',(-5.288838407615E-03,-281.1616150115));
#1744 = CARTESIAN_POINT('',(-1.586658800394E-02,-281.4848473701));
#1745 = CARTESIAN_POINT('',(-3.173321243531E-02,-281.969695908));
#1746 = CARTESIAN_POINT('',(-4.759983706366E-02,-282.4545444459));
#1747 = CARTESIAN_POINT('',(-6.346646205419E-02,-282.9393929839));
#1748 = CARTESIAN_POINT('',(-7.933308757078E-02,-283.4242415218));
#1749 = CARTESIAN_POINT('',(-9.519971377245E-02,-283.9090900597));
#1750 = CARTESIAN_POINT('',(-0.111066340808,-284.3939385977));
#1751 = CARTESIAN_POINT('',(-0.126932968813,-284.8787871358));
#1752 = CARTESIAN_POINT('',(-0.1427995979,-285.3636356742));
#1753 = CARTESIAN_POINT('',(-0.158666228157,-285.8484842131));
#1754 = CARTESIAN_POINT('',(-0.174532859637,-286.3333327529));
#1755 = CARTESIAN_POINT('',(-0.190399492357,-286.8181812941));
#1756 = CARTESIAN_POINT('',(-0.206266126284,-287.3030298373));
#1757 = CARTESIAN_POINT('',(-0.222132761335,-287.7878783829));
#1758 = CARTESIAN_POINT('',(-0.237999397368,-288.2727269315));
#1759 = CARTESIAN_POINT('',(-0.253866034175,-288.757575483));
#1760 = CARTESIAN_POINT('',(-0.269732671481,-289.2424240365));
#1761 = CARTESIAN_POINT('',(-0.285599308939,-289.72727259));
#1762 = CARTESIAN_POINT('',(-0.301465946128,-290.2121211397));
#1763 = CARTESIAN_POINT('',(-0.317332582555,-290.6969696785));
#1764 = CARTESIAN_POINT('',(-0.333199217665,-291.1818181964));
#1765 = CARTESIAN_POINT('',(-0.343776973105,-291.5050505159));
#1766 = CARTESIAN_POINT('',(-0.349065850399,-291.6666666666));
#1767 = ( GEOMETRIC_REPRESENTATION_CONTEXT(2) 
PARAMETRIC_REPRESENTATION_CONTEXT() REPRESENTATION_CONTEXT('2D SPACE',''
  ) );
#1768 = PCURVE('',#1769,#1788);
#1769 = B_SPLINE_SURFACE_WITH_KNOTS('',1,8,(
    (#1770,#1771,#1772,#1773,#1774,#1775,#1776,#1777,#1778)
    ,(#1779,#1780,#1781,#1782,#1783,#1784,#1785,#1786,#1787
  )),.UNSPECIFIED.,.F.,.F.,.F.,(2,2),(9,9),(0.,44.),(0.,66.666666666667)
  ,.PIECEWISE_BEZIER_KNOTS.);
#1770 = CARTESIAN_POINT('',(-188.1831933861,-50.22814296703,
    69.05229453891));
#1771 = CARTESIAN_POINT('',(-190.2247559004,-53.89840412645,
    84.955147851988));
#1772 = CARTESIAN_POINT('',(-191.8010271165,-53.29954664853,
    101.90306253132));
#1773 = CARTESIAN_POINT('',(-193.5435938028,-48.01599774686,
    118.4774714695));
#1774 = CARTESIAN_POINT('',(-196.1567772195,-38.30768476886,
    133.09644321495));
#1775 = CARTESIAN_POINT('',(-200.2717076654,-25.21610735744,
    144.34243590784));
#1776 = CARTESIAN_POINT('',(-206.255382592,-10.37782627423,
    151.39115977611));
#1777 = CARTESIAN_POINT('',(-214.1517360294,4.45945417404,
    154.14393737249));
#1778 = CARTESIAN_POINT('',(-223.7373360887,17.785047452935,
    153.10260493577));
#1779 = CARTESIAN_POINT('',(-192.8151257271,-92.72887932375,
    58.648804166699));
#1780 = CARTESIAN_POINT('',(-190.1424975266,-99.50474607961,
    85.13990318454));
#1781 = CARTESIAN_POINT('',(-186.6108700063,-98.39916304344,
    113.56034626316));
#1782 = CARTESIAN_POINT('',(-183.3862495078,-88.64491891729,
    141.29124028119));
#1783 = CARTESIAN_POINT('',(-181.7689214349,-70.72187957329,
    165.41209640494));
#1784 = CARTESIAN_POINT('',(-182.9240494157,-46.55281358298,
    183.30591427783));
#1785 = CARTESIAN_POINT('',(-187.5291672071,-19.15906389089,
    193.45092816678));
#1786 = CARTESIAN_POINT('',(-195.6653837875,8.232838475151,
    195.66496432303));
#1787 = CARTESIAN_POINT('',(-206.9202095162,32.833933759264,
    190.87448964894));
#1788 = DEFINITIONAL_REPRESENTATION('',(#1789),#1793);
#1789 = LINE('',#1790,#1791);
#1790 = CARTESIAN_POINT('',(-7.173133243671E-14,-1.42108547152E-14));
#1791 = VECTOR('',#1792,1.);
#1792 = DIRECTION('',(1.210918313516E-15,1.));
#1793 = ( GEOMETRIC_REPRESENTATION_CONTEXT(2) 
PARAMETRIC_REPRESENTATION_CONTEXT() REPRESENTATION_CONTEXT('2D SPACE',''
  ) );
#1794 = ORIENTED_EDGE('',*,*,#1795,.T.);
#1795 = EDGE_CURVE('',#1726,#1796,#1798,.T.);
#1796 = VERTEX_POINT('',#1797);
#1797 = CARTESIAN_POINT('',(-269.3571561033,0.,176.84661897267));
#1798 = SURFACE_CURVE('',#1799,(#1803,#1810),.PCURVE_S1.);
#1799 = LINE('',#1800,#1801);
#1800 = CARTESIAN_POINT('',(43.988941881007,0.,37.33594772052));
#1801 = VECTOR('',#1802,1.);
#1802 = DIRECTION('',(-0.913545457643,0.,0.406736643076));
#1803 = PCURVE('',#190,#1804);
#1804 = DEFINITIONAL_REPRESENTATION('',(#1805),#1809);
#1805 = LINE('',#1806,#1807);
#1806 = CARTESIAN_POINT('',(-0.,0.));
#1807 = VECTOR('',#1808,1.);
#1808 = DIRECTION('',(-0.,-1.));
#1809 = ( GEOMETRIC_REPRESENTATION_CONTEXT(2) 
PARAMETRIC_REPRESENTATION_CONTEXT() REPRESENTATION_CONTEXT('2D SPACE',''
  ) );
#1810 = PCURVE('',#865,#1811);
#1811 = DEFINITIONAL_REPRESENTATION('',(#1812),#1816);
#1812 = LINE('',#1813,#1814);
#1813 = CARTESIAN_POINT('',(-6.28318530718,0.));
#1814 = VECTOR('',#1815,1.);
#1815 = DIRECTION('',(-0.,-1.));
#1816 = ( GEOMETRIC_REPRESENTATION_CONTEXT(2) 
PARAMETRIC_REPRESENTATION_CONTEXT() REPRESENTATION_CONTEXT('2D SPACE',''
  ) );
#1817 = ORIENTED_EDGE('',*,*,#1818,.F.);
#1818 = EDGE_CURVE('',#1819,#1796,#1821,.T.);
#1819 = VERTEX_POINT('',#1820);
#1820 = CARTESIAN_POINT('',(-285.9721138769,25.011415983808,
    177.22722777932));
#1821 = SURFACE_CURVE('',#1822,(#1832,#1861),.PCURVE_S1.);
#1822 = B_SPLINE_CURVE_WITH_KNOTS('',8,(#1823,#1824,#1825,#1826,#1827,
    #1828,#1829,#1830,#1831),.UNSPECIFIED.,.F.,.F.,(9,9),(57.15172104061
    ,72.485053693599),.PIECEWISE_BEZIER_KNOTS.);
#1823 = CARTESIAN_POINT('',(-285.9721138769,25.011415983808,
    177.22722777932));
#1824 = CARTESIAN_POINT('',(-283.5830693924,22.151898117123,
    177.88080586192));
#1825 = CARTESIAN_POINT('',(-281.27739805,19.179920797281,
    178.34712480134));
#1826 = CARTESIAN_POINT('',(-279.0589239852,16.112633880167,
    178.61759544875));
#1827 = CARTESIAN_POINT('',(-276.9307728814,12.968122608652,
    178.68519740417));
#1828 = CARTESIAN_POINT('',(-274.8953226733,9.76519953992,
    178.54458973899));
#1829 = CARTESIAN_POINT('',(-272.9541697778,6.523170263321,
    178.19218684198));
#1830 = CARTESIAN_POINT('',(-271.1081123511,3.261587264138,
    177.62619602496));
#1831 = CARTESIAN_POINT('',(-269.3571503517,3.468121970496E-06,
    176.84661738123));
#1832 = PCURVE('',#190,#1833);
#1833 = DEFINITIONAL_REPRESENTATION('',(#1834),#1860);
#1834 = B_SPLINE_CURVE_WITH_KNOTS('',3,(#1835,#1836,#1837,#1838,#1839,
    #1840,#1841,#1842,#1843,#1844,#1845,#1846,#1847,#1848,#1849,#1850,
    #1851,#1852,#1853,#1854,#1855,#1856,#1857,#1858,#1859),
  .UNSPECIFIED.,.F.,.F.,(4,1,1,1,1,1,1,1,1,1,1,1,1,1,1,1,1,1,1,1,1,1,4),
  (57.15172104061,57.848690706655,58.5456603727,59.242630038745,
    59.93959970479,60.636569370835,61.33353903688,62.030508702925,
    62.72747836897,63.424448035015,64.12141770106,64.818387367105,
    65.51535703315,66.212326699195,66.90929636524,67.606266031284,
    68.303235697329,69.000205363374,69.697175029419,70.394144695464,
    71.091114361509,71.788084027554,72.485053693599),
  .QUASI_UNIFORM_KNOTS.);
#1835 = CARTESIAN_POINT('',(-0.501782159948,-358.3333333333));
#1836 = CARTESIAN_POINT('',(-0.49417940025,-358.1010101113));
#1837 = CARTESIAN_POINT('',(-0.478973878901,-357.6363636672));
#1838 = CARTESIAN_POINT('',(-0.456165592966,-356.9393940012));
#1839 = CARTESIAN_POINT('',(-0.43335730523,-356.2424243351));
#1840 = CARTESIAN_POINT('',(-0.410549017221,-355.5454546691));
#1841 = CARTESIAN_POINT('',(-0.387740730128,-354.8484850031));
#1842 = CARTESIAN_POINT('',(-0.364932444778,-354.151515337));
#1843 = CARTESIAN_POINT('',(-0.342124161699,-353.454545671));
#1844 = CARTESIAN_POINT('',(-0.319315881152,-352.7575760049));
#1845 = CARTESIAN_POINT('',(-0.29650760318,-352.0606063389));
#1846 = CARTESIAN_POINT('',(-0.273699327645,-351.3636366728));
#1847 = CARTESIAN_POINT('',(-0.25089105427,-350.6666670068));
#1848 = CARTESIAN_POINT('',(-0.228082782677,-349.9696973407));
#1849 = CARTESIAN_POINT('',(-0.205274512421,-349.2727276747));
#1850 = CARTESIAN_POINT('',(-0.182466243019,-348.5757580087));
#1851 = CARTESIAN_POINT('',(-0.159657973983,-347.8787883426));
#1852 = CARTESIAN_POINT('',(-0.136849704836,-347.1818186766));
#1853 = CARTESIAN_POINT('',(-0.114041435137,-346.4848490105));
#1854 = CARTESIAN_POINT('',(-9.123316449595E-02,-345.7878793445));
#1855 = CARTESIAN_POINT('',(-6.842489258288E-02,-345.0909096784));
#1856 = CARTESIAN_POINT('',(-4.561661914065E-02,-344.3939400124));
#1857 = CARTESIAN_POINT('',(-2.280834397944E-02,-343.6969703463));
#1858 = CARTESIAN_POINT('',(-7.602826002762E-03,-343.2323239023));
#1859 = CARTESIAN_POINT('',(-6.669465214296E-08,-343.0000006803));
#1860 = ( GEOMETRIC_REPRESENTATION_CONTEXT(2) 
PARAMETRIC_REPRESENTATION_CONTEXT() REPRESENTATION_CONTEXT('2D SPACE',''
  ) );
#1861 = PCURVE('',#1862,#1881);
#1862 = B_SPLINE_SURFACE_WITH_KNOTS('',1,8,(
    (#1863,#1864,#1865,#1866,#1867,#1868,#1869,#1870,#1871)
    ,(#1872,#1873,#1874,#1875,#1876,#1877,#1878,#1879,#1880
  )),.UNSPECIFIED.,.F.,.F.,.F.,(2,2),(9,9),(0.,44.),(0.,66.666666666667)
  ,.PIECEWISE_BEZIER_KNOTS.);
#1863 = CARTESIAN_POINT('',(-247.863016171,-95.42940846934,
    98.915440275373));
#1864 = CARTESIAN_POINT('',(-244.8908447034,-98.27953658812,
    126.07932448654));
#1865 = CARTESIAN_POINT('',(-241.5573294201,-93.01866914239,
    154.05480019565));
#1866 = CARTESIAN_POINT('',(-239.062376661,-79.32462151425,
    180.14683363807));
#1867 = CARTESIAN_POINT('',(-238.6614471765,-58.15799381223,
    201.5356138005));
#1868 = CARTESIAN_POINT('',(-241.3871741686,-31.85495880261,
    215.90180853717));
#1869 = CARTESIAN_POINT('',(-247.7222628814,-3.655099652729,
    222.16124411866));
#1870 = CARTESIAN_POINT('',(-257.5472394253,23.222269025125,
    220.58226329468));
#1871 = CARTESIAN_POINT('',(-270.2818503864,46.174921816261,
    212.46813657121));
#1872 = CARTESIAN_POINT('',(-245.9146896934,-51.69092958756,
    103.29145319175));
#1873 = CARTESIAN_POINT('',(-247.7939996047,-53.23474898523,
    119.55873181789));
#1874 = CARTESIAN_POINT('',(-249.4775816158,-50.38511245212,
    136.2656225054));
#1875 = CARTESIAN_POINT('',(-251.6153849943,-42.96750332022,
    151.95231529846));
#1876 = CARTESIAN_POINT('',(-254.8874509798,-31.50224664829,
    165.09141256486));
#1877 = CARTESIAN_POINT('',(-259.8531225567,-17.25476935141,
    174.4266093923));
#1878 = CARTESIAN_POINT('',(-266.7738650658,-1.979845645228,
    179.37064501069));
#1879 = CARTESIAN_POINT('',(-275.5849634834,12.578729055276,
    180.06887174278));
#1880 = CARTESIAN_POINT('',(-285.9721138769,25.011415983808,
    177.22722777932));
#1881 = DEFINITIONAL_REPRESENTATION('',(#1882),#1886);
#1882 = LINE('',#1883,#1884);
#1883 = CARTESIAN_POINT('',(44.,123.81838770727));
#1884 = VECTOR('',#1885,1.);
#1885 = DIRECTION('',(0.,-1.));
#1886 = ( GEOMETRIC_REPRESENTATION_CONTEXT(2) 
PARAMETRIC_REPRESENTATION_CONTEXT() REPRESENTATION_CONTEXT('2D SPACE',''
  ) );
#1887 = ORIENTED_EDGE('',*,*,#1888,.F.);
#1888 = EDGE_CURVE('',#1889,#1819,#1891,.T.);
#1889 = VERTEX_POINT('',#1890);
#1890 = CARTESIAN_POINT('',(-384.3873154812,22.999011891388,
    120.08928823656));
#1891 = SURFACE_CURVE('',#1892,(#1902,#1931),.PCURVE_S1.);
#1892 = B_SPLINE_CURVE_WITH_KNOTS('',8,(#1893,#1894,#1895,#1896,#1897,
    #1898,#1899,#1900,#1901),.UNSPECIFIED.,.F.,.F.,(9,9),(
    57.151721081553,123.81838774821),.PIECEWISE_BEZIER_KNOTS.);
#1893 = CARTESIAN_POINT('',(-384.3873154812,22.999011891388,
    120.08928823656));
#1894 = CARTESIAN_POINT('',(-374.2233813775,35.717385019183,
    122.4295802044));
#1895 = CARTESIAN_POINT('',(-362.4471595115,46.481008872853,
    128.39112977668));
#1896 = CARTESIAN_POINT('',(-349.3480014854,53.848409129689,
    137.32404261423));
#1897 = CARTESIAN_POINT('',(-335.4697845652,56.68905224725,
    148.00675037666));
#1898 = CARTESIAN_POINT('',(-321.5471332957,54.523022281118,
    158.78925932191));
#1899 = CARTESIAN_POINT('',(-308.3224874997,47.75099555046,
    168.00402230498));
#1900 = CARTESIAN_POINT('',(-296.3592642704,37.444102912343,
    174.38558381586));
#1901 = CARTESIAN_POINT('',(-285.9721138769,25.011415983808,
    177.22722777932));
#1902 = PCURVE('',#190,#1903);
#1903 = DEFINITIONAL_REPRESENTATION('',(#1904),#1930);
#1904 = B_SPLINE_CURVE_WITH_KNOTS('',3,(#1905,#1906,#1907,#1908,#1909,
    #1910,#1911,#1912,#1913,#1914,#1915,#1916,#1917,#1918,#1919,#1920,
    #1921,#1922,#1923,#1924,#1925,#1926,#1927,#1928,#1929),
  .UNSPECIFIED.,.F.,.F.,(4,1,1,1,1,1,1,1,1,1,1,1,1,1,1,1,1,1,1,1,1,1,4),
  (57.151721081553,60.182024111855,63.212327142158,66.242630172461,
    69.272933202763,72.303236233066,75.333539263369,78.363842293671,
    81.394145323974,84.424448354277,87.454751384579,90.485054414882,
    93.515357445185,96.545660475487,99.57596350579,102.60626653609,
    105.63656956639,108.66687259669,111.697175627,114.7274786573,
    117.7577816876,120.7880847179,123.81838774821),
  .QUASI_UNIFORM_KNOTS.);
#1905 = CARTESIAN_POINT('',(-2.683443724941,-425.));
#1906 = CARTESIAN_POINT('',(-2.65038823792,-423.9898989898));
#1907 = CARTESIAN_POINT('',(-2.584277259182,-421.9696969696));
#1908 = CARTESIAN_POINT('',(-2.48511079969,-418.9393939393));
#1909 = CARTESIAN_POINT('',(-2.38594439809,-415.909090909));
#1910 = CARTESIAN_POINT('',(-2.286778010655,-412.8787878787));
#1911 = CARTESIAN_POINT('',(-2.187611601371,-409.8484848484));
#1912 = CARTESIAN_POINT('',(-2.088445154851,-406.8181818181));
#1913 = CARTESIAN_POINT('',(-1.989278682597,-403.7878787878));
#1914 = CARTESIAN_POINT('',(-1.890112209937,-400.7575757575));
#1915 = CARTESIAN_POINT('',(-1.790945759804,-397.7272727272));
#1916 = CARTESIAN_POINT('',(-1.691779340483,-394.6969696969));
#1917 = CARTESIAN_POINT('',(-1.592612942445,-391.6666666666));
#1918 = CARTESIAN_POINT('',(-1.493446544407,-388.6363636363));
#1919 = CARTESIAN_POINT('',(-1.394280125087,-385.606060606));
#1920 = CARTESIAN_POINT('',(-1.295113674953,-382.5757575757));
#1921 = CARTESIAN_POINT('',(-1.195947202293,-379.5454545454));
#1922 = CARTESIAN_POINT('',(-1.096780730039,-376.5151515151));
#1923 = CARTESIAN_POINT('',(-0.997614283519,-373.4848484848));
#1924 = CARTESIAN_POINT('',(-0.898447874235,-370.4545454545));
#1925 = CARTESIAN_POINT('',(-0.799281486799,-367.4242424242));
#1926 = CARTESIAN_POINT('',(-0.700115085199,-364.3939393939));
#1927 = CARTESIAN_POINT('',(-0.600948625707,-361.3636363636));
#1928 = CARTESIAN_POINT('',(-0.534837646969,-359.3434343434));
#1929 = CARTESIAN_POINT('',(-0.501782159948,-358.3333333333));
#1930 = ( GEOMETRIC_REPRESENTATION_CONTEXT(2) 
PARAMETRIC_REPRESENTATION_CONTEXT() REPRESENTATION_CONTEXT('2D SPACE',''
  ) );
#1931 = PCURVE('',#1932,#1951);
#1932 = B_SPLINE_SURFACE_WITH_KNOTS('',1,8,(
    (#1933,#1934,#1935,#1936,#1937,#1938,#1939,#1940,#1941)
    ,(#1942,#1943,#1944,#1945,#1946,#1947,#1948,#1949,#1950
  )),.UNSPECIFIED.,.F.,.F.,.F.,(2,2),(9,9),(0.,44.),(0.,66.666666666667)
  ,.PIECEWISE_BEZIER_KNOTS.);
#1933 = CARTESIAN_POINT('',(-270.2818503864,46.174921816261,
    212.46813657121));
#1934 = CARTESIAN_POINT('',(-283.0164613475,69.127574607398,
    204.35400984775));
#1935 = CARTESIAN_POINT('',(-298.660745236,88.155684093162,
    189.70465072907));
#1936 = CARTESIAN_POINT('',(-316.6338092477,100.65788728817,
    169.82476581555));
#1937 = CARTESIAN_POINT('',(-335.8954987492,104.65671184109,
    147.0505806642));
#1938 = CARTESIAN_POINT('',(-355.0751556056,99.412447624043,
    124.46064385028));
#1939 = CARTESIAN_POINT('',(-372.8165498885,85.811093303733,
    105.10109766698));
#1940 = CARTESIAN_POINT('',(-388.1156004911,65.939787727725,
    91.227145204167));
#1941 = CARTESIAN_POINT('',(-400.4381198401,42.459714261024,
    84.038591395697));
#1942 = CARTESIAN_POINT('',(-285.9721138769,25.011415983808,
    177.22722777932));
#1943 = CARTESIAN_POINT('',(-296.3592642704,37.44410291234,
    174.38558381586));
#1944 = CARTESIAN_POINT('',(-308.3224874997,47.750995550462,
    168.00402230499));
#1945 = CARTESIAN_POINT('',(-321.5471332956,54.523022281096,
    158.78925932191));
#1946 = CARTESIAN_POINT('',(-335.4697845652,56.689052247257,
    148.00675037668));
#1947 = CARTESIAN_POINT('',(-349.3480014853,53.84840912969,
    137.32404261422));
#1948 = CARTESIAN_POINT('',(-362.4471595115,46.481008872855,
    128.39112977668));
#1949 = CARTESIAN_POINT('',(-374.2233813775,35.717385019184,
    122.4295802044));
#1950 = CARTESIAN_POINT('',(-384.3873154812,22.999011891388,
    120.08928823656));
#1951 = DEFINITIONAL_REPRESENTATION('',(#1952),#1956);
#1952 = LINE('',#1953,#1954);
#1953 = CARTESIAN_POINT('',(44.,123.81838774821));
#1954 = VECTOR('',#1955,1.);
#1955 = DIRECTION('',(-1.06581410364E-16,-1.));
#1956 = ( GEOMETRIC_REPRESENTATION_CONTEXT(2) 
PARAMETRIC_REPRESENTATION_CONTEXT() REPRESENTATION_CONTEXT('2D SPACE',''
  ) );
#1957 = ORIENTED_EDGE('',*,*,#1958,.T.);
#1958 = EDGE_CURVE('',#1889,#1959,#1961,.T.);
#1959 = VERTEX_POINT('',#1960);
#1960 = CARTESIAN_POINT('',(-383.7348848658,26.,121.55467139114));
#1961 = SURFACE_CURVE('',#1962,(#1967,#1974),.PCURVE_S1.);
#1962 = CIRCLE('',#1963,52.);
#1963 = AXIS2_PLACEMENT_3D('',#1964,#1965,#1966);
#1964 = CARTESIAN_POINT('',(-365.418183057,0.,162.69465723032));
#1965 = DIRECTION('',(0.913545457643,0.,-0.406736643076));
#1966 = DIRECTION('',(0.406736643076,0.,0.913545457643));
#1967 = PCURVE('',#190,#1968);
#1968 = DEFINITIONAL_REPRESENTATION('',(#1969),#1973);
#1969 = LINE('',#1970,#1971);
#1970 = CARTESIAN_POINT('',(-6.28318530718,-425.));
#1971 = VECTOR('',#1972,1.);
#1972 = DIRECTION('',(1.,-0.));
#1973 = ( GEOMETRIC_REPRESENTATION_CONTEXT(2) 
PARAMETRIC_REPRESENTATION_CONTEXT() REPRESENTATION_CONTEXT('2D SPACE',''
  ) );
#1974 = PCURVE('',#1975,#1980);
#1975 = PLANE('',#1976);
#1976 = AXIS2_PLACEMENT_3D('',#1977,#1978,#1979);
#1977 = CARTESIAN_POINT('',(-392.1800126374,35.168938360167,
    102.58660385573));
#1978 = DIRECTION('',(-0.913545457643,0.,0.406736643076));
#1979 = DIRECTION('',(0.368628586893,0.422618261741,0.827953362073));
#1980 = DEFINITIONAL_REPRESENTATION('',(#1981),#1989);
#1981 = ( BOUNDED_CURVE() B_SPLINE_CURVE(2,(#1982,#1983,#1984,#1985,
#1986,#1987,#1988),.UNSPECIFIED.,.T.,.F.) B_SPLINE_CURVE_WITH_KNOTS((1,2
    ,2,2,2,1),(-2.094395102393,0.,2.094395102393,4.188790204786,
6.28318530718,8.377580409573),.UNSPECIFIED.) CURVE() 
GEOMETRIC_REPRESENTATION_ITEM() RATIONAL_B_SPLINE_CURVE((1.,0.5,1.,0.5,
1.,0.5,1.)) REPRESENTATION_ITEM('') );
#1982 = CARTESIAN_POINT('',(91.896809628944,-81.65681610995));
#1983 = CARTESIAN_POINT('',(53.833001948795,-163.2849151009));
#1984 = CARTESIAN_POINT('',(2.172898400011,-89.50664118968));
#1985 = CARTESIAN_POINT('',(-49.48720514877,-15.7283672784));
#1986 = CARTESIAN_POINT('',(40.23670608016,-7.878542198662));
#1987 = CARTESIAN_POINT('',(129.96061730909,-2.871711892442E-02));
#1988 = CARTESIAN_POINT('',(91.896809628944,-81.65681610995));
#1989 = ( GEOMETRIC_REPRESENTATION_CONTEXT(2) 
PARAMETRIC_REPRESENTATION_CONTEXT() REPRESENTATION_CONTEXT('2D SPACE',''
  ) );
#1990 = ORIENTED_EDGE('',*,*,#1991,.F.);
#1991 = EDGE_CURVE('',#1992,#1959,#1994,.T.);
#1992 = VERTEX_POINT('',#1993);
#1993 = CARTESIAN_POINT('',(-285.3464660291,21.976149610516,
    178.63245585308));
#1994 = SURFACE_CURVE('',#1995,(#2005,#2034),.PCURVE_S1.);
#1995 = B_SPLINE_CURVE_WITH_KNOTS('',8,(#1996,#1997,#1998,#1999,#2000,
    #2001,#2002,#2003,#2004),.UNSPECIFIED.,.F.,.F.,(9,9),(0.,
    66.666666666648),.PIECEWISE_BEZIER_KNOTS.);
#1996 = CARTESIAN_POINT('',(-285.3464660291,21.976149610516,
    178.63245585308));
#1997 = CARTESIAN_POINT('',(-295.396944031,34.828319233219,
    176.54699046192));
#1998 = CARTESIAN_POINT('',(-307.0766704349,45.812678089729,
    170.802173246));
#1999 = CARTESIAN_POINT('',(-320.1091525729,53.472575825333,
    162.01901690528));
#2000 = CARTESIAN_POINT('',(-333.9606737325,56.648577658207,
    151.39626880231));
#2001 = CARTESIAN_POINT('',(-347.901042443,54.821481048866,
    140.57396583365));
#2002 = CARTESIAN_POINT('',(-361.1844403951,48.352047000066,
    131.22724334734));
#2003 = CARTESIAN_POINT('',(-373.2380805229,38.280933195333,
    124.64260215714));
#2004 = CARTESIAN_POINT('',(-383.7348848658,26.,121.55467139114));
#2005 = PCURVE('',#190,#2006);
#2006 = DEFINITIONAL_REPRESENTATION('',(#2007),#2033);
#2007 = B_SPLINE_CURVE_WITH_KNOTS('',3,(#2008,#2009,#2010,#2011,#2012,
    #2013,#2014,#2015,#2016,#2017,#2018,#2019,#2020,#2021,#2022,#2023,
    #2024,#2025,#2026,#2027,#2028,#2029,#2030,#2031,#2032),
  .UNSPECIFIED.,.F.,.F.,(4,1,1,1,1,1,1,1,1,1,1,1,1,1,1,1,1,1,1,1,1,1,4),
  (0.,3.030303030302,6.060606060604,9.090909090907,12.121212121209,
    15.151515151511,18.181818181813,21.212121212115,24.242424242417,
    27.27272727272,30.303030303022,33.333333333324,36.363636363626,
    39.393939393928,42.42424242423,45.454545454533,48.484848484835,
    51.515151515137,54.545454545439,57.575757575741,60.606060606043,
    63.636363636346,66.666666666648),.QUASI_UNIFORM_KNOTS.);
#2008 = CARTESIAN_POINT('',(-0.436332312999,-358.3333333333));
#2009 = CARTESIAN_POINT('',(-0.46938780002,-359.3434343434));
#2010 = CARTESIAN_POINT('',(-0.535498778758,-361.3636363636));
#2011 = CARTESIAN_POINT('',(-0.634665238249,-364.3939393939));
#2012 = CARTESIAN_POINT('',(-0.73383163985,-367.4242424242));
#2013 = CARTESIAN_POINT('',(-0.832998027285,-370.4545454545));
#2014 = CARTESIAN_POINT('',(-0.932164436569,-373.4848484848));
#2015 = CARTESIAN_POINT('',(-1.031330883088,-376.5151515151));
#2016 = CARTESIAN_POINT('',(-1.130497355342,-379.5454545454));
#2017 = CARTESIAN_POINT('',(-1.229663828003,-382.5757575757));
#2018 = CARTESIAN_POINT('',(-1.328830278136,-385.606060606));
#2019 = CARTESIAN_POINT('',(-1.427996697457,-388.6363636363));
#2020 = CARTESIAN_POINT('',(-1.527163095495,-391.6666666666));
#2021 = CARTESIAN_POINT('',(-1.626329493532,-394.6969696969));
#2022 = CARTESIAN_POINT('',(-1.725495912853,-397.7272727272));
#2023 = CARTESIAN_POINT('',(-1.824662362986,-400.7575757575));
#2024 = CARTESIAN_POINT('',(-1.923828835647,-403.7878787878));
#2025 = CARTESIAN_POINT('',(-2.022995307901,-406.8181818181));
#2026 = CARTESIAN_POINT('',(-2.122161754421,-409.8484848484));
#2027 = CARTESIAN_POINT('',(-2.221328163705,-412.8787878787));
#2028 = CARTESIAN_POINT('',(-2.32049455114,-415.909090909));
#2029 = CARTESIAN_POINT('',(-2.419660952741,-418.9393939393));
#2030 = CARTESIAN_POINT('',(-2.518827412232,-421.9696969696));
#2031 = CARTESIAN_POINT('',(-2.584938390971,-423.9898989898));
#2032 = CARTESIAN_POINT('',(-2.617993877991,-425.));
#2033 = ( GEOMETRIC_REPRESENTATION_CONTEXT(2) 
PARAMETRIC_REPRESENTATION_CONTEXT() REPRESENTATION_CONTEXT('2D SPACE',''
  ) );
#2034 = PCURVE('',#2035,#2054);
#2035 = B_SPLINE_SURFACE_WITH_KNOTS('',1,8,(
    (#2036,#2037,#2038,#2039,#2040,#2041,#2042,#2043,#2044)
    ,(#2045,#2046,#2047,#2048,#2049,#2050,#2051,#2052,#2053
  )),.UNSPECIFIED.,.F.,.F.,.F.,(2,2),(9,9),(0.,44.),(0.,66.666666666667)
  ,.PIECEWISE_BEZIER_KNOTS.);
#2036 = CARTESIAN_POINT('',(-285.3464660291,21.976149610516,
    178.63245585308));
#2037 = CARTESIAN_POINT('',(-295.396944031,34.828319233222,
    176.54699046192));
#2038 = CARTESIAN_POINT('',(-307.0766704349,45.812678089735,
    170.802173246));
#2039 = CARTESIAN_POINT('',(-320.1091525729,53.47257582534,
    162.01901690527));
#2040 = CARTESIAN_POINT('',(-333.9606737327,56.648577658229,
    151.3962688023));
#2041 = CARTESIAN_POINT('',(-347.901042443,54.821481048828,
    140.57396583369));
#2042 = CARTESIAN_POINT('',(-361.1844403951,48.352047000074,
    131.22724334732));
#2043 = CARTESIAN_POINT('',(-373.238080523,38.280933195336,
    124.64260215715));
#2044 = CARTESIAN_POINT('',(-383.7348848658,26.,121.55467139114));
#2045 = CARTESIAN_POINT('',(-269.1268082058,40.571353127107,
    215.06240378431));
#2046 = CARTESIAN_POINT('',(-281.2398701362,64.298435507487,
    208.34429904048));
#2047 = CARTESIAN_POINT('',(-296.3607752703,84.577251857972,
    194.87046785093));
#2048 = CARTESIAN_POINT('',(-313.9790756058,98.718601523705,
    175.78739520022));
#2049 = CARTESIAN_POINT('',(-333.1094479816,104.58198952288,
    153.30815314226));
#2050 = CARTESIAN_POINT('',(-352.4038466043,101.20888809014,
    130.46050210162));
#2051 = CARTESIAN_POINT('',(-370.4853761351,89.265317538597,
    110.33699964354));
#2052 = CARTESIAN_POINT('',(-386.2965835288,70.672492052928,
    95.312724193849));
#2053 = CARTESIAN_POINT('',(-399.2336325501,48.,86.743914142604));
#2054 = DEFINITIONAL_REPRESENTATION('',(#2055),#2059);
#2055 = LINE('',#2056,#2057);
#2056 = CARTESIAN_POINT('',(3.015655913906E-15,-2.610551791692E-14));
#2057 = VECTOR('',#2058,1.);
#2058 = DIRECTION('',(8.417676536212E-16,1.));
#2059 = ( GEOMETRIC_REPRESENTATION_CONTEXT(2) 
PARAMETRIC_REPRESENTATION_CONTEXT() REPRESENTATION_CONTEXT('2D SPACE',''
  ) );
#2060 = ORIENTED_EDGE('',*,*,#2061,.F.);
#2061 = EDGE_CURVE('',#1035,#1992,#2062,.T.);
#2062 = SURFACE_CURVE('',#2063,(#2073,#2102),.PCURVE_S1.);
#2063 = B_SPLINE_CURVE_WITH_KNOTS('',8,(#2064,#2065,#2066,#2067,#2068,
    #2069,#2070,#2071,#2072),.UNSPECIFIED.,.F.,.F.,(9,9),(
    53.333329905703,66.666666666667),.PIECEWISE_BEZIER_KNOTS.);
#2064 = CARTESIAN_POINT('',(-271.1842374517,-4.069120787431E-06,
    177.66008913671));
#2065 = CARTESIAN_POINT('',(-272.7068135416,2.836155991748,
    178.33798386049));
#2066 = CARTESIAN_POINT('',(-274.3012955024,5.672315530919,
    178.85437535387));
#2067 = CARTESIAN_POINT('',(-275.9676833188,8.495618384956,
    179.20926365143));
#2068 = CARTESIAN_POINT('',(-277.7055205802,11.293208696177,
    179.40367386796));
#2069 = CARTESIAN_POINT('',(-279.5138944659,14.052353346556,
    179.43965623227));
#2070 = CARTESIAN_POINT('',(-281.3914430313,16.760564105373,
    179.32026972235));
#2071 = CARTESIAN_POINT('',(-283.336369912,19.405715025185,
    179.04954903871));
#2072 = CARTESIAN_POINT('',(-285.3464660291,21.976149610516,
    178.63245585308));
#2073 = PCURVE('',#190,#2074);
#2074 = DEFINITIONAL_REPRESENTATION('',(#2075),#2101);
#2075 = B_SPLINE_CURVE_WITH_KNOTS('',3,(#2076,#2077,#2078,#2079,#2080,
    #2081,#2082,#2083,#2084,#2085,#2086,#2087,#2088,#2089,#2090,#2091,
    #2092,#2093,#2094,#2095,#2096,#2097,#2098,#2099,#2100),
  .UNSPECIFIED.,.F.,.F.,(4,1,1,1,1,1,1,1,1,1,1,1,1,1,1,1,1,1,1,1,1,1,4),
  (53.333329905703,53.939390667565,54.545451429427,55.151512191289,
    55.757572953151,56.363633715013,56.969694476875,57.575755238737,
    58.181816000599,58.787876762461,59.393937524323,59.999998286185,
    60.606059048047,61.212119809909,61.818180571771,62.424241333633,
    63.030302095495,63.636362857357,64.242423619219,64.848484381081,
    65.454545142943,66.060605904805,66.666666666667),
  .QUASI_UNIFORM_KNOTS.);
#2076 = CARTESIAN_POINT('',(7.82523210674E-08,-344.9999965723));
#2077 = CARTESIAN_POINT('',(-6.61101733192E-03,-345.2020168263));
#2078 = CARTESIAN_POINT('',(-1.98332080963E-02,-345.6060573342));
#2079 = CARTESIAN_POINT('',(-3.966649323544E-02,-346.212118096));
#2080 = CARTESIAN_POINT('',(-5.949977755704E-02,-346.8181788579));
#2081 = CARTESIAN_POINT('',(-7.93330613035E-02,-347.4242396198));
#2082 = CARTESIAN_POINT('',(-9.916634474561E-02,-348.0303003816));
#2083 = CARTESIAN_POINT('',(-0.118999628181,-348.6363611435));
#2084 = CARTESIAN_POINT('',(-0.138832911925,-349.2424219054));
#2085 = CARTESIAN_POINT('',(-0.158666196298,-349.8484826672));
#2086 = CARTESIAN_POINT('',(-0.17849948162,-350.4545434291));
#2087 = CARTESIAN_POINT('',(-0.198332768191,-351.0606041909));
#2088 = CARTESIAN_POINT('',(-0.218166056277,-351.6666649528));
#2089 = CARTESIAN_POINT('',(-0.237999346096,-352.2727257147));
#2090 = CARTESIAN_POINT('',(-0.257832637801,-352.8787864765));
#2091 = CARTESIAN_POINT('',(-0.277665931454,-353.4848472384));
#2092 = CARTESIAN_POINT('',(-0.297499227013,-354.0909080003));
#2093 = CARTESIAN_POINT('',(-0.31733252431,-354.6969687621));
#2094 = CARTESIAN_POINT('',(-0.337165823027,-355.303029524));
#2095 = CARTESIAN_POINT('',(-0.356999122675,-355.9090902859));
#2096 = CARTESIAN_POINT('',(-0.376832422579,-356.5151510477));
#2097 = CARTESIAN_POINT('',(-0.396665721846,-357.1212118096));
#2098 = CARTESIAN_POINT('',(-0.416499019381,-357.7272725715));
#2099 = CARTESIAN_POINT('',(-0.429721215626,-358.1313130793));
#2100 = CARTESIAN_POINT('',(-0.436332312999,-358.3333333333));
#2101 = ( GEOMETRIC_REPRESENTATION_CONTEXT(2) 
PARAMETRIC_REPRESENTATION_CONTEXT() REPRESENTATION_CONTEXT('2D SPACE',''
  ) );
#2102 = PCURVE('',#1078,#2103);
#2103 = DEFINITIONAL_REPRESENTATION('',(#2104),#2108);
#2104 = LINE('',#2105,#2106);
#2105 = CARTESIAN_POINT('',(6.333170619512E-15,-2.84217094304E-14));
#2106 = VECTOR('',#2107,1.);
#2107 = DIRECTION('',(-9.500965870091E-16,1.));
#2108 = ( GEOMETRIC_REPRESENTATION_CONTEXT(2) 
PARAMETRIC_REPRESENTATION_CONTEXT() REPRESENTATION_CONTEXT('2D SPACE',''
  ) );
#2109 = ORIENTED_EDGE('',*,*,#2110,.T.);
#2110 = EDGE_CURVE('',#1035,#174,#2111,.T.);
#2111 = SEAM_CURVE('',#2112,(#2116,#2123),.PCURVE_S1.);
#2112 = LINE('',#2113,#2114);
#2113 = CARTESIAN_POINT('',(43.988941881007,0.,37.33594772052));
#2114 = VECTOR('',#2115,1.);
#2115 = DIRECTION('',(-0.913545457643,0.,0.406736643076));
#2116 = PCURVE('',#190,#2117);
#2117 = DEFINITIONAL_REPRESENTATION('',(#2118),#2122);
#2118 = LINE('',#2119,#2120);
#2119 = CARTESIAN_POINT('',(-0.,0.));
#2120 = VECTOR('',#2121,1.);
#2121 = DIRECTION('',(-0.,-1.));
#2122 = ( GEOMETRIC_REPRESENTATION_CONTEXT(2) 
PARAMETRIC_REPRESENTATION_CONTEXT() REPRESENTATION_CONTEXT('2D SPACE',''
  ) );
#2123 = PCURVE('',#190,#2124);
#2124 = DEFINITIONAL_REPRESENTATION('',(#2125),#2129);
#2125 = LINE('',#2126,#2127);
#2126 = CARTESIAN_POINT('',(-6.28318530718,0.));
#2127 = VECTOR('',#2128,1.);
#2128 = DIRECTION('',(-0.,-1.));
#2129 = ( GEOMETRIC_REPRESENTATION_CONTEXT(2) 
PARAMETRIC_REPRESENTATION_CONTEXT() REPRESENTATION_CONTEXT('2D SPACE',''
  ) );
#2130 = ORIENTED_EDGE('',*,*,#173,.T.);
#2131 = ORIENTED_EDGE('',*,*,#2110,.F.);
#2132 = ADVANCED_FACE('',(#2133),#255,.F.);
#2133 = FACE_BOUND('',#2134,.F.);
#2134 = EDGE_LOOP('',(#2135,#2230,#2249,#2250,#2251));
#2135 = ORIENTED_EDGE('',*,*,#2136,.F.);
#2136 = EDGE_CURVE('',#2137,#2139,#2141,.T.);
#2137 = VERTEX_POINT('',#2138);
#2138 = CARTESIAN_POINT('',(-17.26992164448,-86.09978318713,
    -38.78887909596));
#2139 = VERTEX_POINT('',#2140);
#2140 = CARTESIAN_POINT('',(-22.31075758986,14.603845074232,
    113.79544037112));
#2141 = SURFACE_CURVE('',#2142,(#2152,#2159),.PCURVE_S1.);
#2142 = ( BOUNDED_CURVE() B_SPLINE_CURVE(8,(#2143,#2144,#2145,#2146,
    #2147,#2148,#2149,#2150,#2151),.UNSPECIFIED.,.F.,.F.) 
B_SPLINE_CURVE_WITH_KNOTS((9,9),(0.,66.666666666667),
.PIECEWISE_BEZIER_KNOTS.) CURVE() GEOMETRIC_REPRESENTATION_ITEM() 
RATIONAL_B_SPLINE_CURVE((1.000053547667,1.000053547667,1.000053547667,
    1.000053547667,1.000053547667,1.000053547667,1.000053547667,
1.000053547667,1.000053547667)) REPRESENTATION_ITEM('') );
#2143 = CARTESIAN_POINT('',(-17.26992164448,-86.09978318713,
    -38.78887909596));
#2144 = CARTESIAN_POINT('',(-15.33259419715,-97.67887402012,
    -13.94929260971));
#2145 = CARTESIAN_POINT('',(-11.92737680418,-101.9399720131,
    14.187228674505));
#2146 = CARTESIAN_POINT('',(-8.136992811956,-97.57133528193,
    43.18884830469));
#2147 = CARTESIAN_POINT('',(-5.274820545561,-84.41993022193,
    70.105670264755));
#2148 = CARTESIAN_POINT('',(-4.636207762685,-63.81271181495,
    92.028295855791));
#2149 = CARTESIAN_POINT('',(-7.125414317764,-38.38799119556,
    106.92572419171));
#2150 = CARTESIAN_POINT('',(-13.07801717489,-11.27139876223,
    114.04423707059));
#2151 = CARTESIAN_POINT('',(-22.31075758986,14.603845074232,
    113.79544037112));
#2152 = PCURVE('',#255,#2153);
#2153 = DEFINITIONAL_REPRESENTATION('',(#2154),#2158);
#2154 = LINE('',#2155,#2156);
#2155 = CARTESIAN_POINT('',(0.,0.));
#2156 = VECTOR('',#2157,1.);
#2157 = DIRECTION('',(0.,1.));
#2158 = ( GEOMETRIC_REPRESENTATION_CONTEXT(2) 
PARAMETRIC_REPRESENTATION_CONTEXT() REPRESENTATION_CONTEXT('2D SPACE',''
  ) );
#2159 = PCURVE('',#2160,#2224);
#2160 = ( BOUNDED_SURFACE() B_SPLINE_SURFACE(6,8,(
    (#2161,#2162,#2163,#2164,#2165,#2166,#2167,#2168,#2169)
    ,(#2170,#2171,#2172,#2173,#2174,#2175,#2176,#2177,#2178)
    ,(#2179,#2180,#2181,#2182,#2183,#2184,#2185,#2186,#2187)
    ,(#2188,#2189,#2190,#2191,#2192,#2193,#2194,#2195,#2196)
    ,(#2197,#2198,#2199,#2200,#2201,#2202,#2203,#2204,#2205)
    ,(#2206,#2207,#2208,#2209,#2210,#2211,#2212,#2213,#2214)
    ,(#2215,#2216,#2217,#2218,#2219,#2220,#2221,#2222,#2223
)),.UNSPECIFIED.,.F.,.F.,.F.) B_SPLINE_SURFACE_WITH_KNOTS((7,7),(9,9),(
    0.,6.544984694977E-02),(0.,66.666666666667),
.PIECEWISE_BEZIER_KNOTS.) GEOMETRIC_REPRESENTATION_ITEM() 
RATIONAL_B_SPLINE_SURFACE((
    (1.000053547667,1.000053547667,1.000053547667,1.000053547667
      ,1.000053547667,1.000053547667,1.000053547667,1.000053547667
      ,1.000053547667)
    ,(1.000017847948,1.000017847948,1.000017847948,1.000017847948
      ,1.000017847948,1.000017847948,1.000017847948,1.000017847948
      ,1.000017847948)
    ,(0.999996430156,0.999996430156,0.999996430156,0.999996430156
      ,0.999996430156,0.999996430156,0.999996430156,0.999996430156
      ,0.999996430156)
    ,(0.999989291231,0.999989291231,0.999989291231,0.999989291231
      ,0.999989291231,0.999989291231,0.999989291231,0.999989291231
      ,0.999989291231)
    ,(0.999996430156,0.999996430156,0.999996430156,0.999996430156
      ,0.999996430156,0.999996430156,0.999996430156,0.999996430156
      ,0.999996430156)
    ,(1.000017847948,1.000017847948,1.000017847948,1.000017847948
      ,1.000017847948,1.000017847948,1.000017847948,1.000017847948
      ,1.000017847948)
    ,(1.000053547667,1.000053547667,1.000053547667,1.000053547667
      ,1.000053547667,1.000053547667,1.000053547667,1.000053547667
,1.000053547667))) REPRESENTATION_ITEM('') SURFACE() );
#2161 = CARTESIAN_POINT('',(-19.52335886763,-83.1384387633,
    -43.85018196684));
#2162 = CARTESIAN_POINT('',(-17.91450437355,-96.22840815326,
    -19.74835781282));
#2163 = CARTESIAN_POINT('',(-14.64623065668,-102.2520893471,
    8.080582938904));
#2164 = CARTESIAN_POINT('',(-10.76404810979,-99.72644741391,
    37.288385498661));
#2165 = CARTESIAN_POINT('',(-7.57445203728,-88.28758556822,
    64.940613367926));
#2166 = CARTESIAN_POINT('',(-6.405316214201,-69.05132615158,
    88.054813216663));
#2167 = CARTESIAN_POINT('',(-8.229148360261,-44.50492676073,
    104.44669694365));
#2168 = CARTESIAN_POINT('',(-13.46395449212,-17.71336490514,
    113.17740766367));
#2169 = CARTESIAN_POINT('',(-22.00489732373,8.366951303775,
    114.48241377651));
#2170 = CARTESIAN_POINT('',(-19.14133697985,-83.60161893114,
    -42.99214675844));
#2171 = CARTESIAN_POINT('',(-17.48110644305,-96.43545130844,
    -18.77493012318));
#2172 = CARTESIAN_POINT('',(-14.19392637544,-102.1636266074,
    9.096474987558));
#2173 = CARTESIAN_POINT('',(-10.33112732512,-99.33214859173,
    38.260741501238));
#2174 = CARTESIAN_POINT('',(-7.199883601487,-87.61234534878,
    65.781907849048));
#2175 = CARTESIAN_POINT('',(-6.122181324317,-68.15478051216,
    88.69074459133));
#2176 = CARTESIAN_POINT('',(-8.058822114106,-43.47096397341,
    104.82925595607));
#2177 = CARTESIAN_POINT('',(-13.41394366894,-16.63487343309,
    113.28973381163));
#2178 = CARTESIAN_POINT('',(-22.06969410089,9.401998006132,
    114.33687783219));
#2179 = CARTESIAN_POINT('',(-18.76179756107,-84.07707409588,
    -42.13968726671));
#2180 = CARTESIAN_POINT('',(-17.04882943629,-96.65643389969,
    -17.80402006948));
#2181 = CARTESIAN_POINT('',(-13.74117047053,-102.0897244379,
    10.1133813996));
#2182 = CARTESIAN_POINT('',(-9.89612572812,-98.95179961135,
    39.237771084797));
#2183 = CARTESIAN_POINT('',(-6.821736041675,-86.9491890182,
    66.631241174367));
#2184 = CARTESIAN_POINT('',(-5.834285100337,-67.26738558177,
    89.337370097442));
#2185 = CARTESIAN_POINT('',(-7.882998053103,-42.44252719384,
    105.22416326283));
#2186 = CARTESIAN_POINT('',(-13.35819279311,-15.5580376929,
    113.41495232891));
#2187 = CARTESIAN_POINT('',(-22.12897721925,10.439085759832,
    114.20372576828));
#2188 = CARTESIAN_POINT('',(-18.38481390693,-84.56471326264,
    -41.29296811636));
#2189 = CARTESIAN_POINT('',(-16.61775674207,-96.89131407521,
    -16.83581494605));
#2190 = CARTESIAN_POINT('',(-13.28805019421,-102.0303978642,
    11.131106203222));
#2191 = CARTESIAN_POINT('',(-9.459127061401,-98.58547453846,
    40.219286160395));
#2192 = CARTESIAN_POINT('',(-6.440082060598,-86.29824505823,
    67.488450050773));
#2193 = CARTESIAN_POINT('',(-5.541682784271,-66.38931291093,
    89.994565659452));
#2194 = CARTESIAN_POINT('',(-7.701709775971,-41.41981496668,
    105.63134339995));
#2195 = CARTESIAN_POINT('',(-13.29671230424,-14.48306535172,
    113.5530397678));
#2196 = CARTESIAN_POINT('',(-22.18273495576,11.47801475774,
    114.08298391519));
#2197 = CARTESIAN_POINT('',(-18.01045873069,-85.06444265129,
    -40.45215262403));
#2198 = CARTESIAN_POINT('',(-16.18797147577,-97.14004680744,
    -15.87050143305));
#2199 = CARTESIAN_POINT('',(-12.83465288374,-101.9856585823,
    12.149453235714));
#2200 = CARTESIAN_POINT('',(-9.020215525466,-98.2332442365,
    41.20509761061));
#2201 = CARTESIAN_POINT('',(-6.054995163539,-85.65963916329,
    68.353369382699));
#2202 = CARTESIAN_POINT('',(-5.24443069432,-65.52073192395,
    90.662204784617));
#2203 = CARTESIAN_POINT('',(-7.514992130407,-40.40302453284,
    106.05071809821));
#2204 = CARTESIAN_POINT('',(-13.22951395106,-13.41016365522,
    113.7039697402));
#2205 = CARTESIAN_POINT('',(-22.23095684941,12.518584768073,
    113.97467576875));
#2206 = CARTESIAN_POINT('',(-17.63880414509,-85.57616571954,
    -39.61740275757));
#2207 = CARTESIAN_POINT('',(-15.75955645862,-97.40258390404,
    -14.90826555003));
#2208 = CARTESIAN_POINT('',(-12.38106593969,-101.9555149556,
    13.168226192214));
#2209 = CARTESIAN_POINT('',(-8.579475757823,-97.89517634878,
    42.19501533645));
#2210 = CARTESIAN_POINT('',(-5.666549640087,-85.03349420901,
    69.225832313042));
#2211 = CARTESIAN_POINT('',(-4.94258621097,-64.66180987665,
    91.340158594214));
#2212 = CARTESIAN_POINT('',(-7.322881204525,-39.3923517803,
    106.48220630242));
#2213 = CARTESIAN_POINT('',(-13.1566107886,-12.339539376,113.86771292401
    ));
#2214 = CARTESIAN_POINT('',(-22.2736337039,13.560595184141,
    113.87882198418));
#2215 = CARTESIAN_POINT('',(-17.26992164448,-86.09978318713,
    -38.78887909596));
#2216 = CARTESIAN_POINT('',(-15.33259419715,-97.67887402012,
    -13.94929260971));
#2217 = CARTESIAN_POINT('',(-11.92737680418,-101.9399720131,
    14.187228674505));
#2218 = CARTESIAN_POINT('',(-8.136992811956,-97.57133528193,
    43.18884830469));
#2219 = CARTESIAN_POINT('',(-5.274820545561,-84.41993022193,
    70.105670264755));
#2220 = CARTESIAN_POINT('',(-4.636207762685,-63.81271181495,
    92.028295855791));
#2221 = CARTESIAN_POINT('',(-7.125414317764,-38.38799119556,
    106.92572419171));
#2222 = CARTESIAN_POINT('',(-13.07801717489,-11.27139876223,
    114.04423707059));
#2223 = CARTESIAN_POINT('',(-22.31075758986,14.603845074232,
    113.79544037112));
#2224 = DEFINITIONAL_REPRESENTATION('',(#2225),#2229);
#2225 = LINE('',#2226,#2227);
#2226 = CARTESIAN_POINT('',(6.544984694977E-02,0.));
#2227 = VECTOR('',#2228,1.);
#2228 = DIRECTION('',(0.,1.));
#2229 = ( GEOMETRIC_REPRESENTATION_CONTEXT(2) 
PARAMETRIC_REPRESENTATION_CONTEXT() REPRESENTATION_CONTEXT('2D SPACE',''
  ) );
#2230 = ORIENTED_EDGE('',*,*,#2231,.T.);
#2231 = EDGE_CURVE('',#2137,#948,#2232,.T.);
#2232 = SURFACE_CURVE('',#2233,(#2236,#2243),.PCURVE_S1.);
#2233 = B_SPLINE_CURVE_WITH_KNOTS('',1,(#2234,#2235),.UNSPECIFIED.,.F.,
  .F.,(2,2),(0.,44.),.PIECEWISE_BEZIER_KNOTS.);
#2234 = CARTESIAN_POINT('',(-17.26992164448,-86.09978318713,
    -38.78887909596));
#2235 = CARTESIAN_POINT('',(-9.354540890764,-46.6373825597,
    -21.01064284364));
#2236 = PCURVE('',#255,#2237);
#2237 = DEFINITIONAL_REPRESENTATION('',(#2238),#2242);
#2238 = LINE('',#2239,#2240);
#2239 = CARTESIAN_POINT('',(0.,0.));
#2240 = VECTOR('',#2241,1.);
#2241 = DIRECTION('',(1.,0.));
#2242 = ( GEOMETRIC_REPRESENTATION_CONTEXT(2) 
PARAMETRIC_REPRESENTATION_CONTEXT() REPRESENTATION_CONTEXT('2D SPACE',''
  ) );
#2243 = PCURVE('',#964,#2244);
#2244 = DEFINITIONAL_REPRESENTATION('',(#2245),#2248);
#2245 = B_SPLINE_CURVE_WITH_KNOTS('',1,(#2246,#2247),.UNSPECIFIED.,.F.,
  .F.,(2,2),(0.,44.),.PIECEWISE_BEZIER_KNOTS.);
#2246 = CARTESIAN_POINT('',(21.228585202101,3.837666523025));
#2247 = CARTESIAN_POINT('',(-22.67720742039,0.959928836899));
#2248 = ( GEOMETRIC_REPRESENTATION_CONTEXT(2) 
PARAMETRIC_REPRESENTATION_CONTEXT() REPRESENTATION_CONTEXT('2D SPACE',''
  ) );
#2249 = ORIENTED_EDGE('',*,*,#980,.F.);
#2250 = ORIENTED_EDGE('',*,*,#230,.T.);
#2251 = ORIENTED_EDGE('',*,*,#2252,.F.);
#2252 = EDGE_CURVE('',#2139,#231,#2253,.T.);
#2253 = SURFACE_CURVE('',#2254,(#2257,#2264),.PCURVE_S1.);
#2254 = B_SPLINE_CURVE_WITH_KNOTS('',1,(#2255,#2256),.UNSPECIFIED.,.F.,
  .F.,(2,2),(0.,44.),.PIECEWISE_BEZIER_KNOTS.);
#2255 = CARTESIAN_POINT('',(-22.31075758986,14.603845074232,
    113.79544037112));
#2256 = CARTESIAN_POINT('',(-39.99888267803,7.910416081876,
    74.067260961677));
#2257 = PCURVE('',#255,#2258);
#2258 = DEFINITIONAL_REPRESENTATION('',(#2259),#2263);
#2259 = LINE('',#2260,#2261);
#2260 = CARTESIAN_POINT('',(0.,66.666666666667));
#2261 = VECTOR('',#2262,1.);
#2262 = DIRECTION('',(1.,0.));
#2263 = ( GEOMETRIC_REPRESENTATION_CONTEXT(2) 
PARAMETRIC_REPRESENTATION_CONTEXT() REPRESENTATION_CONTEXT('2D SPACE',''
  ) );
#2264 = PCURVE('',#325,#2265);
#2265 = DEFINITIONAL_REPRESENTATION('',(#2266),#2270);
#2266 = LINE('',#2267,#2268);
#2267 = CARTESIAN_POINT('',(0.,0.));
#2268 = VECTOR('',#2269,1.);
#2269 = DIRECTION('',(1.,0.));
#2270 = ( GEOMETRIC_REPRESENTATION_CONTEXT(2) 
PARAMETRIC_REPRESENTATION_CONTEXT() REPRESENTATION_CONTEXT('2D SPACE',''
  ) );
#2271 = ADVANCED_FACE('',(#2272),#325,.F.);
#2272 = FACE_BOUND('',#2273,.F.);
#2273 = EDGE_LOOP('',(#2274,#2367,#2368,#2369));
#2274 = ORIENTED_EDGE('',*,*,#2275,.F.);
#2275 = EDGE_CURVE('',#2139,#2276,#2278,.T.);
#2276 = VERTEX_POINT('',#2277);
#2277 = CARTESIAN_POINT('',(-148.8073761184,69.346940357737,
    -6.414394246896));
#2278 = SURFACE_CURVE('',#2279,(#2289,#2296),.PCURVE_S1.);
#2279 = ( BOUNDED_CURVE() B_SPLINE_CURVE(8,(#2280,#2281,#2282,#2283,
    #2284,#2285,#2286,#2287,#2288),.UNSPECIFIED.,.F.,.F.) 
B_SPLINE_CURVE_WITH_KNOTS((9,9),(0.,66.666666666667),
.PIECEWISE_BEZIER_KNOTS.) CURVE() GEOMETRIC_REPRESENTATION_ITEM() 
RATIONAL_B_SPLINE_CURVE((1.000053547667,1.000053547667,1.000053547667,
    1.000053547667,1.000053547667,1.000053547667,1.000053547667,
1.000053547667,1.000053547667)) REPRESENTATION_ITEM('') );
#2280 = CARTESIAN_POINT('',(-22.31075758986,14.603845074232,
    113.79544037112));
#2281 = CARTESIAN_POINT('',(-31.54349800482,40.479088910703,
    113.54664367166));
#2282 = CARTESIAN_POINT('',(-44.05638815737,65.113178706668,
    105.93051003765));
#2283 = CARTESIAN_POINT('',(-59.66544849843,85.573166813771,
    91.360264301977));
#2284 = CARTESIAN_POINT('',(-77.66834377547,99.126183043454,
    71.413377269497));
#2285 = CARTESIAN_POINT('',(-96.87997930125,103.92455665939,
    48.751615188166));
#2286 = CARTESIAN_POINT('',(-115.9026626627,99.660415995105,
    26.514246616418));
#2287 = CARTESIAN_POINT('',(-133.5025199329,87.450709823628,
    7.472597768433));
#2288 = CARTESIAN_POINT('',(-148.8073761184,69.346940357737,
    -6.414394246896));
#2289 = PCURVE('',#325,#2290);
#2290 = DEFINITIONAL_REPRESENTATION('',(#2291),#2295);
#2291 = LINE('',#2292,#2293);
#2292 = CARTESIAN_POINT('',(0.,0.));
#2293 = VECTOR('',#2294,1.);
#2294 = DIRECTION('',(0.,1.));
#2295 = ( GEOMETRIC_REPRESENTATION_CONTEXT(2) 
PARAMETRIC_REPRESENTATION_CONTEXT() REPRESENTATION_CONTEXT('2D SPACE',''
  ) );
#2296 = PCURVE('',#2297,#2361);
#2297 = ( BOUNDED_SURFACE() B_SPLINE_SURFACE(6,8,(
    (#2298,#2299,#2300,#2301,#2302,#2303,#2304,#2305,#2306)
    ,(#2307,#2308,#2309,#2310,#2311,#2312,#2313,#2314,#2315)
    ,(#2316,#2317,#2318,#2319,#2320,#2321,#2322,#2323,#2324)
    ,(#2325,#2326,#2327,#2328,#2329,#2330,#2331,#2332,#2333)
    ,(#2334,#2335,#2336,#2337,#2338,#2339,#2340,#2341,#2342)
    ,(#2343,#2344,#2345,#2346,#2347,#2348,#2349,#2350,#2351)
    ,(#2352,#2353,#2354,#2355,#2356,#2357,#2358,#2359,#2360
)),.UNSPECIFIED.,.F.,.F.,.F.) B_SPLINE_SURFACE_WITH_KNOTS((7,7),(9,9),(
    0.,6.544984694977E-02),(0.,66.666666666667),
.PIECEWISE_BEZIER_KNOTS.) GEOMETRIC_REPRESENTATION_ITEM() 
RATIONAL_B_SPLINE_SURFACE((
    (1.000053547667,1.000053547667,1.000053547667,1.000053547667
      ,1.000053547667,1.000053547667,1.000053547667,1.000053547667
      ,1.000053547667)
    ,(1.000017847948,1.000017847948,1.000017847948,1.000017847948
      ,1.000017847948,1.000017847948,1.000017847948,1.000017847948
      ,1.000017847948)
    ,(0.999996430156,0.999996430156,0.999996430156,0.999996430156
      ,0.999996430156,0.999996430156,0.999996430156,0.999996430156
      ,0.999996430156)
    ,(0.999989291231,0.999989291231,0.999989291231,0.999989291231
      ,0.999989291231,0.999989291231,0.999989291231,0.999989291231
      ,0.999989291231)
    ,(0.999996430156,0.999996430156,0.999996430156,0.999996430156
      ,0.999996430156,0.999996430156,0.999996430156,0.999996430156
      ,0.999996430156)
    ,(1.000017847948,1.000017847948,1.000017847948,1.000017847948
      ,1.000017847948,1.000017847948,1.000017847948,1.000017847948
      ,1.000017847948)
    ,(1.000053547667,1.000053547667,1.000053547667,1.000053547667
      ,1.000053547667,1.000053547667,1.000053547667,1.000053547667
,1.000053547667))) REPRESENTATION_ITEM('') SURFACE() );
#2298 = CARTESIAN_POINT('',(-22.00489732373,8.366951303775,
    114.48241377651));
#2299 = CARTESIAN_POINT('',(-30.54584015535,34.447267512693,
    115.78741988935));
#2300 = CARTESIAN_POINT('',(-42.39292666483,59.816534173234,
    109.66670572188));
#2301 = CARTESIAN_POINT('',(-57.44059304857,81.518499447228,
    96.357371458981));
#2302 = CARTESIAN_POINT('',(-75.06070720846,96.713209134704,
    77.270224891979));
#2303 = CARTESIAN_POINT('',(-94.1198632943,103.36638563683,
    54.950937240008));
#2304 = CARTESIAN_POINT('',(-113.2315514154,100.94606794657,
    32.513660704976));
#2305 = CARTESIAN_POINT('',(-131.1348265609,90.368406809503,
    12.79052415138));
#2306 = CARTESIAN_POINT('',(-146.9048073781,73.540266539422,
    -2.141154891469));
#2307 = CARTESIAN_POINT('',(-22.06969410089,9.401998006132,
    114.33687783219));
#2308 = CARTESIAN_POINT('',(-30.72544453284,35.438869445364,
    115.38402185275));
#2309 = CARTESIAN_POINT('',(-42.68183168326,60.676717555141,
    109.0178144263));
#2310 = CARTESIAN_POINT('',(-57.82027835695,82.164224838057,
    95.504584293876));
#2311 = CARTESIAN_POINT('',(-75.50052680118,97.080273760981,
    76.282373912831));
#2312 = CARTESIAN_POINT('',(-94.58097311192,103.42237102423,
    53.915267632837));
#2313 = CARTESIAN_POINT('',(-113.6737413821,100.69604180165,
    31.520485778833));
#2314 = CARTESIAN_POINT('',(-131.5228424654,89.850529399657,
    11.919026160901));
#2315 = CARTESIAN_POINT('',(-147.2124974569,72.816089909268,
    -2.832238123264));
#2316 = CARTESIAN_POINT('',(-22.12897721925,10.439085759832,
    114.20372576828));
#2317 = CARTESIAN_POINT('',(-30.89976164538,36.436209212565,
    114.99249920764));
#2318 = CARTESIAN_POINT('',(-42.96614446395,61.546162089851,
    108.3792374656));
#2319 = CARTESIAN_POINT('',(-58.19650937375,82.822142205869,
    94.659555594632));
#2320 = CARTESIAN_POINT('',(-75.93837319527,97.461477640086,
    75.298954810403));
#2321 = CARTESIAN_POINT('',(-95.04176509309,103.49319418746,
    52.880311898005));
#2322 = CARTESIAN_POINT('',(-114.1172436152,100.46025763342,
    30.524363453933));
#2323 = CARTESIAN_POINT('',(-131.9135990736,89.345161925086,
    11.041372449336));
#2324 = CARTESIAN_POINT('',(-147.5240300761,72.101846878109,
    -3.531951842369));
#2325 = CARTESIAN_POINT('',(-22.18273495576,11.47801475774,
    114.08298391519));
#2326 = CARTESIAN_POINT('',(-31.06875760728,37.439094867202,
    114.61292806258));
#2327 = CARTESIAN_POINT('',(-43.24580995484,62.42470067292,
    107.75109848867));
#2328 = CARTESIAN_POINT('',(-58.56921338908,83.492125378609,
    93.822448670416));
#2329 = CARTESIAN_POINT('',(-76.37416188267,97.856748045523,
    74.320157392852));
#2330 = CARTESIAN_POINT('',(-95.50215039525,103.5788422686,
    51.846269579181));
#2331 = CARTESIAN_POINT('',(-114.5619726924,100.23876165588,
    29.52548559209));
#2332 = CARTESIAN_POINT('',(-132.3070212071,88.85240247384,
    10.157731869869));
#2333 = CARTESIAN_POINT('',(-147.8393453884,71.397675660389,
    -4.240161629088));
#2334 = CARTESIAN_POINT('',(-22.23095684941,12.518584768073,
    113.97467576875));
#2335 = CARTESIAN_POINT('',(-31.23239974776,38.447333191373,
    114.2453817973));
#2336 = CARTESIAN_POINT('',(-43.52077416445,63.312164119013,
    107.13351876237));
#2337 = CARTESIAN_POINT('',(-58.9383184973,84.174045425287,
    92.99342502395));
#2338 = CARTESIAN_POINT('',(-76.80780882372,98.26600903582,
    73.346170416338));
#2339 = CARTESIAN_POINT('',(-95.96204026697,103.67929902274,
    50.813340015364));
#2340 = CARTESIAN_POINT('',(-115.0078429093,100.03159681982,
    28.524044688478));
#2341 = CARTESIAN_POINT('',(-132.7030330771,88.372346255655,
    9.26827464677));
#2342 = CARTESIAN_POINT('',(-148.1583826808,70.70371217244,
    -4.956731120105));
#2343 = CARTESIAN_POINT('',(-22.2736337039,13.560595184141,
    113.87882198418));
#2344 = CARTESIAN_POINT('',(-31.39065661919,39.460729744289,
    113.88993104434));
#2345 = CARTESIAN_POINT('',(-43.79098417539,64.208381203798,
    106.52661714112));
#2346 = CARTESIAN_POINT('',(-59.30375361495,84.86777068778,
    92.172644311222));
#2347 = CARTESIAN_POINT('',(-77.2392304681,98.689181473191,
    72.377181538025));
#2348 = CARTESIAN_POINT('',(-96.42134606998,103.79454482174,
    49.781722291324));
#2349 = CARTESIAN_POINT('',(-115.4547683009,99.838802801914,
    27.520233823837));
#2350 = CARTESIAN_POINT('',(-133.1015583034,87.905085578051,
    8.373172333193));
#2351 = CARTESIAN_POINT('',(-148.4810803902,70.020089998506,
    -5.681522042226));
#2352 = CARTESIAN_POINT('',(-22.31075758986,14.603845074232,
    113.79544037112));
#2353 = CARTESIAN_POINT('',(-31.54349800482,40.479088910703,
    113.54664367166));
#2354 = CARTESIAN_POINT('',(-44.05638815737,65.113178706668,
    105.93051003765));
#2355 = CARTESIAN_POINT('',(-59.66544849843,85.573166813771,
    91.360264301977));
#2356 = CARTESIAN_POINT('',(-77.66834377547,99.126183043454,
    71.413377269497));
#2357 = CARTESIAN_POINT('',(-96.87997930125,103.92455665939,
    48.751615188166));
#2358 = CARTESIAN_POINT('',(-115.9026626627,99.660415995105,
    26.514246616418));
#2359 = CARTESIAN_POINT('',(-133.5025199329,87.450709823628,
    7.472597768433));
#2360 = CARTESIAN_POINT('',(-148.8073761184,69.346940357737,
    -6.414394246896));
#2361 = DEFINITIONAL_REPRESENTATION('',(#2362),#2366);
#2362 = LINE('',#2363,#2364);
#2363 = CARTESIAN_POINT('',(6.544984694977E-02,0.));
#2364 = VECTOR('',#2365,1.);
#2365 = DIRECTION('',(0.,1.));
#2366 = ( GEOMETRIC_REPRESENTATION_CONTEXT(2) 
PARAMETRIC_REPRESENTATION_CONTEXT() REPRESENTATION_CONTEXT('2D SPACE',''
  ) );
#2367 = ORIENTED_EDGE('',*,*,#2252,.T.);
#2368 = ORIENTED_EDGE('',*,*,#281,.F.);
#2369 = ORIENTED_EDGE('',*,*,#2370,.F.);
#2370 = EDGE_CURVE('',#2276,#282,#2371,.T.);
#2371 = SURFACE_CURVE('',#2372,(#2375,#2382),.PCURVE_S1.);
#2372 = B_SPLINE_CURVE_WITH_KNOTS('',1,(#2373,#2374),.UNSPECIFIED.,.F.,
  .F.,(2,2),(0.,44.),.PIECEWISE_BEZIER_KNOTS.);
#2373 = CARTESIAN_POINT('',(-148.8073761184,69.346940357737,
    -6.414394246896));
#2374 = CARTESIAN_POINT('',(-136.4317733645,37.562926027107,
    21.381664637564));
#2375 = PCURVE('',#325,#2376);
#2376 = DEFINITIONAL_REPRESENTATION('',(#2377),#2381);
#2377 = LINE('',#2378,#2379);
#2378 = CARTESIAN_POINT('',(0.,66.666666666667));
#2379 = VECTOR('',#2380,1.);
#2380 = DIRECTION('',(1.,0.));
#2381 = ( GEOMETRIC_REPRESENTATION_CONTEXT(2) 
PARAMETRIC_REPRESENTATION_CONTEXT() REPRESENTATION_CONTEXT('2D SPACE',''
  ) );
#2382 = PCURVE('',#395,#2383);
#2383 = DEFINITIONAL_REPRESENTATION('',(#2384),#2388);
#2384 = LINE('',#2385,#2386);
#2385 = CARTESIAN_POINT('',(0.,0.));
#2386 = VECTOR('',#2387,1.);
#2387 = DIRECTION('',(1.,0.));
#2388 = ( GEOMETRIC_REPRESENTATION_CONTEXT(2) 
PARAMETRIC_REPRESENTATION_CONTEXT() REPRESENTATION_CONTEXT('2D SPACE',''
  ) );
#2389 = ADVANCED_FACE('',(#2390),#395,.F.);
#2390 = FACE_BOUND('',#2391,.F.);
#2391 = EDGE_LOOP('',(#2392,#2485,#2486,#2487));
#2392 = ORIENTED_EDGE('',*,*,#2393,.F.);
#2393 = EDGE_CURVE('',#2276,#2394,#2396,.T.);
#2394 = VERTEX_POINT('',#2395);
#2395 = CARTESIAN_POINT('',(-190.3267282651,-94.15538691871,
    64.237836374405));
#2396 = SURFACE_CURVE('',#2397,(#2407,#2414),.PCURVE_S1.);
#2397 = ( BOUNDED_CURVE() B_SPLINE_CURVE(8,(#2398,#2399,#2400,#2401,
    #2402,#2403,#2404,#2405,#2406),.UNSPECIFIED.,.F.,.F.) 
B_SPLINE_CURVE_WITH_KNOTS((9,9),(0.,66.666666666667),
.PIECEWISE_BEZIER_KNOTS.) CURVE() GEOMETRIC_REPRESENTATION_ITEM() 
RATIONAL_B_SPLINE_CURVE((1.000053547667,1.000053547667,1.000053547667,
    1.000053547667,1.000053547667,1.000053547667,1.000053547667,
1.000053547667,1.000053547667)) REPRESENTATION_ITEM('') );
#2398 = CARTESIAN_POINT('',(-148.8073761184,69.346940357737,
    -6.414394246896));
#2399 = CARTESIAN_POINT('',(-164.1122323038,51.243170891845,
    -20.30138626222));
#2400 = CARTESIAN_POINT('',(-177.1221452405,27.245202009019,
    -29.03385134689));
#2401 = CARTESIAN_POINT('',(-186.9654442503,-0.594168854697,
    -30.65398510302));
#2402 = CARTESIAN_POINT('',(-193.1344369108,-29.29295541635,
    -24.02149167988));
#2403 = CARTESIAN_POINT('',(-195.6932602389,-55.40464190115,
    -9.280425176441));
#2404 = CARTESIAN_POINT('',(-195.3410212473,-75.9377413079,
    11.998994348472));
#2405 = CARTESIAN_POINT('',(-193.1575849915,-89.04793423177,
    37.391350268953));
#2406 = CARTESIAN_POINT('',(-190.3267282651,-94.15538691871,
    64.237836374405));
#2407 = PCURVE('',#395,#2408);
#2408 = DEFINITIONAL_REPRESENTATION('',(#2409),#2413);
#2409 = LINE('',#2410,#2411);
#2410 = CARTESIAN_POINT('',(0.,0.));
#2411 = VECTOR('',#2412,1.);
#2412 = DIRECTION('',(0.,1.));
#2413 = ( GEOMETRIC_REPRESENTATION_CONTEXT(2) 
PARAMETRIC_REPRESENTATION_CONTEXT() REPRESENTATION_CONTEXT('2D SPACE',''
  ) );
#2414 = PCURVE('',#2415,#2479);
#2415 = ( BOUNDED_SURFACE() B_SPLINE_SURFACE(6,8,(
    (#2416,#2417,#2418,#2419,#2420,#2421,#2422,#2423,#2424)
    ,(#2425,#2426,#2427,#2428,#2429,#2430,#2431,#2432,#2433)
    ,(#2434,#2435,#2436,#2437,#2438,#2439,#2440,#2441,#2442)
    ,(#2443,#2444,#2445,#2446,#2447,#2448,#2449,#2450,#2451)
    ,(#2452,#2453,#2454,#2455,#2456,#2457,#2458,#2459,#2460)
    ,(#2461,#2462,#2463,#2464,#2465,#2466,#2467,#2468,#2469)
    ,(#2470,#2471,#2472,#2473,#2474,#2475,#2476,#2477,#2478
)),.UNSPECIFIED.,.F.,.F.,.F.) B_SPLINE_SURFACE_WITH_KNOTS((7,7),(9,9),(
    0.,6.544984694977E-02),(0.,66.666666666667),
.PIECEWISE_BEZIER_KNOTS.) GEOMETRIC_REPRESENTATION_ITEM() 
RATIONAL_B_SPLINE_SURFACE((
    (1.000053547667,1.000053547667,1.000053547667,1.000053547667
      ,1.000053547667,1.000053547667,1.000053547667,1.000053547667
      ,1.000053547667)
    ,(1.000017847948,1.000017847948,1.000017847948,1.000017847948
      ,1.000017847948,1.000017847948,1.000017847948,1.000017847948
      ,1.000017847948)
    ,(0.999996430156,0.999996430156,0.999996430156,0.999996430156
      ,0.999996430156,0.999996430156,0.999996430156,0.999996430156
      ,0.999996430156)
    ,(0.999989291231,0.999989291231,0.999989291231,0.999989291231
      ,0.999989291231,0.999989291231,0.999989291231,0.999989291231
      ,0.999989291231)
    ,(0.999996430156,0.999996430156,0.999996430156,0.999996430156
      ,0.999996430156,0.999996430156,0.999996430156,0.999996430156
      ,0.999996430156)
    ,(1.000017847948,1.000017847948,1.000017847948,1.000017847948
      ,1.000017847948,1.000017847948,1.000017847948,1.000017847948
      ,1.000017847948)
    ,(1.000053547667,1.000053547667,1.000053547667,1.000053547667
      ,1.000053547667,1.000053547667,1.000053547667,1.000053547667
,1.000053547667))) REPRESENTATION_ITEM('') SURFACE() );
#2416 = CARTESIAN_POINT('',(-146.9048073781,73.540266539422,
    -2.141154891469));
#2417 = CARTESIAN_POINT('',(-162.6747881954,56.71212626934,
    -17.07283393431));
#2418 = CARTESIAN_POINT('',(-176.3115360178,33.633380335204,
    -27.21319322343));
#2419 = CARTESIAN_POINT('',(-186.8906382731,6.212266594665,
    -30.48596812735));
#2420 = CARTESIAN_POINT('',(-193.8261631978,-22.65725011888,
    -25.57513435816));
#2421 = CARTESIAN_POINT('',(-197.0904267938,-49.52572007254,
    -12.41851263788));
#2422 = CARTESIAN_POINT('',(-197.3014601454,-71.29564507215,
    7.595776490313));
#2423 = CARTESIAN_POINT('',(-195.4877539276,-85.95301256789,
    32.157705148858));
#2424 = CARTESIAN_POINT('',(-192.8151257271,-92.72887932375,
    58.648804166699));
#2425 = CARTESIAN_POINT('',(-147.2124974569,72.816089909268,
    -2.832238123264));
#2426 = CARTESIAN_POINT('',(-162.9021524483,55.781650418879,
    -17.58350240742));
#2427 = CARTESIAN_POINT('',(-176.4324220772,32.558155757888,
    -27.48470775829));
#2428 = CARTESIAN_POINT('',(-186.8880019656,5.077222035416,
    -30.48004688366));
#2429 = CARTESIAN_POINT('',(-193.6961913244,-23.75356957882,
    -25.28321275076));
#2430 = CARTESIAN_POINT('',(-196.8445982317,-50.48648950994,
    -11.86637264751));
#2431 = CARTESIAN_POINT('',(-196.964526901,-72.04278964907,8.35254094751
    ));
#2432 = CARTESIAN_POINT('',(-195.0926511913,-86.43741948152,
    33.045120424227));
#2433 = CARTESIAN_POINT('',(-192.3973613922,-92.93318472448,
    59.587118225646));
#2434 = CARTESIAN_POINT('',(-147.5240300761,72.101846878109,
    -3.531951842369));
#2435 = CARTESIAN_POINT('',(-163.1344610786,54.858531831131,
    -18.10527613407));
#2436 = CARTESIAN_POINT('',(-176.559027759,31.486867792769,
    -27.76906877542));
#2437 = CARTESIAN_POINT('',(-186.8914090708,3.942141256552,
    -30.48769936738));
#2438 = CARTESIAN_POINT('',(-193.5720621354,-24.85402503441,
    -25.00441402765));
#2439 = CARTESIAN_POINT('',(-196.6038956108,-51.45512943549,
    -11.3257457093));
#2440 = CARTESIAN_POINT('',(-196.6315861012,-72.80074594273,
    9.100338227329));
#2441 = CARTESIAN_POINT('',(-194.7001445015,-86.93452147149,
    33.926704883404));
#2442 = CARTESIAN_POINT('',(-191.9807027348,-93.15092653318,
    60.522948892497));
#2443 = CARTESIAN_POINT('',(-147.8393453884,71.397675660389,
    -4.240161629088));
#2444 = CARTESIAN_POINT('',(-163.3716695697,53.942948846937,
    -18.63805512804));
#2445 = CARTESIAN_POINT('',(-176.691328964,30.419723159719,
    -28.06622214721));
#2446 = CARTESIAN_POINT('',(-186.9008592557,2.807243062392,
    -30.5089248301));
#2447 = CARTESIAN_POINT('',(-193.4537998718,-25.95840457547,
    -24.73879263471));
#2448 = CARTESIAN_POINT('',(-196.3683656049,-52.43145354865,
    -10.79673665477));
#2449 = CARTESIAN_POINT('',(-196.3027021399,-73.56936842295,
    9.839023698903));
#2450 = CARTESIAN_POINT('',(-194.3103096598,-87.44422339262,
    34.802288273693));
#2451 = CARTESIAN_POINT('',(-191.565230132,-93.3820634958,
    61.456115636901));
#2452 = CARTESIAN_POINT('',(-148.1583826808,70.70371217244,
    -4.956731120105));
#2453 = CARTESIAN_POINT('',(-163.6137322844,53.035078089224,
    -19.18173688698));
#2454 = CARTESIAN_POINT('',(-176.8293002916,29.356927636228,
    -28.37611082254));
#2455 = CARTESIAN_POINT('',(-186.9163508064,1.672746219933,
    -30.54371942273));
#2456 = CARTESIAN_POINT('',(-193.3414274347,-27.06649539112,
    -24.48640000857));
#2457 = CARTESIAN_POINT('',(-196.1380537074,-53.41527378972,
    -10.2794476635));
#2458 = CARTESIAN_POINT('',(-195.9779384852,-74.34850911999,
    10.568454810054));
#2459 = CARTESIAN_POINT('',(-193.9232218586,-87.96642721937,
    35.671701709913));
#2460 = CARTESIAN_POINT('',(-191.1510236918,-93.62655129738,
    62.386438533447));
#2461 = CARTESIAN_POINT('',(-148.4810803902,70.020089998506,
    -5.681522042226));
#2462 = CARTESIAN_POINT('',(-163.8606024769,52.13509441896,
    -19.73621641764));
#2463 = CARTESIAN_POINT('',(-176.9729150453,28.298686006178,
    -28.69867484079));
#2464 = CARTESIAN_POINT('',(-186.9378806291,0.538869404478,
    -30.59207619611));
#2465 = CARTESIAN_POINT('',(-193.2349663795,-28.17808382257,
    -24.24728456353));
#2466 = CARTESIAN_POINT('',(-195.9130042194,-54.40640038642,
    -9.773978237441));
#2467 = CARTESIAN_POINT('',(-195.6573576643,-75.13801766105,
    11.288491122876));
#2468 = CARTESIAN_POINT('',(-193.5389556629,-88.50103206997,
    36.534777716487));
#2469 = CARTESIAN_POINT('',(-190.738163233,-93.88434257278,
    63.313738306441));
#2470 = CARTESIAN_POINT('',(-148.8073761184,69.346940357737,
    -6.414394246896));
#2471 = CARTESIAN_POINT('',(-164.1122323038,51.243170891845,
    -20.30138626222));
#2472 = CARTESIAN_POINT('',(-177.1221452405,27.245202009019,
    -29.03385134689));
#2473 = CARTESIAN_POINT('',(-186.9654442503,-0.594168854697,
    -30.65398510302));
#2474 = CARTESIAN_POINT('',(-193.1344369108,-29.29295541635,
    -24.02149167988));
#2475 = CARTESIAN_POINT('',(-195.6932602389,-55.40464190115,
    -9.280425176441));
#2476 = CARTESIAN_POINT('',(-195.3410212473,-75.9377413079,
    11.998994348472));
#2477 = CARTESIAN_POINT('',(-193.1575849915,-89.04793423177,
    37.391350268953));
#2478 = CARTESIAN_POINT('',(-190.3267282651,-94.15538691871,
    64.237836374405));
#2479 = DEFINITIONAL_REPRESENTATION('',(#2480),#2484);
#2480 = LINE('',#2481,#2482);
#2481 = CARTESIAN_POINT('',(6.544984694977E-02,0.));
#2482 = VECTOR('',#2483,1.);
#2483 = DIRECTION('',(0.,1.));
#2484 = ( GEOMETRIC_REPRESENTATION_CONTEXT(2) 
PARAMETRIC_REPRESENTATION_CONTEXT() REPRESENTATION_CONTEXT('2D SPACE',''
  ) );
#2485 = ORIENTED_EDGE('',*,*,#2370,.T.);
#2486 = ORIENTED_EDGE('',*,*,#351,.F.);
#2487 = ORIENTED_EDGE('',*,*,#2488,.F.);
#2488 = EDGE_CURVE('',#2394,#352,#2489,.T.);
#2489 = SURFACE_CURVE('',#2490,(#2493,#2500),.PCURVE_S1.);
#2490 = B_SPLINE_CURVE_WITH_KNOTS('',1,(#2491,#2492),.UNSPECIFIED.,.F.,
  .F.,(2,2),(0.,44.),.PIECEWISE_BEZIER_KNOTS.);
#2491 = CARTESIAN_POINT('',(-190.3267282651,-94.15538691871,
    64.237836374405));
#2492 = CARTESIAN_POINT('',(-186.8353114275,-51.00083458096,
    72.079686984751));
#2493 = PCURVE('',#395,#2494);
#2494 = DEFINITIONAL_REPRESENTATION('',(#2495),#2499);
#2495 = LINE('',#2496,#2497);
#2496 = CARTESIAN_POINT('',(0.,66.666666666667));
#2497 = VECTOR('',#2498,1.);
#2498 = DIRECTION('',(1.,0.));
#2499 = ( GEOMETRIC_REPRESENTATION_CONTEXT(2) 
PARAMETRIC_REPRESENTATION_CONTEXT() REPRESENTATION_CONTEXT('2D SPACE',''
  ) );
#2500 = PCURVE('',#465,#2501);
#2501 = DEFINITIONAL_REPRESENTATION('',(#2502),#2506);
#2502 = LINE('',#2503,#2504);
#2503 = CARTESIAN_POINT('',(0.,0.));
#2504 = VECTOR('',#2505,1.);
#2505 = DIRECTION('',(1.,0.));
#2506 = ( GEOMETRIC_REPRESENTATION_CONTEXT(2) 
PARAMETRIC_REPRESENTATION_CONTEXT() REPRESENTATION_CONTEXT('2D SPACE',''
  ) );
#2507 = ADVANCED_FACE('',(#2508),#465,.F.);
#2508 = FACE_BOUND('',#2509,.F.);
#2509 = EDGE_LOOP('',(#2510,#2603,#2604,#2605,#2606));
#2510 = ORIENTED_EDGE('',*,*,#2511,.F.);
#2511 = EDGE_CURVE('',#2394,#2512,#2514,.T.);
#2512 = VERTEX_POINT('',#2513);
#2513 = CARTESIAN_POINT('',(-207.8722130729,38.663682226439,
    188.73625465167));
#2514 = SURFACE_CURVE('',#2515,(#2525,#2532),.PCURVE_S1.);
#2515 = ( BOUNDED_CURVE() B_SPLINE_CURVE(8,(#2516,#2517,#2518,#2519,
    #2520,#2521,#2522,#2523,#2524),.UNSPECIFIED.,.F.,.F.) 
B_SPLINE_CURVE_WITH_KNOTS((9,9),(0.,66.666666666667),
.PIECEWISE_BEZIER_KNOTS.) CURVE() GEOMETRIC_REPRESENTATION_ITEM() 
RATIONAL_B_SPLINE_CURVE((1.000053547667,1.000053547667,1.000053547667,
    1.000053547667,1.000053547667,1.000053547667,1.000053547667,
1.000053547667,1.000053547667)) REPRESENTATION_ITEM('') );
#2516 = CARTESIAN_POINT('',(-190.3267282651,-94.15538691871,
    64.237836374405));
#2517 = CARTESIAN_POINT('',(-187.4958715388,-99.26283960564,
    91.084322479857));
#2518 = CARTESIAN_POINT('',(-184.0175158153,-96.36759045866,
    119.38511514392));
#2519 = CARTESIAN_POINT('',(-181.0755801663,-84.89156430523,
    146.4810885945));
#2520 = CARTESIAN_POINT('',(-179.9548006652,-65.52268508764,
    169.48667836588));
#2521 = CARTESIAN_POINT('',(-181.7666970358,-40.36696254144,
    185.90537028348));
#2522 = CARTESIAN_POINT('',(-187.1069790735,-12.54821790723,
    194.39917824022));
#2523 = CARTESIAN_POINT('',(-195.9707504045,14.700883738538,
    194.97909967175));
#2524 = CARTESIAN_POINT('',(-207.8722130729,38.663682226439,
    188.73625465167));
#2525 = PCURVE('',#465,#2526);
#2526 = DEFINITIONAL_REPRESENTATION('',(#2527),#2531);
#2527 = LINE('',#2528,#2529);
#2528 = CARTESIAN_POINT('',(0.,0.));
#2529 = VECTOR('',#2530,1.);
#2530 = DIRECTION('',(0.,1.));
#2531 = ( GEOMETRIC_REPRESENTATION_CONTEXT(2) 
PARAMETRIC_REPRESENTATION_CONTEXT() REPRESENTATION_CONTEXT('2D SPACE',''
  ) );
#2532 = PCURVE('',#2533,#2597);
#2533 = ( BOUNDED_SURFACE() B_SPLINE_SURFACE(6,8,(
    (#2534,#2535,#2536,#2537,#2538,#2539,#2540,#2541,#2542)
    ,(#2543,#2544,#2545,#2546,#2547,#2548,#2549,#2550,#2551)
    ,(#2552,#2553,#2554,#2555,#2556,#2557,#2558,#2559,#2560)
    ,(#2561,#2562,#2563,#2564,#2565,#2566,#2567,#2568,#2569)
    ,(#2570,#2571,#2572,#2573,#2574,#2575,#2576,#2577,#2578)
    ,(#2579,#2580,#2581,#2582,#2583,#2584,#2585,#2586,#2587)
    ,(#2588,#2589,#2590,#2591,#2592,#2593,#2594,#2595,#2596
)),.UNSPECIFIED.,.F.,.F.,.F.) B_SPLINE_SURFACE_WITH_KNOTS((7,7),(9,9),(
    0.,6.544984694977E-02),(0.,66.666666666667),
.PIECEWISE_BEZIER_KNOTS.) GEOMETRIC_REPRESENTATION_ITEM() 
RATIONAL_B_SPLINE_SURFACE((
    (1.000053547667,1.000053547667,1.000053547667,1.000053547667
      ,1.000053547667,1.000053547667,1.000053547667,1.000053547667
      ,1.000053547667)
    ,(1.000017847948,1.000017847948,1.000017847948,1.000017847948
      ,1.000017847948,1.000017847948,1.000017847948,1.000017847948
      ,1.000017847948)
    ,(0.999996430156,0.999996430156,0.999996430156,0.999996430156
      ,0.999996430156,0.999996430156,0.999996430156,0.999996430156
      ,0.999996430156)
    ,(0.999989291231,0.999989291231,0.999989291231,0.999989291231
      ,0.999989291231,0.999989291231,0.999989291231,0.999989291231
      ,0.999989291231)
    ,(0.999996430156,0.999996430156,0.999996430156,0.999996430156
      ,0.999996430156,0.999996430156,0.999996430156,0.999996430156
      ,0.999996430156)
    ,(1.000017847948,1.000017847948,1.000017847948,1.000017847948
      ,1.000017847948,1.000017847948,1.000017847948,1.000017847948
      ,1.000017847948)
    ,(1.000053547667,1.000053547667,1.000053547667,1.000053547667
      ,1.000053547667,1.000053547667,1.000053547667,1.000053547667
,1.000053547667))) REPRESENTATION_ITEM('') SURFACE() );
#2534 = CARTESIAN_POINT('',(-192.8151257271,-92.72887932375,
    58.648804166699));
#2535 = CARTESIAN_POINT('',(-190.1424975266,-99.50474607961,
    85.13990318454));
#2536 = CARTESIAN_POINT('',(-186.6108700063,-98.39916304344,
    113.56034626316));
#2537 = CARTESIAN_POINT('',(-183.3862495078,-88.64491891728,
    141.29124028119));
#2538 = CARTESIAN_POINT('',(-181.7689214349,-70.72187957329,
    165.41209640494));
#2539 = CARTESIAN_POINT('',(-182.9240494157,-46.55281358298,
    183.30591427783));
#2540 = CARTESIAN_POINT('',(-187.5291672071,-19.15906389089,
    193.45092816678));
#2541 = CARTESIAN_POINT('',(-195.6653837875,8.232838475151,
    195.66496432303));
#2542 = CARTESIAN_POINT('',(-206.9202095162,32.833933759264,
    190.87448964894));
#2543 = CARTESIAN_POINT('',(-192.3973613922,-92.93318472448,
    59.587118225646));
#2544 = CARTESIAN_POINT('',(-189.7020715932,-99.42894996744,
    86.129116027067));
#2545 = CARTESIAN_POINT('',(-186.1832901976,-98.02589946268,
    114.52070623738));
#2546 = CARTESIAN_POINT('',(-183.0095884472,-87.98857468133,
    142.1372348746));
#2547 = CARTESIAN_POINT('',(-181.4781994502,-69.8312981817,
    166.06506867355));
#2548 = CARTESIAN_POINT('',(-182.7449425392,-45.50664955025,
    183.70819490892));
#2549 = CARTESIAN_POINT('',(-187.4734911796,-18.05194869824,
    193.57597857189));
#2550 = CARTESIAN_POINT('',(-195.730611122,9.306404667526,
    195.51846133109));
#2551 = CARTESIAN_POINT('',(-207.0917589944,33.792479916777,
    190.48918321251));
#2552 = CARTESIAN_POINT('',(-191.9807027348,-93.15092653318,
    60.522948892497));
#2553 = CARTESIAN_POINT('',(-189.261260968,-99.36733159486,
    87.119192901591));
#2554 = CARTESIAN_POINT('',(-185.7537413453,-97.66641293071,
    115.48548875577));
#2555 = CARTESIAN_POINT('',(-182.6294489598,-87.34438087292,
    142.99104214251));
#2556 = CARTESIAN_POINT('',(-181.1827482118,-68.95011142365,
    166.72866301986));
#2557 = CARTESIAN_POINT('',(-182.5602732611,-44.46629464028,
    184.12296889851));
#2558 = CARTESIAN_POINT('',(-187.4119229414,-16.94667279036,
    193.71426309905));
#2559 = CARTESIAN_POINT('',(-195.7901196906,10.382024117922,
    195.38480289778));
#2560 = CARTESIAN_POINT('',(-207.258197551,34.756506089291,
    190.11535609378));
#2561 = CARTESIAN_POINT('',(-191.565230132,-93.3820634958,61.4561156369)
  );
#2562 = CARTESIAN_POINT('',(-188.8201506042,-99.31990359898,
    88.109943000108));
#2563 = CARTESIAN_POINT('',(-185.322306147,-97.32077348239,
    116.45450807677));
#2564 = CARTESIAN_POINT('',(-182.2459041377,-86.712462322,
    143.85249791727));
#2565 = CARTESIAN_POINT('',(-180.8826244198,-68.078489666,
    167.40275209346));
#2566 = CARTESIAN_POINT('',(-182.3700768818,-43.43194971032,
    184.55015696075));
#2567 = CARTESIAN_POINT('',(-187.3444740452,-15.8434493266,
    193.86575580015));
#2568 = CARTESIAN_POINT('',(-195.8438977157,11.459489592213,
    195.26401547578));
#2569 = CARTESIAN_POINT('',(-207.4194928285,35.725826737675,
    189.75308096894));
#2570 = CARTESIAN_POINT('',(-191.1510236918,-93.62655129738,
    62.386438533447));
#2571 = CARTESIAN_POINT('',(-188.3788255251,-99.2866753754,
    89.101175356981));
#2572 = CARTESIAN_POINT('',(-184.8890677327,-96.98904799062,
    117.42757748721));
#2573 = CARTESIAN_POINT('',(-181.8590278526,-86.09294105678,
    144.72143628063));
#2574 = CARTESIAN_POINT('',(-180.5778858428,-67.21660109391,
    168.08720614383));
#2575 = CARTESIAN_POINT('',(-182.1743899649,-42.40381424869,
    184.98967697222));
#2576 = CARTESIAN_POINT('',(-187.2711573877,-14.7424910017,
    194.03042770916));
#2577 = CARTESIAN_POINT('',(-195.8919347287,12.538593430387,
    195.15612257796));
#2578 = CARTESIAN_POINT('',(-207.5756136438,36.70025510955,
    189.40242787665));
#2579 = CARTESIAN_POINT('',(-190.738163233,-93.88434257278,
    63.313738306441));
#2580 = CARTESIAN_POINT('',(-187.9373708032,-99.26765307559,
    90.092698896396));
#2581 = CARTESIAN_POINT('',(-184.4541096444,-96.67130014948,
    118.40450934861));
#2582 = CARTESIAN_POINT('',(-181.4688947371,-85.48593627313,
    145.59768960485));
#2583 = CARTESIAN_POINT('',(-180.2685913037,-66.36461166888,
    168.78189305247));
#2584 = CARTESIAN_POINT('',(-181.9732503286,-41.38208632508,
    185.44144399208));
#2585 = CARTESIAN_POINT('',(-187.1919872058,-13.64400999289,
    194.2082468491));
#2586 = CARTESIAN_POINT('',(-195.9342215727,13.619127598124,
    195.06114477123));
#2587 = CARTESIAN_POINT('',(-207.7265299958,37.679603285613,
    189.06346420032));
#2588 = CARTESIAN_POINT('',(-190.3267282651,-94.15538691871,
    64.237836374405));
#2589 = CARTESIAN_POINT('',(-187.4958715388,-99.26283960564,
    91.084322479857));
#2590 = CARTESIAN_POINT('',(-184.0175158153,-96.36759045866,
    119.38511514392));
#2591 = CARTESIAN_POINT('',(-181.0755801663,-84.89156430523,
    146.4810885945));
#2592 = CARTESIAN_POINT('',(-179.9548006652,-65.52268508764,
    169.48667836588));
#2593 = CARTESIAN_POINT('',(-181.7666970358,-40.36696254144,
    185.90537028348));
#2594 = CARTESIAN_POINT('',(-187.1069790735,-12.54821790723,
    194.39917824022));
#2595 = CARTESIAN_POINT('',(-195.9707504045,14.700883738538,
    194.97909967175));
#2596 = CARTESIAN_POINT('',(-207.8722130729,38.663682226439,
    188.73625465167));
#2597 = DEFINITIONAL_REPRESENTATION('',(#2598),#2602);
#2598 = LINE('',#2599,#2600);
#2599 = CARTESIAN_POINT('',(6.544984694977E-02,0.));
#2600 = VECTOR('',#2601,1.);
#2601 = DIRECTION('',(0.,1.));
#2602 = ( GEOMETRIC_REPRESENTATION_CONTEXT(2) 
PARAMETRIC_REPRESENTATION_CONTEXT() REPRESENTATION_CONTEXT('2D SPACE',''
  ) );
#2603 = ORIENTED_EDGE('',*,*,#2488,.T.);
#2604 = ORIENTED_EDGE('',*,*,#421,.T.);
#2605 = ORIENTED_EDGE('',*,*,#1361,.F.);
#2606 = ORIENTED_EDGE('',*,*,#2607,.F.);
#2607 = EDGE_CURVE('',#2512,#1362,#2608,.T.);
#2608 = SURFACE_CURVE('',#2609,(#2612,#2619),.PCURVE_S1.);
#2609 = B_SPLINE_CURVE_WITH_KNOTS('',1,(#2610,#2611),.UNSPECIFIED.,.F.,
  .F.,(2,2),(0.,44.),.PIECEWISE_BEZIER_KNOTS.);
#2610 = CARTESIAN_POINT('',(-207.8722130729,38.663682226439,
    188.73625465167));
#2611 = CARTESIAN_POINT('',(-224.2530046819,20.942827872654,
    151.94439431225));
#2612 = PCURVE('',#465,#2613);
#2613 = DEFINITIONAL_REPRESENTATION('',(#2614),#2618);
#2614 = LINE('',#2615,#2616);
#2615 = CARTESIAN_POINT('',(0.,66.666666666667));
#2616 = VECTOR('',#2617,1.);
#2617 = DIRECTION('',(1.,0.));
#2618 = ( GEOMETRIC_REPRESENTATION_CONTEXT(2) 
PARAMETRIC_REPRESENTATION_CONTEXT() REPRESENTATION_CONTEXT('2D SPACE',''
  ) );
#2619 = PCURVE('',#1456,#2620);
#2620 = DEFINITIONAL_REPRESENTATION('',(#2621),#2625);
#2621 = LINE('',#2622,#2623);
#2622 = CARTESIAN_POINT('',(0.,0.));
#2623 = VECTOR('',#2624,1.);
#2624 = DIRECTION('',(1.,0.));
#2625 = ( GEOMETRIC_REPRESENTATION_CONTEXT(2) 
PARAMETRIC_REPRESENTATION_CONTEXT() REPRESENTATION_CONTEXT('2D SPACE',''
  ) );
#2626 = ADVANCED_FACE('',(#2627),#558,.F.);
#2627 = FACE_BOUND('',#2628,.F.);
#2628 = EDGE_LOOP('',(#2629,#2630,#2631,#2653,#2746));
#2629 = ORIENTED_EDGE('',*,*,#1330,.F.);
#2630 = ORIENTED_EDGE('',*,*,#514,.F.);
#2631 = ORIENTED_EDGE('',*,*,#2632,.T.);
#2632 = EDGE_CURVE('',#515,#2633,#2635,.T.);
#2633 = VERTEX_POINT('',#2634);
#2634 = CARTESIAN_POINT('',(-77.40488648546,-87.00554755551,
    -9.947999154629));
#2635 = SURFACE_CURVE('',#2636,(#2639,#2646),.PCURVE_S1.);
#2636 = B_SPLINE_CURVE_WITH_KNOTS('',1,(#2637,#2638),.UNSPECIFIED.,.F.,
  .F.,(2,2),(0.,44.),.PIECEWISE_BEZIER_KNOTS.);
#2637 = CARTESIAN_POINT('',(-69.84153582982,-47.1280049259,
    7.039564551892));
#2638 = CARTESIAN_POINT('',(-77.40488648546,-87.00554755551,
    -9.947999154629));
#2639 = PCURVE('',#558,#2640);
#2640 = DEFINITIONAL_REPRESENTATION('',(#2641),#2645);
#2641 = LINE('',#2642,#2643);
#2642 = CARTESIAN_POINT('',(0.,0.));
#2643 = VECTOR('',#2644,1.);
#2644 = DIRECTION('',(1.,0.));
#2645 = ( GEOMETRIC_REPRESENTATION_CONTEXT(2) 
PARAMETRIC_REPRESENTATION_CONTEXT() REPRESENTATION_CONTEXT('2D SPACE',''
  ) );
#2646 = PCURVE('',#628,#2647);
#2647 = DEFINITIONAL_REPRESENTATION('',(#2648),#2652);
#2648 = LINE('',#2649,#2650);
#2649 = CARTESIAN_POINT('',(0.,66.666666666667));
#2650 = VECTOR('',#2651,1.);
#2651 = DIRECTION('',(1.,0.));
#2652 = ( GEOMETRIC_REPRESENTATION_CONTEXT(2) 
PARAMETRIC_REPRESENTATION_CONTEXT() REPRESENTATION_CONTEXT('2D SPACE',''
  ) );
#2653 = ORIENTED_EDGE('',*,*,#2654,.T.);
#2654 = EDGE_CURVE('',#2633,#2655,#2657,.T.);
#2655 = VERTEX_POINT('',#2656);
#2656 = CARTESIAN_POINT('',(-83.35255066363,16.670225056025,
    140.59955075399));
#2657 = SURFACE_CURVE('',#2658,(#2668,#2675),.PCURVE_S1.);
#2658 = B_SPLINE_CURVE_WITH_KNOTS('',8,(#2659,#2660,#2661,#2662,#2663,
    #2664,#2665,#2666,#2667),.UNSPECIFIED.,.F.,.F.,(9,9),(0.,
    66.666666666667),.PIECEWISE_BEZIER_KNOTS.);
#2659 = CARTESIAN_POINT('',(-77.40488648546,-87.00554755551,
    -9.947999154629));
#2660 = CARTESIAN_POINT('',(-75.36709146177,-98.06966777516,
    15.11724120271));
#2661 = CARTESIAN_POINT('',(-71.92668772509,-101.7388079309,
    43.332792308835));
#2662 = CARTESIAN_POINT('',(-68.17777993473,-96.75960900692,
    72.241254864391));
#2663 = CARTESIAN_POINT('',(-65.43479172117,-83.04951545873,
    98.890385058912));
#2664 = CARTESIAN_POINT('',(-64.98098862817,-62.00464108106,
    120.39792129032));
#2665 = CARTESIAN_POINT('',(-67.69700581535,-36.31116817249,
    134.78592460583));
#2666 = CARTESIAN_POINT('',(-73.89060694165,-9.11198162782,
    141.36314650971));
#2667 = CARTESIAN_POINT('',(-83.35255066363,16.670225056025,
    140.59955075399));
#2668 = PCURVE('',#558,#2669);
#2669 = DEFINITIONAL_REPRESENTATION('',(#2670),#2674);
#2670 = LINE('',#2671,#2672);
#2671 = CARTESIAN_POINT('',(44.,0.));
#2672 = VECTOR('',#2673,1.);
#2673 = DIRECTION('',(0.,1.));
#2674 = ( GEOMETRIC_REPRESENTATION_CONTEXT(2) 
PARAMETRIC_REPRESENTATION_CONTEXT() REPRESENTATION_CONTEXT('2D SPACE',''
  ) );
#2675 = PCURVE('',#2676,#2740);
#2676 = ( BOUNDED_SURFACE() B_SPLINE_SURFACE(6,8,(
    (#2677,#2678,#2679,#2680,#2681,#2682,#2683,#2684,#2685)
    ,(#2686,#2687,#2688,#2689,#2690,#2691,#2692,#2693,#2694)
    ,(#2695,#2696,#2697,#2698,#2699,#2700,#2701,#2702,#2703)
    ,(#2704,#2705,#2706,#2707,#2708,#2709,#2710,#2711,#2712)
    ,(#2713,#2714,#2715,#2716,#2717,#2718,#2719,#2720,#2721)
    ,(#2722,#2723,#2724,#2725,#2726,#2727,#2728,#2729,#2730)
    ,(#2731,#2732,#2733,#2734,#2735,#2736,#2737,#2738,#2739
)),.UNSPECIFIED.,.F.,.F.,.F.) B_SPLINE_SURFACE_WITH_KNOTS((7,7),(9,9),(
    0.,6.544984694977E-02),(0.,66.666666666667),
.PIECEWISE_BEZIER_KNOTS.) GEOMETRIC_REPRESENTATION_ITEM() 
RATIONAL_B_SPLINE_SURFACE((
    (1.000053547667,1.000053547667,1.000053547667,1.000053547667
      ,1.000053547667,1.000053547667,1.000053547667,1.000053547667
      ,1.000053547667)
    ,(1.000017847948,1.000017847948,1.000017847948,1.000017847948
      ,1.000017847948,1.000017847948,1.000017847948,1.000017847948
      ,1.000017847948)
    ,(0.999996430156,0.999996430156,0.999996430156,0.999996430156
      ,0.999996430156,0.999996430156,0.999996430156,0.999996430156
      ,0.999996430156)
    ,(0.999989291231,0.999989291231,0.999989291231,0.999989291231
      ,0.999989291231,0.999989291231,0.999989291231,0.999989291231
      ,0.999989291231)
    ,(0.999996430156,0.999996430156,0.999996430156,0.999996430156
      ,0.999996430156,0.999996430156,0.999996430156,0.999996430156
      ,0.999996430156)
    ,(1.000017847948,1.000017847948,1.000017847948,1.000017847948
      ,1.000017847948,1.000017847948,1.000017847948,1.000017847948
      ,1.000017847948)
    ,(1.000053547667,1.000053547667,1.000053547667,1.000053547667
      ,1.000053547667,1.000053547667,1.000053547667,1.000053547667
,1.000053547667))) REPRESENTATION_ITEM('') SURFACE() );
#2677 = CARTESIAN_POINT('',(-77.40488648546,-87.00554755551,
    -9.947999154629));
#2678 = CARTESIAN_POINT('',(-75.36709146177,-98.06966777516,
    15.11724120271));
#2679 = CARTESIAN_POINT('',(-71.92668772509,-101.7388079309,
    43.332792308835));
#2680 = CARTESIAN_POINT('',(-68.17777993473,-96.75960900692,
    72.241254864391));
#2681 = CARTESIAN_POINT('',(-65.43479172118,-83.04951545873,
    98.890385058912));
#2682 = CARTESIAN_POINT('',(-64.98098862817,-62.00464108106,
    120.39792129032));
#2683 = CARTESIAN_POINT('',(-67.69700581535,-36.31116817249,
    134.78592460583));
#2684 = CARTESIAN_POINT('',(-73.89060694165,-9.11198162782,
    141.36314650971));
#2685 = CARTESIAN_POINT('',(-83.35255066363,16.670225056025,
    140.59955075399));
#2686 = CARTESIAN_POINT('',(-77.0078988314,-87.38510533105,
    -9.056350284819));
#2687 = CARTESIAN_POINT('',(-74.92800317853,-98.18305433112,
    16.10344963386));
#2688 = CARTESIAN_POINT('',(-71.47924055227,-101.5537618183,
    44.337775113367));
#2689 = CARTESIAN_POINT('',(-67.76048421451,-96.27404411636,
    73.178516397615));
#2690 = CARTESIAN_POINT('',(-65.08558551511,-82.29658200989,
    99.674715039388));
#2691 = CARTESIAN_POINT('',(-64.7307131877,-61.05083677469,
    120.96004913322));
#2692 = CARTESIAN_POINT('',(-67.56398110781,-35.24464232774,
    135.0847029908));
#2693 = CARTESIAN_POINT('',(-73.87901833726,-8.026877795822,
    141.38917494135));
#2694 = CARTESIAN_POINT('',(-83.45379268948,17.687448405551,
    140.37215744086));
#2695 = CARTESIAN_POINT('',(-76.61294905811,-87.77742333818,
    -8.169278570149));
#2696 = CARTESIAN_POINT('',(-74.48953740845,-98.31056747153,
    17.088259877555));
#2697 = CARTESIAN_POINT('',(-71.03082731036,-101.3831240944,
    45.344927744604));
#2698 = CARTESIAN_POINT('',(-67.34062108608,-95.80193010667,
    74.121544424062));
#2699 = CARTESIAN_POINT('',(-64.73238543766,-81.55491953047,
    100.46801540191));
#2700 = CARTESIAN_POINT('',(-64.475370144,-60.10512809496,
    121.53355899934));
#2701 = CARTESIAN_POINT('',(-67.42528361242,-34.18244338793,
    135.3962226659));
#2702 = CARTESIAN_POINT('',(-73.86165282809,-6.942193413596,
    141.42817851353));
#2703 = CARTESIAN_POINT('',(-83.5496143918,18.707886509323,
    140.15693837373));
#2704 = CARTESIAN_POINT('',(-76.22011340802,-88.18242663414,
    -7.286955253951));
#2705 = CARTESIAN_POINT('',(-74.05177870665,-98.45218337243,
    18.071482019899));
#2706 = CARTESIAN_POINT('',(-70.58153438696,-101.2269284241,
    46.35405617281));
#2707 = CARTESIAN_POINT('',(-66.9182713478,-95.34335870612,
    75.070157467689));
#2708 = CARTESIAN_POINT('',(-64.3752593603,-80.82467159211,
    101.27013370458));
#2709 = CARTESIAN_POINT('',(-64.21500844748,-59.16769777687,
    122.11834094424));
#2710 = CARTESIAN_POINT('',(-67.28093976175,-33.12477634177,
    135.7204242626));
#2711 = CARTESIAN_POINT('',(-73.83851345235,-5.858137595086,
    141.48015040237));
#2712 = CARTESIAN_POINT('',(-83.63999700907,19.731342832553,
    139.9539356916));
#2713 = CARTESIAN_POINT('',(-75.82946764215,-88.60003737666,
    -6.409550498238));
#2714 = CARTESIAN_POINT('',(-73.61481146841,-98.6078749876,
    19.052926505977));
#2715 = CARTESIAN_POINT('',(-70.13144837238,-101.0852051734,
    47.364965912983));
#2716 = CARTESIAN_POINT('',(-66.49351636769,-94.89841855102,
    76.024172772921));
#2717 = CARTESIAN_POINT('',(-64.01427605282,-80.10597916166,
    102.08091548794));
#2718 = CARTESIAN_POINT('',(-63.94967819604,-58.23872666791,
    122.7142824462));
#2719 = CARTESIAN_POINT('',(-67.13097727881,-32.07184514677,
    136.05724551398));
#2720 = CARTESIAN_POINT('',(-73.80960456731,-4.774919314843,
    141.54508082126));
#2721 = CARTESIAN_POINT('',(-83.724923022,20.757620146996,
    139.76318874351));
#2722 = CARTESIAN_POINT('',(-75.4410870212,-89.0301748432,
    -5.537233341309));
#2723 = CARTESIAN_POINT('',(-73.1787199082,-98.77761205509,
    20.032404187003));
#2724 = CARTESIAN_POINT('',(-69.68065603811,-100.9579814024,
    48.37746207316));
#2725 = CARTESIAN_POINT('',(-66.06643806328,-94.46719516343,
    76.983406349961));
#2726 = CARTESIAN_POINT('',(-63.64950516623,-79.398980566,
    102.90020431327));
#2727 = CARTESIAN_POINT('',(-63.6794306227,-57.31839368296,
    123.32126843397));
#2728 = CARTESIAN_POINT('',(-66.97542517027,-31.0238526785,
    136.40662127002));
#2729 = CARTESIAN_POINT('',(-73.77493184837,-3.692747356071,
    141.62295702305));
#2730 = CARTESIAN_POINT('',(-83.80437615788,21.786520579914,
    139.58473407851));
#2731 = CARTESIAN_POINT('',(-75.05504628689,-89.47275545114,
    -4.67017165584));
#2732 = CARTESIAN_POINT('',(-72.74358803874,-98.96136110492,
    21.009726367296));
#2733 = CARTESIAN_POINT('',(-69.22924431524,-100.8452808578,
    49.391349402885));
#2734 = CARTESIAN_POINT('',(-65.63711888121,-94.04977093022,
    77.947673020627));
#2735 = CARTESIAN_POINT('',(-63.28101721538,-78.70381145782,
    103.72784180162));
#2736 = CARTESIAN_POINT('',(-63.40431808281,-56.40687575999,
    123.93918131554));
#2737 = CARTESIAN_POINT('',(-66.81431371912,-29.9810006802,136.768483514
    ));
#2738 = CARTESIAN_POINT('',(-73.73450228753,-2.611830258755,
    141.71376330346));
#2739 = CARTESIAN_POINT('',(-83.87834139461,22.817845663313,
    139.41860543683));
#2740 = DEFINITIONAL_REPRESENTATION('',(#2741),#2745);
#2741 = LINE('',#2742,#2743);
#2742 = CARTESIAN_POINT('',(0.,0.));
#2743 = VECTOR('',#2744,1.);
#2744 = DIRECTION('',(0.,1.));
#2745 = ( GEOMETRIC_REPRESENTATION_CONTEXT(2) 
PARAMETRIC_REPRESENTATION_CONTEXT() REPRESENTATION_CONTEXT('2D SPACE',''
  ) );
#2746 = ORIENTED_EDGE('',*,*,#2747,.F.);
#2747 = EDGE_CURVE('',#1261,#2655,#2748,.T.);
#2748 = SURFACE_CURVE('',#2749,(#2752,#2759),.PCURVE_S1.);
#2749 = B_SPLINE_CURVE_WITH_KNOTS('',1,(#2750,#2751),.UNSPECIFIED.,.F.,
  .F.,(2,2),(0.,44.),.PIECEWISE_BEZIER_KNOTS.);
#2750 = CARTESIAN_POINT('',(-100.9770762431,9.02970523868,
    101.01421817971));
#2751 = CARTESIAN_POINT('',(-83.35255066363,16.670225056025,
    140.59955075399));
#2752 = PCURVE('',#558,#2753);
#2753 = DEFINITIONAL_REPRESENTATION('',(#2754),#2758);
#2754 = LINE('',#2755,#2756);
#2755 = CARTESIAN_POINT('',(0.,66.666666666667));
#2756 = VECTOR('',#2757,1.);
#2757 = DIRECTION('',(1.,0.));
#2758 = ( GEOMETRIC_REPRESENTATION_CONTEXT(2) 
PARAMETRIC_REPRESENTATION_CONTEXT() REPRESENTATION_CONTEXT('2D SPACE',''
  ) );
#2759 = PCURVE('',#1304,#2760);
#2760 = DEFINITIONAL_REPRESENTATION('',(#2761),#2765);
#2761 = LINE('',#2762,#2763);
#2762 = CARTESIAN_POINT('',(0.,0.));
#2763 = VECTOR('',#2764,1.);
#2764 = DIRECTION('',(1.,0.));
#2765 = ( GEOMETRIC_REPRESENTATION_CONTEXT(2) 
PARAMETRIC_REPRESENTATION_CONTEXT() REPRESENTATION_CONTEXT('2D SPACE',''
  ) );
#2766 = ADVANCED_FACE('',(#2767),#628,.F.);
#2767 = FACE_BOUND('',#2768,.F.);
#2768 = EDGE_LOOP('',(#2769,#2770,#2791,#2882));
#2769 = ORIENTED_EDGE('',*,*,#584,.F.);
#2770 = ORIENTED_EDGE('',*,*,#2771,.T.);
#2771 = EDGE_CURVE('',#585,#2772,#2774,.T.);
#2772 = VERTEX_POINT('',#2773);
#2773 = CARTESIAN_POINT('',(-19.52335886763,83.138438763306,
    -43.85018196684));
#2774 = SURFACE_CURVE('',#2775,(#2778,#2785),.PCURVE_S1.);
#2775 = B_SPLINE_CURVE_WITH_KNOTS('',1,(#2776,#2777),.UNSPECIFIED.,.F.,
  .F.,(2,2),(0.,44.),.PIECEWISE_BEZIER_KNOTS.);
#2776 = CARTESIAN_POINT('',(-10.57515271997,45.033320996791,
    -23.7521818987));
#2777 = CARTESIAN_POINT('',(-19.52335886763,83.138438763306,
    -43.85018196684));
#2778 = PCURVE('',#628,#2779);
#2779 = DEFINITIONAL_REPRESENTATION('',(#2780),#2784);
#2780 = LINE('',#2781,#2782);
#2781 = CARTESIAN_POINT('',(0.,0.));
#2782 = VECTOR('',#2783,1.);
#2783 = DIRECTION('',(1.,0.));
#2784 = ( GEOMETRIC_REPRESENTATION_CONTEXT(2) 
PARAMETRIC_REPRESENTATION_CONTEXT() REPRESENTATION_CONTEXT('2D SPACE',''
  ) );
#2785 = PCURVE('',#671,#2786);
#2786 = DEFINITIONAL_REPRESENTATION('',(#2787),#2790);
#2787 = B_SPLINE_CURVE_WITH_KNOTS('',1,(#2788,#2789),.UNSPECIFIED.,.F.,
  .F.,(2,2),(0.,44.),.PIECEWISE_BEZIER_KNOTS.);
#2788 = CARTESIAN_POINT('',(-22.5658714288,-2.441033883069));
#2789 = CARTESIAN_POINT('',(21.434128571195,-2.441033883069));
#2790 = ( GEOMETRIC_REPRESENTATION_CONTEXT(2) 
PARAMETRIC_REPRESENTATION_CONTEXT() REPRESENTATION_CONTEXT('2D SPACE',''
  ) );
#2791 = ORIENTED_EDGE('',*,*,#2792,.T.);
#2792 = EDGE_CURVE('',#2772,#2633,#2793,.T.);
#2793 = SURFACE_CURVE('',#2794,(#2804,#2811),.PCURVE_S1.);
#2794 = B_SPLINE_CURVE_WITH_KNOTS('',8,(#2795,#2796,#2797,#2798,#2799,
    #2800,#2801,#2802,#2803),.UNSPECIFIED.,.F.,.F.,(9,9),(0.,
    66.666666666667),.PIECEWISE_BEZIER_KNOTS.);
#2795 = CARTESIAN_POINT('',(-19.52335886763,83.138438763306,
    -43.85018196684));
#2796 = CARTESIAN_POINT('',(-36.35797098909,70.048469373349,
    -61.1730620696));
#2797 = CARTESIAN_POINT('',(-51.53323322612,49.892113363603,
    -74.76898131114));
#2798 = CARTESIAN_POINT('',(-64.00399983228,24.153958478149,
    -82.29050391091));
#2799 = CARTESIAN_POINT('',(-72.98884259948,-4.566148273816,
    -81.98251337732));
#2800 = CARTESIAN_POINT('',(-78.21686666132,-32.88298118802,
    -73.23656987865));
#2801 = CARTESIAN_POINT('',(-80.07794038342,-57.48224386109,
    -56.92833210095));
#2802 = CARTESIAN_POINT('',(-79.44268150916,-75.94142733587,
    -35.01323951196));
#2803 = CARTESIAN_POINT('',(-77.40488648546,-87.00554755551,
    -9.947999154629));
#2804 = PCURVE('',#628,#2805);
#2805 = DEFINITIONAL_REPRESENTATION('',(#2806),#2810);
#2806 = LINE('',#2807,#2808);
#2807 = CARTESIAN_POINT('',(44.,0.));
#2808 = VECTOR('',#2809,1.);
#2809 = DIRECTION('',(0.,1.));
#2810 = ( GEOMETRIC_REPRESENTATION_CONTEXT(2) 
PARAMETRIC_REPRESENTATION_CONTEXT() REPRESENTATION_CONTEXT('2D SPACE',''
  ) );
#2811 = PCURVE('',#2812,#2876);
#2812 = ( BOUNDED_SURFACE() B_SPLINE_SURFACE(6,8,(
    (#2813,#2814,#2815,#2816,#2817,#2818,#2819,#2820,#2821)
    ,(#2822,#2823,#2824,#2825,#2826,#2827,#2828,#2829,#2830)
    ,(#2831,#2832,#2833,#2834,#2835,#2836,#2837,#2838,#2839)
    ,(#2840,#2841,#2842,#2843,#2844,#2845,#2846,#2847,#2848)
    ,(#2849,#2850,#2851,#2852,#2853,#2854,#2855,#2856,#2857)
    ,(#2858,#2859,#2860,#2861,#2862,#2863,#2864,#2865,#2866)
    ,(#2867,#2868,#2869,#2870,#2871,#2872,#2873,#2874,#2875
)),.UNSPECIFIED.,.F.,.F.,.F.) B_SPLINE_SURFACE_WITH_KNOTS((7,7),(9,9),(
    0.,6.544984694977E-02),(0.,66.666666666667),
.PIECEWISE_BEZIER_KNOTS.) GEOMETRIC_REPRESENTATION_ITEM() 
RATIONAL_B_SPLINE_SURFACE((
    (1.000053547667,1.000053547667,1.000053547667,1.000053547667
      ,1.000053547667,1.000053547667,1.000053547667,1.000053547667
      ,1.000053547667)
    ,(1.000017847948,1.000017847948,1.000017847948,1.000017847948
      ,1.000017847948,1.000017847948,1.000017847948,1.000017847948
      ,1.000017847948)
    ,(0.999996430156,0.999996430156,0.999996430156,0.999996430156
      ,0.999996430156,0.999996430156,0.999996430156,0.999996430156
      ,0.999996430156)
    ,(0.999989291231,0.999989291231,0.999989291231,0.999989291231
      ,0.999989291231,0.999989291231,0.999989291231,0.999989291231
      ,0.999989291231)
    ,(0.999996430156,0.999996430156,0.999996430156,0.999996430156
      ,0.999996430156,0.999996430156,0.999996430156,0.999996430156
      ,0.999996430156)
    ,(1.000017847948,1.000017847948,1.000017847948,1.000017847948
      ,1.000017847948,1.000017847948,1.000017847948,1.000017847948
      ,1.000017847948)
    ,(1.000053547667,1.000053547667,1.000053547667,1.000053547667
      ,1.000053547667,1.000053547667,1.000053547667,1.000053547667
,1.000053547667))) REPRESENTATION_ITEM('') SURFACE() );
#2813 = CARTESIAN_POINT('',(-19.52335886763,83.138438763306,
    -43.85018196684));
#2814 = CARTESIAN_POINT('',(-36.35797098909,70.048469373348,
    -61.1730620696));
#2815 = CARTESIAN_POINT('',(-51.53323322612,49.892113363604,
    -74.76898131114));
#2816 = CARTESIAN_POINT('',(-64.00399983227,24.153958478148,
    -82.29050391091));
#2817 = CARTESIAN_POINT('',(-72.98884259948,-4.566148273814,
    -81.98251337732));
#2818 = CARTESIAN_POINT('',(-78.21686666132,-32.88298118802,
    -73.23656987865));
#2819 = CARTESIAN_POINT('',(-80.07794038342,-57.48224386109,
    -56.92833210095));
#2820 = CARTESIAN_POINT('',(-79.44268150915,-75.94142733587,
    -35.01323951196));
#2821 = CARTESIAN_POINT('',(-77.40488648546,-87.00554755551,
    -9.947999154629));
#2822 = CARTESIAN_POINT('',(-19.87752236956,82.556626206338,
    -44.64564621615));
#2823 = CARTESIAN_POINT('',(-36.64759971848,69.229198219693,
    -61.82357884657));
#2824 = CARTESIAN_POINT('',(-51.72822487396,48.884833779478,
    -75.2069397228));
#2825 = CARTESIAN_POINT('',(-64.08157072559,23.035032276741,
    -82.46473098987));
#2826 = CARTESIAN_POINT('',(-72.9382773222,-5.701301102483,
    -81.86894190508));
#2827 = CARTESIAN_POINT('',(-78.04263104597,-33.93410602885,
    -72.84523027925));
#2828 = CARTESIAN_POINT('',(-79.79889604386,-58.3618846281,
    -56.30158825277));
#2829 = CARTESIAN_POINT('',(-79.08779448427,-76.58715633097,
    -34.21615020349));
#2830 = CARTESIAN_POINT('',(-77.0078988314,-87.38510533105,
    -9.056350284819));
#2831 = CARTESIAN_POINT('',(-20.23476843426,81.986236831467,
    -45.4480340148));
#2832 = CARTESIAN_POINT('',(-36.94157807242,68.419283459704,
    -62.48386504025));
#2833 = CARTESIAN_POINT('',(-51.92857121101,47.883872881403,
    -75.65692496332));
#2834 = CARTESIAN_POINT('',(-64.16509577683,21.918650521731,
    -82.65233132653));
#2835 = CARTESIAN_POINT('',(-72.89375808751,-6.838032672951,
    -81.76895006679));
#2836 = CARTESIAN_POINT('',(-77.87399938244,-34.99079336811,
    -72.46647736173));
#2837 = CARTESIAN_POINT('',(-79.52454711628,-59.2504683622,
    -55.68539047253));
#2838 = CARTESIAN_POINT('',(-78.73636070776,-77.24427920483,
    -33.42681701785));
#2839 = CARTESIAN_POINT('',(-76.61294905811,-87.77742333818,
    -8.169278570149));
#2840 = CARTESIAN_POINT('',(-20.59502836148,81.427381202642,
    -46.2571910595));
#2841 = CARTESIAN_POINT('',(-37.23984961444,67.618881719285,
    -63.15379389225));
#2842 = CARTESIAN_POINT('',(-52.13423390379,46.889423960051,
    -76.11885093433));
#2843 = CARTESIAN_POINT('',(-64.25455920394,20.805028551052,
    -82.85326947373));
#2844 = CARTESIAN_POINT('',(-72.85529380095,-7.976123945285,
    -81.68255786469));
#2845 = CARTESIAN_POINT('',(-77.71100447743,-36.05283980904,
    -72.10038481112));
#2846 = CARTESIAN_POINT('',(-79.25494673752,-60.14782425248,
    -55.07985810757));
#2847 = CARTESIAN_POINT('',(-78.38844810938,-77.91266989584,
    -32.6453925278));
#2848 = CARTESIAN_POINT('',(-76.22011340802,-88.18242663414,
    -7.286955253952));
#2849 = CARTESIAN_POINT('',(-20.95823276108,80.880167251162,
    -47.07296149744));
#2850 = CARTESIAN_POINT('',(-37.54235692617,66.828147454251,
    -63.83323643878));
#2851 = CARTESIAN_POINT('',(-52.34517340353,45.901678822321,
    -76.59262880782));
#2852 = CARTESIAN_POINT('',(-64.3499438679,19.694381076493,
    -83.06750693662));
#2853 = CARTESIAN_POINT('',(-72.82289198503,-9.115355564513,
    -81.60978219461));
#2854 = CARTESIAN_POINT('',(-77.55367785058,-37.12004072654,
    -71.74702342169));
#2855 = CARTESIAN_POINT('',(-78.9901469607,-61.05377948064,
    -54.48510807113));
#2856 = CARTESIAN_POINT('',(-78.04412381588,-78.59219976572,
    -31.87202750245));
#2857 = CARTESIAN_POINT('',(-75.82946764215,-88.60003737666,
    -6.409550498238));
#2858 = CARTESIAN_POINT('',(-21.32431157023,80.344700248638,
    -47.89518796493));
#2859 = CARTESIAN_POINT('',(-37.84904162152,66.047232911758,
    -64.52206154253));
#2860 = CARTESIAN_POINT('',(-52.56134895592,44.920827743556,
    -77.0781670481));
#2861 = CARTESIAN_POINT('',(-64.4512312769,18.586922130284,
    -83.29500218198));
#2862 = CARTESIAN_POINT('',(-72.79655877721,-10.25550791514,
    -81.55063684147));
#2863 = CARTESIAN_POINT('',(-77.40204972654,-38.1921903179,
    -71.40646107912));
#2864 = CARTESIAN_POINT('',(-78.73019874221,-61.96815926372,
    -53.90125481309));
#2865 = CARTESIAN_POINT('',(-77.70345413419,-79.28273763131,
    -31.10687086962));
#2866 = CARTESIAN_POINT('',(-75.4410870212,-89.0301748432,
    -5.537233341309));
#2867 = CARTESIAN_POINT('',(-21.69319407083,79.821082781044,
    -48.72371162654));
#2868 = CARTESIAN_POINT('',(-38.15984436127,65.276288092648,
    -65.22013592544));
#2869 = CARTESIAN_POINT('',(-52.7827186113,43.947059420357,
    -77.57537143471));
#2870 = CARTESIAN_POINT('',(-64.55840159108,17.482865011957,
    -83.53571064871));
#2871 = CARTESIAN_POINT('',(-72.77629892847,-11.39636117576,
    -81.50513247617));
#2872 = CARTESIAN_POINT('',(-77.25614902755,-39.26908165403,
    -71.07876274387));
#2873 = CARTESIAN_POINT('',(-78.47515192907,-62.89078689776,
    -53.32841029171));
#2874 = CARTESIAN_POINT('',(-77.36650453504,-79.98414979736,
    -30.35006967897));
#2875 = CARTESIAN_POINT('',(-75.05504628689,-89.47275545114,
    -4.67017165584));
#2876 = DEFINITIONAL_REPRESENTATION('',(#2877),#2881);
#2877 = LINE('',#2878,#2879);
#2878 = CARTESIAN_POINT('',(0.,0.));
#2879 = VECTOR('',#2880,1.);
#2880 = DIRECTION('',(0.,1.));
#2881 = ( GEOMETRIC_REPRESENTATION_CONTEXT(2) 
PARAMETRIC_REPRESENTATION_CONTEXT() REPRESENTATION_CONTEXT('2D SPACE',''
  ) );
#2882 = ORIENTED_EDGE('',*,*,#2632,.F.);
#2883 = ADVANCED_FACE('',(#2884),#671,.T.);
#2884 = FACE_BOUND('',#2885,.T.);
#2885 = EDGE_LOOP('',(#2886,#2887,#2888,#2919));
#2886 = ORIENTED_EDGE('',*,*,#654,.T.);
#2887 = ORIENTED_EDGE('',*,*,#2771,.T.);
#2888 = ORIENTED_EDGE('',*,*,#2889,.T.);
#2889 = EDGE_CURVE('',#2772,#2890,#2892,.T.);
#2890 = VERTEX_POINT('',#2891);
#2891 = CARTESIAN_POINT('',(-21.69319407083,79.821082781044,
    -48.72371162654));
#2892 = SURFACE_CURVE('',#2893,(#2901,#2912),.PCURVE_S1.);
#2893 = ( BOUNDED_CURVE() B_SPLINE_CURVE(6,(#2894,#2895,#2896,#2897,
#2898,#2899,#2900),.UNSPECIFIED.,.F.,.F.) B_SPLINE_CURVE_WITH_KNOTS((7,7
),(0.,6.544984694977E-02),.PIECEWISE_BEZIER_KNOTS.) CURVE() 
GEOMETRIC_REPRESENTATION_ITEM() RATIONAL_B_SPLINE_CURVE((1.000053547667,
    1.000017847948,0.999996430156,0.999989291231,0.999996430156,
1.000017847948,1.000053547667)) REPRESENTATION_ITEM('') );
#2894 = CARTESIAN_POINT('',(-19.52335886763,83.138438763306,
    -43.85018196684));
#2895 = CARTESIAN_POINT('',(-19.87752236956,82.556626206338,
    -44.64564621615));
#2896 = CARTESIAN_POINT('',(-20.23476843426,81.986236831467,
    -45.4480340148));
#2897 = CARTESIAN_POINT('',(-20.59502836148,81.427381202642,
    -46.2571910595));
#2898 = CARTESIAN_POINT('',(-20.95823276108,80.880167251162,
    -47.07296149744));
#2899 = CARTESIAN_POINT('',(-21.32431157023,80.344700248638,
    -47.89518796493));
#2900 = CARTESIAN_POINT('',(-21.69319407083,79.821082781044,
    -48.72371162654));
#2901 = PCURVE('',#671,#2902);
#2902 = DEFINITIONAL_REPRESENTATION('',(#2903),#2911);
#2903 = ( BOUNDED_CURVE() B_SPLINE_CURVE(6,(#2904,#2905,#2906,#2907,
#2908,#2909,#2910),.UNSPECIFIED.,.F.,.F.) B_SPLINE_CURVE_WITH_KNOTS((7,7
),(0.,6.544984694977E-02),.PIECEWISE_BEZIER_KNOTS.) CURVE() 
GEOMETRIC_REPRESENTATION_ITEM() RATIONAL_B_SPLINE_CURVE((1.000053547667,
    1.000017847948,0.999996430156,0.999989291231,0.999996430156,
1.000017847948,1.000053547667)) REPRESENTATION_ITEM('') );
#2904 = CARTESIAN_POINT('',(21.434128571195,-2.441033883069));
#2905 = CARTESIAN_POINT('',(21.365636129395,-1.396041158264));
#2906 = CARTESIAN_POINT('',(21.310825837621,-0.350196618652));
#2907 = CARTESIAN_POINT('',(21.269708994079,0.696298176936));
#2908 = CARTESIAN_POINT('',(21.242293768948,1.743241517069));
#2909 = CARTESIAN_POINT('',(21.228585202101,2.790431587837));
#2910 = CARTESIAN_POINT('',(21.228585202101,3.837666523025));
#2911 = ( GEOMETRIC_REPRESENTATION_CONTEXT(2) 
PARAMETRIC_REPRESENTATION_CONTEXT() REPRESENTATION_CONTEXT('2D SPACE',''
  ) );
#2912 = PCURVE('',#2812,#2913);
#2913 = DEFINITIONAL_REPRESENTATION('',(#2914),#2918);
#2914 = LINE('',#2915,#2916);
#2915 = CARTESIAN_POINT('',(0.,0.));
#2916 = VECTOR('',#2917,1.);
#2917 = DIRECTION('',(1.,0.));
#2918 = ( GEOMETRIC_REPRESENTATION_CONTEXT(2) 
PARAMETRIC_REPRESENTATION_CONTEXT() REPRESENTATION_CONTEXT('2D SPACE',''
  ) );
#2919 = ORIENTED_EDGE('',*,*,#2920,.T.);
#2920 = EDGE_CURVE('',#2890,#655,#2921,.T.);
#2921 = SURFACE_CURVE('',#2922,(#2925,#2931),.PCURVE_S1.);
#2922 = B_SPLINE_CURVE_WITH_KNOTS('',1,(#2923,#2924),.UNSPECIFIED.,.F.,
  .F.,(2,2),(0.,44.),.PIECEWISE_BEZIER_KNOTS.);
#2923 = CARTESIAN_POINT('',(-21.69319407083,79.821082781044,
    -48.72371162654));
#2924 = CARTESIAN_POINT('',(-11.7504801217,43.236419839732,
    -26.39201046437));
#2925 = PCURVE('',#671,#2926);
#2926 = DEFINITIONAL_REPRESENTATION('',(#2927),#2930);
#2927 = B_SPLINE_CURVE_WITH_KNOTS('',1,(#2928,#2929),.UNSPECIFIED.,.F.,
  .F.,(2,2),(0.,44.),.PIECEWISE_BEZIER_KNOTS.);
#2928 = CARTESIAN_POINT('',(21.228585202101,3.837666523025));
#2929 = CARTESIAN_POINT('',(-22.67720742039,0.959928836899));
#2930 = ( GEOMETRIC_REPRESENTATION_CONTEXT(2) 
PARAMETRIC_REPRESENTATION_CONTEXT() REPRESENTATION_CONTEXT('2D SPACE',''
  ) );
#2931 = PCURVE('',#731,#2932);
#2932 = DEFINITIONAL_REPRESENTATION('',(#2933),#2937);
#2933 = LINE('',#2934,#2935);
#2934 = CARTESIAN_POINT('',(0.,0.));
#2935 = VECTOR('',#2936,1.);
#2936 = DIRECTION('',(1.,0.));
#2937 = ( GEOMETRIC_REPRESENTATION_CONTEXT(2) 
PARAMETRIC_REPRESENTATION_CONTEXT() REPRESENTATION_CONTEXT('2D SPACE',''
  ) );
#2938 = ADVANCED_FACE('',(#2939),#731,.F.);
#2939 = FACE_BOUND('',#2940,.F.);
#2940 = EDGE_LOOP('',(#2941,#2970,#2971,#2972));
#2941 = ORIENTED_EDGE('',*,*,#2942,.F.);
#2942 = EDGE_CURVE('',#2890,#2943,#2945,.T.);
#2943 = VERTEX_POINT('',#2944);
#2944 = CARTESIAN_POINT('',(-75.05504628689,-89.47275545114,
    -4.67017165584));
#2945 = SURFACE_CURVE('',#2946,(#2956,#2963),.PCURVE_S1.);
#2946 = ( BOUNDED_CURVE() B_SPLINE_CURVE(8,(#2947,#2948,#2949,#2950,
    #2951,#2952,#2953,#2954,#2955),.UNSPECIFIED.,.F.,.F.) 
B_SPLINE_CURVE_WITH_KNOTS((9,9),(0.,66.666666666667),
.PIECEWISE_BEZIER_KNOTS.) CURVE() GEOMETRIC_REPRESENTATION_ITEM() 
RATIONAL_B_SPLINE_CURVE((1.000053547667,1.000053547667,1.000053547667,
    1.000053547667,1.000053547667,1.000053547667,1.000053547667,
1.000053547667,1.000053547667)) REPRESENTATION_ITEM('') );
#2947 = CARTESIAN_POINT('',(-21.69319407083,79.821082781044,
    -48.72371162654));
#2948 = CARTESIAN_POINT('',(-38.15984436127,65.276288092648,
    -65.22013592544));
#2949 = CARTESIAN_POINT('',(-52.7827186113,43.947059420357,
    -77.57537143471));
#2950 = CARTESIAN_POINT('',(-64.55840159108,17.482865011957,
    -83.53571064871));
#2951 = CARTESIAN_POINT('',(-72.77629892847,-11.39636117576,
    -81.50513247617));
#2952 = CARTESIAN_POINT('',(-77.25614902755,-39.26908165403,
    -71.07876274387));
#2953 = CARTESIAN_POINT('',(-78.47515192907,-62.89078689776,
    -53.32841029171));
#2954 = CARTESIAN_POINT('',(-77.36650453504,-79.98414979736,
    -30.35006967897));
#2955 = CARTESIAN_POINT('',(-75.05504628689,-89.47275545114,
    -4.67017165584));
#2956 = PCURVE('',#731,#2957);
#2957 = DEFINITIONAL_REPRESENTATION('',(#2958),#2962);
#2958 = LINE('',#2959,#2960);
#2959 = CARTESIAN_POINT('',(0.,0.));
#2960 = VECTOR('',#2961,1.);
#2961 = DIRECTION('',(0.,1.));
#2962 = ( GEOMETRIC_REPRESENTATION_CONTEXT(2) 
PARAMETRIC_REPRESENTATION_CONTEXT() REPRESENTATION_CONTEXT('2D SPACE',''
  ) );
#2963 = PCURVE('',#2812,#2964);
#2964 = DEFINITIONAL_REPRESENTATION('',(#2965),#2969);
#2965 = LINE('',#2966,#2967);
#2966 = CARTESIAN_POINT('',(6.544984694977E-02,0.));
#2967 = VECTOR('',#2968,1.);
#2968 = DIRECTION('',(0.,1.));
#2969 = ( GEOMETRIC_REPRESENTATION_CONTEXT(2) 
PARAMETRIC_REPRESENTATION_CONTEXT() REPRESENTATION_CONTEXT('2D SPACE',''
  ) );
#2970 = ORIENTED_EDGE('',*,*,#2920,.T.);
#2971 = ORIENTED_EDGE('',*,*,#687,.F.);
#2972 = ORIENTED_EDGE('',*,*,#2973,.F.);
#2973 = EDGE_CURVE('',#2943,#688,#2974,.T.);
#2974 = SURFACE_CURVE('',#2975,(#2978,#2985),.PCURVE_S1.);
#2975 = B_SPLINE_CURVE_WITH_KNOTS('',1,(#2976,#2977),.UNSPECIFIED.,.F.,
  .F.,(2,2),(0.,44.),.PIECEWISE_BEZIER_KNOTS.);
#2976 = CARTESIAN_POINT('',(-75.05504628689,-89.47275545114,
    -4.67017165584));
#2977 = CARTESIAN_POINT('',(-68.56870572226,-48.4644092027,
    9.898387780403));
#2978 = PCURVE('',#731,#2979);
#2979 = DEFINITIONAL_REPRESENTATION('',(#2980),#2984);
#2980 = LINE('',#2981,#2982);
#2981 = CARTESIAN_POINT('',(0.,66.666666666667));
#2982 = VECTOR('',#2983,1.);
#2983 = DIRECTION('',(1.,0.));
#2984 = ( GEOMETRIC_REPRESENTATION_CONTEXT(2) 
PARAMETRIC_REPRESENTATION_CONTEXT() REPRESENTATION_CONTEXT('2D SPACE',''
  ) );
#2985 = PCURVE('',#801,#2986);
#2986 = DEFINITIONAL_REPRESENTATION('',(#2987),#2991);
#2987 = LINE('',#2988,#2989);
#2988 = CARTESIAN_POINT('',(0.,0.));
#2989 = VECTOR('',#2990,1.);
#2990 = DIRECTION('',(1.,0.));
#2991 = ( GEOMETRIC_REPRESENTATION_CONTEXT(2) 
PARAMETRIC_REPRESENTATION_CONTEXT() REPRESENTATION_CONTEXT('2D SPACE',''
  ) );
#2992 = ADVANCED_FACE('',(#2993),#801,.F.);
#2993 = FACE_BOUND('',#2994,.F.);
#2994 = EDGE_LOOP('',(#2995,#3024,#3025,#3026,#3058));
#2995 = ORIENTED_EDGE('',*,*,#2996,.F.);
#2996 = EDGE_CURVE('',#2943,#2997,#2999,.T.);
#2997 = VERTEX_POINT('',#2998);
#2998 = CARTESIAN_POINT('',(-83.87834139461,22.817845663313,
    139.41860543683));
#2999 = SURFACE_CURVE('',#3000,(#3010,#3017),.PCURVE_S1.);
#3000 = ( BOUNDED_CURVE() B_SPLINE_CURVE(8,(#3001,#3002,#3003,#3004,
    #3005,#3006,#3007,#3008,#3009),.UNSPECIFIED.,.F.,.F.) 
B_SPLINE_CURVE_WITH_KNOTS((9,9),(0.,66.666666666667),
.PIECEWISE_BEZIER_KNOTS.) CURVE() GEOMETRIC_REPRESENTATION_ITEM() 
RATIONAL_B_SPLINE_CURVE((1.000053547667,1.000053547667,1.000053547667,
    1.000053547667,1.000053547667,1.000053547667,1.000053547667,
1.000053547667,1.000053547667)) REPRESENTATION_ITEM('') );
#3001 = CARTESIAN_POINT('',(-75.05504628689,-89.47275545114,
    -4.67017165584));
#3002 = CARTESIAN_POINT('',(-72.74358803874,-98.96136110492,
    21.009726367296));
#3003 = CARTESIAN_POINT('',(-69.22924431524,-100.8452808578,
    49.391349402885));
#3004 = CARTESIAN_POINT('',(-65.63711888121,-94.04977093022,
    77.947673020627));
#3005 = CARTESIAN_POINT('',(-63.28101721538,-78.70381145782,
    103.72784180162));
#3006 = CARTESIAN_POINT('',(-63.40431808281,-56.40687575999,
    123.93918131554));
#3007 = CARTESIAN_POINT('',(-66.81431371912,-29.9810006802,136.768483514
    ));
#3008 = CARTESIAN_POINT('',(-73.73450228753,-2.611830258755,
    141.71376330346));
#3009 = CARTESIAN_POINT('',(-83.87834139461,22.817845663313,
    139.41860543683));
#3010 = PCURVE('',#801,#3011);
#3011 = DEFINITIONAL_REPRESENTATION('',(#3012),#3016);
#3012 = LINE('',#3013,#3014);
#3013 = CARTESIAN_POINT('',(0.,0.));
#3014 = VECTOR('',#3015,1.);
#3015 = DIRECTION('',(0.,1.));
#3016 = ( GEOMETRIC_REPRESENTATION_CONTEXT(2) 
PARAMETRIC_REPRESENTATION_CONTEXT() REPRESENTATION_CONTEXT('2D SPACE',''
  ) );
#3017 = PCURVE('',#2676,#3018);
#3018 = DEFINITIONAL_REPRESENTATION('',(#3019),#3023);
#3019 = LINE('',#3020,#3021);
#3020 = CARTESIAN_POINT('',(6.544984694977E-02,0.));
#3021 = VECTOR('',#3022,1.);
#3022 = DIRECTION('',(0.,1.));
#3023 = ( GEOMETRIC_REPRESENTATION_CONTEXT(2) 
PARAMETRIC_REPRESENTATION_CONTEXT() REPRESENTATION_CONTEXT('2D SPACE',''
  ) );
#3024 = ORIENTED_EDGE('',*,*,#2973,.T.);
#3025 = ORIENTED_EDGE('',*,*,#757,.F.);
#3026 = ORIENTED_EDGE('',*,*,#3027,.T.);
#3027 = EDGE_CURVE('',#758,#3028,#3030,.T.);
#3028 = VERTEX_POINT('',#3029);
#3029 = CARTESIAN_POINT('',(-101.2618795557,12.359666400961,
    100.37453946625));
#3030 = SURFACE_CURVE('',#3031,(#3041,#3048),.PCURVE_S1.);
#3031 = B_SPLINE_CURVE_WITH_KNOTS('',8,(#3032,#3033,#3034,#3035,#3036,
    #3037,#3038,#3039,#3040),.UNSPECIFIED.,.F.,.F.,(9,9),(0.,
    66.666666666667),.PIECEWISE_BEZIER_KNOTS.);
#3032 = CARTESIAN_POINT('',(-68.56870572226,-48.4644092027,
    9.898387780403));
#3033 = CARTESIAN_POINT('',(-70.80590196078,-53.6040705985,
    25.361840554683));
#3034 = CARTESIAN_POINT('',(-72.39153523349,-54.62452713133,
    42.288727710708));
#3035 = CARTESIAN_POINT('',(-73.93503674633,-50.94362592053,
    59.310244348733));
#3036 = CARTESIAN_POINT('',(-76.14805113362,-42.63123120632,
    74.828010450185));
#3037 = CARTESIAN_POINT('',(-79.70407522641,-30.55372436999,
    87.329327365309));
#3038 = CARTESIAN_POINT('',(-85.04039231902,-16.23970870177,
    95.832040734556));
#3039 = CARTESIAN_POINT('',(-92.27806391651,-1.414741390159,
    100.06424196559));
#3040 = CARTESIAN_POINT('',(-101.2618795557,12.359666400961,
    100.37453946625));
#3041 = PCURVE('',#801,#3042);
#3042 = DEFINITIONAL_REPRESENTATION('',(#3043),#3047);
#3043 = LINE('',#3044,#3045);
#3044 = CARTESIAN_POINT('',(44.,0.));
#3045 = VECTOR('',#3046,1.);
#3046 = DIRECTION('',(0.,1.));
#3047 = ( GEOMETRIC_REPRESENTATION_CONTEXT(2) 
PARAMETRIC_REPRESENTATION_CONTEXT() REPRESENTATION_CONTEXT('2D SPACE',''
  ) );
#3048 = PCURVE('',#865,#3049);
#3049 = DEFINITIONAL_REPRESENTATION('',(#3050),#3057);
#3050 = B_SPLINE_CURVE_WITH_KNOTS('',5,(#3051,#3052,#3053,#3054,#3055,
    #3056),.UNSPECIFIED.,.F.,.F.,(6,6),(59.333334538484,66.666666666667)
  ,.PIECEWISE_BEZIER_KNOTS.);
#3051 = CARTESIAN_POINT('',(3.552713678801E-15,-151.0000012051));
#3052 = CARTESIAN_POINT('',(-4.799653378352E-02,-152.4666676307));
#3053 = CARTESIAN_POINT('',(-9.599308213756E-02,-153.9333340564));
#3054 = CARTESIAN_POINT('',(-0.143989643323,-155.400000482));
#3055 = CARTESIAN_POINT('',(-0.191986225607,-156.8666669076));
#3056 = CARTESIAN_POINT('',(-0.239982772149,-158.3333333333));
#3057 = ( GEOMETRIC_REPRESENTATION_CONTEXT(2) 
PARAMETRIC_REPRESENTATION_CONTEXT() REPRESENTATION_CONTEXT('2D SPACE',''
  ) );
#3058 = ORIENTED_EDGE('',*,*,#3059,.F.);
#3059 = EDGE_CURVE('',#2997,#3028,#3060,.T.);
#3060 = SURFACE_CURVE('',#3061,(#3064,#3071),.PCURVE_S1.);
#3061 = B_SPLINE_CURVE_WITH_KNOTS('',1,(#3062,#3063),.UNSPECIFIED.,.F.,
  .F.,(2,2),(0.,44.),.PIECEWISE_BEZIER_KNOTS.);
#3062 = CARTESIAN_POINT('',(-83.87834139461,22.817845663313,
    139.41860543683));
#3063 = CARTESIAN_POINT('',(-101.2618795557,12.359666400961,
    100.37453946625));
#3064 = PCURVE('',#801,#3065);
#3065 = DEFINITIONAL_REPRESENTATION('',(#3066),#3070);
#3066 = LINE('',#3067,#3068);
#3067 = CARTESIAN_POINT('',(0.,66.666666666667));
#3068 = VECTOR('',#3069,1.);
#3069 = DIRECTION('',(1.,0.));
#3070 = ( GEOMETRIC_REPRESENTATION_CONTEXT(2) 
PARAMETRIC_REPRESENTATION_CONTEXT() REPRESENTATION_CONTEXT('2D SPACE',''
  ) );
#3071 = PCURVE('',#3072,#3091);
#3072 = B_SPLINE_SURFACE_WITH_KNOTS('',1,8,(
    (#3073,#3074,#3075,#3076,#3077,#3078,#3079,#3080,#3081)
    ,(#3082,#3083,#3084,#3085,#3086,#3087,#3088,#3089,#3090
  )),.UNSPECIFIED.,.F.,.F.,.F.,(2,2),(9,9),(0.,44.),(0.,66.666666666667)
  ,.PIECEWISE_BEZIER_KNOTS.);
#3073 = CARTESIAN_POINT('',(-83.87834139461,22.817845663313,
    139.41860543683));
#3074 = CARTESIAN_POINT('',(-94.0221805017,48.24752158538,137.1234475702
    ));
#3075 = CARTESIAN_POINT('',(-107.3896891777,71.737894214185,
    127.58780930467));
#3076 = CARTESIAN_POINT('',(-123.6936166367,90.406599887621,
    111.45686646915));
#3077 = CARTESIAN_POINT('',(-142.1374215217,101.68166458221,
    90.519680243193));
#3078 = CARTESIAN_POINT('',(-161.4750199064,103.97639122225,
    67.57500094872));
#3079 = CARTESIAN_POINT('',(-180.3031241428,97.283577954547,
    45.774664247256));
#3080 = CARTESIAN_POINT('',(-197.432150769,82.98031838171,
    27.790518340136));
#3081 = CARTESIAN_POINT('',(-212.0659682732,63.297198249607,
    15.410703879419));
#3082 = CARTESIAN_POINT('',(-101.2618795557,12.359666400961,
    100.37453946625));
#3083 = CARTESIAN_POINT('',(-110.245695195,26.134074192081,
    100.6848369669));
#3084 = CARTESIAN_POINT('',(-120.9756651842,38.858026032683,
    97.073207584824));
#3085 = CARTESIAN_POINT('',(-133.2961953474,48.970241605794,
    89.889121560671));
#3086 = CARTESIAN_POINT('',(-146.7758257831,55.077568315367,
    80.101653700019));
#3087 = CARTESIAN_POINT('',(-160.7395943643,56.32054524539,
    69.226793760596));
#3088 = CARTESIAN_POINT('',(-174.4273869487,52.695271392047,
    58.971786059049));
#3089 = CARTESIAN_POINT('',(-187.1948458275,44.947672456759,
    50.783881704441));
#3090 = CARTESIAN_POINT('',(-198.6107330986,34.285982385204,
    45.6316568833));
#3091 = DEFINITIONAL_REPRESENTATION('',(#3092),#3096);
#3092 = LINE('',#3093,#3094);
#3093 = CARTESIAN_POINT('',(0.,0.));
#3094 = VECTOR('',#3095,1.);
#3095 = DIRECTION('',(1.,0.));
#3096 = ( GEOMETRIC_REPRESENTATION_CONTEXT(2) 
PARAMETRIC_REPRESENTATION_CONTEXT() REPRESENTATION_CONTEXT('2D SPACE',''
  ) );
#3097 = ADVANCED_FACE('',(#3098),#865,.F.);
#3098 = FACE_BOUND('',#3099,.T.);
#3099 = EDGE_LOOP('',(#3100,#3132,#3133,#3134,#3185,#3255,#3285,#3286,
    #3335,#3336,#3387,#3457));
#3100 = ORIENTED_EDGE('',*,*,#3101,.F.);
#3101 = EDGE_CURVE('',#850,#3102,#3104,.T.);
#3102 = VERTEX_POINT('',#3103);
#3103 = CARTESIAN_POINT('',(-39.83320836721,4.532098622878,
    74.43937155626));
#3104 = SURFACE_CURVE('',#3105,(#3115,#3125),.PCURVE_S1.);
#3105 = B_SPLINE_CURVE_WITH_KNOTS('',8,(#3106,#3107,#3108,#3109,#3110,
    #3111,#3112,#3113,#3114),.UNSPECIFIED.,.F.,.F.,(9,9),(0.,
    66.666666666667),.PIECEWISE_BEZIER_KNOTS.);
#3106 = CARTESIAN_POINT('',(-10.57515271997,-45.03332099679,
    -23.7521818987));
#3107 = CARTESIAN_POINT('',(-13.19292599195,-52.12372108301,
    -9.143519136865));
#3108 = CARTESIAN_POINT('',(-14.91184718492,-55.38654839635,
    7.483998448736));
#3109 = CARTESIAN_POINT('',(-16.29823442829,-54.0184923492,
    24.858399513684));
#3110 = CARTESIAN_POINT('',(-18.05977267862,-47.82244218279,
    41.390197621285));
#3111 = CARTESIAN_POINT('',(-20.91572689739,-37.40280166544,
    55.463897217765));
#3112 = CARTESIAN_POINT('',(-25.39287209945,-24.10683532873,
    65.896342248302));
#3113 = CARTESIAN_POINT('',(-31.71762821048,-9.594739323619,
    72.178985233391));
#3114 = CARTESIAN_POINT('',(-39.83320836721,4.532098622878,
    74.43937155626));
#3115 = PCURVE('',#865,#3116);
#3116 = DEFINITIONAL_REPRESENTATION('',(#3117),#3124);
#3117 = B_SPLINE_CURVE_WITH_KNOTS('',5,(#3118,#3119,#3120,#3121,#3122,
    #3123),.UNSPECIFIED.,.F.,.F.,(6,6),(64.000000767918,66.666666666667)
  ,.PIECEWISE_BEZIER_KNOTS.);
#3118 = CARTESIAN_POINT('',(-4.415271666229E-15,-89.00000076791));
#3119 = CARTESIAN_POINT('',(-1.745329376196E-02,-89.53333394766));
#3120 = CARTESIAN_POINT('',(-3.490658955037E-02,-90.06666712741));
#3121 = CARTESIAN_POINT('',(-5.235988264381E-02,-90.60000030716));
#3122 = CARTESIAN_POINT('',(-6.981317510579E-02,-91.13333348691));
#3123 = CARTESIAN_POINT('',(-8.726646259972E-02,-91.66666666666));
#3124 = ( GEOMETRIC_REPRESENTATION_CONTEXT(2) 
PARAMETRIC_REPRESENTATION_CONTEXT() REPRESENTATION_CONTEXT('2D SPACE',''
  ) );
#3125 = PCURVE('',#921,#3126);
#3126 = DEFINITIONAL_REPRESENTATION('',(#3127),#3131);
#3127 = LINE('',#3128,#3129);
#3128 = CARTESIAN_POINT('',(0.,0.));
#3129 = VECTOR('',#3130,1.);
#3130 = DIRECTION('',(0.,1.));
#3131 = ( GEOMETRIC_REPRESENTATION_CONTEXT(2) 
PARAMETRIC_REPRESENTATION_CONTEXT() REPRESENTATION_CONTEXT('2D SPACE',''
  ) );
#3132 = ORIENTED_EDGE('',*,*,#849,.T.);
#3133 = ORIENTED_EDGE('',*,*,#3027,.T.);
#3134 = ORIENTED_EDGE('',*,*,#3135,.F.);
#3135 = EDGE_CURVE('',#3136,#3028,#3138,.T.);
#3136 = VERTEX_POINT('',#3137);
#3137 = CARTESIAN_POINT('',(-198.6107330986,34.285982385204,
    45.6316568833));
#3138 = SURFACE_CURVE('',#3139,(#3149,#3178),.PCURVE_S1.);
#3139 = B_SPLINE_CURVE_WITH_KNOTS('',8,(#3140,#3141,#3142,#3143,#3144,
    #3145,#3146,#3147,#3148),.UNSPECIFIED.,.F.,.F.,(9,9),(
    57.151721048834,123.8183877155),.PIECEWISE_BEZIER_KNOTS.);
#3140 = CARTESIAN_POINT('',(-198.6107330986,34.285982385204,
    45.6316568833));
#3141 = CARTESIAN_POINT('',(-187.1948458275,44.94767245676,
    50.783881704441));
#3142 = CARTESIAN_POINT('',(-174.4273869487,52.695271392047,
    58.971786059049));
#3143 = CARTESIAN_POINT('',(-160.7395943644,56.320545245394,
    69.226793760602));
#3144 = CARTESIAN_POINT('',(-146.7758257831,55.077568315407,
    80.101653700009));
#3145 = CARTESIAN_POINT('',(-133.2961953474,48.970241605777,
    89.889121560675));
#3146 = CARTESIAN_POINT('',(-120.9756651842,38.85802603268,
    97.073207584824));
#3147 = CARTESIAN_POINT('',(-110.245695195,26.134074192084,
    100.6848369669));
#3148 = CARTESIAN_POINT('',(-101.2618795557,12.359666400961,
    100.37453946625));
#3149 = PCURVE('',#865,#3150);
#3150 = DEFINITIONAL_REPRESENTATION('',(#3151),#3177);
#3151 = B_SPLINE_CURVE_WITH_KNOTS('',3,(#3152,#3153,#3154,#3155,#3156,
    #3157,#3158,#3159,#3160,#3161,#3162,#3163,#3164,#3165,#3166,#3167,
    #3168,#3169,#3170,#3171,#3172,#3173,#3174,#3175,#3176),
  .UNSPECIFIED.,.F.,.F.,(4,1,1,1,1,1,1,1,1,1,1,1,1,1,1,1,1,1,1,1,1,1,4),
  (57.151721048834,60.182024079138,63.212327109441,66.242630139744,
    69.272933170047,72.30323620035,75.333539230653,78.363842260956,
    81.394145291259,84.424448321562,87.454751351865,90.485054382169,
    93.515357412472,96.545660442775,99.575963473078,102.60626650338,
    105.63656953368,108.66687256398,111.69717559429,114.72747862459,
    117.75778165489,120.78808468519,123.8183877155),
  .QUASI_UNIFORM_KNOTS.);
#3152 = CARTESIAN_POINT('',(-2.421644337142,-225.));
#3153 = CARTESIAN_POINT('',(-2.388588850121,-223.9898989898));
#3154 = CARTESIAN_POINT('',(-2.322477871383,-221.9696969696));
#3155 = CARTESIAN_POINT('',(-2.223311411891,-218.9393939393));
#3156 = CARTESIAN_POINT('',(-2.124145010291,-215.909090909));
#3157 = CARTESIAN_POINT('',(-2.024978622856,-212.8787878787));
#3158 = CARTESIAN_POINT('',(-1.925812213572,-209.8484848484));
#3159 = CARTESIAN_POINT('',(-1.826645767052,-206.8181818181));
#3160 = CARTESIAN_POINT('',(-1.727479294798,-203.7878787878));
#3161 = CARTESIAN_POINT('',(-1.628312822137,-200.7575757575));
#3162 = CARTESIAN_POINT('',(-1.529146372004,-197.7272727272));
#3163 = CARTESIAN_POINT('',(-1.429979952683,-194.6969696969));
#3164 = CARTESIAN_POINT('',(-1.330813554646,-191.6666666666));
#3165 = CARTESIAN_POINT('',(-1.231647156608,-188.6363636363));
#3166 = CARTESIAN_POINT('',(-1.132480737287,-185.606060606));
#3167 = CARTESIAN_POINT('',(-1.033314287154,-182.5757575757));
#3168 = CARTESIAN_POINT('',(-0.934147814493,-179.5454545454));
#3169 = CARTESIAN_POINT('',(-0.834981342239,-176.5151515151));
#3170 = CARTESIAN_POINT('',(-0.735814895719,-173.4848484848));
#3171 = CARTESIAN_POINT('',(-0.636648486435,-170.4545454545));
#3172 = CARTESIAN_POINT('',(-0.537482099,-167.4242424242));
#3173 = CARTESIAN_POINT('',(-0.4383156974,-164.3939393939));
#3174 = CARTESIAN_POINT('',(-0.339149237908,-161.3636363636));
#3175 = CARTESIAN_POINT('',(-0.27303825917,-159.3434343434));
#3176 = CARTESIAN_POINT('',(-0.239982772149,-158.3333333333));
#3177 = ( GEOMETRIC_REPRESENTATION_CONTEXT(2) 
PARAMETRIC_REPRESENTATION_CONTEXT() REPRESENTATION_CONTEXT('2D SPACE',''
  ) );
#3178 = PCURVE('',#3072,#3179);
#3179 = DEFINITIONAL_REPRESENTATION('',(#3180),#3184);
#3180 = LINE('',#3181,#3182);
#3181 = CARTESIAN_POINT('',(44.,123.8183877155));
#3182 = VECTOR('',#3183,1.);
#3183 = DIRECTION('',(-3.19744231092E-16,-1.));
#3184 = ( GEOMETRIC_REPRESENTATION_CONTEXT(2) 
PARAMETRIC_REPRESENTATION_CONTEXT() REPRESENTATION_CONTEXT('2D SPACE',''
  ) );
#3185 = ORIENTED_EDGE('',*,*,#3186,.F.);
#3186 = EDGE_CURVE('',#3187,#3136,#3189,.T.);
#3187 = VERTEX_POINT('',#3188);
#3188 = CARTESIAN_POINT('',(-245.9146896934,-51.69092958756,
    103.29145319175));
#3189 = SURFACE_CURVE('',#3190,(#3200,#3229),.PCURVE_S1.);
#3190 = B_SPLINE_CURVE_WITH_KNOTS('',8,(#3191,#3192,#3193,#3194,#3195,
    #3196,#3197,#3198,#3199),.UNSPECIFIED.,.F.,.F.,(9,9),(
    57.151721035458,123.81838770213),.PIECEWISE_BEZIER_KNOTS.);
#3191 = CARTESIAN_POINT('',(-245.9146896934,-51.69092958756,
    103.29145319175));
#3192 = CARTESIAN_POINT('',(-244.0353797821,-50.14711018988,
    87.024174565624));
#3193 = CARTESIAN_POINT('',(-241.9603850815,-44.20982325342,
    71.196411172452));
#3194 = CARTESIAN_POINT('',(-239.0397993301,-34.05455090039,
    57.267876374869));
#3195 = CARTESIAN_POINT('',(-234.6555072365,-20.55115950799,
    46.626879847739));
#3196 = CARTESIAN_POINT('',(-228.3728249732,-5.232727414568,
    40.249737454168));
#3197 = CARTESIAN_POINT('',(-220.0909646279,10.048430940432,
    38.362822549323));
#3198 = CARTESIAN_POINT('',(-210.0266203696,23.62429231365,
    40.479432062152));
#3199 = CARTESIAN_POINT('',(-198.6107330986,34.285982385204,
    45.6316568833));
#3200 = PCURVE('',#865,#3201);
#3201 = DEFINITIONAL_REPRESENTATION('',(#3202),#3228);
#3202 = B_SPLINE_CURVE_WITH_KNOTS('',3,(#3203,#3204,#3205,#3206,#3207,
    #3208,#3209,#3210,#3211,#3212,#3213,#3214,#3215,#3216,#3217,#3218,
    #3219,#3220,#3221,#3222,#3223,#3224,#3225,#3226,#3227),
  .UNSPECIFIED.,.F.,.F.,(4,1,1,1,1,1,1,1,1,1,1,1,1,1,1,1,1,1,1,1,1,1,4),
  (57.151721035458,60.182024065761,63.212327096065,66.242630126368,
    69.272933156672,72.303236186975,75.333539217278,78.363842247582,
    81.394145277885,84.424448308189,87.454751338492,90.485054368795,
    93.515357399099,96.545660429402,99.575963459706,102.60626649,
    105.63656952031,108.66687255061,111.69717558091,114.72747861122,
    117.75778164152,120.78808467182,123.81838770213),
  .QUASI_UNIFORM_KNOTS.);
#3203 = CARTESIAN_POINT('',(-4.603305902135,-291.6666666666));
#3204 = CARTESIAN_POINT('',(-4.570250415114,-290.6565656565));
#3205 = CARTESIAN_POINT('',(-4.504139436376,-288.6363636363));
#3206 = CARTESIAN_POINT('',(-4.404972976884,-285.606060606));
#3207 = CARTESIAN_POINT('',(-4.305806575284,-282.5757575757));
#3208 = CARTESIAN_POINT('',(-4.206640187849,-279.5454545454));
#3209 = CARTESIAN_POINT('',(-4.107473778565,-276.5151515151));
#3210 = CARTESIAN_POINT('',(-4.008307332045,-273.4848484848));
#3211 = CARTESIAN_POINT('',(-3.909140859791,-270.4545454545));
#3212 = CARTESIAN_POINT('',(-3.80997438713,-267.4242424242));
#3213 = CARTESIAN_POINT('',(-3.710807936997,-264.3939393939));
#3214 = CARTESIAN_POINT('',(-3.611641517676,-261.3636363635));
#3215 = CARTESIAN_POINT('',(-3.512475119638,-258.3333333333));
#3216 = CARTESIAN_POINT('',(-3.413308721601,-255.303030303));
#3217 = CARTESIAN_POINT('',(-3.31414230228,-252.2727272727));
#3218 = CARTESIAN_POINT('',(-3.214975852147,-249.2424242424));
#3219 = CARTESIAN_POINT('',(-3.115809379486,-246.2121212121));
#3220 = CARTESIAN_POINT('',(-3.016642907232,-243.1818181818));
#3221 = CARTESIAN_POINT('',(-2.917476460712,-240.1515151515));
#3222 = CARTESIAN_POINT('',(-2.818310051428,-237.1212121212));
#3223 = CARTESIAN_POINT('',(-2.719143663993,-234.0909090909));
#3224 = CARTESIAN_POINT('',(-2.619977262393,-231.0606060606));
#3225 = CARTESIAN_POINT('',(-2.520810802901,-228.0303030303));
#3226 = CARTESIAN_POINT('',(-2.454699824163,-226.01010101));
#3227 = CARTESIAN_POINT('',(-2.421644337142,-225.));
#3228 = ( GEOMETRIC_REPRESENTATION_CONTEXT(2) 
PARAMETRIC_REPRESENTATION_CONTEXT() REPRESENTATION_CONTEXT('2D SPACE',''
  ) );
#3229 = PCURVE('',#3230,#3249);
#3230 = B_SPLINE_SURFACE_WITH_KNOTS('',1,8,(
    (#3231,#3232,#3233,#3234,#3235,#3236,#3237,#3238,#3239)
    ,(#3240,#3241,#3242,#3243,#3244,#3245,#3246,#3247,#3248
  )),.UNSPECIFIED.,.F.,.F.,.F.,(2,2),(9,9),(0.,44.),(0.,66.666666666667)
  ,.PIECEWISE_BEZIER_KNOTS.);
#3231 = CARTESIAN_POINT('',(-212.0659682732,63.297198249607,
    15.410703879419));
#3232 = CARTESIAN_POINT('',(-226.6997857775,43.614078117504,
    3.030889418701));
#3233 = CARTESIAN_POINT('',(-238.8384469504,18.550949428457,
    -3.74471216512));
#3234 = CARTESIAN_POINT('',(-247.6863685915,-9.660419842091,
    -3.129191747313));
#3235 = CARTESIAN_POINT('',(-252.843499928,-37.94060216879,5.77597941954
    ));
#3236 = CARTESIAN_POINT('',(-254.4959109505,-62.86994012381,
    22.552881293887));
#3237 = CARTESIAN_POINT('',(-253.4460948799,-81.61813523709,
    45.399084590806));
#3238 = CARTESIAN_POINT('',(-250.8351876387,-92.57928035055,
    71.751556064202));
#3239 = CARTESIAN_POINT('',(-247.863016171,-95.42940846934,
    98.915440275373));
#3240 = CARTESIAN_POINT('',(-198.6107330986,34.285982385204,
    45.6316568833));
#3241 = CARTESIAN_POINT('',(-210.0266203696,23.624292313648,
    40.479432062159));
#3242 = CARTESIAN_POINT('',(-220.0909646279,10.048430940414,
    38.362822549338));
#3243 = CARTESIAN_POINT('',(-228.3728249731,-5.232727414465,
    40.249737454064));
#3244 = CARTESIAN_POINT('',(-234.6555072367,-20.55115950809,
    46.626879847858));
#3245 = CARTESIAN_POINT('',(-239.0397993301,-34.0545509004,
    57.267876374876));
#3246 = CARTESIAN_POINT('',(-241.9603850815,-44.20982325342,
    71.196411172456));
#3247 = CARTESIAN_POINT('',(-244.0353797821,-50.14711018988,
    87.024174565626));
#3248 = CARTESIAN_POINT('',(-245.9146896934,-51.69092958756,
    103.29145319175));
#3249 = DEFINITIONAL_REPRESENTATION('',(#3250),#3254);
#3250 = LINE('',#3251,#3252);
#3251 = CARTESIAN_POINT('',(44.,123.81838770212));
#3252 = VECTOR('',#3253,1.);
#3253 = DIRECTION('',(2.13162820728E-16,-1.));
#3254 = ( GEOMETRIC_REPRESENTATION_CONTEXT(2) 
PARAMETRIC_REPRESENTATION_CONTEXT() REPRESENTATION_CONTEXT('2D SPACE',''
  ) );
#3255 = ORIENTED_EDGE('',*,*,#3256,.T.);
#3256 = EDGE_CURVE('',#3187,#1105,#3257,.T.);
#3257 = SURFACE_CURVE('',#3258,(#3268,#3278),.PCURVE_S1.);
#3258 = B_SPLINE_CURVE_WITH_KNOTS('',8,(#3259,#3260,#3261,#3262,#3263,
    #3264,#3265,#3266,#3267),.UNSPECIFIED.,.F.,.F.,(9,9),(0.,
    66.666666666667),.PIECEWISE_BEZIER_KNOTS.);
#3259 = CARTESIAN_POINT('',(-245.9146896934,-51.69092958756,
    103.29145319175));
#3260 = CARTESIAN_POINT('',(-247.7939996047,-53.23474898523,
    119.55873181789));
#3261 = CARTESIAN_POINT('',(-249.4775816158,-50.38511245212,
    136.2656225054));
#3262 = CARTESIAN_POINT('',(-251.6153849943,-42.96750332022,
    151.95231529846));
#3263 = CARTESIAN_POINT('',(-254.8874509798,-31.50224664829,
    165.09141256486));
#3264 = CARTESIAN_POINT('',(-259.8531225567,-17.25476935141,
    174.4266093923));
#3265 = CARTESIAN_POINT('',(-266.7738650658,-1.979845645228,
    179.37064501069));
#3266 = CARTESIAN_POINT('',(-275.5849634834,12.578729055276,
    180.06887174278));
#3267 = CARTESIAN_POINT('',(-285.9721138769,25.011415983808,
    177.22722777932));
#3268 = PCURVE('',#865,#3269);
#3269 = DEFINITIONAL_REPRESENTATION('',(#3270),#3277);
#3270 = B_SPLINE_CURVE_WITH_KNOTS('',5,(#3271,#3272,#3273,#3274,#3275,
    #3276),.UNSPECIFIED.,.F.,.F.,(6,6),(0.,9.515011140653),
  .PIECEWISE_BEZIER_KNOTS.);
#3271 = CARTESIAN_POINT('',(-4.603305902135,-291.6666666666));
#3272 = CARTESIAN_POINT('',(-4.665581504423,-293.5696688947));
#3273 = CARTESIAN_POINT('',(-4.727857165292,-295.4726711229));
#3274 = CARTESIAN_POINT('',(-4.790132770728,-297.375673351));
#3275 = CARTESIAN_POINT('',(-4.85240835197,-299.2786755791));
#3276 = CARTESIAN_POINT('',(-4.914683928019,-301.1816778073));
#3277 = ( GEOMETRIC_REPRESENTATION_CONTEXT(2) 
PARAMETRIC_REPRESENTATION_CONTEXT() REPRESENTATION_CONTEXT('2D SPACE',''
  ) );
#3278 = PCURVE('',#1862,#3279);
#3279 = DEFINITIONAL_REPRESENTATION('',(#3280),#3284);
#3280 = LINE('',#3281,#3282);
#3281 = CARTESIAN_POINT('',(44.,0.));
#3282 = VECTOR('',#3283,1.);
#3283 = DIRECTION('',(0.,1.));
#3284 = ( GEOMETRIC_REPRESENTATION_CONTEXT(2) 
PARAMETRIC_REPRESENTATION_CONTEXT() REPRESENTATION_CONTEXT('2D SPACE',''
  ) );
#3285 = ORIENTED_EDGE('',*,*,#1104,.F.);
#3286 = ORIENTED_EDGE('',*,*,#3287,.T.);
#3287 = EDGE_CURVE('',#1033,#1796,#3288,.T.);
#3288 = SURFACE_CURVE('',#3289,(#3299,#3328),.PCURVE_S1.);
#3289 = B_SPLINE_CURVE_WITH_KNOTS('',8,(#3290,#3291,#3292,#3293,#3294,
    #3295,#3296,#3297,#3298),.UNSPECIFIED.,.F.,.F.,(9,9),(18.72328472776
    ,51.333334013671),.PIECEWISE_BEZIER_KNOTS.);
#3290 = CARTESIAN_POINT('',(-250.5092954599,-45.54337211445,
    139.00474273023));
#3291 = CARTESIAN_POINT('',(-251.7621070095,-42.19570607227,
    146.21273814994));
#3292 = CARTESIAN_POINT('',(-253.2224987505,-37.92185476904,
    152.95450082627));
#3293 = CARTESIAN_POINT('',(-254.957474099,-32.81259393967,
    159.07953862259));
#3294 = CARTESIAN_POINT('',(-257.0261573493,-26.99385990274,
    164.45505619979));
#3295 = CARTESIAN_POINT('',(-259.475973754,-20.62156738882,
    168.97453469641));
#3296 = CARTESIAN_POINT('',(-262.339579759,-13.8730974913,
    172.56462653422));
#3297 = CARTESIAN_POINT('',(-265.6333051583,-6.936545209541,
    175.18865439499));
#3298 = CARTESIAN_POINT('',(-269.3571503517,3.468121968386E-06,
    176.84661738123));
#3299 = PCURVE('',#865,#3300);
#3300 = DEFINITIONAL_REPRESENTATION('',(#3301),#3327);
#3301 = B_SPLINE_CURVE_WITH_KNOTS('',3,(#3302,#3303,#3304,#3305,#3306,
    #3307,#3308,#3309,#3310,#3311,#3312,#3313,#3314,#3315,#3316,#3317,
    #3318,#3319,#3320,#3321,#3322,#3323,#3324,#3325,#3326),
  .UNSPECIFIED.,.F.,.F.,(4,1,1,1,1,1,1,1,1,1,1,1,1,1,1,1,1,1,1,1,1,1,4),
  (18.72328472776,20.205559695302,21.687834662843,23.170109630384,
    24.652384597926,26.134659565467,27.616934533009,29.09920950055,
    30.581484468091,32.063759435633,33.546034403174,35.028309370716,
    36.510584338257,37.992859305798,39.47513427334,40.957409240881,
    42.439684208423,43.921959175964,45.404234143505,46.886509111047,
    48.368784078588,49.85105904613,51.333334013671),
  .QUASI_UNIFORM_KNOTS.);
#3302 = CARTESIAN_POINT('',(-5.216023932581,-310.3899513944));
#3303 = CARTESIAN_POINT('',(-5.232193048892,-310.8840430502));
#3304 = CARTESIAN_POINT('',(-5.264531283215,-311.8722263619));
#3305 = CARTESIAN_POINT('',(-5.313038636876,-313.3545013295));
#3306 = CARTESIAN_POINT('',(-5.361545989719,-314.836776297));
#3307 = CARTESIAN_POINT('',(-5.410053338997,-316.3190512645));
#3308 = CARTESIAN_POINT('',(-5.458560682615,-317.8013262321));
#3309 = CARTESIAN_POINT('',(-5.507068019369,-319.2836011996));
#3310 = CARTESIAN_POINT('',(-5.555575349077,-320.7658761672));
#3311 = CARTESIAN_POINT('',(-5.604082672559,-322.2481511347));
#3312 = CARTESIAN_POINT('',(-5.652589991504,-323.7304261022));
#3313 = CARTESIAN_POINT('',(-5.701097308219,-325.2127010698));
#3314 = CARTESIAN_POINT('',(-5.749604625314,-326.6949760373));
#3315 = CARTESIAN_POINT('',(-5.798111945347,-328.1772510049));
#3316 = CARTESIAN_POINT('',(-5.846619270478,-329.6595259724));
#3317 = CARTESIAN_POINT('',(-5.895126602166,-331.14180094));
#3318 = CARTESIAN_POINT('',(-5.943633940954,-332.6240759075));
#3319 = CARTESIAN_POINT('',(-5.992141286363,-334.106350875));
#3320 = CARTESIAN_POINT('',(-6.040648636912,-335.5886258426));
#3321 = CARTESIAN_POINT('',(-6.089155990292,-337.0709008101));
#3322 = CARTESIAN_POINT('',(-6.137663343633,-338.5531757777));
#3323 = CARTESIAN_POINT('',(-6.186170693944,-340.0354507452));
#3324 = CARTESIAN_POINT('',(-6.234678038423,-341.5177257128));
#3325 = CARTESIAN_POINT('',(-6.267016263104,-342.5059090244));
#3326 = CARTESIAN_POINT('',(-6.283185373874,-343.0000006803));
#3327 = ( GEOMETRIC_REPRESENTATION_CONTEXT(2) 
PARAMETRIC_REPRESENTATION_CONTEXT() REPRESENTATION_CONTEXT('2D SPACE',''
  ) );
#3328 = PCURVE('',#1862,#3329);
#3329 = DEFINITIONAL_REPRESENTATION('',(#3330),#3334);
#3330 = LINE('',#3331,#3332);
#3331 = CARTESIAN_POINT('',(44.,-2.48689957516E-14));
#3332 = VECTOR('',#3333,1.);
#3333 = DIRECTION('',(-2.17890727343E-16,1.));
#3334 = ( GEOMETRIC_REPRESENTATION_CONTEXT(2) 
PARAMETRIC_REPRESENTATION_CONTEXT() REPRESENTATION_CONTEXT('2D SPACE',''
  ) );
#3335 = ORIENTED_EDGE('',*,*,#1795,.F.);
#3336 = ORIENTED_EDGE('',*,*,#3337,.F.);
#3337 = EDGE_CURVE('',#3338,#1726,#3340,.T.);
#3338 = VERTEX_POINT('',#3339);
#3339 = CARTESIAN_POINT('',(-188.1831933861,-50.22814296703,
    69.05229453891));
#3340 = SURFACE_CURVE('',#3341,(#3351,#3380),.PCURVE_S1.);
#3341 = B_SPLINE_CURVE_WITH_KNOTS('',8,(#3342,#3343,#3344,#3345,#3346,
    #3347,#3348,#3349,#3350),.UNSPECIFIED.,.F.,.F.,(9,9),(0.,
    55.999998832208),.PIECEWISE_BEZIER_KNOTS.);
#3342 = CARTESIAN_POINT('',(-188.1831933861,-50.22814296703,
    69.05229453891));
#3343 = CARTESIAN_POINT('',(-189.8981058623,-53.31116227665,
    82.410691043328));
#3344 = CARTESIAN_POINT('',(-191.2847088123,-53.3818916014,
    96.506482817021));
#3345 = CARTESIAN_POINT('',(-192.7173462164,-50.19401930389,
    110.49887951376));
#3346 = CARTESIAN_POINT('',(-194.6065744727,-43.83754588899,
    123.46575636586));
#3347 = CARTESIAN_POINT('',(-197.3381346356,-34.78314464396,
    134.54072478021));
#3348 = CARTESIAN_POINT('',(-201.1961104726,-23.82373834057,
    143.08572216759));
#3349 = CARTESIAN_POINT('',(-206.3225115105,-11.91186876149,
    148.78178990883));
#3350 = CARTESIAN_POINT('',(-212.717330453,-1.893388922758E-06,
    151.62894439149));
#3351 = PCURVE('',#865,#3352);
#3352 = DEFINITIONAL_REPRESENTATION('',(#3353),#3379);
#3353 = B_SPLINE_CURVE_WITH_KNOTS('',3,(#3354,#3355,#3356,#3357,#3358,
    #3359,#3360,#3361,#3362,#3363,#3364,#3365,#3366,#3367,#3368,#3369,
    #3370,#3371,#3372,#3373,#3374,#3375,#3376,#3377,#3378),
  .UNSPECIFIED.,.F.,.F.,(4,1,1,1,1,1,1,1,1,1,1,1,1,1,1,1,1,1,1,1,1,1,4),
  (0.,2.545454492373,5.090908984746,7.636363477119,10.181817969492,
    12.727272461865,15.272726954238,17.818181446611,20.363635938985,
    22.909090431358,25.454544923731,27.999999416104,30.545453908477,
    33.09090840085,35.636362893223,38.181817385596,40.727271877969,
    43.272726370342,45.818180862715,48.363635355088,50.909089847461,
    53.454544339834,55.999998832208),.QUASI_UNIFORM_KNOTS.);
#3354 = CARTESIAN_POINT('',(-4.450589592586,-225.));
#3355 = CARTESIAN_POINT('',(-4.478356198605,-225.8484848307));
#3356 = CARTESIAN_POINT('',(-4.533889419455,-227.5454544923));
#3357 = CARTESIAN_POINT('',(-4.617189251983,-230.0909089847));
#3358 = CARTESIAN_POINT('',(-4.700489043815,-232.6363634771));
#3359 = CARTESIAN_POINT('',(-4.783788811685,-235.1818179694));
#3360 = CARTESIAN_POINT('',(-4.867088578728,-237.7272724618));
#3361 = CARTESIAN_POINT('',(-4.950388364802,-240.2727269542));
#3362 = CARTESIAN_POINT('',(-5.033688176582,-242.8181814466));
#3363 = CARTESIAN_POINT('',(-5.116988007976,-245.3636359389));
#3364 = CARTESIAN_POINT('',(-5.20028784494,-247.9090904313));
#3365 = CARTESIAN_POINT('',(-5.283587672424,-250.4545449237));
#3366 = CARTESIAN_POINT('',(-5.366887480456,-252.999999416));
#3367 = CARTESIAN_POINT('',(-5.450187267584,-255.5454539084));
#3368 = CARTESIAN_POINT('',(-5.533487040878,-258.0909084008));
#3369 = CARTESIAN_POINT('',(-5.616786812868,-260.6363628932));
#3370 = CARTESIAN_POINT('',(-5.70008659659,-263.1818173855));
#3371 = CARTESIAN_POINT('',(-5.783386400472,-265.7272718779));
#3372 = CARTESIAN_POINT('',(-5.866686224783,-268.2727263703));
#3373 = CARTESIAN_POINT('',(-5.949986061032,-270.8181808627));
#3374 = CARTESIAN_POINT('',(-6.03328589465,-273.363635355));
#3375 = CARTESIAN_POINT('',(-6.116585711144,-275.9090898474));
#3376 = CARTESIAN_POINT('',(-6.199885501372,-278.4545443398));
#3377 = CARTESIAN_POINT('',(-6.25541868266,-280.1515140014));
#3378 = CARTESIAN_POINT('',(-6.283185270768,-280.9999988322));
#3379 = ( GEOMETRIC_REPRESENTATION_CONTEXT(2) 
PARAMETRIC_REPRESENTATION_CONTEXT() REPRESENTATION_CONTEXT('2D SPACE',''
  ) );
#3380 = PCURVE('',#1769,#3381);
#3381 = DEFINITIONAL_REPRESENTATION('',(#3382),#3386);
#3382 = LINE('',#3383,#3384);
#3383 = CARTESIAN_POINT('',(2.061076200431E-14,-1.650527249735E-15));
#3384 = VECTOR('',#3385,1.);
#3385 = DIRECTION('',(-4.380474847744E-16,1.));
#3386 = ( GEOMETRIC_REPRESENTATION_CONTEXT(2) 
PARAMETRIC_REPRESENTATION_CONTEXT() REPRESENTATION_CONTEXT('2D SPACE',''
  ) );
#3387 = ORIENTED_EDGE('',*,*,#3388,.F.);
#3388 = EDGE_CURVE('',#3389,#3338,#3391,.T.);
#3389 = VERTEX_POINT('',#3390);
#3390 = CARTESIAN_POINT('',(-135.4012152968,39.834311042187,
    23.696335955086));
#3391 = SURFACE_CURVE('',#3392,(#3402,#3431),.PCURVE_S1.);
#3392 = B_SPLINE_CURVE_WITH_KNOTS('',8,(#3393,#3394,#3395,#3396,#3397,
    #3398,#3399,#3400,#3401),.UNSPECIFIED.,.F.,.F.,(9,9),(0.,
    66.666666666674),.PIECEWISE_BEZIER_KNOTS.);
#3393 = CARTESIAN_POINT('',(-135.4012152968,39.834311042187,
    23.696335955086));
#3394 = CARTESIAN_POINT('',(-147.4325243625,30.719068395892,
    17.161851151957));
#3395 = CARTESIAN_POINT('',(-158.3083322225,18.218081014898,
    13.222664548766));
#3396 = CARTESIAN_POINT('',(-167.5279154005,3.364977738775,
    13.003419487563));
#3397 = CARTESIAN_POINT('',(-174.773894191,-12.27267714779,
    17.216962457659));
#3398 = CARTESIAN_POINT('',(-180.031273095,-26.82643170588,
    25.896973901149));
#3399 = CARTESIAN_POINT('',(-183.6348189501,-38.6184744141,
    38.291555190711));
#3400 = CARTESIAN_POINT('',(-186.1416308718,-46.5578818076,
    53.149441225834));
#3401 = CARTESIAN_POINT('',(-188.1831933861,-50.22814296703,
    69.05229453891));
#3402 = PCURVE('',#865,#3403);
#3403 = DEFINITIONAL_REPRESENTATION('',(#3404),#3430);
#3404 = B_SPLINE_CURVE_WITH_KNOTS('',3,(#3405,#3406,#3407,#3408,#3409,
    #3410,#3411,#3412,#3413,#3414,#3415,#3416,#3417,#3418,#3419,#3420,
    #3421,#3422,#3423,#3424,#3425,#3426,#3427,#3428,#3429),
  .UNSPECIFIED.,.F.,.F.,(4,1,1,1,1,1,1,1,1,1,1,1,1,1,1,1,1,1,1,1,1,1,4),
  (0.,3.030303030303,6.060606060607,9.09090909091,12.121212121213,
    15.151515151517,18.18181818182,21.212121212123,24.242424242427,
    27.27272727273,30.303030303033,33.333333333337,36.36363636364,
    39.393939393943,42.424242424247,45.45454545455,48.484848484854,
    51.515151515157,54.54545454546,57.575757575764,60.606060606067,
    63.63636363637,66.666666666674),.QUASI_UNIFORM_KNOTS.);
#3405 = CARTESIAN_POINT('',(-2.268928027593,-158.3333333333));
#3406 = CARTESIAN_POINT('',(-2.301983514614,-159.3434343434));
#3407 = CARTESIAN_POINT('',(-2.368094493352,-161.3636363636));
#3408 = CARTESIAN_POINT('',(-2.467260952843,-164.3939393939));
#3409 = CARTESIAN_POINT('',(-2.566427354444,-167.4242424242));
#3410 = CARTESIAN_POINT('',(-2.665593741879,-170.4545454545));
#3411 = CARTESIAN_POINT('',(-2.764760151163,-173.4848484848));
#3412 = CARTESIAN_POINT('',(-2.863926597683,-176.5151515151));
#3413 = CARTESIAN_POINT('',(-2.963093069937,-179.5454545454));
#3414 = CARTESIAN_POINT('',(-3.062259542598,-182.5757575757));
#3415 = CARTESIAN_POINT('',(-3.161425992731,-185.606060606));
#3416 = CARTESIAN_POINT('',(-3.260592412052,-188.6363636363));
#3417 = CARTESIAN_POINT('',(-3.359758810089,-191.6666666666));
#3418 = CARTESIAN_POINT('',(-3.458925208127,-194.6969696969));
#3419 = CARTESIAN_POINT('',(-3.558091627448,-197.7272727272));
#3420 = CARTESIAN_POINT('',(-3.657258077581,-200.7575757575));
#3421 = CARTESIAN_POINT('',(-3.756424550241,-203.7878787878));
#3422 = CARTESIAN_POINT('',(-3.855591022495,-206.8181818181));
#3423 = CARTESIAN_POINT('',(-3.954757469015,-209.8484848484));
#3424 = CARTESIAN_POINT('',(-4.053923878299,-212.8787878787));
#3425 = CARTESIAN_POINT('',(-4.153090265734,-215.909090909));
#3426 = CARTESIAN_POINT('',(-4.252256667335,-218.9393939393));
#3427 = CARTESIAN_POINT('',(-4.351423126826,-221.9696969696));
#3428 = CARTESIAN_POINT('',(-4.417534105565,-223.9898989899));
#3429 = CARTESIAN_POINT('',(-4.450589592586,-225.));
#3430 = ( GEOMETRIC_REPRESENTATION_CONTEXT(2) 
PARAMETRIC_REPRESENTATION_CONTEXT() REPRESENTATION_CONTEXT('2D SPACE',''
  ) );
#3431 = PCURVE('',#3432,#3451);
#3432 = B_SPLINE_SURFACE_WITH_KNOTS('',1,8,(
    (#3433,#3434,#3435,#3436,#3437,#3438,#3439,#3440,#3441)
    ,(#3442,#3443,#3444,#3445,#3446,#3447,#3448,#3449,#3450
  )),.UNSPECIFIED.,.F.,.F.,.F.,(2,2),(9,9),(0.,44.),(0.,66.666666666667)
  ,.PIECEWISE_BEZIER_KNOTS.);
#3433 = CARTESIAN_POINT('',(-135.4012152968,39.834311042187,
    23.696335955086));
#3434 = CARTESIAN_POINT('',(-147.4325243625,30.719068395893,
    17.161851151957));
#3435 = CARTESIAN_POINT('',(-158.3083322225,18.218081014901,
    13.222664548767));
#3436 = CARTESIAN_POINT('',(-167.5279154004,3.364977738778,
    13.003419487561));
#3437 = CARTESIAN_POINT('',(-174.773894191,-12.27267714773,
    17.216962457618));
#3438 = CARTESIAN_POINT('',(-180.031273095,-26.82643170595,
    25.896973901182));
#3439 = CARTESIAN_POINT('',(-183.6348189501,-38.61847441408,
    38.291555190706));
#3440 = CARTESIAN_POINT('',(-186.1416308717,-46.5578818076,
    53.149441225832));
#3441 = CARTESIAN_POINT('',(-188.1831933861,-50.22814296703,
    69.05229453891));
#3442 = CARTESIAN_POINT('',(-146.9048073781,73.540266539422,
    -2.141154891469));
#3443 = CARTESIAN_POINT('',(-162.6747881954,56.71212626934,
    -17.07283393431));
#3444 = CARTESIAN_POINT('',(-176.3115360178,33.633380335203,
    -27.21319322343));
#3445 = CARTESIAN_POINT('',(-186.8906382731,6.212266594666,
    -30.48596812735));
#3446 = CARTESIAN_POINT('',(-193.8261631978,-22.65725011888,
    -25.57513435816));
#3447 = CARTESIAN_POINT('',(-197.0904267938,-49.52572007254,
    -12.41851263788));
#3448 = CARTESIAN_POINT('',(-197.3014601454,-71.29564507215,
    7.595776490314));
#3449 = CARTESIAN_POINT('',(-195.4877539276,-85.95301256789,
    32.157705148858));
#3450 = CARTESIAN_POINT('',(-192.8151257271,-92.72887932375,
    58.648804166699));
#3451 = DEFINITIONAL_REPRESENTATION('',(#3452),#3456);
#3452 = LINE('',#3453,#3454);
#3453 = CARTESIAN_POINT('',(7.703154316499E-15,-6.466604489448E-15));
#3454 = VECTOR('',#3455,1.);
#3455 = DIRECTION('',(-9.751405998069E-17,1.));
#3456 = ( GEOMETRIC_REPRESENTATION_CONTEXT(2) 
PARAMETRIC_REPRESENTATION_CONTEXT() REPRESENTATION_CONTEXT('2D SPACE',''
  ) );
#3457 = ORIENTED_EDGE('',*,*,#3458,.F.);
#3458 = EDGE_CURVE('',#3102,#3389,#3459,.T.);
#3459 = SURFACE_CURVE('',#3460,(#3470,#3499),.PCURVE_S1.);
#3460 = B_SPLINE_CURVE_WITH_KNOTS('',8,(#3461,#3462,#3463,#3464,#3465,
    #3466,#3467,#3468,#3469),.UNSPECIFIED.,.F.,.F.,(9,9),(0.,
    66.666666666676),.PIECEWISE_BEZIER_KNOTS.);
#3461 = CARTESIAN_POINT('',(-39.83320836721,4.532098622878,
    74.43937155626));
#3462 = CARTESIAN_POINT('',(-47.94878852394,18.658936569377,
    76.699757879129));
#3463 = CARTESIAN_POINT('',(-57.85519650619,32.400622677173,
    74.937879050165));
#3464 = CARTESIAN_POINT('',(-69.49525192033,44.155853867253,
    69.282164336174));
#3465 = CARTESIAN_POINT('',(-82.52871654656,52.386321614637,
    60.496801290772));
#3466 = CARTESIAN_POINT('',(-96.34166221595,55.990125553275,
    49.960695157734));
#3467 = CARTESIAN_POINT('',(-110.1830627378,54.679120137729,
    39.360678379662));
#3468 = CARTESIAN_POINT('',(-123.3699062312,48.949553688479,
    30.230820758213));
#3469 = CARTESIAN_POINT('',(-135.4012152968,39.834311042187,
    23.696335955086));
#3470 = PCURVE('',#865,#3471);
#3471 = DEFINITIONAL_REPRESENTATION('',(#3472),#3498);
#3472 = B_SPLINE_CURVE_WITH_KNOTS('',3,(#3473,#3474,#3475,#3476,#3477,
    #3478,#3479,#3480,#3481,#3482,#3483,#3484,#3485,#3486,#3487,#3488,
    #3489,#3490,#3491,#3492,#3493,#3494,#3495,#3496,#3497),
  .UNSPECIFIED.,.F.,.F.,(4,1,1,1,1,1,1,1,1,1,1,1,1,1,1,1,1,1,1,1,1,1,4),
  (0.,3.030303030303,6.060606060607,9.09090909091,12.121212121214,
    15.151515151517,18.181818181821,21.212121212124,24.242424242428,
    27.272727272731,30.303030303035,33.333333333338,36.363636363642,
    39.393939393945,42.424242424249,45.454545454552,48.484848484856,
    51.515151515159,54.545454545462,57.575757575766,60.606060606069,
    63.636363636373,66.666666666676),.QUASI_UNIFORM_KNOTS.);
#3473 = CARTESIAN_POINT('',(-8.726646259972E-02,-91.66666666666));
#3474 = CARTESIAN_POINT('',(-0.120321949621,-92.67676767676));
#3475 = CARTESIAN_POINT('',(-0.186432928359,-94.69696969697));
#3476 = CARTESIAN_POINT('',(-0.285599387851,-97.72727272727));
#3477 = CARTESIAN_POINT('',(-0.384765789451,-100.7575757575));
#3478 = CARTESIAN_POINT('',(-0.483932176886,-103.7878787878));
#3479 = CARTESIAN_POINT('',(-0.58309858617,-106.8181818181));
#3480 = CARTESIAN_POINT('',(-0.68226503269,-109.8484848484));
#3481 = CARTESIAN_POINT('',(-0.781431504944,-112.8787878787));
#3482 = CARTESIAN_POINT('',(-0.880597977605,-115.909090909));
#3483 = CARTESIAN_POINT('',(-0.979764427738,-118.9393939393));
#3484 = CARTESIAN_POINT('',(-1.078930847059,-121.9696969697));
#3485 = CARTESIAN_POINT('',(-1.178097245096,-125.));
#3486 = CARTESIAN_POINT('',(-1.277263643134,-128.0303030303));
#3487 = CARTESIAN_POINT('',(-1.376430062455,-131.0606060606));
#3488 = CARTESIAN_POINT('',(-1.475596512588,-134.0909090909));
#3489 = CARTESIAN_POINT('',(-1.574762985249,-137.1212121212));
#3490 = CARTESIAN_POINT('',(-1.673929457503,-140.1515151515));
#3491 = CARTESIAN_POINT('',(-1.773095904022,-143.1818181818));
#3492 = CARTESIAN_POINT('',(-1.872262313306,-146.2121212121));
#3493 = CARTESIAN_POINT('',(-1.971428700742,-149.2424242424));
#3494 = CARTESIAN_POINT('',(-2.070595102342,-152.2727272727));
#3495 = CARTESIAN_POINT('',(-2.169761561834,-155.303030303));
#3496 = CARTESIAN_POINT('',(-2.235872540572,-157.3232323232));
#3497 = CARTESIAN_POINT('',(-2.268928027593,-158.3333333333));
#3498 = ( GEOMETRIC_REPRESENTATION_CONTEXT(2) 
PARAMETRIC_REPRESENTATION_CONTEXT() REPRESENTATION_CONTEXT('2D SPACE',''
  ) );
#3499 = PCURVE('',#3500,#3519);
#3500 = B_SPLINE_SURFACE_WITH_KNOTS('',1,8,(
    (#3501,#3502,#3503,#3504,#3505,#3506,#3507,#3508,#3509)
    ,(#3510,#3511,#3512,#3513,#3514,#3515,#3516,#3517,#3518
  )),.UNSPECIFIED.,.F.,.F.,.F.,(2,2),(9,9),(0.,44.),(0.,66.666666666667)
  ,.PIECEWISE_BEZIER_KNOTS.);
#3501 = CARTESIAN_POINT('',(-39.83320836721,4.532098622878,
    74.43937155626));
#3502 = CARTESIAN_POINT('',(-47.94878852394,18.658936569375,
    76.699757879129));
#3503 = CARTESIAN_POINT('',(-57.85519650619,32.400622677169,
    74.937879050166));
#3504 = CARTESIAN_POINT('',(-69.49525192032,44.155853867248,
    69.282164336176));
#3505 = CARTESIAN_POINT('',(-82.52871654653,52.386321614632,
    60.496801290795));
#3506 = CARTESIAN_POINT('',(-96.34166221597,55.990125553286,
    49.960695157727));
#3507 = CARTESIAN_POINT('',(-110.1830627378,54.679120137726,
    39.360678379665));
#3508 = CARTESIAN_POINT('',(-123.3699062312,48.949553688481,
    30.230820758215));
#3509 = CARTESIAN_POINT('',(-135.4012152968,39.834311042187,
    23.696335955086));
#3510 = CARTESIAN_POINT('',(-22.00489732373,8.366951303775,
    114.48241377651));
#3511 = CARTESIAN_POINT('',(-30.54584015535,34.447267512693,
    115.78741988935));
#3512 = CARTESIAN_POINT('',(-42.39292666483,59.816534173235,
    109.66670572188));
#3513 = CARTESIAN_POINT('',(-57.44059304857,81.518499447227,
    96.357371458984));
#3514 = CARTESIAN_POINT('',(-75.06070720846,96.713209134704,
    77.270224891976));
#3515 = CARTESIAN_POINT('',(-94.1198632943,103.36638563683,
    54.95093724001));
#3516 = CARTESIAN_POINT('',(-113.2315514154,100.94606794657,
    32.513660704975));
#3517 = CARTESIAN_POINT('',(-131.1348265609,90.368406809504,
    12.79052415138));
#3518 = CARTESIAN_POINT('',(-146.9048073781,73.540266539422,
    -2.141154891469));
#3519 = DEFINITIONAL_REPRESENTATION('',(#3520),#3524);
#3520 = LINE('',#3521,#3522);
#3521 = CARTESIAN_POINT('',(1.479425296293E-14,-8.577865235383E-15));
#3522 = VECTOR('',#3523,1.);
#3523 = DIRECTION('',(-4.158546649099E-16,1.));
#3524 = ( GEOMETRIC_REPRESENTATION_CONTEXT(2) 
PARAMETRIC_REPRESENTATION_CONTEXT() REPRESENTATION_CONTEXT('2D SPACE',''
  ) );
#3525 = ADVANCED_FACE('',(#3526),#921,.F.);
#3526 = FACE_BOUND('',#3527,.F.);
#3527 = EDGE_LOOP('',(#3528,#3529,#3530,#3551,#3580));
#3528 = ORIENTED_EDGE('',*,*,#3101,.F.);
#3529 = ORIENTED_EDGE('',*,*,#877,.F.);
#3530 = ORIENTED_EDGE('',*,*,#3531,.T.);
#3531 = EDGE_CURVE('',#878,#3532,#3534,.T.);
#3532 = VERTEX_POINT('',#3533);
#3533 = CARTESIAN_POINT('',(-19.52335886763,-83.1384387633,
    -43.85018196684));
#3534 = SURFACE_CURVE('',#3535,(#3538,#3545),.PCURVE_S1.);
#3535 = B_SPLINE_CURVE_WITH_KNOTS('',1,(#3536,#3537),.UNSPECIFIED.,.F.,
  .F.,(2,2),(0.,44.),.PIECEWISE_BEZIER_KNOTS.);
#3536 = CARTESIAN_POINT('',(-10.57515271997,-45.03332099679,
    -23.7521818987));
#3537 = CARTESIAN_POINT('',(-19.52335886763,-83.1384387633,
    -43.85018196684));
#3538 = PCURVE('',#921,#3539);
#3539 = DEFINITIONAL_REPRESENTATION('',(#3540),#3544);
#3540 = LINE('',#3541,#3542);
#3541 = CARTESIAN_POINT('',(0.,0.));
#3542 = VECTOR('',#3543,1.);
#3543 = DIRECTION('',(1.,0.));
#3544 = ( GEOMETRIC_REPRESENTATION_CONTEXT(2) 
PARAMETRIC_REPRESENTATION_CONTEXT() REPRESENTATION_CONTEXT('2D SPACE',''
  ) );
#3545 = PCURVE('',#964,#3546);
#3546 = DEFINITIONAL_REPRESENTATION('',(#3547),#3550);
#3547 = B_SPLINE_CURVE_WITH_KNOTS('',1,(#3548,#3549),.UNSPECIFIED.,.F.,
  .F.,(2,2),(0.,44.),.PIECEWISE_BEZIER_KNOTS.);
#3548 = CARTESIAN_POINT('',(-22.5658714288,-2.441033883069));
#3549 = CARTESIAN_POINT('',(21.434128571195,-2.441033883069));
#3550 = ( GEOMETRIC_REPRESENTATION_CONTEXT(2) 
PARAMETRIC_REPRESENTATION_CONTEXT() REPRESENTATION_CONTEXT('2D SPACE',''
  ) );
#3551 = ORIENTED_EDGE('',*,*,#3552,.T.);
#3552 = EDGE_CURVE('',#3532,#3553,#3555,.T.);
#3553 = VERTEX_POINT('',#3554);
#3554 = CARTESIAN_POINT('',(-22.00489732373,8.366951303775,
    114.48241377651));
#3555 = SURFACE_CURVE('',#3556,(#3566,#3573),.PCURVE_S1.);
#3556 = B_SPLINE_CURVE_WITH_KNOTS('',8,(#3557,#3558,#3559,#3560,#3561,
    #3562,#3563,#3564,#3565),.UNSPECIFIED.,.F.,.F.,(9,9),(0.,
    66.666666666667),.PIECEWISE_BEZIER_KNOTS.);
#3557 = CARTESIAN_POINT('',(-19.52335886763,-83.1384387633,
    -43.85018196684));
#3558 = CARTESIAN_POINT('',(-17.91450437355,-96.22840815326,
    -19.74835781282));
#3559 = CARTESIAN_POINT('',(-14.64623065668,-102.2520893471,
    8.080582938905));
#3560 = CARTESIAN_POINT('',(-10.76404810979,-99.72644741391,
    37.28838549866));
#3561 = CARTESIAN_POINT('',(-7.574452037278,-88.28758556822,
    64.940613367926));
#3562 = CARTESIAN_POINT('',(-6.405316214202,-69.05132615159,
    88.054813216663));
#3563 = CARTESIAN_POINT('',(-8.229148360261,-44.50492676073,
    104.44669694365));
#3564 = CARTESIAN_POINT('',(-13.46395449212,-17.71336490514,
    113.17740766367));
#3565 = CARTESIAN_POINT('',(-22.00489732373,8.366951303775,
    114.48241377651));
#3566 = PCURVE('',#921,#3567);
#3567 = DEFINITIONAL_REPRESENTATION('',(#3568),#3572);
#3568 = LINE('',#3569,#3570);
#3569 = CARTESIAN_POINT('',(44.,0.));
#3570 = VECTOR('',#3571,1.);
#3571 = DIRECTION('',(0.,1.));
#3572 = ( GEOMETRIC_REPRESENTATION_CONTEXT(2) 
PARAMETRIC_REPRESENTATION_CONTEXT() REPRESENTATION_CONTEXT('2D SPACE',''
  ) );
#3573 = PCURVE('',#2160,#3574);
#3574 = DEFINITIONAL_REPRESENTATION('',(#3575),#3579);
#3575 = LINE('',#3576,#3577);
#3576 = CARTESIAN_POINT('',(0.,0.));
#3577 = VECTOR('',#3578,1.);
#3578 = DIRECTION('',(0.,1.));
#3579 = ( GEOMETRIC_REPRESENTATION_CONTEXT(2) 
PARAMETRIC_REPRESENTATION_CONTEXT() REPRESENTATION_CONTEXT('2D SPACE',''
  ) );
#3580 = ORIENTED_EDGE('',*,*,#3581,.F.);
#3581 = EDGE_CURVE('',#3102,#3553,#3582,.T.);
#3582 = SURFACE_CURVE('',#3583,(#3586,#3593),.PCURVE_S1.);
#3583 = B_SPLINE_CURVE_WITH_KNOTS('',1,(#3584,#3585),.UNSPECIFIED.,.F.,
  .F.,(2,2),(0.,44.),.PIECEWISE_BEZIER_KNOTS.);
#3584 = CARTESIAN_POINT('',(-39.83320836721,4.532098622878,
    74.43937155626));
#3585 = CARTESIAN_POINT('',(-22.00489732373,8.366951303775,
    114.48241377651));
#3586 = PCURVE('',#921,#3587);
#3587 = DEFINITIONAL_REPRESENTATION('',(#3588),#3592);
#3588 = LINE('',#3589,#3590);
#3589 = CARTESIAN_POINT('',(0.,66.666666666667));
#3590 = VECTOR('',#3591,1.);
#3591 = DIRECTION('',(1.,0.));
#3592 = ( GEOMETRIC_REPRESENTATION_CONTEXT(2) 
PARAMETRIC_REPRESENTATION_CONTEXT() REPRESENTATION_CONTEXT('2D SPACE',''
  ) );
#3593 = PCURVE('',#3500,#3594);
#3594 = DEFINITIONAL_REPRESENTATION('',(#3595),#3599);
#3595 = LINE('',#3596,#3597);
#3596 = CARTESIAN_POINT('',(0.,0.));
#3597 = VECTOR('',#3598,1.);
#3598 = DIRECTION('',(1.,0.));
#3599 = ( GEOMETRIC_REPRESENTATION_CONTEXT(2) 
PARAMETRIC_REPRESENTATION_CONTEXT() REPRESENTATION_CONTEXT('2D SPACE',''
  ) );
#3600 = ADVANCED_FACE('',(#3601),#964,.T.);
#3601 = FACE_BOUND('',#3602,.T.);
#3602 = EDGE_LOOP('',(#3603,#3604,#3605,#3634));
#3603 = ORIENTED_EDGE('',*,*,#947,.T.);
#3604 = ORIENTED_EDGE('',*,*,#3531,.T.);
#3605 = ORIENTED_EDGE('',*,*,#3606,.T.);
#3606 = EDGE_CURVE('',#3532,#2137,#3607,.T.);
#3607 = SURFACE_CURVE('',#3608,(#3616,#3627),.PCURVE_S1.);
#3608 = ( BOUNDED_CURVE() B_SPLINE_CURVE(6,(#3609,#3610,#3611,#3612,
#3613,#3614,#3615),.UNSPECIFIED.,.F.,.F.) B_SPLINE_CURVE_WITH_KNOTS((7,7
),(0.,6.544984694977E-02),.PIECEWISE_BEZIER_KNOTS.) CURVE() 
GEOMETRIC_REPRESENTATION_ITEM() RATIONAL_B_SPLINE_CURVE((1.000053547667,
    1.000017847948,0.999996430156,0.999989291231,0.999996430156,
1.000017847948,1.000053547667)) REPRESENTATION_ITEM('') );
#3609 = CARTESIAN_POINT('',(-19.52335886763,-83.1384387633,
    -43.85018196684));
#3610 = CARTESIAN_POINT('',(-19.14133697985,-83.60161893114,
    -42.99214675844));
#3611 = CARTESIAN_POINT('',(-18.76179756107,-84.07707409588,
    -42.13968726671));
#3612 = CARTESIAN_POINT('',(-18.38481390693,-84.56471326264,
    -41.29296811636));
#3613 = CARTESIAN_POINT('',(-18.01045873069,-85.06444265129,
    -40.45215262403));
#3614 = CARTESIAN_POINT('',(-17.63880414509,-85.57616571954,
    -39.61740275757));
#3615 = CARTESIAN_POINT('',(-17.26992164448,-86.09978318713,
    -38.78887909596));
#3616 = PCURVE('',#964,#3617);
#3617 = DEFINITIONAL_REPRESENTATION('',(#3618),#3626);
#3618 = ( BOUNDED_CURVE() B_SPLINE_CURVE(6,(#3619,#3620,#3621,#3622,
#3623,#3624,#3625),.UNSPECIFIED.,.F.,.F.) B_SPLINE_CURVE_WITH_KNOTS((7,7
),(0.,6.544984694977E-02),.PIECEWISE_BEZIER_KNOTS.) CURVE() 
GEOMETRIC_REPRESENTATION_ITEM() RATIONAL_B_SPLINE_CURVE((1.000053547667,
    1.000017847948,0.999996430156,0.999989291231,0.999996430156,
1.000017847948,1.000053547667)) REPRESENTATION_ITEM('') );
#3619 = CARTESIAN_POINT('',(21.434128571195,-2.441033883069));
#3620 = CARTESIAN_POINT('',(21.365636129395,-1.396041158264));
#3621 = CARTESIAN_POINT('',(21.310825837621,-0.350196618652));
#3622 = CARTESIAN_POINT('',(21.269708994079,0.696298176936));
#3623 = CARTESIAN_POINT('',(21.242293768948,1.743241517069));
#3624 = CARTESIAN_POINT('',(21.228585202101,2.790431587837));
#3625 = CARTESIAN_POINT('',(21.228585202101,3.837666523025));
#3626 = ( GEOMETRIC_REPRESENTATION_CONTEXT(2) 
PARAMETRIC_REPRESENTATION_CONTEXT() REPRESENTATION_CONTEXT('2D SPACE',''
  ) );
#3627 = PCURVE('',#2160,#3628);
#3628 = DEFINITIONAL_REPRESENTATION('',(#3629),#3633);
#3629 = LINE('',#3630,#3631);
#3630 = CARTESIAN_POINT('',(0.,0.));
#3631 = VECTOR('',#3632,1.);
#3632 = DIRECTION('',(1.,0.));
#3633 = ( GEOMETRIC_REPRESENTATION_CONTEXT(2) 
PARAMETRIC_REPRESENTATION_CONTEXT() REPRESENTATION_CONTEXT('2D SPACE',''
  ) );
#3634 = ORIENTED_EDGE('',*,*,#2231,.T.);
#3635 = ADVANCED_FACE('',(#3636),#1078,.F.);
#3636 = FACE_BOUND('',#3637,.F.);
#3637 = EDGE_LOOP('',(#3638,#3639,#3640,#3641,#3642,#3664,#3757));
#3638 = ORIENTED_EDGE('',*,*,#2061,.F.);
#3639 = ORIENTED_EDGE('',*,*,#1032,.F.);
#3640 = ORIENTED_EDGE('',*,*,#1104,.T.);
#3641 = ORIENTED_EDGE('',*,*,#1139,.F.);
#3642 = ORIENTED_EDGE('',*,*,#3643,.T.);
#3643 = EDGE_CURVE('',#1140,#3644,#3646,.T.);
#3644 = VERTEX_POINT('',#3645);
#3645 = CARTESIAN_POINT('',(-250.3925134166,-94.54154428917,
    93.234096442402));
#3646 = SURFACE_CURVE('',#3647,(#3650,#3657),.PCURVE_S1.);
#3647 = B_SPLINE_CURVE_WITH_KNOTS('',1,(#3648,#3649),.UNSPECIFIED.,.F.,
  .F.,(2,2),(0.,44.),.PIECEWISE_BEZIER_KNOTS.);
#3648 = CARTESIAN_POINT('',(-247.2848340347,-51.21000315663,
    100.21405861556));
#3649 = CARTESIAN_POINT('',(-250.3925134166,-94.54154428917,
    93.234096442401));
#3650 = PCURVE('',#1078,#3651);
#3651 = DEFINITIONAL_REPRESENTATION('',(#3652),#3656);
#3652 = LINE('',#3653,#3654);
#3653 = CARTESIAN_POINT('',(0.,0.));
#3654 = VECTOR('',#3655,1.);
#3655 = DIRECTION('',(1.,0.));
#3656 = ( GEOMETRIC_REPRESENTATION_CONTEXT(2) 
PARAMETRIC_REPRESENTATION_CONTEXT() REPRESENTATION_CONTEXT('2D SPACE',''
  ) );
#3657 = PCURVE('',#1234,#3658);
#3658 = DEFINITIONAL_REPRESENTATION('',(#3659),#3663);
#3659 = LINE('',#3660,#3661);
#3660 = CARTESIAN_POINT('',(0.,66.666666666667));
#3661 = VECTOR('',#3662,1.);
#3662 = DIRECTION('',(1.,0.));
#3663 = ( GEOMETRIC_REPRESENTATION_CONTEXT(2) 
PARAMETRIC_REPRESENTATION_CONTEXT() REPRESENTATION_CONTEXT('2D SPACE',''
  ) );
#3664 = ORIENTED_EDGE('',*,*,#3665,.T.);
#3665 = EDGE_CURVE('',#3644,#3666,#3668,.T.);
#3666 = VERTEX_POINT('',#3667);
#3667 = CARTESIAN_POINT('',(-269.1268082058,40.571353127107,
    215.06240378431));
#3668 = SURFACE_CURVE('',#3669,(#3679,#3686),.PCURVE_S1.);
#3669 = B_SPLINE_CURVE_WITH_KNOTS('',8,(#3670,#3671,#3672,#3673,#3674,
    #3675,#3676,#3677,#3678),.UNSPECIFIED.,.F.,.F.,(9,9),(0.,
    66.666666666667),.PIECEWISE_BEZIER_KNOTS.);
#3670 = CARTESIAN_POINT('',(-250.3925134166,-94.54154428917,
    93.234096442402));
#3671 = CARTESIAN_POINT('',(-247.5188240326,-99.08764294973,
    120.17678627206));
#3672 = CARTESIAN_POINT('',(-244.0687970167,-95.59821628619,
    148.41395161715));
#3673 = CARTESIAN_POINT('',(-241.2311989106,-83.55882492601,
    175.27557910947));
#3674 = CARTESIAN_POINT('',(-240.284356166,-63.72613455006,
    197.89050052948));
#3675 = CARTESIAN_POINT('',(-242.3208375536,-38.26526889274,
    213.80476623992));
#3676 = CARTESIAN_POINT('',(-247.9084937117,-10.33125606784,
    221.74296282531));
#3677 = CARTESIAN_POINT('',(-257.0137462754,16.844270746727,
    221.78050852815));
#3678 = CARTESIAN_POINT('',(-269.1268082058,40.571353127107,
    215.06240378431));
#3679 = PCURVE('',#1078,#3680);
#3680 = DEFINITIONAL_REPRESENTATION('',(#3681),#3685);
#3681 = LINE('',#3682,#3683);
#3682 = CARTESIAN_POINT('',(44.,0.));
#3683 = VECTOR('',#3684,1.);
#3684 = DIRECTION('',(0.,1.));
#3685 = ( GEOMETRIC_REPRESENTATION_CONTEXT(2) 
PARAMETRIC_REPRESENTATION_CONTEXT() REPRESENTATION_CONTEXT('2D SPACE',''
  ) );
#3686 = PCURVE('',#3687,#3751);
#3687 = ( BOUNDED_SURFACE() B_SPLINE_SURFACE(6,8,(
    (#3688,#3689,#3690,#3691,#3692,#3693,#3694,#3695,#3696)
    ,(#3697,#3698,#3699,#3700,#3701,#3702,#3703,#3704,#3705)
    ,(#3706,#3707,#3708,#3709,#3710,#3711,#3712,#3713,#3714)
    ,(#3715,#3716,#3717,#3718,#3719,#3720,#3721,#3722,#3723)
    ,(#3724,#3725,#3726,#3727,#3728,#3729,#3730,#3731,#3732)
    ,(#3733,#3734,#3735,#3736,#3737,#3738,#3739,#3740,#3741)
    ,(#3742,#3743,#3744,#3745,#3746,#3747,#3748,#3749,#3750
)),.UNSPECIFIED.,.F.,.F.,.F.) B_SPLINE_SURFACE_WITH_KNOTS((7,7),(9,9),(
    0.,6.544984694977E-02),(0.,66.666666666667),
.PIECEWISE_BEZIER_KNOTS.) GEOMETRIC_REPRESENTATION_ITEM() 
RATIONAL_B_SPLINE_SURFACE((
    (1.000053547667,1.000053547667,1.000053547667,1.000053547667
      ,1.000053547667,1.000053547667,1.000053547667,1.000053547667
      ,1.000053547667)
    ,(1.000017847948,1.000017847948,1.000017847948,1.000017847948
      ,1.000017847948,1.000017847948,1.000017847948,1.000017847948
      ,1.000017847948)
    ,(0.999996430156,0.999996430156,0.999996430156,0.999996430156
      ,0.999996430156,0.999996430156,0.999996430156,0.999996430156
      ,0.999996430156)
    ,(0.999989291231,0.999989291231,0.999989291231,0.999989291231
      ,0.999989291231,0.999989291231,0.999989291231,0.999989291231
      ,0.999989291231)
    ,(0.999996430156,0.999996430156,0.999996430156,0.999996430156
      ,0.999996430156,0.999996430156,0.999996430156,0.999996430156
      ,0.999996430156)
    ,(1.000017847948,1.000017847948,1.000017847948,1.000017847948
      ,1.000017847948,1.000017847948,1.000017847948,1.000017847948
      ,1.000017847948)
    ,(1.000053547667,1.000053547667,1.000053547667,1.000053547667
      ,1.000053547667,1.000053547667,1.000053547667,1.000053547667
,1.000053547667))) REPRESENTATION_ITEM('') SURFACE() );
#3688 = CARTESIAN_POINT('',(-250.3925134166,-94.54154428917,
    93.234096442402));
#3689 = CARTESIAN_POINT('',(-247.5188240326,-99.08764294973,
    120.17678627206));
#3690 = CARTESIAN_POINT('',(-244.0687970167,-95.59821628619,
    148.41395161715));
#3691 = CARTESIAN_POINT('',(-241.2311989106,-83.558824926,
    175.27557910947));
#3692 = CARTESIAN_POINT('',(-240.284356166,-63.72613455006,
    197.89050052948));
#3693 = CARTESIAN_POINT('',(-242.3208375536,-38.26526889274,
    213.80476623992));
#3694 = CARTESIAN_POINT('',(-247.9084937117,-10.33125606784,
    221.74296282531));
#3695 = CARTESIAN_POINT('',(-257.0137462754,16.844270746728,
    221.78050852815));
#3696 = CARTESIAN_POINT('',(-269.1268082058,40.571353127107,
    215.06240378431));
#3697 = CARTESIAN_POINT('',(-249.9690962903,-94.6555534838,
    94.185106878811));
#3698 = CARTESIAN_POINT('',(-247.0827609822,-98.91776056299,
    121.15619991907));
#3699 = CARTESIAN_POINT('',(-243.656076261,-95.13475105875,
    149.34093761187));
#3700 = CARTESIAN_POINT('',(-240.8792381909,-82.82426714697,
    176.06609582894));
#3701 = CARTESIAN_POINT('',(-240.0263110727,-62.77664602907,
    198.47007929837));
#3702 = CARTESIAN_POINT('',(-242.1794981559,-37.18470671389,
    214.12221972473));
#3703 = CARTESIAN_POINT('',(-247.8922761556,-9.216423494164,
    221.77938805283));
#3704 = CARTESIAN_POINT('',(-257.1167827143,17.899774747928,
    221.54908489728));
#3705 = CARTESIAN_POINT('',(-269.3316848053,41.489492014298,
    214.60224340763));
#3706 = CARTESIAN_POINT('',(-249.5463043209,-94.78318488194,
    95.134713189829));
#3707 = CARTESIAN_POINT('',(-246.6458121109,-98.76191953328,
    122.13760315219));
#3708 = CARTESIAN_POINT('',(-243.240905566,-94.68458852658,
    150.27342626036));
#3709 = CARTESIAN_POINT('',(-240.523381555,-82.10106820031,
    176.86536291928));
#3710 = CARTESIAN_POINT('',(-239.7632216875,-61.83550300524,
    199.06098773236));
#3711 = CARTESIAN_POINT('',(-242.0324115931,-36.10873963798,
    214.45258155367));
#3712 = CARTESIAN_POINT('',(-247.8701236087,-8.102160620198,
    221.82914348778));
#3713 = CARTESIAN_POINT('',(-257.2141949357,18.958549614073,
    221.3302934657));
#3714 = CARTESIAN_POINT('',(-269.5316641954,42.414185234343,
    214.15308234356));
#3715 = CARTESIAN_POINT('',(-249.1242190422,-94.92441460983,
    96.082732247403));
#3716 = CARTESIAN_POINT('',(-246.2080616008,-98.62015065346,
    123.12080689567));
#3717 = CARTESIAN_POINT('',(-242.8233648317,-94.2478161785,
    151.2112381041));
#3718 = CARTESIAN_POINT('',(-240.1636973919,-81.38936810318,
    177.67322677658));
#3719 = CARTESIAN_POINT('',(-239.4951384553,-60.90288734682,
    199.66311253037));
#3720 = CARTESIAN_POINT('',(-241.879605911,-35.03757532211,
    214.79578873497));
#3721 = CARTESIAN_POINT('',(-247.8420400236,-6.988682269693,
    221.89222025269));
#3722 = CARTESIAN_POINT('',(-257.3059638607,20.020391423311,
    221.12417708558));
#3723 = CARTESIAN_POINT('',(-269.7267075643,43.345254887733,
    213.71500776452));
#3724 = CARTESIAN_POINT('',(-248.7029218284,-95.07921568671,
    97.028981282402));
#3725 = CARTESIAN_POINT('',(-245.7695938186,-98.49248150221,
    124.10562165865));
#3726 = CARTESIAN_POINT('',(-242.4035345013,-93.82451844608,
    152.15419246487));
#3727 = CARTESIAN_POINT('',(-239.8002549662,-80.68930424866,
    178.48953182994));
#3728 = CARTESIAN_POINT('',(-239.2221129628,-59.9789789777,
    200.27633782665));
#3729 = CARTESIAN_POINT('',(-241.7211104624,-33.97142033039,
    215.15177534113));
#3730 = CARTESIAN_POINT('',(-247.8080307078,-5.876203091491,
    221.96860642666));
#3731 = CARTESIAN_POINT('',(-257.3920716989,21.085095549056,
    220.93077571434));
#3732 = CARTESIAN_POINT('',(-269.9167772272,44.282521614691,
    213.28810431198));
#3733 = CARTESIAN_POINT('',(-248.2824938734,-95.24755803125,
    97.973277930081));
#3734 = CARTESIAN_POINT('',(-245.330493295,-98.37893643697,
    125.0918575822));
#3735 = CARTESIAN_POINT('',(-241.9814955411,-93.41477668247,
    153.10210748961));
#3736 = CARTESIAN_POINT('',(-239.4331244011,-80.00101137137,
    179.31412057997));
#3737 = CARTESIAN_POINT('',(-238.944197926,-59.06395583243,
    200.90054521943));
#3738 = CARTESIAN_POINT('',(-241.5569558999,-32.91048008247,
    215.520472525));
#3739 = CARTESIAN_POINT('',(-247.7681023226,-4.764937506163,
    222.05828704809));
#3740 = CARTESIAN_POINT('',(-257.4725019536,22.152456710787,
    220.7501264045));
#3741 = CARTESIAN_POINT('',(-270.1018366356,45.225804639644,
    212.87245407524));
#3742 = CARTESIAN_POINT('',(-247.863016171,-95.42940846934,
    98.915440275373));
#3743 = CARTESIAN_POINT('',(-244.8908447034,-98.27953658812,
    126.07932448654));
#3744 = CARTESIAN_POINT('',(-241.5573294201,-93.01866914239,
    154.05480019565));
#3745 = CARTESIAN_POINT('',(-239.062376661,-79.32462151425,
    180.14683363807));
#3746 = CARTESIAN_POINT('',(-238.6614471765,-58.15799381223,
    201.5356138005));
#3747 = CARTESIAN_POINT('',(-241.3871741686,-31.85495880261,
    215.90180853717));
#3748 = CARTESIAN_POINT('',(-247.7222628814,-3.655099652729,
    222.16124411866));
#3749 = CARTESIAN_POINT('',(-257.5472394253,23.222269025125,
    220.58226329468));
#3750 = CARTESIAN_POINT('',(-270.2818503864,46.174921816261,
    212.46813657121));
#3751 = DEFINITIONAL_REPRESENTATION('',(#3752),#3756);
#3752 = LINE('',#3753,#3754);
#3753 = CARTESIAN_POINT('',(0.,0.));
#3754 = VECTOR('',#3755,1.);
#3755 = DIRECTION('',(0.,1.));
#3756 = ( GEOMETRIC_REPRESENTATION_CONTEXT(2) 
PARAMETRIC_REPRESENTATION_CONTEXT() REPRESENTATION_CONTEXT('2D SPACE',''
  ) );
#3757 = ORIENTED_EDGE('',*,*,#3758,.F.);
#3758 = EDGE_CURVE('',#1992,#3666,#3759,.T.);
#3759 = SURFACE_CURVE('',#3760,(#3763,#3770),.PCURVE_S1.);
#3760 = B_SPLINE_CURVE_WITH_KNOTS('',1,(#3761,#3762),.UNSPECIFIED.,.F.,
  .F.,(2,2),(0.,44.),.PIECEWISE_BEZIER_KNOTS.);
#3761 = CARTESIAN_POINT('',(-285.3464660291,21.976149610516,
    178.63245585308));
#3762 = CARTESIAN_POINT('',(-269.1268082058,40.571353127107,
    215.06240378431));
#3763 = PCURVE('',#1078,#3764);
#3764 = DEFINITIONAL_REPRESENTATION('',(#3765),#3769);
#3765 = LINE('',#3766,#3767);
#3766 = CARTESIAN_POINT('',(0.,66.666666666667));
#3767 = VECTOR('',#3768,1.);
#3768 = DIRECTION('',(1.,0.));
#3769 = ( GEOMETRIC_REPRESENTATION_CONTEXT(2) 
PARAMETRIC_REPRESENTATION_CONTEXT() REPRESENTATION_CONTEXT('2D SPACE',''
  ) );
#3770 = PCURVE('',#2035,#3771);
#3771 = DEFINITIONAL_REPRESENTATION('',(#3772),#3776);
#3772 = LINE('',#3773,#3774);
#3773 = CARTESIAN_POINT('',(0.,0.));
#3774 = VECTOR('',#3775,1.);
#3775 = DIRECTION('',(1.,0.));
#3776 = ( GEOMETRIC_REPRESENTATION_CONTEXT(2) 
PARAMETRIC_REPRESENTATION_CONTEXT() REPRESENTATION_CONTEXT('2D SPACE',''
  ) );
#3777 = ADVANCED_FACE('',(#3778),#1234,.F.);
#3778 = FACE_BOUND('',#3779,.F.);
#3779 = EDGE_LOOP('',(#3780,#3781,#3803,#3894));
#3780 = ORIENTED_EDGE('',*,*,#1190,.F.);
#3781 = ORIENTED_EDGE('',*,*,#3782,.T.);
#3782 = EDGE_CURVE('',#1191,#3783,#3785,.T.);
#3783 = VERTEX_POINT('',#3784);
#3784 = CARTESIAN_POINT('',(-210.3192904222,67.882250993909,
    19.33380656512));
#3785 = SURFACE_CURVE('',#3786,(#3789,#3796),.PCURVE_S1.);
#3786 = B_SPLINE_CURVE_WITH_KNOTS('',1,(#3787,#3788),.UNSPECIFIED.,.F.,
  .F.,(2,2),(0.,44.),.PIECEWISE_BEZIER_KNOTS.);
#3787 = CARTESIAN_POINT('',(-197.6646159292,36.7695526217,
    47.756670838055));
#3788 = CARTESIAN_POINT('',(-210.3192904222,67.882250993909,
    19.33380656512));
#3789 = PCURVE('',#1234,#3790);
#3790 = DEFINITIONAL_REPRESENTATION('',(#3791),#3795);
#3791 = LINE('',#3792,#3793);
#3792 = CARTESIAN_POINT('',(0.,0.));
#3793 = VECTOR('',#3794,1.);
#3794 = DIRECTION('',(1.,0.));
#3795 = ( GEOMETRIC_REPRESENTATION_CONTEXT(2) 
PARAMETRIC_REPRESENTATION_CONTEXT() REPRESENTATION_CONTEXT('2D SPACE',''
  ) );
#3796 = PCURVE('',#1304,#3797);
#3797 = DEFINITIONAL_REPRESENTATION('',(#3798),#3802);
#3798 = LINE('',#3799,#3800);
#3799 = CARTESIAN_POINT('',(0.,66.666666666667));
#3800 = VECTOR('',#3801,1.);
#3801 = DIRECTION('',(1.,0.));
#3802 = ( GEOMETRIC_REPRESENTATION_CONTEXT(2) 
PARAMETRIC_REPRESENTATION_CONTEXT() REPRESENTATION_CONTEXT('2D SPACE',''
  ) );
#3803 = ORIENTED_EDGE('',*,*,#3804,.T.);
#3804 = EDGE_CURVE('',#3783,#3644,#3805,.T.);
#3805 = SURFACE_CURVE('',#3806,(#3816,#3823),.PCURVE_S1.);
#3806 = B_SPLINE_CURVE_WITH_KNOTS('',8,(#3807,#3808,#3809,#3810,#3811,
    #3812,#3813,#3814,#3815),.UNSPECIFIED.,.F.,.F.,(9,9),(0.,
    66.666666666667),.PIECEWISE_BEZIER_KNOTS.);
#3807 = CARTESIAN_POINT('',(-210.3192904222,67.882250993909,
    19.33380656512));
#3808 = CARTESIAN_POINT('',(-225.4616829519,49.370238751582,
    5.81171389495));
#3809 = CARTESIAN_POINT('',(-238.2573796479,25.088516579933,
    -2.439613635683));
#3810 = CARTESIAN_POINT('',(-247.8531315595,-2.863855470221,
    -3.503747505837));
#3811 = CARTESIAN_POINT('',(-253.7678259863,-31.47837120757,
    3.699909101651));
#3812 = CARTESIAN_POINT('',(-256.0961653175,-57.31277495511,
    18.95865113802));
#3813 = CARTESIAN_POINT('',(-255.5636334013,-77.41378746175,
    40.643015201508));
#3814 = CARTESIAN_POINT('',(-253.2662028006,-89.9954456286,
    66.29140661274));
#3815 = CARTESIAN_POINT('',(-250.3925134166,-94.54154428917,
    93.234096442401));
#3816 = PCURVE('',#1234,#3817);
#3817 = DEFINITIONAL_REPRESENTATION('',(#3818),#3822);
#3818 = LINE('',#3819,#3820);
#3819 = CARTESIAN_POINT('',(44.,0.));
#3820 = VECTOR('',#3821,1.);
#3821 = DIRECTION('',(0.,1.));
#3822 = ( GEOMETRIC_REPRESENTATION_CONTEXT(2) 
PARAMETRIC_REPRESENTATION_CONTEXT() REPRESENTATION_CONTEXT('2D SPACE',''
  ) );
#3823 = PCURVE('',#3824,#3888);
#3824 = ( BOUNDED_SURFACE() B_SPLINE_SURFACE(6,8,(
    (#3825,#3826,#3827,#3828,#3829,#3830,#3831,#3832,#3833)
    ,(#3834,#3835,#3836,#3837,#3838,#3839,#3840,#3841,#3842)
    ,(#3843,#3844,#3845,#3846,#3847,#3848,#3849,#3850,#3851)
    ,(#3852,#3853,#3854,#3855,#3856,#3857,#3858,#3859,#3860)
    ,(#3861,#3862,#3863,#3864,#3865,#3866,#3867,#3868,#3869)
    ,(#3870,#3871,#3872,#3873,#3874,#3875,#3876,#3877,#3878)
    ,(#3879,#3880,#3881,#3882,#3883,#3884,#3885,#3886,#3887
)),.UNSPECIFIED.,.F.,.F.,.F.) B_SPLINE_SURFACE_WITH_KNOTS((7,7),(9,9),(
    0.,6.544984694977E-02),(0.,66.666666666667),
.PIECEWISE_BEZIER_KNOTS.) GEOMETRIC_REPRESENTATION_ITEM() 
RATIONAL_B_SPLINE_SURFACE((
    (1.000053547667,1.000053547667,1.000053547667,1.000053547667
      ,1.000053547667,1.000053547667,1.000053547667,1.000053547667
      ,1.000053547667)
    ,(1.000017847948,1.000017847948,1.000017847948,1.000017847948
      ,1.000017847948,1.000017847948,1.000017847948,1.000017847948
      ,1.000017847948)
    ,(0.999996430156,0.999996430156,0.999996430156,0.999996430156
      ,0.999996430156,0.999996430156,0.999996430156,0.999996430156
      ,0.999996430156)
    ,(0.999989291231,0.999989291231,0.999989291231,0.999989291231
      ,0.999989291231,0.999989291231,0.999989291231,0.999989291231
      ,0.999989291231)
    ,(0.999996430156,0.999996430156,0.999996430156,0.999996430156
      ,0.999996430156,0.999996430156,0.999996430156,0.999996430156
      ,0.999996430156)
    ,(1.000017847948,1.000017847948,1.000017847948,1.000017847948
      ,1.000017847948,1.000017847948,1.000017847948,1.000017847948
      ,1.000017847948)
    ,(1.000053547667,1.000053547667,1.000053547667,1.000053547667
      ,1.000053547667,1.000053547667,1.000053547667,1.000053547667
,1.000053547667))) REPRESENTATION_ITEM('') SURFACE() );
#3825 = CARTESIAN_POINT('',(-210.3192904222,67.882250993909,
    19.33380656512));
#3826 = CARTESIAN_POINT('',(-225.4616829519,49.370238751582,
    5.81171389495));
#3827 = CARTESIAN_POINT('',(-238.2573796479,25.088516579934,
    -2.439613635683));
#3828 = CARTESIAN_POINT('',(-247.8531315595,-2.863855470223,
    -3.503747505837));
#3829 = CARTESIAN_POINT('',(-253.7678259863,-31.47837120757,
    3.699909101651));
#3830 = CARTESIAN_POINT('',(-256.0961653175,-57.31277495511,
    18.958651138021));
#3831 = CARTESIAN_POINT('',(-255.5636334013,-77.41378746175,
    40.643015201507));
#3832 = CARTESIAN_POINT('',(-253.2662028006,-89.9954456286,
    66.29140661274));
#3833 = CARTESIAN_POINT('',(-250.3925134166,-94.54154428917,
    93.234096442401));
#3834 = CARTESIAN_POINT('',(-210.6001379954,67.094898081852,
    18.703012587704));
#3835 = CARTESIAN_POINT('',(-225.6551971727,48.394583910425,
    5.37707383871));
#3836 = CARTESIAN_POINT('',(-238.3396895964,23.991480028084,
    -2.624484806897));
#3837 = CARTESIAN_POINT('',(-247.8102685964,-3.994015932872,
    -3.407475714597));
#3838 = CARTESIAN_POINT('',(-253.5994847904,-32.54266839927,
    4.07800961809));
#3839 = CARTESIAN_POINT('',(-255.8172134744,-58.2172121006,
    19.585187235787));
#3840 = CARTESIAN_POINT('',(-255.2014964371,-78.08589069439,
    41.456388140264));
#3841 = CARTESIAN_POINT('',(-252.8554315984,-90.39334640461,
    67.214013838551));
#3842 = CARTESIAN_POINT('',(-249.9690962903,-94.6555534838,
    94.185106878811));
#3843 = CARTESIAN_POINT('',(-210.8851656276,66.316617586833,
    18.062830044155));
#3844 = CARTESIAN_POINT('',(-225.8538977669,47.425198851567,
    4.930784997126));
#3845 = CARTESIAN_POINT('',(-238.4278369532,22.897139504722,
    -2.822467011579));
#3846 = CARTESIAN_POINT('',(-247.7734247652,-5.125507462998,
    -3.324723114795));
#3847 = CARTESIAN_POINT('',(-253.4368174272,-33.61233782142,
    4.44336649778));
#3848 = CARTESIAN_POINT('',(-255.5430890623,-59.13058817402,
    20.200880746061));
#3849 = CARTESIAN_POINT('',(-254.8429534558,-78.76962000505,
    42.26168886127));
#3850 = CARTESIAN_POINT('',(-252.4467965308,-90.8044502306,
    68.131823227468));
#3851 = CARTESIAN_POINT('',(-249.5463043209,-94.78318488194,
    95.134713189829));
#3852 = CARTESIAN_POINT('',(-211.1743185987,65.547560021507,
    17.413381837927));
#3853 = CARTESIAN_POINT('',(-226.0577467092,46.462270776278,
    4.472932776305));
#3854 = CARTESIAN_POINT('',(-238.5218050387,21.805706107071,
    -3.033522787283));
#3855 = CARTESIAN_POINT('',(-247.7426074904,-6.258112017499,
    -3.255506382246));
#3856 = CARTESIAN_POINT('',(-253.2798555574,-34.6871735646,
    4.795908629571));
#3857 = CARTESIAN_POINT('',(-255.2738451817,-60.05272758509,
    20.805612402854));
#3858 = CARTESIAN_POINT('',(-254.4880737652,-79.4648442157,
    43.058761696804));
#3859 = CARTESIAN_POINT('',(-252.0403764836,-91.22867856621,
    69.044657599129));
#3860 = CARTESIAN_POINT('',(-249.1242190422,-94.92441460983,
    96.082732247403));
#3861 = CARTESIAN_POINT('',(-211.4675412449,64.787873794583,
    16.754792991674));
#3862 = CARTESIAN_POINT('',(-226.2667047976,45.505985414497,
    4.003605225708));
#3863 = CARTESIAN_POINT('',(-238.6215758436,20.717390272467,
    -3.257611684155));
#3864 = CARTESIAN_POINT('',(-247.7178228199,-7.391611294633,
    -3.199839100879));
#3865 = CARTESIAN_POINT('',(-253.1286295388,-35.76696853496,
    5.135567828432));
#3866 = CARTESIAN_POINT('',(-255.0095338196,-60.98345273806,
    21.399265441973));
#3867 = CARTESIAN_POINT('',(-254.1369258374,-80.17142951968,
    43.847452855681));
#3868 = CARTESIAN_POINT('',(-251.6362498381,-91.66594987121,
    69.952340906148));
#3869 = CARTESIAN_POINT('',(-248.7029218284,-95.07921568671,
    97.028981282402));
#3870 = CARTESIAN_POINT('',(-211.7647769727,64.037705173773,
    16.087190616344));
#3871 = CARTESIAN_POINT('',(-226.4807316625,44.556526978554,
    3.522893016479));
#3872 = CARTESIAN_POINT('',(-238.7271300329,19.632401726005,
    -3.49469027476));
#3873 = CARTESIAN_POINT('',(-247.6990754235,-8.525786788246,
    -3.157731759077));
#3874 = CARTESIAN_POINT('',(-252.983168419,-36.85151450568,
    5.462278852598));
#3875 = CARTESIAN_POINT('',(-254.7502058357,-61.92258407564,
    21.981725630283));
#3876 = CARTESIAN_POINT('',(-253.7895772922,-80.88923951471,
    44.627610461614));
#3877 = CARTESIAN_POINT('',(-251.2344944518,-92.11617962554,
    70.854698277961));
#3878 = CARTESIAN_POINT('',(-248.2824938734,-95.24755803125,
    97.973277930081));
#3879 = CARTESIAN_POINT('',(-212.0659682732,63.297198249607,
    15.410703879419));
#3880 = CARTESIAN_POINT('',(-226.6997857775,43.614078117504,
    3.030889418701));
#3881 = CARTESIAN_POINT('',(-238.8384469504,18.550949428457,
    -3.74471216512));
#3882 = CARTESIAN_POINT('',(-247.6863685915,-9.66041984209,
    -3.129191747313));
#3883 = CARTESIAN_POINT('',(-252.843499928,-37.94060216879,5.77597941954
    ));
#3884 = CARTESIAN_POINT('',(-254.4959109505,-62.86994012381,
    22.552881293888));
#3885 = CARTESIAN_POINT('',(-253.4460948799,-81.61813523709,
    45.399084590806));
#3886 = CARTESIAN_POINT('',(-250.8351876387,-92.57928035055,
    71.751556064202));
#3887 = CARTESIAN_POINT('',(-247.863016171,-95.42940846934,
    98.915440275373));
#3888 = DEFINITIONAL_REPRESENTATION('',(#3889),#3893);
#3889 = LINE('',#3890,#3891);
#3890 = CARTESIAN_POINT('',(0.,0.));
#3891 = VECTOR('',#3892,1.);
#3892 = DIRECTION('',(0.,1.));
#3893 = ( GEOMETRIC_REPRESENTATION_CONTEXT(2) 
PARAMETRIC_REPRESENTATION_CONTEXT() REPRESENTATION_CONTEXT('2D SPACE',''
  ) );
#3894 = ORIENTED_EDGE('',*,*,#3643,.F.);
#3895 = ADVANCED_FACE('',(#3896),#1304,.F.);
#3896 = FACE_BOUND('',#3897,.F.);
#3897 = EDGE_LOOP('',(#3898,#3899,#3900,#3991));
#3898 = ORIENTED_EDGE('',*,*,#1260,.F.);
#3899 = ORIENTED_EDGE('',*,*,#2747,.T.);
#3900 = ORIENTED_EDGE('',*,*,#3901,.T.);
#3901 = EDGE_CURVE('',#2655,#3783,#3902,.T.);
#3902 = SURFACE_CURVE('',#3903,(#3913,#3920),.PCURVE_S1.);
#3903 = B_SPLINE_CURVE_WITH_KNOTS('',8,(#3904,#3905,#3906,#3907,#3908,
    #3909,#3910,#3911,#3912),.UNSPECIFIED.,.F.,.F.,(9,9),(0.,
    66.666666666667),.PIECEWISE_BEZIER_KNOTS.);
#3904 = CARTESIAN_POINT('',(-83.35255066363,16.670225056025,
    140.59955075399));
#3905 = CARTESIAN_POINT('',(-92.81449438561,42.452431739871,
    139.83595499827));
#3906 = CARTESIAN_POINT('',(-105.5447946064,66.817852419691,
    131.73151035596));
#3907 = CARTESIAN_POINT('',(-121.3334917694,86.844104955678,
    116.75779371213));
#3908 = CARTESIAN_POINT('',(-139.4541692393,99.836638508819,
    96.54636354331));
#3909 = CARTESIAN_POINT('',(-158.7056201272,104.01178332503,
    73.795174694426));
#3910 = CARTESIAN_POINT('',(-177.6877529146,99.13670474134,
    51.64888420331));
#3911 = CARTESIAN_POINT('',(-195.1768978925,86.394263236236,
    32.85589923529));
#3912 = CARTESIAN_POINT('',(-210.3192904222,67.882250993909,
    19.33380656512));
#3913 = PCURVE('',#1304,#3914);
#3914 = DEFINITIONAL_REPRESENTATION('',(#3915),#3919);
#3915 = LINE('',#3916,#3917);
#3916 = CARTESIAN_POINT('',(44.,0.));
#3917 = VECTOR('',#3918,1.);
#3918 = DIRECTION('',(0.,1.));
#3919 = ( GEOMETRIC_REPRESENTATION_CONTEXT(2) 
PARAMETRIC_REPRESENTATION_CONTEXT() REPRESENTATION_CONTEXT('2D SPACE',''
  ) );
#3920 = PCURVE('',#3921,#3985);
#3921 = ( BOUNDED_SURFACE() B_SPLINE_SURFACE(6,8,(
    (#3922,#3923,#3924,#3925,#3926,#3927,#3928,#3929,#3930)
    ,(#3931,#3932,#3933,#3934,#3935,#3936,#3937,#3938,#3939)
    ,(#3940,#3941,#3942,#3943,#3944,#3945,#3946,#3947,#3948)
    ,(#3949,#3950,#3951,#3952,#3953,#3954,#3955,#3956,#3957)
    ,(#3958,#3959,#3960,#3961,#3962,#3963,#3964,#3965,#3966)
    ,(#3967,#3968,#3969,#3970,#3971,#3972,#3973,#3974,#3975)
    ,(#3976,#3977,#3978,#3979,#3980,#3981,#3982,#3983,#3984
)),.UNSPECIFIED.,.F.,.F.,.F.) B_SPLINE_SURFACE_WITH_KNOTS((7,7),(9,9),(
    0.,6.544984694977E-02),(0.,66.666666666667),
.PIECEWISE_BEZIER_KNOTS.) GEOMETRIC_REPRESENTATION_ITEM() 
RATIONAL_B_SPLINE_SURFACE((
    (1.000053547667,1.000053547667,1.000053547667,1.000053547667
      ,1.000053547667,1.000053547667,1.000053547667,1.000053547667
      ,1.000053547667)
    ,(1.000017847948,1.000017847948,1.000017847948,1.000017847948
      ,1.000017847948,1.000017847948,1.000017847948,1.000017847948
      ,1.000017847948)
    ,(0.999996430156,0.999996430156,0.999996430156,0.999996430156
      ,0.999996430156,0.999996430156,0.999996430156,0.999996430156
      ,0.999996430156)
    ,(0.999989291231,0.999989291231,0.999989291231,0.999989291231
      ,0.999989291231,0.999989291231,0.999989291231,0.999989291231
      ,0.999989291231)
    ,(0.999996430156,0.999996430156,0.999996430156,0.999996430156
      ,0.999996430156,0.999996430156,0.999996430156,0.999996430156
      ,0.999996430156)
    ,(1.000017847948,1.000017847948,1.000017847948,1.000017847948
      ,1.000017847948,1.000017847948,1.000017847948,1.000017847948
      ,1.000017847948)
    ,(1.000053547667,1.000053547667,1.000053547667,1.000053547667
      ,1.000053547667,1.000053547667,1.000053547667,1.000053547667
,1.000053547667))) REPRESENTATION_ITEM('') SURFACE() );
#3922 = CARTESIAN_POINT('',(-83.35255066363,16.670225056025,
    140.59955075399));
#3923 = CARTESIAN_POINT('',(-92.81449438561,42.452431739871,
    139.83595499827));
#3924 = CARTESIAN_POINT('',(-105.5447946064,66.817852419691,
    131.73151035596));
#3925 = CARTESIAN_POINT('',(-121.3334917694,86.844104955678,
    116.75779371213));
#3926 = CARTESIAN_POINT('',(-139.4541692393,99.836638508819,
    96.546363543312));
#3927 = CARTESIAN_POINT('',(-158.7056201272,104.01178332503,
    73.795174694424));
#3928 = CARTESIAN_POINT('',(-177.6877529146,99.136704741341,
    51.648884203311));
#3929 = CARTESIAN_POINT('',(-195.1768978925,86.394263236235,
    32.85589923529));
#3930 = CARTESIAN_POINT('',(-210.3192904222,67.882250993909,
    19.33380656512));
#3931 = CARTESIAN_POINT('',(-83.45379268948,17.687448405551,
    140.37215744086));
#3932 = CARTESIAN_POINT('',(-93.02856704171,43.401774606925,
    139.35513994037));
#3933 = CARTESIAN_POINT('',(-105.8630932682,67.612855824161,
    131.01659985638));
#3934 = CARTESIAN_POINT('',(-121.7346228603,87.406013997989,
    115.85683853078));
#3935 = CARTESIAN_POINT('',(-139.905327419,100.10806156869,
    95.533045680816));
#3936 = CARTESIAN_POINT('',(-159.166959933,103.96874881581,
    72.75898852521));
#3937 = CARTESIAN_POINT('',(-178.1193969295,98.792877321739,
    50.679395872511));
#3938 = CARTESIAN_POINT('',(-195.5450788182,85.795212253278,
    32.028951336699));
#3939 = CARTESIAN_POINT('',(-210.6001379954,67.094898081852,
    18.703012587704));
#3940 = CARTESIAN_POINT('',(-83.5496143918,18.707886509323,
    140.15693837373));
#3941 = CARTESIAN_POINT('',(-93.2375759555,44.357966432243,
    138.88569823393));
#3942 = CARTESIAN_POINT('',(-106.1771454698,68.418069167083,
    130.31122706274));
#3943 = CARTESIAN_POINT('',(-122.132745003,87.98080881055,
    114.96264155785));
#3944 = CARTESIAN_POINT('',(-140.3550211372,100.39399289532,
    94.523017052739));
#3945 = CARTESIAN_POINT('',(-159.6285091027,103.94056372638,
    71.722332117248));
#3946 = CARTESIAN_POINT('',(-178.5528530874,98.462956490648,
    49.705837402074));
#3947 = CARTESIAN_POINT('',(-195.9164334884,85.208036322099,
    31.194875091183));
#3948 = CARTESIAN_POINT('',(-210.8851656276,66.316617586833,
    18.062830044155));
#3949 = CARTESIAN_POINT('',(-83.63999700907,19.731342832553,
    139.9539356916));
#3950 = CARTESIAN_POINT('',(-93.4414805658,45.320823260192,
    138.42772098083));
#3951 = CARTESIAN_POINT('',(-106.4868904448,69.233337776478,
    129.6155284584));
#3952 = CARTESIAN_POINT('',(-122.5277812914,88.568379281748,
    114.07537552697));
#3953 = CARTESIAN_POINT('',(-140.8031636293,100.69437814738,
    93.516472535496));
#3954 = CARTESIAN_POINT('',(-160.0901786758,103.92723428495,
    70.685405278642));
#3955 = CARTESIAN_POINT('',(-178.9880379291,98.147006590566,
    48.72839624413));
#3956 = CARTESIAN_POINT('',(-196.2908904881,84.632849266735,
    30.353830899549));
#3957 = CARTESIAN_POINT('',(-211.1743185987,65.547560021506,
    17.413381837927));
#3958 = CARTESIAN_POINT('',(-83.724923022,20.757620146996,
    139.76318874351));
#3959 = CARTESIAN_POINT('',(-93.64024147669,46.290159608834,
    137.98129666576));
#3960 = CARTESIAN_POINT('',(-106.7922684096,70.058504680132,
    128.92963831941));
#3961 = CARTESIAN_POINT('',(-122.9196555231,89.168612379195,
    113.19521159187));
#3962 = CARTESIAN_POINT('',(-141.2496684834,101.00915968043,
    92.51360621349));
#3963 = CARTESIAN_POINT('',(-160.5518796628,103.92876332615,
    69.648407883276));
#3964 = CARTESIAN_POINT('',(-179.424867599,97.845088773625,
    47.747260741577));
#3965 = CARTESIAN_POINT('',(-196.6683776921,84.069762174669,
    29.505980757641));
#3966 = CARTESIAN_POINT('',(-211.4675412449,64.787873794583,
    16.754792991674));
#3967 = CARTESIAN_POINT('',(-83.80437615788,21.786520579914,
    139.58473407851));
#3968 = CARTESIAN_POINT('',(-93.8338204674,47.2657885159,137.54651113397
    ));
#3969 = CARTESIAN_POINT('',(-107.0932205785,70.893410644444,
    128.25368868094));
#3970 = CARTESIAN_POINT('',(-123.3082922179,89.781392177561,
    112.32231928373));
#3971 = CARTESIAN_POINT('',(-141.6944496616,101.33827656105,
    91.514611330801));
#3972 = CARTESIAN_POINT('',(-161.0135230669,103.94515028998,
    68.611539821151));
#3973 = CARTESIAN_POINT('',(-179.8632578657,97.557260986159,
    46.762620081337));
#3974 = CARTESIAN_POINT('',(-197.048822283,83.518883368993,
    28.651488216209));
#3975 = CARTESIAN_POINT('',(-211.7647769727,64.037705173773,
    16.087190616344));
#3976 = CARTESIAN_POINT('',(-83.87834139461,22.817845663313,
    139.41860543683));
#3977 = CARTESIAN_POINT('',(-94.0221805017,48.24752158538,137.1234475702
    ));
#3978 = CARTESIAN_POINT('',(-107.3896891777,71.737894214185,
    127.58780930467));
#3979 = CARTESIAN_POINT('',(-123.6936166367,90.406599887619,
    111.45686646915));
#3980 = CARTESIAN_POINT('',(-142.1374215217,101.68166458221,
    90.519680243194));
#3981 = CARTESIAN_POINT('',(-161.4750199064,103.97639122225,
    67.57500094872));
#3982 = CARTESIAN_POINT('',(-180.3031241428,97.283577954549,
    45.774664247256));
#3983 = CARTESIAN_POINT('',(-197.432150769,82.980318381709,
    27.790518340136));
#3984 = CARTESIAN_POINT('',(-212.0659682732,63.297198249607,
    15.410703879419));
#3985 = DEFINITIONAL_REPRESENTATION('',(#3986),#3990);
#3986 = LINE('',#3987,#3988);
#3987 = CARTESIAN_POINT('',(0.,0.));
#3988 = VECTOR('',#3989,1.);
#3989 = DIRECTION('',(0.,1.));
#3990 = ( GEOMETRIC_REPRESENTATION_CONTEXT(2) 
PARAMETRIC_REPRESENTATION_CONTEXT() REPRESENTATION_CONTEXT('2D SPACE',''
  ) );
#3991 = ORIENTED_EDGE('',*,*,#3782,.F.);
#3992 = ADVANCED_FACE('',(#3993),#1456,.F.);
#3993 = FACE_BOUND('',#3994,.F.);
#3994 = EDGE_LOOP('',(#3995,#4088,#4089,#4090));
#3995 = ORIENTED_EDGE('',*,*,#3996,.F.);
#3996 = EDGE_CURVE('',#2512,#3997,#3999,.T.);
#3997 = VERTEX_POINT('',#3998);
#3998 = CARTESIAN_POINT('',(-337.8966550502,49.80223278341,
    60.602798836018));
#3999 = SURFACE_CURVE('',#4000,(#4010,#4017),.PCURVE_S1.);
#4000 = ( BOUNDED_CURVE() B_SPLINE_CURVE(8,(#4001,#4002,#4003,#4004,
    #4005,#4006,#4007,#4008,#4009),.UNSPECIFIED.,.F.,.F.) 
B_SPLINE_CURVE_WITH_KNOTS((9,9),(0.,66.666666666667),
.PIECEWISE_BEZIER_KNOTS.) CURVE() GEOMETRIC_REPRESENTATION_ITEM() 
RATIONAL_B_SPLINE_CURVE((1.000053547667,1.000053547667,1.000053547667,
    1.000053547667,1.000053547667,1.000053547667,1.000053547667,
1.000053547667,1.000053547667)) REPRESENTATION_ITEM('') );
#4001 = CARTESIAN_POINT('',(-207.8722130729,38.663682226439,
    188.73625465167));
#4002 = CARTESIAN_POINT('',(-219.7736757414,62.62648071434,
    182.49340963158));
#4003 = CARTESIAN_POINT('',(-234.7128619932,83.303156221016,
    169.42772573433));
#4004 = CARTESIAN_POINT('',(-252.2033063424,97.977770715622,
    150.63182233036));
#4005 = CARTESIAN_POINT('',(-271.2789125344,104.4574918418,
    128.27558713521));
#4006 = CARTESIAN_POINT('',(-290.6004605077,101.71171894283,
    105.36695765487));
#4007 = CARTESIAN_POINT('',(-308.7854730468,90.33246552748,
    85.011028554638));
#4008 = CARTESIAN_POINT('',(-324.7597019853,72.18377321985,
    69.620600720434));
#4009 = CARTESIAN_POINT('',(-337.8966550502,49.80223278341,
    60.602798836018));
#4010 = PCURVE('',#1456,#4011);
#4011 = DEFINITIONAL_REPRESENTATION('',(#4012),#4016);
#4012 = LINE('',#4013,#4014);
#4013 = CARTESIAN_POINT('',(0.,0.));
#4014 = VECTOR('',#4015,1.);
#4015 = DIRECTION('',(0.,1.));
#4016 = ( GEOMETRIC_REPRESENTATION_CONTEXT(2) 
PARAMETRIC_REPRESENTATION_CONTEXT() REPRESENTATION_CONTEXT('2D SPACE',''
  ) );
#4017 = PCURVE('',#4018,#4082);
#4018 = ( BOUNDED_SURFACE() B_SPLINE_SURFACE(6,8,(
    (#4019,#4020,#4021,#4022,#4023,#4024,#4025,#4026,#4027)
    ,(#4028,#4029,#4030,#4031,#4032,#4033,#4034,#4035,#4036)
    ,(#4037,#4038,#4039,#4040,#4041,#4042,#4043,#4044,#4045)
    ,(#4046,#4047,#4048,#4049,#4050,#4051,#4052,#4053,#4054)
    ,(#4055,#4056,#4057,#4058,#4059,#4060,#4061,#4062,#4063)
    ,(#4064,#4065,#4066,#4067,#4068,#4069,#4070,#4071,#4072)
    ,(#4073,#4074,#4075,#4076,#4077,#4078,#4079,#4080,#4081
)),.UNSPECIFIED.,.F.,.F.,.F.) B_SPLINE_SURFACE_WITH_KNOTS((7,7),(9,9),(
    0.,6.544984694977E-02),(0.,66.666666666667),
.PIECEWISE_BEZIER_KNOTS.) GEOMETRIC_REPRESENTATION_ITEM() 
RATIONAL_B_SPLINE_SURFACE((
    (1.000053547667,1.000053547667,1.000053547667,1.000053547667
      ,1.000053547667,1.000053547667,1.000053547667,1.000053547667
      ,1.000053547667)
    ,(1.000017847948,1.000017847948,1.000017847948,1.000017847948
      ,1.000017847948,1.000017847948,1.000017847948,1.000017847948
      ,1.000017847948)
    ,(0.999996430156,0.999996430156,0.999996430156,0.999996430156
      ,0.999996430156,0.999996430156,0.999996430156,0.999996430156
      ,0.999996430156)
    ,(0.999989291231,0.999989291231,0.999989291231,0.999989291231
      ,0.999989291231,0.999989291231,0.999989291231,0.999989291231
      ,0.999989291231)
    ,(0.999996430156,0.999996430156,0.999996430156,0.999996430156
      ,0.999996430156,0.999996430156,0.999996430156,0.999996430156
      ,0.999996430156)
    ,(1.000017847948,1.000017847948,1.000017847948,1.000017847948
      ,1.000017847948,1.000017847948,1.000017847948,1.000017847948
      ,1.000017847948)
    ,(1.000053547667,1.000053547667,1.000053547667,1.000053547667
      ,1.000053547667,1.000053547667,1.000053547667,1.000053547667
,1.000053547667))) REPRESENTATION_ITEM('') SURFACE() );
#4019 = CARTESIAN_POINT('',(-206.9202095162,32.833933759264,
    190.87448964894));
#4020 = CARTESIAN_POINT('',(-218.1750352449,57.435029043377,
    186.08401497484));
#4021 = CARTESIAN_POINT('',(-232.5484975057,79.245502221566,
    174.28896796527));
#4022 = CARTESIAN_POINT('',(-249.6274213467,95.477006791747,
    156.41735475619));
#4023 = CARTESIAN_POINT('',(-268.506112395,103.78605743428,
    134.50339821505));
#4024 = CARTESIAN_POINT('',(-287.8756338455,102.92891390662,
    111.48701854066));
#4025 = CARTESIAN_POINT('',(-306.3407198184,93.274020252883,
    90.502034208581));
#4026 = CARTESIAN_POINT('',(-322.779835241,76.508688260628,
    74.067454235535));
#4027 = CARTESIAN_POINT('',(-336.5003512031,55.0633378897,
    63.738948624096));
#4028 = CARTESIAN_POINT('',(-207.0917589944,33.792479916777,
    190.48918321251));
#4029 = CARTESIAN_POINT('',(-218.4529068667,58.278555166027,
    185.45990509394));
#4030 = CARTESIAN_POINT('',(-232.9181108522,79.892536409937,
    173.45880279687));
#4031 = CARTESIAN_POINT('',(-250.0621454719,95.859124175235,
    155.4409483844));
#4032 = CARTESIAN_POINT('',(-268.9695868283,103.86074389248,
    133.46241759391));
#4033 = CARTESIAN_POINT('',(-288.3269253754,102.68957326856,
    110.47340116871));
#4034 = CARTESIAN_POINT('',(-306.7415219776,92.751134456137,
    89.60181781993));
#4035 = CARTESIAN_POINT('',(-323.1001122532,75.761550632641,
    73.34810028823));
#4036 = CARTESIAN_POINT('',(-336.7213220613,54.168044312225,
    63.242639950563));
#4037 = CARTESIAN_POINT('',(-207.258197551,34.756506089291,
    190.11535609378));
#4038 = CARTESIAN_POINT('',(-218.7262754114,59.130988060661,
    184.84590928977));
#4039 = CARTESIAN_POINT('',(-233.2842633703,80.551438367212,
    172.6364107765));
#4040 = CARTESIAN_POINT('',(-250.4948164716,96.255216176204,
    154.46915340798));
#4041 = CARTESIAN_POINT('',(-269.4326437542,103.95034342718,
    132.42237471013));
#4042 = CARTESIAN_POINT('',(-288.7794718892,102.46476707051,
    109.45696505681));
#4043 = CARTESIAN_POINT('',(-307.1450909588,92.241170316941,
    88.695387047531));
#4044 = CARTESIAN_POINT('',(-323.4243535176,75.024752680159,
    72.619842484785));
#4045 = CARTESIAN_POINT('',(-336.9470502505,53.279900727762,
    62.735646136863));
#4046 = CARTESIAN_POINT('',(-207.4194928285,35.725826737675,
    189.75308096894));
#4047 = CARTESIAN_POINT('',(-218.9950879414,59.992163883137,
    184.2421464621));
#4048 = CARTESIAN_POINT('',(-233.6468842924,81.222081714199,
    171.82195085049));
#4049 = CARTESIAN_POINT('',(-250.9253508312,96.665207189368,
    153.50215740399));
#4050 = CARTESIAN_POINT('',(-269.8951938879,104.05483956505,
    131.38347009996));
#4051 = CARTESIAN_POINT('',(-289.233186218,102.2545394259,108.4379059895
    ));
#4052 = CARTESIAN_POINT('',(-307.5513491151,91.744226831484,
    87.782916288693));
#4053 = CARTESIAN_POINT('',(-323.7524967434,74.298436987217,
    71.882820732622));
#4054 = CARTESIAN_POINT('',(-337.1774925123,52.399078724025,
    62.218064342621));
#4055 = CARTESIAN_POINT('',(-207.5756136438,36.70025510955,
    189.40242787665));
#4056 = CARTESIAN_POINT('',(-219.2592925589,60.861916788713,
    183.64873317533));
#4057 = CARTESIAN_POINT('',(-234.0059036564,81.904337386853,
    171.0155801563));
#4058 = CARTESIAN_POINT('',(-251.3536655223,97.08901843273,
    152.5401468569));
#4059 = CARTESIAN_POINT('',(-270.357148059,104.17421242927,
    130.34590404369));
#4060 = CARTESIAN_POINT('',(-289.6879809243,102.05893111864,
    107.41642035447));
#4061 = CARTESIAN_POINT('',(-307.9602181841,91.260400023381,
    86.86458132406));
#4062 = CARTESIAN_POINT('',(-324.084478747,73.58274374606,
    71.137176944088));
#4063 = CARTESIAN_POINT('',(-337.4126045107,51.525748219569,
    61.689994148225));
#4064 = CARTESIAN_POINT('',(-207.7265299958,37.679603285614,
    189.06346420032));
#4065 = CARTESIAN_POINT('',(-219.5188384188,61.740078973103,
    183.06578362941));
#4066 = CARTESIAN_POINT('',(-234.3612523231,82.598073668143,
    170.21745398331));
#4067 = CARTESIAN_POINT('',(-251.7796780239,97.52656796688,
    151.58330711218));
#4068 = CARTESIAN_POINT('',(-270.8184172332,104.30843874429,
    129.30987651578));
#4069 = CARTESIAN_POINT('',(-290.143768324,101.87797959264,
    106.39270509377));
#4070 = CARTESIAN_POINT('',(-308.3716193066,90.78978291958,
    85.940559274037));
#4071 = CARTESIAN_POINT('',(-324.4202354682,72.877810722094,
    70.38305500134));
#4072 = CARTESIAN_POINT('',(-337.6523408428,50.66007742142,
    61.151537530269));
#4073 = CARTESIAN_POINT('',(-207.8722130729,38.663682226439,
    188.73625465167));
#4074 = CARTESIAN_POINT('',(-219.7736757414,62.62648071434,
    182.49340963158));
#4075 = CARTESIAN_POINT('',(-234.7128619932,83.303156221016,
    169.42772573433));
#4076 = CARTESIAN_POINT('',(-252.2033063424,97.977770715622,
    150.63182233036));
#4077 = CARTESIAN_POINT('',(-271.2789125344,104.4574918418,
    128.27558713521));
#4078 = CARTESIAN_POINT('',(-290.6004605077,101.71171894283,
    105.36695765487));
#4079 = CARTESIAN_POINT('',(-308.7854730468,90.33246552748,
    85.011028554638));
#4080 = CARTESIAN_POINT('',(-324.7597019853,72.18377321985,
    69.620600720434));
#4081 = CARTESIAN_POINT('',(-337.8966550502,49.80223278341,
    60.602798836018));
#4082 = DEFINITIONAL_REPRESENTATION('',(#4083),#4087);
#4083 = LINE('',#4084,#4085);
#4084 = CARTESIAN_POINT('',(6.544984694977E-02,0.));
#4085 = VECTOR('',#4086,1.);
#4086 = DIRECTION('',(0.,1.));
#4087 = ( GEOMETRIC_REPRESENTATION_CONTEXT(2) 
PARAMETRIC_REPRESENTATION_CONTEXT() REPRESENTATION_CONTEXT('2D SPACE',''
  ) );
#4088 = ORIENTED_EDGE('',*,*,#2607,.T.);
#4089 = ORIENTED_EDGE('',*,*,#1412,.F.);
#4090 = ORIENTED_EDGE('',*,*,#4091,.F.);
#4091 = EDGE_CURVE('',#3997,#1413,#4092,.T.);
#4092 = SURFACE_CURVE('',#4093,(#4096,#4103),.PCURVE_S1.);
#4093 = B_SPLINE_CURVE_WITH_KNOTS('',1,(#4094,#4095),.UNSPECIFIED.,.F.,
  .F.,(2,2),(0.,44.),.PIECEWISE_BEZIER_KNOTS.);
#4094 = CARTESIAN_POINT('',(-337.8966550502,49.80223278341,
    60.602798836018));
#4095 = CARTESIAN_POINT('',(-322.5967997364,26.976209424347,
    94.96683650609));
#4096 = PCURVE('',#1456,#4097);
#4097 = DEFINITIONAL_REPRESENTATION('',(#4098),#4102);
#4098 = LINE('',#4099,#4100);
#4099 = CARTESIAN_POINT('',(0.,66.666666666667));
#4100 = VECTOR('',#4101,1.);
#4101 = DIRECTION('',(1.,0.));
#4102 = ( GEOMETRIC_REPRESENTATION_CONTEXT(2) 
PARAMETRIC_REPRESENTATION_CONTEXT() REPRESENTATION_CONTEXT('2D SPACE',''
  ) );
#4103 = PCURVE('',#1526,#4104);
#4104 = DEFINITIONAL_REPRESENTATION('',(#4105),#4109);
#4105 = LINE('',#4106,#4107);
#4106 = CARTESIAN_POINT('',(0.,0.));
#4107 = VECTOR('',#4108,1.);
#4108 = DIRECTION('',(1.,0.));
#4109 = ( GEOMETRIC_REPRESENTATION_CONTEXT(2) 
PARAMETRIC_REPRESENTATION_CONTEXT() REPRESENTATION_CONTEXT('2D SPACE',''
  ) );
#4110 = ADVANCED_FACE('',(#4111),#1526,.F.);
#4111 = FACE_BOUND('',#4112,.F.);
#4112 = EDGE_LOOP('',(#4113,#4206,#4207,#4208));
#4113 = ORIENTED_EDGE('',*,*,#4114,.F.);
#4114 = EDGE_CURVE('',#3997,#4115,#4117,.T.);
#4115 = VERTEX_POINT('',#4116);
#4116 = CARTESIAN_POINT('',(-362.8644055309,-95.7944566309,
    168.4305354662));
#4117 = SURFACE_CURVE('',#4118,(#4128,#4135),.PCURVE_S1.);
#4118 = ( BOUNDED_CURVE() B_SPLINE_CURVE(8,(#4119,#4120,#4121,#4122,
    #4123,#4124,#4125,#4126,#4127),.UNSPECIFIED.,.F.,.F.) 
B_SPLINE_CURVE_WITH_KNOTS((9,9),(0.,66.666666666667),
.PIECEWISE_BEZIER_KNOTS.) CURVE() GEOMETRIC_REPRESENTATION_ITEM() 
RATIONAL_B_SPLINE_CURVE((1.000053547667,1.000053547667,1.000053547667,
    1.000053547667,1.000053547667,1.000053547667,1.000053547667,
1.000053547667,1.000053547667)) REPRESENTATION_ITEM('') );
#4119 = CARTESIAN_POINT('',(-337.8966550502,49.80223278341,
    60.602798836018));
#4120 = CARTESIAN_POINT('',(-351.0336081151,27.420692346969,
    51.584996951602));
#4121 = CARTESIAN_POINT('',(-361.333326842,0.806135494574,
    48.939727726493));
#4122 = CARTESIAN_POINT('',(-368.169942439,-27.50391683213,
    54.072715483204));
#4123 = CARTESIAN_POINT('',(-371.3669789265,-54.30602675393,
    67.380331761178));
#4124 = CARTESIAN_POINT('',(-371.3492067213,-76.31192803129,
    87.908526584007));
#4125 = CARTESIAN_POINT('',(-369.1068287373,-91.07692942087,
    113.43326779355));
#4126 = CARTESIAN_POINT('',(-365.8770682183,-97.50670655016,
    141.17570648654));
#4127 = CARTESIAN_POINT('',(-362.8644055309,-95.7944566309,
    168.4305354662));
#4128 = PCURVE('',#1526,#4129);
#4129 = DEFINITIONAL_REPRESENTATION('',(#4130),#4134);
#4130 = LINE('',#4131,#4132);
#4131 = CARTESIAN_POINT('',(0.,0.));
#4132 = VECTOR('',#4133,1.);
#4133 = DIRECTION('',(0.,1.));
#4134 = ( GEOMETRIC_REPRESENTATION_CONTEXT(2) 
PARAMETRIC_REPRESENTATION_CONTEXT() REPRESENTATION_CONTEXT('2D SPACE',''
  ) );
#4135 = PCURVE('',#4136,#4200);
#4136 = ( BOUNDED_SURFACE() B_SPLINE_SURFACE(6,8,(
    (#4137,#4138,#4139,#4140,#4141,#4142,#4143,#4144,#4145)
    ,(#4146,#4147,#4148,#4149,#4150,#4151,#4152,#4153,#4154)
    ,(#4155,#4156,#4157,#4158,#4159,#4160,#4161,#4162,#4163)
    ,(#4164,#4165,#4166,#4167,#4168,#4169,#4170,#4171,#4172)
    ,(#4173,#4174,#4175,#4176,#4177,#4178,#4179,#4180,#4181)
    ,(#4182,#4183,#4184,#4185,#4186,#4187,#4188,#4189,#4190)
    ,(#4191,#4192,#4193,#4194,#4195,#4196,#4197,#4198,#4199
)),.UNSPECIFIED.,.F.,.F.,.F.) B_SPLINE_SURFACE_WITH_KNOTS((7,7),(9,9),(
    0.,6.544984694977E-02),(0.,66.666666666667),
.PIECEWISE_BEZIER_KNOTS.) GEOMETRIC_REPRESENTATION_ITEM() 
RATIONAL_B_SPLINE_SURFACE((
    (1.000053547667,1.000053547667,1.000053547667,1.000053547667
      ,1.000053547667,1.000053547667,1.000053547667,1.000053547667
      ,1.000053547667)
    ,(1.000017847948,1.000017847948,1.000017847948,1.000017847948
      ,1.000017847948,1.000017847948,1.000017847948,1.000017847948
      ,1.000017847948)
    ,(0.999996430156,0.999996430156,0.999996430156,0.999996430156
      ,0.999996430156,0.999996430156,0.999996430156,0.999996430156
      ,0.999996430156)
    ,(0.999989291231,0.999989291231,0.999989291231,0.999989291231
      ,0.999989291231,0.999989291231,0.999989291231,0.999989291231
      ,0.999989291231)
    ,(0.999996430156,0.999996430156,0.999996430156,0.999996430156
      ,0.999996430156,0.999996430156,0.999996430156,0.999996430156
      ,0.999996430156)
    ,(1.000017847948,1.000017847948,1.000017847948,1.000017847948
      ,1.000017847948,1.000017847948,1.000017847948,1.000017847948
      ,1.000017847948)
    ,(1.000053547667,1.000053547667,1.000053547667,1.000053547667
      ,1.000053547667,1.000053547667,1.000053547667,1.000053547667
,1.000053547667))) REPRESENTATION_ITEM('') SURFACE() );
#4137 = CARTESIAN_POINT('',(-336.5003512031,55.0633378897,
    63.738948624096));
#4138 = CARTESIAN_POINT('',(-350.2208671652,33.617987518772,
    53.410443012657));
#4139 = CARTESIAN_POINT('',(-361.2228295904,7.492457521256,
    49.187908617141));
#4140 = CARTESIAN_POINT('',(-368.8142069701,-20.88180370086,
    52.625673654112));
#4141 = CARTESIAN_POINT('',(-372.7336838022,-48.33659435886,
    64.310662351242));
#4142 = CARTESIAN_POINT('',(-373.3176470745,-71.5223856891,
    83.487337163408));
#4143 = CARTESIAN_POINT('',(-371.4891462927,-87.84049639067,
    108.08249495704));
#4144 = CARTESIAN_POINT('',(-368.4536446586,-96.,135.38862105093));
#4145 = CARTESIAN_POINT('',(-365.418183057,-96.,162.69465723032));
#4146 = CARTESIAN_POINT('',(-336.7213220613,54.168044312225,
    63.242639950563));
#4147 = CARTESIAN_POINT('',(-350.3425318695,32.574537991808,
    53.137179612896));
#4148 = CARTESIAN_POINT('',(-361.2264063869,6.376946812568,
    49.179875000659));
#4149 = CARTESIAN_POINT('',(-368.6921730016,-21.97649499099,
    52.899766435042));
#4150 = CARTESIAN_POINT('',(-372.4927297592,-49.31285253553,
    64.851853992591));
#4151 = CARTESIAN_POINT('',(-372.9790535761,-72.29398942133,
    84.247830612384));
#4152 = CARTESIAN_POINT('',(-371.0850409718,-88.34778163949,
    108.99013036823));
#4153 = CARTESIAN_POINT('',(-368.0210106294,-96.21648511612,
    136.36033299001));
#4154 = CARTESIAN_POINT('',(-364.9931462241,-95.9315075582,
    163.64930558733));
#4155 = CARTESIAN_POINT('',(-336.9470502505,53.279900727762,
    62.735646136863));
#4156 = CARTESIAN_POINT('',(-350.4697469833,31.535048775365,
    52.851449788941));
#4157 = CARTESIAN_POINT('',(-361.2359223262,5.261599007484,
    49.158501850931));
#4158 = CARTESIAN_POINT('',(-368.5759727087,-23.07506687617,
    53.160756565989));
#4159 = CARTESIAN_POINT('',(-372.256983915,-50.2968236572,
    65.381347828154));
#4160 = CARTESIAN_POINT('',(-372.6445828208,-73.0764572554,
    84.999064228471));
#4161 = CARTESIAN_POINT('',(-370.683653894,-88.86805072011,
    109.89166050553));
#4162 = CARTESIAN_POINT('',(-367.589547763,-96.44688467873,
    137.32941445461));
#4163 = CARTESIAN_POINT('',(-364.5677629268,-95.87669726642,
    164.60473211589));
#4164 = CARTESIAN_POINT('',(-337.1774925123,52.399078724025,
    62.218064342621));
#4165 = CARTESIAN_POINT('',(-350.6024882812,30.499720460833,
    52.553307952621));
#4166 = CARTESIAN_POINT('',(-361.2513758921,4.146629117107,
    49.123792573748));
#4167 = CARTESIAN_POINT('',(-368.4656288034,-24.17730779562,
    53.408593035104));
#4168 = CARTESIAN_POINT('',(-372.0264919923,-51.28831845959,
    65.899041162573));
#4169 = CARTESIAN_POINT('',(-372.3142995045,-73.86963893893,
    85.740892702746));
#4170 = CARTESIAN_POINT('',(-370.2850625791,-89.40120403696,
    110.78691125669));
#4171 = CARTESIAN_POINT('',(-367.1593392938,-96.69115501937,
    138.29567849684));
#4172 = CARTESIAN_POINT('',(-364.1421151467,-95.83558042288,
    165.56075268285));
#4173 = CARTESIAN_POINT('',(-337.4126045107,51.525748219569,
    61.689994148225));
#4174 = CARTESIAN_POINT('',(-350.7407302743,29.468752693078,
    52.242811352362));
#4175 = CARTESIAN_POINT('',(-361.2727642116,3.032252070531,
    49.075753621607));
#4176 = CARTESIAN_POINT('',(-368.3611626602,-25.28300534614,
    53.643227834422));
#4177 = CARTESIAN_POINT('',(-371.8012985148,-52.2871459558,
    66.404833994263));
#4178 = CARTESIAN_POINT('',(-371.9882673675,-74.67338176896,
    86.473172871936));
#4179 = CARTESIAN_POINT('',(-369.8893439096,-89.94713904906,
    111.67570994045));
#4180 = CARTESIAN_POINT('',(-366.7304681716,-96.94924929998,
    139.2589388087));
#4181 = CARTESIAN_POINT('',(-363.716284927,-95.80816519775,
    166.51718301564));
#4182 = CARTESIAN_POINT('',(-337.6523408428,50.66007742142,
    61.151537530269));
#4183 = CARTESIAN_POINT('',(-350.8844462174,28.442344120746,
    51.920020059198));
#4184 = CARTESIAN_POINT('',(-361.3000830561,1.91868266141,
    49.014394492339));
#4185 = CARTESIAN_POINT('',(-368.2625943107,-26.39194633484,
    53.864615972069));
#4186 = CARTESIAN_POINT('',(-371.5814467955,-53.2931134837,
    66.898629040462));
#4187 = CARTESIAN_POINT('',(-371.666549179,-75.4875306297,
    87.195763754203));
#4188 = CARTESIAN_POINT('',(-369.4965741119,-90.50575029529,
    112.55788534964));
#4189 = CARTESIAN_POINT('',(-366.3030170404,-97.22111752421,
    140.21900976841));
#4190 = CARTESIAN_POINT('',(-363.290354353,-95.7944566309,
    167.47383874808));
#4191 = CARTESIAN_POINT('',(-337.8966550502,49.80223278341,
    60.602798836018));
#4192 = CARTESIAN_POINT('',(-351.0336081151,27.420692346969,
    51.584996951602));
#4193 = CARTESIAN_POINT('',(-361.333326842,0.806135494574,
    48.939727726493));
#4194 = CARTESIAN_POINT('',(-368.169942439,-27.50391683213,
    54.072715483204));
#4195 = CARTESIAN_POINT('',(-371.3669789265,-54.30602675393,
    67.380331761178));
#4196 = CARTESIAN_POINT('',(-371.3492067213,-76.31192803129,
    87.908526584007));
#4197 = CARTESIAN_POINT('',(-369.1068287373,-91.07692942087,
    113.43326779355));
#4198 = CARTESIAN_POINT('',(-365.8770682183,-97.50670655016,
    141.17570648654));
#4199 = CARTESIAN_POINT('',(-362.8644055309,-95.7944566309,
    168.4305354662));
#4200 = DEFINITIONAL_REPRESENTATION('',(#4201),#4205);
#4201 = LINE('',#4202,#4203);
#4202 = CARTESIAN_POINT('',(6.544984694977E-02,0.));
#4203 = VECTOR('',#4204,1.);
#4204 = DIRECTION('',(0.,1.));
#4205 = ( GEOMETRIC_REPRESENTATION_CONTEXT(2) 
PARAMETRIC_REPRESENTATION_CONTEXT() REPRESENTATION_CONTEXT('2D SPACE',''
  ) );
#4206 = ORIENTED_EDGE('',*,*,#4091,.T.);
#4207 = ORIENTED_EDGE('',*,*,#1482,.F.);
#4208 = ORIENTED_EDGE('',*,*,#4209,.F.);
#4209 = EDGE_CURVE('',#4115,#1483,#4210,.T.);
#4210 = SURFACE_CURVE('',#4211,(#4214,#4221),.PCURVE_S1.);
#4211 = B_SPLINE_CURVE_WITH_KNOTS('',1,(#4212,#4213),.UNSPECIFIED.,.F.,
  .F.,(2,2),(0.,44.),.PIECEWISE_BEZIER_KNOTS.);
#4212 = CARTESIAN_POINT('',(-362.8644055309,-95.7944566309,
    168.4305354662));
#4213 = CARTESIAN_POINT('',(-364.034886897,-51.8886640084,
    165.80159127475));
#4214 = PCURVE('',#1526,#4215);
#4215 = DEFINITIONAL_REPRESENTATION('',(#4216),#4220);
#4216 = LINE('',#4217,#4218);
#4217 = CARTESIAN_POINT('',(0.,66.666666666667));
#4218 = VECTOR('',#4219,1.);
#4219 = DIRECTION('',(1.,0.));
#4220 = ( GEOMETRIC_REPRESENTATION_CONTEXT(2) 
PARAMETRIC_REPRESENTATION_CONTEXT() REPRESENTATION_CONTEXT('2D SPACE',''
  ) );
#4221 = PCURVE('',#1569,#4222);
#4222 = DEFINITIONAL_REPRESENTATION('',(#4223),#4226);
#4223 = B_SPLINE_CURVE_WITH_KNOTS('',1,(#4224,#4225),.UNSPECIFIED.,.F.,
  .F.,(2,2),(0.,44.),.PIECEWISE_BEZIER_KNOTS.);
#4224 = CARTESIAN_POINT('',(-15.31984862663,15.188243877484));
#4225 = CARTESIAN_POINT('',(12.220784149468,-19.1266733786));
#4226 = ( GEOMETRIC_REPRESENTATION_CONTEXT(2) 
PARAMETRIC_REPRESENTATION_CONTEXT() REPRESENTATION_CONTEXT('2D SPACE',''
  ) );
#4227 = ADVANCED_FACE('',(#4228),#1569,.F.);
#4228 = FACE_BOUND('',#4229,.F.);
#4229 = EDGE_LOOP('',(#4230,#4231,#4252,#4281));
#4230 = ORIENTED_EDGE('',*,*,#1552,.T.);
#4231 = ORIENTED_EDGE('',*,*,#4232,.T.);
#4232 = EDGE_CURVE('',#1553,#4233,#4235,.T.);
#4233 = VERTEX_POINT('',#4234);
#4234 = CARTESIAN_POINT('',(-365.418183057,-96.,162.69465723032));
#4235 = SURFACE_CURVE('',#4236,(#4239,#4245),.PCURVE_S1.);
#4236 = B_SPLINE_CURVE_WITH_KNOTS('',1,(#4237,#4238),.UNSPECIFIED.,.F.,
  .F.,(2,2),(0.,44.),.PIECEWISE_BEZIER_KNOTS.);
#4237 = CARTESIAN_POINT('',(-365.418183057,-52.,162.69465723032));
#4238 = CARTESIAN_POINT('',(-365.418183057,-96.,162.69465723032));
#4239 = PCURVE('',#1569,#4240);
#4240 = DEFINITIONAL_REPRESENTATION('',(#4241),#4244);
#4241 = B_SPLINE_CURVE_WITH_KNOTS('',1,(#4242,#4243),.UNSPECIFIED.,.F.,
  .F.,(2,2),(0.,44.),.PIECEWISE_BEZIER_KNOTS.);
#4242 = CARTESIAN_POINT('',(14.942830012784,-17.0847601964));
#4243 = CARTESIAN_POINT('',(-10.29453318666,18.95792975231));
#4244 = ( GEOMETRIC_REPRESENTATION_CONTEXT(2) 
PARAMETRIC_REPRESENTATION_CONTEXT() REPRESENTATION_CONTEXT('2D SPACE',''
  ) );
#4245 = PCURVE('',#1629,#4246);
#4246 = DEFINITIONAL_REPRESENTATION('',(#4247),#4251);
#4247 = LINE('',#4248,#4249);
#4248 = CARTESIAN_POINT('',(0.,66.666666666667));
#4249 = VECTOR('',#4250,1.);
#4250 = DIRECTION('',(1.,0.));
#4251 = ( GEOMETRIC_REPRESENTATION_CONTEXT(2) 
PARAMETRIC_REPRESENTATION_CONTEXT() REPRESENTATION_CONTEXT('2D SPACE',''
  ) );
#4252 = ORIENTED_EDGE('',*,*,#4253,.T.);
#4253 = EDGE_CURVE('',#4233,#4115,#4254,.T.);
#4254 = SURFACE_CURVE('',#4255,(#4263,#4274),.PCURVE_S1.);
#4255 = ( BOUNDED_CURVE() B_SPLINE_CURVE(6,(#4256,#4257,#4258,#4259,
#4260,#4261,#4262),.UNSPECIFIED.,.F.,.F.) B_SPLINE_CURVE_WITH_KNOTS((7,7
),(0.,6.544984694977E-02),.PIECEWISE_BEZIER_KNOTS.) CURVE() 
GEOMETRIC_REPRESENTATION_ITEM() RATIONAL_B_SPLINE_CURVE((1.000053547667,
    1.000017847948,0.999996430156,0.999989291231,0.999996430156,
1.000017847948,1.000053547667)) REPRESENTATION_ITEM('') );
#4256 = CARTESIAN_POINT('',(-365.418183057,-96.,162.69465723032));
#4257 = CARTESIAN_POINT('',(-364.9931462241,-95.9315075582,
    163.64930558733));
#4258 = CARTESIAN_POINT('',(-364.5677629268,-95.87669726642,
    164.60473211589));
#4259 = CARTESIAN_POINT('',(-364.1421151467,-95.83558042288,
    165.56075268285));
#4260 = CARTESIAN_POINT('',(-363.716284927,-95.80816519775,
    166.51718301564));
#4261 = CARTESIAN_POINT('',(-363.290354353,-95.7944566309,
    167.47383874808));
#4262 = CARTESIAN_POINT('',(-362.8644055309,-95.7944566309,
    168.4305354662));
#4263 = PCURVE('',#1569,#4264);
#4264 = DEFINITIONAL_REPRESENTATION('',(#4265),#4273);
#4265 = ( BOUNDED_CURVE() B_SPLINE_CURVE(6,(#4266,#4267,#4268,#4269,
#4270,#4271,#4272),.UNSPECIFIED.,.F.,.F.) B_SPLINE_CURVE_WITH_KNOTS((7,7
),(0.,6.544984694977E-02),.PIECEWISE_BEZIER_KNOTS.) CURVE() 
GEOMETRIC_REPRESENTATION_ITEM() RATIONAL_B_SPLINE_CURVE((1.000053547667,
    1.000017847948,0.999996430156,0.999989291231,0.999996430156,
1.000017847948,1.000053547667)) REPRESENTATION_ITEM('') );
#4266 = CARTESIAN_POINT('',(-10.29453318666,18.95792975231));
#4267 = CARTESIAN_POINT('',(-11.11125546276,18.302440825485));
#4268 = CARTESIAN_POINT('',(-11.93652326356,17.657671078923));
#4269 = CARTESIAN_POINT('',(-12.77017796212,17.023745376967));
#4270 = CARTESIAN_POINT('',(-13.61205901231,16.400786109162));
#4271 = CARTESIAN_POINT('',(-14.46200398862,15.788913159631));
#4272 = CARTESIAN_POINT('',(-15.31984862663,15.188243877483));
#4273 = ( GEOMETRIC_REPRESENTATION_CONTEXT(2) 
PARAMETRIC_REPRESENTATION_CONTEXT() REPRESENTATION_CONTEXT('2D SPACE',''
  ) );
#4274 = PCURVE('',#4136,#4275);
#4275 = DEFINITIONAL_REPRESENTATION('',(#4276),#4280);
#4276 = LINE('',#4277,#4278);
#4277 = CARTESIAN_POINT('',(0.,66.666666666667));
#4278 = VECTOR('',#4279,1.);
#4279 = DIRECTION('',(1.,0.));
#4280 = ( GEOMETRIC_REPRESENTATION_CONTEXT(2) 
PARAMETRIC_REPRESENTATION_CONTEXT() REPRESENTATION_CONTEXT('2D SPACE',''
  ) );
#4281 = ORIENTED_EDGE('',*,*,#4209,.T.);
#4282 = ADVANCED_FACE('',(#4283),#1629,.F.);
#4283 = FACE_BOUND('',#4284,.F.);
#4284 = EDGE_LOOP('',(#4285,#4286,#4308,#4335));
#4285 = ORIENTED_EDGE('',*,*,#1585,.F.);
#4286 = ORIENTED_EDGE('',*,*,#4287,.T.);
#4287 = EDGE_CURVE('',#1586,#4288,#4290,.T.);
#4288 = VERTEX_POINT('',#4289);
#4289 = CARTESIAN_POINT('',(-336.5003512031,55.0633378897,
    63.738948624096));
#4290 = SURFACE_CURVE('',#4291,(#4294,#4301),.PCURVE_S1.);
#4291 = B_SPLINE_CURVE_WITH_KNOTS('',1,(#4292,#4293),.UNSPECIFIED.,.F.,
  .F.,(2,2),(0.,44.),.PIECEWISE_BEZIER_KNOTS.);
#4292 = CARTESIAN_POINT('',(-321.8404684859,29.825974690254,
    96.665584307966));
#4293 = CARTESIAN_POINT('',(-336.5003512031,55.0633378897,
    63.738948624096));
#4294 = PCURVE('',#1629,#4295);
#4295 = DEFINITIONAL_REPRESENTATION('',(#4296),#4300);
#4296 = LINE('',#4297,#4298);
#4297 = CARTESIAN_POINT('',(0.,0.));
#4298 = VECTOR('',#4299,1.);
#4299 = DIRECTION('',(1.,0.));
#4300 = ( GEOMETRIC_REPRESENTATION_CONTEXT(2) 
PARAMETRIC_REPRESENTATION_CONTEXT() REPRESENTATION_CONTEXT('2D SPACE',''
  ) );
#4301 = PCURVE('',#1699,#4302);
#4302 = DEFINITIONAL_REPRESENTATION('',(#4303),#4307);
#4303 = LINE('',#4304,#4305);
#4304 = CARTESIAN_POINT('',(0.,66.666666666667));
#4305 = VECTOR('',#4306,1.);
#4306 = DIRECTION('',(1.,0.));
#4307 = ( GEOMETRIC_REPRESENTATION_CONTEXT(2) 
PARAMETRIC_REPRESENTATION_CONTEXT() REPRESENTATION_CONTEXT('2D SPACE',''
  ) );
#4308 = ORIENTED_EDGE('',*,*,#4309,.T.);
#4309 = EDGE_CURVE('',#4288,#4233,#4310,.T.);
#4310 = SURFACE_CURVE('',#4311,(#4321,#4328),.PCURVE_S1.);
#4311 = B_SPLINE_CURVE_WITH_KNOTS('',8,(#4312,#4313,#4314,#4315,#4316,
    #4317,#4318,#4319,#4320),.UNSPECIFIED.,.F.,.F.,(9,9),(0.,
    66.666666666667),.PIECEWISE_BEZIER_KNOTS.);
#4312 = CARTESIAN_POINT('',(-336.5003512031,55.0633378897,
    63.738948624096));
#4313 = CARTESIAN_POINT('',(-350.2208671652,33.617987518772,
    53.410443012657));
#4314 = CARTESIAN_POINT('',(-361.2228295904,7.492457521255,
    49.18790861714));
#4315 = CARTESIAN_POINT('',(-368.8142069701,-20.88180370086,
    52.625673654112));
#4316 = CARTESIAN_POINT('',(-372.7336838022,-48.33659435886,
    64.310662351243));
#4317 = CARTESIAN_POINT('',(-373.3176470745,-71.5223856891,
    83.487337163407));
#4318 = CARTESIAN_POINT('',(-371.4891462927,-87.84049639067,
    108.08249495704));
#4319 = CARTESIAN_POINT('',(-368.4536446586,-96.,135.38862105093));
#4320 = CARTESIAN_POINT('',(-365.418183057,-96.,162.69465723032));
#4321 = PCURVE('',#1629,#4322);
#4322 = DEFINITIONAL_REPRESENTATION('',(#4323),#4327);
#4323 = LINE('',#4324,#4325);
#4324 = CARTESIAN_POINT('',(44.,0.));
#4325 = VECTOR('',#4326,1.);
#4326 = DIRECTION('',(0.,1.));
#4327 = ( GEOMETRIC_REPRESENTATION_CONTEXT(2) 
PARAMETRIC_REPRESENTATION_CONTEXT() REPRESENTATION_CONTEXT('2D SPACE',''
  ) );
#4328 = PCURVE('',#4136,#4329);
#4329 = DEFINITIONAL_REPRESENTATION('',(#4330),#4334);
#4330 = LINE('',#4331,#4332);
#4331 = CARTESIAN_POINT('',(0.,0.));
#4332 = VECTOR('',#4333,1.);
#4333 = DIRECTION('',(0.,1.));
#4334 = ( GEOMETRIC_REPRESENTATION_CONTEXT(2) 
PARAMETRIC_REPRESENTATION_CONTEXT() REPRESENTATION_CONTEXT('2D SPACE',''
  ) );
#4335 = ORIENTED_EDGE('',*,*,#4232,.F.);
#4336 = ADVANCED_FACE('',(#4337),#1699,.F.);
#4337 = FACE_BOUND('',#4338,.F.);
#4338 = EDGE_LOOP('',(#4339,#4340,#4362,#4389));
#4339 = ORIENTED_EDGE('',*,*,#1655,.F.);
#4340 = ORIENTED_EDGE('',*,*,#4341,.T.);
#4341 = EDGE_CURVE('',#1656,#4342,#4344,.T.);
#4342 = VERTEX_POINT('',#4343);
#4343 = CARTESIAN_POINT('',(-206.9202095162,32.833933759264,
    190.87448964894));
#4344 = SURFACE_CURVE('',#4345,(#4348,#4355),.PCURVE_S1.);
#4345 = B_SPLINE_CURVE_WITH_KNOTS('',1,(#4346,#4347),.UNSPECIFIED.,.F.,
  .F.,(2,2),(0.,44.),.PIECEWISE_BEZIER_KNOTS.);
#4346 = CARTESIAN_POINT('',(-223.7373360887,17.785047452935,
    153.10260493577));
#4347 = CARTESIAN_POINT('',(-206.9202095162,32.833933759264,
    190.87448964894));
#4348 = PCURVE('',#1699,#4349);
#4349 = DEFINITIONAL_REPRESENTATION('',(#4350),#4354);
#4350 = LINE('',#4351,#4352);
#4351 = CARTESIAN_POINT('',(0.,0.));
#4352 = VECTOR('',#4353,1.);
#4353 = DIRECTION('',(1.,0.));
#4354 = ( GEOMETRIC_REPRESENTATION_CONTEXT(2) 
PARAMETRIC_REPRESENTATION_CONTEXT() REPRESENTATION_CONTEXT('2D SPACE',''
  ) );
#4355 = PCURVE('',#1769,#4356);
#4356 = DEFINITIONAL_REPRESENTATION('',(#4357),#4361);
#4357 = LINE('',#4358,#4359);
#4358 = CARTESIAN_POINT('',(0.,66.666666666667));
#4359 = VECTOR('',#4360,1.);
#4360 = DIRECTION('',(1.,0.));
#4361 = ( GEOMETRIC_REPRESENTATION_CONTEXT(2) 
PARAMETRIC_REPRESENTATION_CONTEXT() REPRESENTATION_CONTEXT('2D SPACE',''
  ) );
#4362 = ORIENTED_EDGE('',*,*,#4363,.T.);
#4363 = EDGE_CURVE('',#4342,#4288,#4364,.T.);
#4364 = SURFACE_CURVE('',#4365,(#4375,#4382),.PCURVE_S1.);
#4365 = B_SPLINE_CURVE_WITH_KNOTS('',8,(#4366,#4367,#4368,#4369,#4370,
    #4371,#4372,#4373,#4374),.UNSPECIFIED.,.F.,.F.,(9,9),(0.,
    66.666666666667),.PIECEWISE_BEZIER_KNOTS.);
#4366 = CARTESIAN_POINT('',(-206.9202095162,32.833933759264,
    190.87448964894));
#4367 = CARTESIAN_POINT('',(-218.1750352449,57.435029043377,
    186.08401497484));
#4368 = CARTESIAN_POINT('',(-232.5484975057,79.245502221566,
    174.28896796527));
#4369 = CARTESIAN_POINT('',(-249.6274213467,95.477006791747,
    156.4173547562));
#4370 = CARTESIAN_POINT('',(-268.506112395,103.78605743428,
    134.50339821504));
#4371 = CARTESIAN_POINT('',(-287.8756338455,102.92891390662,
    111.48701854067));
#4372 = CARTESIAN_POINT('',(-306.3407198184,93.274020252882,
    90.50203420858));
#4373 = CARTESIAN_POINT('',(-322.779835241,76.508688260629,
    74.067454235535));
#4374 = CARTESIAN_POINT('',(-336.5003512031,55.0633378897,
    63.738948624096));
#4375 = PCURVE('',#1699,#4376);
#4376 = DEFINITIONAL_REPRESENTATION('',(#4377),#4381);
#4377 = LINE('',#4378,#4379);
#4378 = CARTESIAN_POINT('',(44.,0.));
#4379 = VECTOR('',#4380,1.);
#4380 = DIRECTION('',(0.,1.));
#4381 = ( GEOMETRIC_REPRESENTATION_CONTEXT(2) 
PARAMETRIC_REPRESENTATION_CONTEXT() REPRESENTATION_CONTEXT('2D SPACE',''
  ) );
#4382 = PCURVE('',#4018,#4383);
#4383 = DEFINITIONAL_REPRESENTATION('',(#4384),#4388);
#4384 = LINE('',#4385,#4386);
#4385 = CARTESIAN_POINT('',(0.,0.));
#4386 = VECTOR('',#4387,1.);
#4387 = DIRECTION('',(0.,1.));
#4388 = ( GEOMETRIC_REPRESENTATION_CONTEXT(2) 
PARAMETRIC_REPRESENTATION_CONTEXT() REPRESENTATION_CONTEXT('2D SPACE',''
  ) );
#4389 = ORIENTED_EDGE('',*,*,#4287,.F.);
#4390 = ADVANCED_FACE('',(#4391),#1769,.F.);
#4391 = FACE_BOUND('',#4392,.F.);
#4392 = EDGE_LOOP('',(#4393,#4394,#4395,#4417,#4444));
#4393 = ORIENTED_EDGE('',*,*,#1725,.F.);
#4394 = ORIENTED_EDGE('',*,*,#3337,.F.);
#4395 = ORIENTED_EDGE('',*,*,#4396,.T.);
#4396 = EDGE_CURVE('',#3338,#4397,#4399,.T.);
#4397 = VERTEX_POINT('',#4398);
#4398 = CARTESIAN_POINT('',(-192.8151257271,-92.72887932375,
    58.648804166699));
#4399 = SURFACE_CURVE('',#4400,(#4403,#4410),.PCURVE_S1.);
#4400 = B_SPLINE_CURVE_WITH_KNOTS('',1,(#4401,#4402),.UNSPECIFIED.,.F.,
  .F.,(2,2),(0.,44.),.PIECEWISE_BEZIER_KNOTS.);
#4401 = CARTESIAN_POINT('',(-188.1831933861,-50.22814296703,
    69.05229453891));
#4402 = CARTESIAN_POINT('',(-192.8151257271,-92.72887932375,
    58.648804166699));
#4403 = PCURVE('',#1769,#4404);
#4404 = DEFINITIONAL_REPRESENTATION('',(#4405),#4409);
#4405 = LINE('',#4406,#4407);
#4406 = CARTESIAN_POINT('',(0.,0.));
#4407 = VECTOR('',#4408,1.);
#4408 = DIRECTION('',(1.,0.));
#4409 = ( GEOMETRIC_REPRESENTATION_CONTEXT(2) 
PARAMETRIC_REPRESENTATION_CONTEXT() REPRESENTATION_CONTEXT('2D SPACE',''
  ) );
#4410 = PCURVE('',#3432,#4411);
#4411 = DEFINITIONAL_REPRESENTATION('',(#4412),#4416);
#4412 = LINE('',#4413,#4414);
#4413 = CARTESIAN_POINT('',(0.,66.666666666667));
#4414 = VECTOR('',#4415,1.);
#4415 = DIRECTION('',(1.,0.));
#4416 = ( GEOMETRIC_REPRESENTATION_CONTEXT(2) 
PARAMETRIC_REPRESENTATION_CONTEXT() REPRESENTATION_CONTEXT('2D SPACE',''
  ) );
#4417 = ORIENTED_EDGE('',*,*,#4418,.T.);
#4418 = EDGE_CURVE('',#4397,#4342,#4419,.T.);
#4419 = SURFACE_CURVE('',#4420,(#4430,#4437),.PCURVE_S1.);
#4420 = B_SPLINE_CURVE_WITH_KNOTS('',8,(#4421,#4422,#4423,#4424,#4425,
    #4426,#4427,#4428,#4429),.UNSPECIFIED.,.F.,.F.,(9,9),(0.,
    66.666666666667),.PIECEWISE_BEZIER_KNOTS.);
#4421 = CARTESIAN_POINT('',(-192.8151257271,-92.72887932375,
    58.648804166699));
#4422 = CARTESIAN_POINT('',(-190.1424975266,-99.50474607961,
    85.13990318454));
#4423 = CARTESIAN_POINT('',(-186.6108700063,-98.39916304344,
    113.56034626316));
#4424 = CARTESIAN_POINT('',(-183.3862495078,-88.64491891729,
    141.29124028119));
#4425 = CARTESIAN_POINT('',(-181.7689214349,-70.72187957329,
    165.41209640494));
#4426 = CARTESIAN_POINT('',(-182.9240494157,-46.55281358298,
    183.30591427783));
#4427 = CARTESIAN_POINT('',(-187.5291672071,-19.15906389089,
    193.45092816678));
#4428 = CARTESIAN_POINT('',(-195.6653837875,8.232838475151,
    195.66496432303));
#4429 = CARTESIAN_POINT('',(-206.9202095162,32.833933759264,
    190.87448964894));
#4430 = PCURVE('',#1769,#4431);
#4431 = DEFINITIONAL_REPRESENTATION('',(#4432),#4436);
#4432 = LINE('',#4433,#4434);
#4433 = CARTESIAN_POINT('',(44.,0.));
#4434 = VECTOR('',#4435,1.);
#4435 = DIRECTION('',(0.,1.));
#4436 = ( GEOMETRIC_REPRESENTATION_CONTEXT(2) 
PARAMETRIC_REPRESENTATION_CONTEXT() REPRESENTATION_CONTEXT('2D SPACE',''
  ) );
#4437 = PCURVE('',#2533,#4438);
#4438 = DEFINITIONAL_REPRESENTATION('',(#4439),#4443);
#4439 = LINE('',#4440,#4441);
#4440 = CARTESIAN_POINT('',(0.,0.));
#4441 = VECTOR('',#4442,1.);
#4442 = DIRECTION('',(0.,1.));
#4443 = ( GEOMETRIC_REPRESENTATION_CONTEXT(2) 
PARAMETRIC_REPRESENTATION_CONTEXT() REPRESENTATION_CONTEXT('2D SPACE',''
  ) );
#4444 = ORIENTED_EDGE('',*,*,#4341,.F.);
#4445 = ADVANCED_FACE('',(#4446),#1862,.F.);
#4446 = FACE_BOUND('',#4447,.F.);
#4447 = EDGE_LOOP('',(#4448,#4479,#4499,#4500,#4501,#4502,#4503));
#4448 = ORIENTED_EDGE('',*,*,#4449,.F.);
#4449 = EDGE_CURVE('',#4450,#4452,#4454,.T.);
#4450 = VERTEX_POINT('',#4451);
#4451 = CARTESIAN_POINT('',(-247.863016171,-95.42940846934,
    98.915440275373));
#4452 = VERTEX_POINT('',#4453);
#4453 = CARTESIAN_POINT('',(-270.2818503864,46.174921816261,
    212.46813657121));
#4454 = SURFACE_CURVE('',#4455,(#4465,#4472),.PCURVE_S1.);
#4455 = ( BOUNDED_CURVE() B_SPLINE_CURVE(8,(#4456,#4457,#4458,#4459,
    #4460,#4461,#4462,#4463,#4464),.UNSPECIFIED.,.F.,.F.) 
B_SPLINE_CURVE_WITH_KNOTS((9,9),(0.,66.666666666667),
.PIECEWISE_BEZIER_KNOTS.) CURVE() GEOMETRIC_REPRESENTATION_ITEM() 
RATIONAL_B_SPLINE_CURVE((1.000053547667,1.000053547667,1.000053547667,
    1.000053547667,1.000053547667,1.000053547667,1.000053547667,
1.000053547667,1.000053547667)) REPRESENTATION_ITEM('') );
#4456 = CARTESIAN_POINT('',(-247.863016171,-95.42940846934,
    98.915440275373));
#4457 = CARTESIAN_POINT('',(-244.8908447034,-98.27953658812,
    126.07932448654));
#4458 = CARTESIAN_POINT('',(-241.5573294201,-93.01866914239,
    154.05480019565));
#4459 = CARTESIAN_POINT('',(-239.062376661,-79.32462151425,
    180.14683363807));
#4460 = CARTESIAN_POINT('',(-238.6614471765,-58.15799381223,
    201.5356138005));
#4461 = CARTESIAN_POINT('',(-241.3871741686,-31.85495880261,
    215.90180853717));
#4462 = CARTESIAN_POINT('',(-247.7222628814,-3.655099652729,
    222.16124411866));
#4463 = CARTESIAN_POINT('',(-257.5472394253,23.222269025125,
    220.58226329468));
#4464 = CARTESIAN_POINT('',(-270.2818503864,46.174921816261,
    212.46813657121));
#4465 = PCURVE('',#1862,#4466);
#4466 = DEFINITIONAL_REPRESENTATION('',(#4467),#4471);
#4467 = LINE('',#4468,#4469);
#4468 = CARTESIAN_POINT('',(0.,0.));
#4469 = VECTOR('',#4470,1.);
#4470 = DIRECTION('',(0.,1.));
#4471 = ( GEOMETRIC_REPRESENTATION_CONTEXT(2) 
PARAMETRIC_REPRESENTATION_CONTEXT() REPRESENTATION_CONTEXT('2D SPACE',''
  ) );
#4472 = PCURVE('',#3687,#4473);
#4473 = DEFINITIONAL_REPRESENTATION('',(#4474),#4478);
#4474 = LINE('',#4475,#4476);
#4475 = CARTESIAN_POINT('',(6.544984694977E-02,0.));
#4476 = VECTOR('',#4477,1.);
#4477 = DIRECTION('',(0.,1.));
#4478 = ( GEOMETRIC_REPRESENTATION_CONTEXT(2) 
PARAMETRIC_REPRESENTATION_CONTEXT() REPRESENTATION_CONTEXT('2D SPACE',''
  ) );
#4479 = ORIENTED_EDGE('',*,*,#4480,.T.);
#4480 = EDGE_CURVE('',#4450,#3187,#4481,.T.);
#4481 = SURFACE_CURVE('',#4482,(#4485,#4492),.PCURVE_S1.);
#4482 = B_SPLINE_CURVE_WITH_KNOTS('',1,(#4483,#4484),.UNSPECIFIED.,.F.,
  .F.,(2,2),(0.,44.),.PIECEWISE_BEZIER_KNOTS.);
#4483 = CARTESIAN_POINT('',(-247.863016171,-95.42940846934,
    98.915440275373));
#4484 = CARTESIAN_POINT('',(-245.9146896934,-51.69092958756,
    103.29145319175));
#4485 = PCURVE('',#1862,#4486);
#4486 = DEFINITIONAL_REPRESENTATION('',(#4487),#4491);
#4487 = LINE('',#4488,#4489);
#4488 = CARTESIAN_POINT('',(0.,0.));
#4489 = VECTOR('',#4490,1.);
#4490 = DIRECTION('',(1.,0.));
#4491 = ( GEOMETRIC_REPRESENTATION_CONTEXT(2) 
PARAMETRIC_REPRESENTATION_CONTEXT() REPRESENTATION_CONTEXT('2D SPACE',''
  ) );
#4492 = PCURVE('',#3230,#4493);
#4493 = DEFINITIONAL_REPRESENTATION('',(#4494),#4498);
#4494 = LINE('',#4495,#4496);
#4495 = CARTESIAN_POINT('',(0.,66.666666666667));
#4496 = VECTOR('',#4497,1.);
#4497 = DIRECTION('',(1.,0.));
#4498 = ( GEOMETRIC_REPRESENTATION_CONTEXT(2) 
PARAMETRIC_REPRESENTATION_CONTEXT() REPRESENTATION_CONTEXT('2D SPACE',''
  ) );
#4499 = ORIENTED_EDGE('',*,*,#3256,.T.);
#4500 = ORIENTED_EDGE('',*,*,#1104,.F.);
#4501 = ORIENTED_EDGE('',*,*,#3287,.T.);
#4502 = ORIENTED_EDGE('',*,*,#1818,.F.);
#4503 = ORIENTED_EDGE('',*,*,#4504,.F.);
#4504 = EDGE_CURVE('',#4452,#1819,#4505,.T.);
#4505 = SURFACE_CURVE('',#4506,(#4509,#4516),.PCURVE_S1.);
#4506 = B_SPLINE_CURVE_WITH_KNOTS('',1,(#4507,#4508),.UNSPECIFIED.,.F.,
  .F.,(2,2),(0.,44.),.PIECEWISE_BEZIER_KNOTS.);
#4507 = CARTESIAN_POINT('',(-270.2818503864,46.174921816261,
    212.46813657121));
#4508 = CARTESIAN_POINT('',(-285.9721138769,25.011415983808,
    177.22722777932));
#4509 = PCURVE('',#1862,#4510);
#4510 = DEFINITIONAL_REPRESENTATION('',(#4511),#4515);
#4511 = LINE('',#4512,#4513);
#4512 = CARTESIAN_POINT('',(0.,66.666666666667));
#4513 = VECTOR('',#4514,1.);
#4514 = DIRECTION('',(1.,0.));
#4515 = ( GEOMETRIC_REPRESENTATION_CONTEXT(2) 
PARAMETRIC_REPRESENTATION_CONTEXT() REPRESENTATION_CONTEXT('2D SPACE',''
  ) );
#4516 = PCURVE('',#1932,#4517);
#4517 = DEFINITIONAL_REPRESENTATION('',(#4518),#4522);
#4518 = LINE('',#4519,#4520);
#4519 = CARTESIAN_POINT('',(0.,0.));
#4520 = VECTOR('',#4521,1.);
#4521 = DIRECTION('',(1.,0.));
#4522 = ( GEOMETRIC_REPRESENTATION_CONTEXT(2) 
PARAMETRIC_REPRESENTATION_CONTEXT() REPRESENTATION_CONTEXT('2D SPACE',''
  ) );
#4523 = ADVANCED_FACE('',(#4524),#1932,.F.);
#4524 = FACE_BOUND('',#4525,.F.);
#4525 = EDGE_LOOP('',(#4526,#4619,#4620,#4621));
#4526 = ORIENTED_EDGE('',*,*,#4527,.F.);
#4527 = EDGE_CURVE('',#4452,#4528,#4530,.T.);
#4528 = VERTEX_POINT('',#4529);
#4529 = CARTESIAN_POINT('',(-400.4381198401,42.459714261024,
    84.038591395697));
#4530 = SURFACE_CURVE('',#4531,(#4541,#4548),.PCURVE_S1.);
#4531 = ( BOUNDED_CURVE() B_SPLINE_CURVE(8,(#4532,#4533,#4534,#4535,
    #4536,#4537,#4538,#4539,#4540),.UNSPECIFIED.,.F.,.F.) 
B_SPLINE_CURVE_WITH_KNOTS((9,9),(0.,66.666666666667),
.PIECEWISE_BEZIER_KNOTS.) CURVE() GEOMETRIC_REPRESENTATION_ITEM() 
RATIONAL_B_SPLINE_CURVE((1.000053547667,1.000053547667,1.000053547667,
    1.000053547667,1.000053547667,1.000053547667,1.000053547667,
1.000053547667,1.000053547667)) REPRESENTATION_ITEM('') );
#4532 = CARTESIAN_POINT('',(-270.2818503864,46.174921816261,
    212.46813657121));
#4533 = CARTESIAN_POINT('',(-283.0164613475,69.127574607398,
    204.35400984775));
#4534 = CARTESIAN_POINT('',(-298.660745236,88.155684093162,
    189.70465072907));
#4535 = CARTESIAN_POINT('',(-316.6338092477,100.65788728817,
    169.82476581555));
#4536 = CARTESIAN_POINT('',(-335.8954987492,104.65671184109,
    147.0505806642));
#4537 = CARTESIAN_POINT('',(-355.0751556056,99.412447624041,
    124.46064385028));
#4538 = CARTESIAN_POINT('',(-372.8165498885,85.811093303734,
    105.10109766698));
#4539 = CARTESIAN_POINT('',(-388.1156004911,65.939787727724,
    91.227145204167));
#4540 = CARTESIAN_POINT('',(-400.4381198401,42.459714261024,
    84.038591395697));
#4541 = PCURVE('',#1932,#4542);
#4542 = DEFINITIONAL_REPRESENTATION('',(#4543),#4547);
#4543 = LINE('',#4544,#4545);
#4544 = CARTESIAN_POINT('',(0.,0.));
#4545 = VECTOR('',#4546,1.);
#4546 = DIRECTION('',(0.,1.));
#4547 = ( GEOMETRIC_REPRESENTATION_CONTEXT(2) 
PARAMETRIC_REPRESENTATION_CONTEXT() REPRESENTATION_CONTEXT('2D SPACE',''
  ) );
#4548 = PCURVE('',#4549,#4613);
#4549 = ( BOUNDED_SURFACE() B_SPLINE_SURFACE(6,8,(
    (#4550,#4551,#4552,#4553,#4554,#4555,#4556,#4557,#4558)
    ,(#4559,#4560,#4561,#4562,#4563,#4564,#4565,#4566,#4567)
    ,(#4568,#4569,#4570,#4571,#4572,#4573,#4574,#4575,#4576)
    ,(#4577,#4578,#4579,#4580,#4581,#4582,#4583,#4584,#4585)
    ,(#4586,#4587,#4588,#4589,#4590,#4591,#4592,#4593,#4594)
    ,(#4595,#4596,#4597,#4598,#4599,#4600,#4601,#4602,#4603)
    ,(#4604,#4605,#4606,#4607,#4608,#4609,#4610,#4611,#4612
)),.UNSPECIFIED.,.F.,.F.,.F.) B_SPLINE_SURFACE_WITH_KNOTS((7,7),(9,9),(
    0.,6.544984694977E-02),(0.,66.666666666667),
.PIECEWISE_BEZIER_KNOTS.) GEOMETRIC_REPRESENTATION_ITEM() 
RATIONAL_B_SPLINE_SURFACE((
    (1.000053547667,1.000053547667,1.000053547667,1.000053547667
      ,1.000053547667,1.000053547667,1.000053547667,1.000053547667
      ,1.000053547667)
    ,(1.000017847948,1.000017847948,1.000017847948,1.000017847948
      ,1.000017847948,1.000017847948,1.000017847948,1.000017847948
      ,1.000017847948)
    ,(0.999996430156,0.999996430156,0.999996430156,0.999996430156
      ,0.999996430156,0.999996430156,0.999996430156,0.999996430156
      ,0.999996430156)
    ,(0.999989291231,0.999989291231,0.999989291231,0.999989291231
      ,0.999989291231,0.999989291231,0.999989291231,0.999989291231
      ,0.999989291231)
    ,(0.999996430156,0.999996430156,0.999996430156,0.999996430156
      ,0.999996430156,0.999996430156,0.999996430156,0.999996430156
      ,0.999996430156)
    ,(1.000017847948,1.000017847948,1.000017847948,1.000017847948
      ,1.000017847948,1.000017847948,1.000017847948,1.000017847948
      ,1.000017847948)
    ,(1.000053547667,1.000053547667,1.000053547667,1.000053547667
      ,1.000053547667,1.000053547667,1.000053547667,1.000053547667
,1.000053547667))) REPRESENTATION_ITEM('') SURFACE() );
#4550 = CARTESIAN_POINT('',(-269.1268082058,40.571353127107,
    215.06240378431));
#4551 = CARTESIAN_POINT('',(-281.2398701362,64.298435507487,
    208.34429904048));
#4552 = CARTESIAN_POINT('',(-296.3607752703,84.577251857972,
    194.87046785094));
#4553 = CARTESIAN_POINT('',(-313.9790756058,98.718601523705,
    175.78739520022));
#4554 = CARTESIAN_POINT('',(-333.1094479816,104.58198952288,
    153.30815314226));
#4555 = CARTESIAN_POINT('',(-352.4038466043,101.20888809014,
    130.46050210161));
#4556 = CARTESIAN_POINT('',(-370.4853761351,89.265317538599,
    110.33699964355));
#4557 = CARTESIAN_POINT('',(-386.2965835288,70.672492052928,
    95.312724193849));
#4558 = CARTESIAN_POINT('',(-399.2336325501,48.,86.743914142604));
#4559 = CARTESIAN_POINT('',(-269.3316848053,41.489492014298,
    214.60224340763));
#4560 = CARTESIAN_POINT('',(-281.5465868964,65.079209280668,
    207.65540191799));
#4561 = CARTESIAN_POINT('',(-296.7519191224,85.142622942762,
    193.99194437535));
#4562 = CARTESIAN_POINT('',(-314.4256913196,99.006111919972,
    174.78427988332));
#4563 = CARTESIAN_POINT('',(-333.5738063475,104.55707823013,
    152.26518717613));
#4564 = CARTESIAN_POINT('',(-352.8449363435,100.87375522803,
    129.4697983268));
#4565 = CARTESIAN_POINT('',(-370.8661171154,88.658537381762,
    109.48184140039));
#4566 = CARTESIAN_POINT('',(-386.5891561841,69.859568381806,
    94.655595251005));
#4567 = CARTESIAN_POINT('',(-399.4220248967,47.060763532649,
    86.320778004208));
#4568 = CARTESIAN_POINT('',(-269.5316641954,42.414185234343,
    214.15308234356));
#4569 = CARTESIAN_POINT('',(-281.849133455,65.869820854615,
    206.97587122142));
#4570 = CARTESIAN_POINT('',(-297.1400360211,85.720558224167,
    193.12021954816));
#4571 = CARTESIAN_POINT('',(-314.8707571128,99.307983700901,
    173.78464574478));
#4572 = CARTESIAN_POINT('',(-334.0382774547,104.54711272886,
    151.2219679889));
#4573 = CARTESIAN_POINT('',(-353.2877915287,100.55283257938,
    128.47512929542));
#4574 = CARTESIAN_POINT('',(-371.2500724545,88.064036835608,
    108.61946358926));
#4575 = CARTESIAN_POINT('',(-386.8860445421,69.056095578556,
    93.988773081341));
#4576 = CARTESIAN_POINT('',(-399.6154099344,46.127630447049,
    85.886428098145));
#4577 = CARTESIAN_POINT('',(-269.7267075643,43.345254887733,
    213.71500776452));
#4578 = CARTESIAN_POINT('',(-282.1474512679,66.670118352154,
    206.30583844345));
#4579 = CARTESIAN_POINT('',(-297.5250509884,86.310946967996,
    192.25546177327));
#4580 = CARTESIAN_POINT('',(-315.3141871086,99.624159444473,
    172.78868566758));
#4581 = CARTESIAN_POINT('',(-334.5027717745,104.55209574037,
    150.17869666535));
#4582 = CARTESIAN_POINT('',(-353.7323268864,100.24618276837,
    127.47668653466));
#4583 = CARTESIAN_POINT('',(-371.6371683105,87.481931157788,
    107.75003206166));
#4584 = CARTESIAN_POINT('',(-387.1871916034,68.26222903234,
    93.312385707243));
#4585 = CARTESIAN_POINT('',(-399.8137506521,45.20078094737,
    85.44094755238));
#4586 = CARTESIAN_POINT('',(-269.9167772272,44.282521614691,
    213.28810431198));
#4587 = CARTESIAN_POINT('',(-282.4414827555,67.479947680325,
    205.64543290961));
#4588 = CARTESIAN_POINT('',(-297.9068897529,86.913675592847,
    191.39783786634));
#4589 = CARTESIAN_POINT('',(-315.7558958019,99.954578459816,
    171.79659169925));
#4590 = CARTESIAN_POINT('',(-334.9671997711,104.57202657097,
    149.13557430623));
#4591 = CARTESIAN_POINT('',(-354.1784567578,99.953865159847,
    126.47466243765));
#4592 = CARTESIAN_POINT('',(-372.0273301226,86.912332776665,
    106.87371428387));
#4593 = CARTESIAN_POINT('',(-387.4925393948,67.478121940913,
    92.626563338829));
#4594 = CARTESIAN_POINT('',(-400.0170089061,44.280393805927,
    84.984422039326));
#4595 = CARTESIAN_POINT('',(-270.1018366356,45.225804639644,
    212.87245407524));
#4596 = CARTESIAN_POINT('',(-282.7311713176,68.2991525685,
    204.99478174599));
#4597 = CARTESIAN_POINT('',(-298.2854787694,87.528627698118,
    190.54751301324));
#4598 = CARTESIAN_POINT('',(-316.1957980807,100.29917680199,
    170.80855500405));
#4599 = CARTESIAN_POINT('',(-335.4314719237,104.60690111201,
    148.09280197828));
#4600 = CARTESIAN_POINT('',(-354.6260951195,99.675935844263,
    125.46925021571));
#4601 = CARTESIAN_POINT('',(-372.4204826296,86.355351263158,
    105.99067929544));
#4602 = CARTESIAN_POINT('',(-387.8020289834,66.703925272351,
    91.931438341759));
#4603 = CARTESIAN_POINT('',(-400.2251454291,43.366646318627,
    84.51693975476));
#4604 = CARTESIAN_POINT('',(-270.2818503864,46.174921816261,
    212.46813657121));
#4605 = CARTESIAN_POINT('',(-283.0164613475,69.127574607398,
    204.35400984775));
#4606 = CARTESIAN_POINT('',(-298.660745236,88.155684093162,
    189.70465072907));
#4607 = CARTESIAN_POINT('',(-316.6338092477,100.65788728817,
    169.82476581555));
#4608 = CARTESIAN_POINT('',(-335.8954987492,104.65671184109,
    147.0505806642));
#4609 = CARTESIAN_POINT('',(-355.0751556056,99.412447624041,
    124.46064385028));
#4610 = CARTESIAN_POINT('',(-372.8165498885,85.811093303734,
    105.10109766698));
#4611 = CARTESIAN_POINT('',(-388.1156004911,65.939787727724,
    91.227145204167));
#4612 = CARTESIAN_POINT('',(-400.4381198401,42.459714261024,
    84.038591395697));
#4613 = DEFINITIONAL_REPRESENTATION('',(#4614),#4618);
#4614 = LINE('',#4615,#4616);
#4615 = CARTESIAN_POINT('',(6.544984694977E-02,0.));
#4616 = VECTOR('',#4617,1.);
#4617 = DIRECTION('',(0.,1.));
#4618 = ( GEOMETRIC_REPRESENTATION_CONTEXT(2) 
PARAMETRIC_REPRESENTATION_CONTEXT() REPRESENTATION_CONTEXT('2D SPACE',''
  ) );
#4619 = ORIENTED_EDGE('',*,*,#4504,.T.);
#4620 = ORIENTED_EDGE('',*,*,#1888,.F.);
#4621 = ORIENTED_EDGE('',*,*,#4622,.F.);
#4622 = EDGE_CURVE('',#4528,#1889,#4623,.T.);
#4623 = SURFACE_CURVE('',#4624,(#4627,#4634),.PCURVE_S1.);
#4624 = B_SPLINE_CURVE_WITH_KNOTS('',1,(#4625,#4626),.UNSPECIFIED.,.F.,
  .F.,(2,2),(0.,44.),.PIECEWISE_BEZIER_KNOTS.);
#4625 = CARTESIAN_POINT('',(-400.4381198401,42.459714261024,
    84.038591395697));
#4626 = CARTESIAN_POINT('',(-384.3873154812,22.999011891388,
    120.08928823656));
#4627 = PCURVE('',#1932,#4628);
#4628 = DEFINITIONAL_REPRESENTATION('',(#4629),#4633);
#4629 = LINE('',#4630,#4631);
#4630 = CARTESIAN_POINT('',(0.,66.666666666667));
#4631 = VECTOR('',#4632,1.);
#4632 = DIRECTION('',(1.,0.));
#4633 = ( GEOMETRIC_REPRESENTATION_CONTEXT(2) 
PARAMETRIC_REPRESENTATION_CONTEXT() REPRESENTATION_CONTEXT('2D SPACE',''
  ) );
#4634 = PCURVE('',#1975,#4635);
#4635 = DEFINITIONAL_REPRESENTATION('',(#4636),#4639);
#4636 = B_SPLINE_CURVE_WITH_KNOTS('',1,(#4637,#4638),.UNSPECIFIED.,.F.,
  .F.,(2,2),(0.,44.),.PIECEWISE_BEZIER_KNOTS.);
#4637 = CARTESIAN_POINT('',(-15.31984862663,15.188243877483));
#4638 = CARTESIAN_POINT('',(12.220784149468,-19.1266733786));
#4639 = ( GEOMETRIC_REPRESENTATION_CONTEXT(2) 
PARAMETRIC_REPRESENTATION_CONTEXT() REPRESENTATION_CONTEXT('2D SPACE',''
  ) );
#4640 = ADVANCED_FACE('',(#4641),#1975,.F.);
#4641 = FACE_BOUND('',#4642,.F.);
#4642 = EDGE_LOOP('',(#4643,#4644,#4665,#4694));
#4643 = ORIENTED_EDGE('',*,*,#1958,.T.);
#4644 = ORIENTED_EDGE('',*,*,#4645,.T.);
#4645 = EDGE_CURVE('',#1959,#4646,#4648,.T.);
#4646 = VERTEX_POINT('',#4647);
#4647 = CARTESIAN_POINT('',(-399.2336325501,48.,86.743914142604));
#4648 = SURFACE_CURVE('',#4649,(#4652,#4658),.PCURVE_S1.);
#4649 = B_SPLINE_CURVE_WITH_KNOTS('',1,(#4650,#4651),.UNSPECIFIED.,.F.,
  .F.,(2,2),(0.,44.),.PIECEWISE_BEZIER_KNOTS.);
#4650 = CARTESIAN_POINT('',(-383.7348848658,26.,121.55467139114));
#4651 = CARTESIAN_POINT('',(-399.2336325501,48.,86.743914142604));
#4652 = PCURVE('',#1975,#4653);
#4653 = DEFINITIONAL_REPRESENTATION('',(#4654),#4657);
#4654 = B_SPLINE_CURVE_WITH_KNOTS('',1,(#4655,#4656),.UNSPECIFIED.,.F.,
  .F.,(2,2),(0.,44.),.PIECEWISE_BEZIER_KNOTS.);
#4655 = CARTESIAN_POINT('',(14.942830012784,-17.0847601964));
#4656 = CARTESIAN_POINT('',(-10.29453318666,18.95792975231));
#4657 = ( GEOMETRIC_REPRESENTATION_CONTEXT(2) 
PARAMETRIC_REPRESENTATION_CONTEXT() REPRESENTATION_CONTEXT('2D SPACE',''
  ) );
#4658 = PCURVE('',#2035,#4659);
#4659 = DEFINITIONAL_REPRESENTATION('',(#4660),#4664);
#4660 = LINE('',#4661,#4662);
#4661 = CARTESIAN_POINT('',(0.,66.666666666667));
#4662 = VECTOR('',#4663,1.);
#4663 = DIRECTION('',(1.,0.));
#4664 = ( GEOMETRIC_REPRESENTATION_CONTEXT(2) 
PARAMETRIC_REPRESENTATION_CONTEXT() REPRESENTATION_CONTEXT('2D SPACE',''
  ) );
#4665 = ORIENTED_EDGE('',*,*,#4666,.T.);
#4666 = EDGE_CURVE('',#4646,#4528,#4667,.T.);
#4667 = SURFACE_CURVE('',#4668,(#4676,#4687),.PCURVE_S1.);
#4668 = ( BOUNDED_CURVE() B_SPLINE_CURVE(6,(#4669,#4670,#4671,#4672,
#4673,#4674,#4675),.UNSPECIFIED.,.F.,.F.) B_SPLINE_CURVE_WITH_KNOTS((7,7
),(0.,6.544984694977E-02),.PIECEWISE_BEZIER_KNOTS.) CURVE() 
GEOMETRIC_REPRESENTATION_ITEM() RATIONAL_B_SPLINE_CURVE((1.000053547667,
    1.000017847948,0.999996430156,0.999989291231,0.999996430156,
1.000017847948,1.000053547667)) REPRESENTATION_ITEM('') );
#4669 = CARTESIAN_POINT('',(-399.2336325501,48.,86.743914142604));
#4670 = CARTESIAN_POINT('',(-399.4220248967,47.060763532649,
    86.320778004208));
#4671 = CARTESIAN_POINT('',(-399.6154099344,46.127630447049,
    85.886428098145));
#4672 = CARTESIAN_POINT('',(-399.8137506521,45.20078094737,
    85.44094755238));
#4673 = CARTESIAN_POINT('',(-400.0170089061,44.280393805927,
    84.984422039326));
#4674 = CARTESIAN_POINT('',(-400.2251454291,43.366646318627,
    84.51693975476));
#4675 = CARTESIAN_POINT('',(-400.4381198401,42.459714261024,
    84.038591395697));
#4676 = PCURVE('',#1975,#4677);
#4677 = DEFINITIONAL_REPRESENTATION('',(#4678),#4686);
#4678 = ( BOUNDED_CURVE() B_SPLINE_CURVE(6,(#4679,#4680,#4681,#4682,
#4683,#4684,#4685),.UNSPECIFIED.,.F.,.F.) B_SPLINE_CURVE_WITH_KNOTS((7,7
),(0.,6.544984694977E-02),.PIECEWISE_BEZIER_KNOTS.) CURVE() 
GEOMETRIC_REPRESENTATION_ITEM() RATIONAL_B_SPLINE_CURVE((1.000053547667,
    1.000017847948,0.999996430156,0.999989291231,0.999996430156,
1.000017847948,1.000053547667)) REPRESENTATION_ITEM('') );
#4679 = CARTESIAN_POINT('',(-10.29453318666,18.95792975231));
#4680 = CARTESIAN_POINT('',(-11.11125546276,18.302440825485));
#4681 = CARTESIAN_POINT('',(-11.93652326356,17.657671078923));
#4682 = CARTESIAN_POINT('',(-12.77017796212,17.023745376967));
#4683 = CARTESIAN_POINT('',(-13.61205901231,16.400786109162));
#4684 = CARTESIAN_POINT('',(-14.46200398862,15.788913159631));
#4685 = CARTESIAN_POINT('',(-15.31984862663,15.188243877483));
#4686 = ( GEOMETRIC_REPRESENTATION_CONTEXT(2) 
PARAMETRIC_REPRESENTATION_CONTEXT() REPRESENTATION_CONTEXT('2D SPACE',''
  ) );
#4687 = PCURVE('',#4549,#4688);
#4688 = DEFINITIONAL_REPRESENTATION('',(#4689),#4693);
#4689 = LINE('',#4690,#4691);
#4690 = CARTESIAN_POINT('',(0.,66.666666666667));
#4691 = VECTOR('',#4692,1.);
#4692 = DIRECTION('',(1.,0.));
#4693 = ( GEOMETRIC_REPRESENTATION_CONTEXT(2) 
PARAMETRIC_REPRESENTATION_CONTEXT() REPRESENTATION_CONTEXT('2D SPACE',''
  ) );
#4694 = ORIENTED_EDGE('',*,*,#4622,.T.);
#4695 = ADVANCED_FACE('',(#4696),#2035,.F.);
#4696 = FACE_BOUND('',#4697,.F.);
#4697 = EDGE_LOOP('',(#4698,#4699,#4700,#4727));
#4698 = ORIENTED_EDGE('',*,*,#1991,.F.);
#4699 = ORIENTED_EDGE('',*,*,#3758,.T.);
#4700 = ORIENTED_EDGE('',*,*,#4701,.T.);
#4701 = EDGE_CURVE('',#3666,#4646,#4702,.T.);
#4702 = SURFACE_CURVE('',#4703,(#4713,#4720),.PCURVE_S1.);
#4703 = B_SPLINE_CURVE_WITH_KNOTS('',8,(#4704,#4705,#4706,#4707,#4708,
    #4709,#4710,#4711,#4712),.UNSPECIFIED.,.F.,.F.,(9,9),(0.,
    66.666666666667),.PIECEWISE_BEZIER_KNOTS.);
#4704 = CARTESIAN_POINT('',(-269.1268082058,40.571353127107,
    215.06240378431));
#4705 = CARTESIAN_POINT('',(-281.2398701362,64.298435507487,
    208.34429904048));
#4706 = CARTESIAN_POINT('',(-296.3607752703,84.577251857972,
    194.87046785093));
#4707 = CARTESIAN_POINT('',(-313.9790756058,98.718601523705,
    175.78739520022));
#4708 = CARTESIAN_POINT('',(-333.1094479816,104.58198952288,
    153.30815314226));
#4709 = CARTESIAN_POINT('',(-352.4038466043,101.20888809014,
    130.46050210162));
#4710 = CARTESIAN_POINT('',(-370.4853761351,89.265317538597,
    110.33699964354));
#4711 = CARTESIAN_POINT('',(-386.2965835288,70.672492052928,
    95.312724193849));
#4712 = CARTESIAN_POINT('',(-399.2336325501,48.,86.743914142604));
#4713 = PCURVE('',#2035,#4714);
#4714 = DEFINITIONAL_REPRESENTATION('',(#4715),#4719);
#4715 = LINE('',#4716,#4717);
#4716 = CARTESIAN_POINT('',(44.,0.));
#4717 = VECTOR('',#4718,1.);
#4718 = DIRECTION('',(0.,1.));
#4719 = ( GEOMETRIC_REPRESENTATION_CONTEXT(2) 
PARAMETRIC_REPRESENTATION_CONTEXT() REPRESENTATION_CONTEXT('2D SPACE',''
  ) );
#4720 = PCURVE('',#4549,#4721);
#4721 = DEFINITIONAL_REPRESENTATION('',(#4722),#4726);
#4722 = LINE('',#4723,#4724);
#4723 = CARTESIAN_POINT('',(0.,0.));
#4724 = VECTOR('',#4725,1.);
#4725 = DIRECTION('',(0.,1.));
#4726 = ( GEOMETRIC_REPRESENTATION_CONTEXT(2) 
PARAMETRIC_REPRESENTATION_CONTEXT() REPRESENTATION_CONTEXT('2D SPACE',''
  ) );
#4727 = ORIENTED_EDGE('',*,*,#4645,.F.);
#4728 = ADVANCED_FACE('',(#4729),#2160,.F.);
#4729 = FACE_BOUND('',#4730,.F.);
#4730 = EDGE_LOOP('',(#4731,#4732,#4733,#4734));
#4731 = ORIENTED_EDGE('',*,*,#3552,.F.);
#4732 = ORIENTED_EDGE('',*,*,#3606,.T.);
#4733 = ORIENTED_EDGE('',*,*,#2136,.T.);
#4734 = ORIENTED_EDGE('',*,*,#4735,.F.);
#4735 = EDGE_CURVE('',#3553,#2139,#4736,.T.);
#4736 = SURFACE_CURVE('',#4737,(#4745,#4752),.PCURVE_S1.);
#4737 = ( BOUNDED_CURVE() B_SPLINE_CURVE(6,(#4738,#4739,#4740,#4741,
#4742,#4743,#4744),.UNSPECIFIED.,.F.,.F.) B_SPLINE_CURVE_WITH_KNOTS((7,7
),(0.,6.544984694977E-02),.PIECEWISE_BEZIER_KNOTS.) CURVE() 
GEOMETRIC_REPRESENTATION_ITEM() RATIONAL_B_SPLINE_CURVE((1.000053547667,
    1.000017847948,0.999996430156,0.999989291231,0.999996430156,
1.000017847948,1.000053547667)) REPRESENTATION_ITEM('') );
#4738 = CARTESIAN_POINT('',(-22.00489732373,8.366951303775,
    114.48241377651));
#4739 = CARTESIAN_POINT('',(-22.06969410089,9.401998006132,
    114.33687783219));
#4740 = CARTESIAN_POINT('',(-22.12897721925,10.439085759832,
    114.20372576828));
#4741 = CARTESIAN_POINT('',(-22.18273495576,11.47801475774,
    114.08298391519));
#4742 = CARTESIAN_POINT('',(-22.23095684941,12.518584768073,
    113.97467576875));
#4743 = CARTESIAN_POINT('',(-22.2736337039,13.560595184141,
    113.87882198418));
#4744 = CARTESIAN_POINT('',(-22.31075758986,14.603845074232,
    113.79544037112));
#4745 = PCURVE('',#2160,#4746);
#4746 = DEFINITIONAL_REPRESENTATION('',(#4747),#4751);
#4747 = LINE('',#4748,#4749);
#4748 = CARTESIAN_POINT('',(0.,66.666666666667));
#4749 = VECTOR('',#4750,1.);
#4750 = DIRECTION('',(1.,0.));
#4751 = ( GEOMETRIC_REPRESENTATION_CONTEXT(2) 
PARAMETRIC_REPRESENTATION_CONTEXT() REPRESENTATION_CONTEXT('2D SPACE',''
  ) );
#4752 = PCURVE('',#2297,#4753);
#4753 = DEFINITIONAL_REPRESENTATION('',(#4754),#4758);
#4754 = LINE('',#4755,#4756);
#4755 = CARTESIAN_POINT('',(0.,0.));
#4756 = VECTOR('',#4757,1.);
#4757 = DIRECTION('',(1.,0.));
#4758 = ( GEOMETRIC_REPRESENTATION_CONTEXT(2) 
PARAMETRIC_REPRESENTATION_CONTEXT() REPRESENTATION_CONTEXT('2D SPACE',''
  ) );
#4759 = ADVANCED_FACE('',(#4760),#2297,.F.);
#4760 = FACE_BOUND('',#4761,.F.);
#4761 = EDGE_LOOP('',(#4762,#4791,#4792,#4793));
#4762 = ORIENTED_EDGE('',*,*,#4763,.F.);
#4763 = EDGE_CURVE('',#3553,#4764,#4766,.T.);
#4764 = VERTEX_POINT('',#4765);
#4765 = CARTESIAN_POINT('',(-146.9048073781,73.540266539422,
    -2.141154891469));
#4766 = SURFACE_CURVE('',#4767,(#4777,#4784),.PCURVE_S1.);
#4767 = B_SPLINE_CURVE_WITH_KNOTS('',8,(#4768,#4769,#4770,#4771,#4772,
    #4773,#4774,#4775,#4776),.UNSPECIFIED.,.F.,.F.,(9,9),(0.,
    66.666666666667),.PIECEWISE_BEZIER_KNOTS.);
#4768 = CARTESIAN_POINT('',(-22.00489732373,8.366951303775,
    114.48241377651));
#4769 = CARTESIAN_POINT('',(-30.54584015535,34.447267512693,
    115.78741988935));
#4770 = CARTESIAN_POINT('',(-42.39292666483,59.816534173235,
    109.66670572188));
#4771 = CARTESIAN_POINT('',(-57.44059304857,81.518499447227,
    96.357371458984));
#4772 = CARTESIAN_POINT('',(-75.06070720846,96.713209134704,
    77.270224891976));
#4773 = CARTESIAN_POINT('',(-94.1198632943,103.36638563683,
    54.95093724001));
#4774 = CARTESIAN_POINT('',(-113.2315514154,100.94606794657,
    32.513660704975));
#4775 = CARTESIAN_POINT('',(-131.1348265609,90.368406809504,
    12.79052415138));
#4776 = CARTESIAN_POINT('',(-146.9048073781,73.540266539422,
    -2.141154891469));
#4777 = PCURVE('',#2297,#4778);
#4778 = DEFINITIONAL_REPRESENTATION('',(#4779),#4783);
#4779 = LINE('',#4780,#4781);
#4780 = CARTESIAN_POINT('',(0.,0.));
#4781 = VECTOR('',#4782,1.);
#4782 = DIRECTION('',(0.,1.));
#4783 = ( GEOMETRIC_REPRESENTATION_CONTEXT(2) 
PARAMETRIC_REPRESENTATION_CONTEXT() REPRESENTATION_CONTEXT('2D SPACE',''
  ) );
#4784 = PCURVE('',#3500,#4785);
#4785 = DEFINITIONAL_REPRESENTATION('',(#4786),#4790);
#4786 = LINE('',#4787,#4788);
#4787 = CARTESIAN_POINT('',(44.,0.));
#4788 = VECTOR('',#4789,1.);
#4789 = DIRECTION('',(0.,1.));
#4790 = ( GEOMETRIC_REPRESENTATION_CONTEXT(2) 
PARAMETRIC_REPRESENTATION_CONTEXT() REPRESENTATION_CONTEXT('2D SPACE',''
  ) );
#4791 = ORIENTED_EDGE('',*,*,#4735,.T.);
#4792 = ORIENTED_EDGE('',*,*,#2275,.T.);
#4793 = ORIENTED_EDGE('',*,*,#4794,.F.);
#4794 = EDGE_CURVE('',#4764,#2276,#4795,.T.);
#4795 = SURFACE_CURVE('',#4796,(#4804,#4811),.PCURVE_S1.);
#4796 = ( BOUNDED_CURVE() B_SPLINE_CURVE(6,(#4797,#4798,#4799,#4800,
#4801,#4802,#4803),.UNSPECIFIED.,.F.,.F.) B_SPLINE_CURVE_WITH_KNOTS((7,7
),(0.,6.544984694977E-02),.PIECEWISE_BEZIER_KNOTS.) CURVE() 
GEOMETRIC_REPRESENTATION_ITEM() RATIONAL_B_SPLINE_CURVE((1.000053547667,
    1.000017847948,0.999996430156,0.999989291231,0.999996430156,
1.000017847948,1.000053547667)) REPRESENTATION_ITEM('') );
#4797 = CARTESIAN_POINT('',(-146.9048073781,73.540266539422,
    -2.141154891469));
#4798 = CARTESIAN_POINT('',(-147.2124974569,72.816089909268,
    -2.832238123264));
#4799 = CARTESIAN_POINT('',(-147.5240300761,72.101846878109,
    -3.531951842369));
#4800 = CARTESIAN_POINT('',(-147.8393453884,71.397675660389,
    -4.240161629088));
#4801 = CARTESIAN_POINT('',(-148.1583826808,70.70371217244,
    -4.956731120105));
#4802 = CARTESIAN_POINT('',(-148.4810803902,70.020089998506,
    -5.681522042226));
#4803 = CARTESIAN_POINT('',(-148.8073761184,69.346940357737,
    -6.414394246896));
#4804 = PCURVE('',#2297,#4805);
#4805 = DEFINITIONAL_REPRESENTATION('',(#4806),#4810);
#4806 = LINE('',#4807,#4808);
#4807 = CARTESIAN_POINT('',(0.,66.666666666667));
#4808 = VECTOR('',#4809,1.);
#4809 = DIRECTION('',(1.,0.));
#4810 = ( GEOMETRIC_REPRESENTATION_CONTEXT(2) 
PARAMETRIC_REPRESENTATION_CONTEXT() REPRESENTATION_CONTEXT('2D SPACE',''
  ) );
#4811 = PCURVE('',#2415,#4812);
#4812 = DEFINITIONAL_REPRESENTATION('',(#4813),#4817);
#4813 = LINE('',#4814,#4815);
#4814 = CARTESIAN_POINT('',(0.,0.));
#4815 = VECTOR('',#4816,1.);
#4816 = DIRECTION('',(1.,0.));
#4817 = ( GEOMETRIC_REPRESENTATION_CONTEXT(2) 
PARAMETRIC_REPRESENTATION_CONTEXT() REPRESENTATION_CONTEXT('2D SPACE',''
  ) );
#4818 = ADVANCED_FACE('',(#4819),#2415,.F.);
#4819 = FACE_BOUND('',#4820,.F.);
#4820 = EDGE_LOOP('',(#4821,#4848,#4849,#4850));
#4821 = ORIENTED_EDGE('',*,*,#4822,.F.);
#4822 = EDGE_CURVE('',#4764,#4397,#4823,.T.);
#4823 = SURFACE_CURVE('',#4824,(#4834,#4841),.PCURVE_S1.);
#4824 = B_SPLINE_CURVE_WITH_KNOTS('',8,(#4825,#4826,#4827,#4828,#4829,
    #4830,#4831,#4832,#4833),.UNSPECIFIED.,.F.,.F.,(9,9),(0.,
    66.666666666667),.PIECEWISE_BEZIER_KNOTS.);
#4825 = CARTESIAN_POINT('',(-146.9048073781,73.540266539422,
    -2.141154891469));
#4826 = CARTESIAN_POINT('',(-162.6747881954,56.71212626934,
    -17.07283393431));
#4827 = CARTESIAN_POINT('',(-176.3115360178,33.633380335203,
    -27.21319322343));
#4828 = CARTESIAN_POINT('',(-186.8906382731,6.212266594666,
    -30.48596812735));
#4829 = CARTESIAN_POINT('',(-193.8261631978,-22.65725011888,
    -25.57513435816));
#4830 = CARTESIAN_POINT('',(-197.0904267938,-49.52572007254,
    -12.41851263788));
#4831 = CARTESIAN_POINT('',(-197.3014601454,-71.29564507215,
    7.595776490314));
#4832 = CARTESIAN_POINT('',(-195.4877539276,-85.95301256789,
    32.157705148858));
#4833 = CARTESIAN_POINT('',(-192.8151257271,-92.72887932375,
    58.648804166699));
#4834 = PCURVE('',#2415,#4835);
#4835 = DEFINITIONAL_REPRESENTATION('',(#4836),#4840);
#4836 = LINE('',#4837,#4838);
#4837 = CARTESIAN_POINT('',(0.,0.));
#4838 = VECTOR('',#4839,1.);
#4839 = DIRECTION('',(0.,1.));
#4840 = ( GEOMETRIC_REPRESENTATION_CONTEXT(2) 
PARAMETRIC_REPRESENTATION_CONTEXT() REPRESENTATION_CONTEXT('2D SPACE',''
  ) );
#4841 = PCURVE('',#3432,#4842);
#4842 = DEFINITIONAL_REPRESENTATION('',(#4843),#4847);
#4843 = LINE('',#4844,#4845);
#4844 = CARTESIAN_POINT('',(44.,0.));
#4845 = VECTOR('',#4846,1.);
#4846 = DIRECTION('',(0.,1.));
#4847 = ( GEOMETRIC_REPRESENTATION_CONTEXT(2) 
PARAMETRIC_REPRESENTATION_CONTEXT() REPRESENTATION_CONTEXT('2D SPACE',''
  ) );
#4848 = ORIENTED_EDGE('',*,*,#4794,.T.);
#4849 = ORIENTED_EDGE('',*,*,#2393,.T.);
#4850 = ORIENTED_EDGE('',*,*,#4851,.F.);
#4851 = EDGE_CURVE('',#4397,#2394,#4852,.T.);
#4852 = SURFACE_CURVE('',#4853,(#4861,#4868),.PCURVE_S1.);
#4853 = ( BOUNDED_CURVE() B_SPLINE_CURVE(6,(#4854,#4855,#4856,#4857,
#4858,#4859,#4860),.UNSPECIFIED.,.F.,.F.) B_SPLINE_CURVE_WITH_KNOTS((7,7
),(0.,6.544984694977E-02),.PIECEWISE_BEZIER_KNOTS.) CURVE() 
GEOMETRIC_REPRESENTATION_ITEM() RATIONAL_B_SPLINE_CURVE((1.000053547667,
    1.000017847948,0.999996430156,0.999989291231,0.999996430156,
1.000017847948,1.000053547667)) REPRESENTATION_ITEM('') );
#4854 = CARTESIAN_POINT('',(-192.8151257271,-92.72887932375,
    58.648804166699));
#4855 = CARTESIAN_POINT('',(-192.3973613922,-92.93318472448,
    59.587118225646));
#4856 = CARTESIAN_POINT('',(-191.9807027348,-93.15092653318,
    60.522948892497));
#4857 = CARTESIAN_POINT('',(-191.565230132,-93.3820634958,
    61.456115636901));
#4858 = CARTESIAN_POINT('',(-191.1510236918,-93.62655129738,
    62.386438533447));
#4859 = CARTESIAN_POINT('',(-190.738163233,-93.88434257278,
    63.313738306441));
#4860 = CARTESIAN_POINT('',(-190.3267282651,-94.15538691871,
    64.237836374405));
#4861 = PCURVE('',#2415,#4862);
#4862 = DEFINITIONAL_REPRESENTATION('',(#4863),#4867);
#4863 = LINE('',#4864,#4865);
#4864 = CARTESIAN_POINT('',(0.,66.666666666667));
#4865 = VECTOR('',#4866,1.);
#4866 = DIRECTION('',(1.,0.));
#4867 = ( GEOMETRIC_REPRESENTATION_CONTEXT(2) 
PARAMETRIC_REPRESENTATION_CONTEXT() REPRESENTATION_CONTEXT('2D SPACE',''
  ) );
#4868 = PCURVE('',#2533,#4869);
#4869 = DEFINITIONAL_REPRESENTATION('',(#4870),#4874);
#4870 = LINE('',#4871,#4872);
#4871 = CARTESIAN_POINT('',(0.,0.));
#4872 = VECTOR('',#4873,1.);
#4873 = DIRECTION('',(1.,0.));
#4874 = ( GEOMETRIC_REPRESENTATION_CONTEXT(2) 
PARAMETRIC_REPRESENTATION_CONTEXT() REPRESENTATION_CONTEXT('2D SPACE',''
  ) );
#4875 = ADVANCED_FACE('',(#4876),#2533,.F.);
#4876 = FACE_BOUND('',#4877,.F.);
#4877 = EDGE_LOOP('',(#4878,#4879,#4880,#4881));
#4878 = ORIENTED_EDGE('',*,*,#4418,.F.);
#4879 = ORIENTED_EDGE('',*,*,#4851,.T.);
#4880 = ORIENTED_EDGE('',*,*,#2511,.T.);
#4881 = ORIENTED_EDGE('',*,*,#4882,.F.);
#4882 = EDGE_CURVE('',#4342,#2512,#4883,.T.);
#4883 = SURFACE_CURVE('',#4884,(#4892,#4899),.PCURVE_S1.);
#4884 = ( BOUNDED_CURVE() B_SPLINE_CURVE(6,(#4885,#4886,#4887,#4888,
#4889,#4890,#4891),.UNSPECIFIED.,.F.,.F.) B_SPLINE_CURVE_WITH_KNOTS((7,7
),(0.,6.544984694977E-02),.PIECEWISE_BEZIER_KNOTS.) CURVE() 
GEOMETRIC_REPRESENTATION_ITEM() RATIONAL_B_SPLINE_CURVE((1.000053547667,
    1.000017847948,0.999996430156,0.999989291231,0.999996430156,
1.000017847948,1.000053547667)) REPRESENTATION_ITEM('') );
#4885 = CARTESIAN_POINT('',(-206.9202095162,32.833933759264,
    190.87448964894));
#4886 = CARTESIAN_POINT('',(-207.0917589944,33.792479916777,
    190.48918321251));
#4887 = CARTESIAN_POINT('',(-207.258197551,34.756506089291,
    190.11535609378));
#4888 = CARTESIAN_POINT('',(-207.4194928285,35.725826737675,
    189.75308096894));
#4889 = CARTESIAN_POINT('',(-207.5756136438,36.70025510955,
    189.40242787665));
#4890 = CARTESIAN_POINT('',(-207.7265299958,37.679603285613,
    189.06346420032));
#4891 = CARTESIAN_POINT('',(-207.8722130729,38.663682226439,
    188.73625465167));
#4892 = PCURVE('',#2533,#4893);
#4893 = DEFINITIONAL_REPRESENTATION('',(#4894),#4898);
#4894 = LINE('',#4895,#4896);
#4895 = CARTESIAN_POINT('',(0.,66.666666666667));
#4896 = VECTOR('',#4897,1.);
#4897 = DIRECTION('',(1.,0.));
#4898 = ( GEOMETRIC_REPRESENTATION_CONTEXT(2) 
PARAMETRIC_REPRESENTATION_CONTEXT() REPRESENTATION_CONTEXT('2D SPACE',''
  ) );
#4899 = PCURVE('',#4018,#4900);
#4900 = DEFINITIONAL_REPRESENTATION('',(#4901),#4905);
#4901 = LINE('',#4902,#4903);
#4902 = CARTESIAN_POINT('',(0.,0.));
#4903 = VECTOR('',#4904,1.);
#4904 = DIRECTION('',(1.,0.));
#4905 = ( GEOMETRIC_REPRESENTATION_CONTEXT(2) 
PARAMETRIC_REPRESENTATION_CONTEXT() REPRESENTATION_CONTEXT('2D SPACE',''
  ) );
#4906 = ADVANCED_FACE('',(#4907),#2676,.F.);
#4907 = FACE_BOUND('',#4908,.F.);
#4908 = EDGE_LOOP('',(#4909,#4910,#4935,#4936));
#4909 = ORIENTED_EDGE('',*,*,#2654,.F.);
#4910 = ORIENTED_EDGE('',*,*,#4911,.T.);
#4911 = EDGE_CURVE('',#2633,#2943,#4912,.T.);
#4912 = SURFACE_CURVE('',#4913,(#4921,#4928),.PCURVE_S1.);
#4913 = ( BOUNDED_CURVE() B_SPLINE_CURVE(6,(#4914,#4915,#4916,#4917,
#4918,#4919,#4920),.UNSPECIFIED.,.F.,.F.) B_SPLINE_CURVE_WITH_KNOTS((7,7
),(0.,6.544984694977E-02),.PIECEWISE_BEZIER_KNOTS.) CURVE() 
GEOMETRIC_REPRESENTATION_ITEM() RATIONAL_B_SPLINE_CURVE((1.000053547667,
    1.000017847948,0.999996430156,0.999989291231,0.999996430156,
1.000017847948,1.000053547667)) REPRESENTATION_ITEM('') );
#4914 = CARTESIAN_POINT('',(-77.40488648546,-87.00554755551,
    -9.947999154629));
#4915 = CARTESIAN_POINT('',(-77.0078988314,-87.38510533105,
    -9.056350284819));
#4916 = CARTESIAN_POINT('',(-76.61294905811,-87.77742333818,
    -8.169278570149));
#4917 = CARTESIAN_POINT('',(-76.22011340802,-88.18242663414,
    -7.286955253952));
#4918 = CARTESIAN_POINT('',(-75.82946764215,-88.60003737666,
    -6.409550498238));
#4919 = CARTESIAN_POINT('',(-75.4410870212,-89.0301748432,
    -5.537233341309));
#4920 = CARTESIAN_POINT('',(-75.05504628689,-89.47275545114,
    -4.67017165584));
#4921 = PCURVE('',#2676,#4922);
#4922 = DEFINITIONAL_REPRESENTATION('',(#4923),#4927);
#4923 = LINE('',#4924,#4925);
#4924 = CARTESIAN_POINT('',(0.,0.));
#4925 = VECTOR('',#4926,1.);
#4926 = DIRECTION('',(1.,0.));
#4927 = ( GEOMETRIC_REPRESENTATION_CONTEXT(2) 
PARAMETRIC_REPRESENTATION_CONTEXT() REPRESENTATION_CONTEXT('2D SPACE',''
  ) );
#4928 = PCURVE('',#2812,#4929);
#4929 = DEFINITIONAL_REPRESENTATION('',(#4930),#4934);
#4930 = LINE('',#4931,#4932);
#4931 = CARTESIAN_POINT('',(0.,66.666666666667));
#4932 = VECTOR('',#4933,1.);
#4933 = DIRECTION('',(1.,0.));
#4934 = ( GEOMETRIC_REPRESENTATION_CONTEXT(2) 
PARAMETRIC_REPRESENTATION_CONTEXT() REPRESENTATION_CONTEXT('2D SPACE',''
  ) );
#4935 = ORIENTED_EDGE('',*,*,#2996,.T.);
#4936 = ORIENTED_EDGE('',*,*,#4937,.F.);
#4937 = EDGE_CURVE('',#2655,#2997,#4938,.T.);
#4938 = SURFACE_CURVE('',#4939,(#4947,#4954),.PCURVE_S1.);
#4939 = ( BOUNDED_CURVE() B_SPLINE_CURVE(6,(#4940,#4941,#4942,#4943,
#4944,#4945,#4946),.UNSPECIFIED.,.F.,.F.) B_SPLINE_CURVE_WITH_KNOTS((7,7
),(0.,6.544984694977E-02),.PIECEWISE_BEZIER_KNOTS.) CURVE() 
GEOMETRIC_REPRESENTATION_ITEM() RATIONAL_B_SPLINE_CURVE((1.000053547667,
    1.000017847948,0.999996430156,0.999989291231,0.999996430156,
1.000017847948,1.000053547667)) REPRESENTATION_ITEM('') );
#4940 = CARTESIAN_POINT('',(-83.35255066363,16.670225056025,
    140.59955075399));
#4941 = CARTESIAN_POINT('',(-83.45379268948,17.687448405551,
    140.37215744086));
#4942 = CARTESIAN_POINT('',(-83.5496143918,18.707886509323,
    140.15693837373));
#4943 = CARTESIAN_POINT('',(-83.63999700907,19.731342832553,
    139.9539356916));
#4944 = CARTESIAN_POINT('',(-83.724923022,20.757620146996,
    139.76318874351));
#4945 = CARTESIAN_POINT('',(-83.80437615788,21.786520579914,
    139.58473407851));
#4946 = CARTESIAN_POINT('',(-83.87834139461,22.817845663313,
    139.41860543683));
#4947 = PCURVE('',#2676,#4948);
#4948 = DEFINITIONAL_REPRESENTATION('',(#4949),#4953);
#4949 = LINE('',#4950,#4951);
#4950 = CARTESIAN_POINT('',(0.,66.666666666667));
#4951 = VECTOR('',#4952,1.);
#4952 = DIRECTION('',(1.,0.));
#4953 = ( GEOMETRIC_REPRESENTATION_CONTEXT(2) 
PARAMETRIC_REPRESENTATION_CONTEXT() REPRESENTATION_CONTEXT('2D SPACE',''
  ) );
#4954 = PCURVE('',#3921,#4955);
#4955 = DEFINITIONAL_REPRESENTATION('',(#4956),#4960);
#4956 = LINE('',#4957,#4958);
#4957 = CARTESIAN_POINT('',(0.,0.));
#4958 = VECTOR('',#4959,1.);
#4959 = DIRECTION('',(1.,0.));
#4960 = ( GEOMETRIC_REPRESENTATION_CONTEXT(2) 
PARAMETRIC_REPRESENTATION_CONTEXT() REPRESENTATION_CONTEXT('2D SPACE',''
  ) );
#4961 = ADVANCED_FACE('',(#4962),#2812,.F.);
#4962 = FACE_BOUND('',#4963,.F.);
#4963 = EDGE_LOOP('',(#4964,#4965,#4966,#4967));
#4964 = ORIENTED_EDGE('',*,*,#2792,.F.);
#4965 = ORIENTED_EDGE('',*,*,#2889,.T.);
#4966 = ORIENTED_EDGE('',*,*,#2942,.T.);
#4967 = ORIENTED_EDGE('',*,*,#4911,.F.);
#4968 = ADVANCED_FACE('',(#4969),#3072,.F.);
#4969 = FACE_BOUND('',#4970,.F.);
#4970 = EDGE_LOOP('',(#4971,#5000,#5001,#5002));
#4971 = ORIENTED_EDGE('',*,*,#4972,.F.);
#4972 = EDGE_CURVE('',#2997,#4973,#4975,.T.);
#4973 = VERTEX_POINT('',#4974);
#4974 = CARTESIAN_POINT('',(-212.0659682732,63.297198249607,
    15.410703879419));
#4975 = SURFACE_CURVE('',#4976,(#4986,#4993),.PCURVE_S1.);
#4976 = ( BOUNDED_CURVE() B_SPLINE_CURVE(8,(#4977,#4978,#4979,#4980,
    #4981,#4982,#4983,#4984,#4985),.UNSPECIFIED.,.F.,.F.) 
B_SPLINE_CURVE_WITH_KNOTS((9,9),(0.,66.666666666667),
.PIECEWISE_BEZIER_KNOTS.) CURVE() GEOMETRIC_REPRESENTATION_ITEM() 
RATIONAL_B_SPLINE_CURVE((1.000053547667,1.000053547667,1.000053547667,
    1.000053547667,1.000053547667,1.000053547667,1.000053547667,
1.000053547667,1.000053547667)) REPRESENTATION_ITEM('') );
#4977 = CARTESIAN_POINT('',(-83.87834139461,22.817845663313,
    139.41860543683));
#4978 = CARTESIAN_POINT('',(-94.0221805017,48.24752158538,137.1234475702
    ));
#4979 = CARTESIAN_POINT('',(-107.3896891777,71.737894214185,
    127.58780930467));
#4980 = CARTESIAN_POINT('',(-123.6936166367,90.406599887619,
    111.45686646915));
#4981 = CARTESIAN_POINT('',(-142.1374215217,101.68166458221,
    90.519680243194));
#4982 = CARTESIAN_POINT('',(-161.4750199064,103.97639122225,
    67.57500094872));
#4983 = CARTESIAN_POINT('',(-180.3031241428,97.283577954549,
    45.774664247256));
#4984 = CARTESIAN_POINT('',(-197.432150769,82.980318381709,
    27.790518340136));
#4985 = CARTESIAN_POINT('',(-212.0659682732,63.297198249607,
    15.410703879419));
#4986 = PCURVE('',#3072,#4987);
#4987 = DEFINITIONAL_REPRESENTATION('',(#4988),#4992);
#4988 = LINE('',#4989,#4990);
#4989 = CARTESIAN_POINT('',(0.,0.));
#4990 = VECTOR('',#4991,1.);
#4991 = DIRECTION('',(0.,1.));
#4992 = ( GEOMETRIC_REPRESENTATION_CONTEXT(2) 
PARAMETRIC_REPRESENTATION_CONTEXT() REPRESENTATION_CONTEXT('2D SPACE',''
  ) );
#4993 = PCURVE('',#3921,#4994);
#4994 = DEFINITIONAL_REPRESENTATION('',(#4995),#4999);
#4995 = LINE('',#4996,#4997);
#4996 = CARTESIAN_POINT('',(6.544984694977E-02,0.));
#4997 = VECTOR('',#4998,1.);
#4998 = DIRECTION('',(0.,1.));
#4999 = ( GEOMETRIC_REPRESENTATION_CONTEXT(2) 
PARAMETRIC_REPRESENTATION_CONTEXT() REPRESENTATION_CONTEXT('2D SPACE',''
  ) );
#5000 = ORIENTED_EDGE('',*,*,#3059,.T.);
#5001 = ORIENTED_EDGE('',*,*,#3135,.F.);
#5002 = ORIENTED_EDGE('',*,*,#5003,.F.);
#5003 = EDGE_CURVE('',#4973,#3136,#5004,.T.);
#5004 = SURFACE_CURVE('',#5005,(#5008,#5015),.PCURVE_S1.);
#5005 = B_SPLINE_CURVE_WITH_KNOTS('',1,(#5006,#5007),.UNSPECIFIED.,.F.,
  .F.,(2,2),(0.,44.),.PIECEWISE_BEZIER_KNOTS.);
#5006 = CARTESIAN_POINT('',(-212.0659682732,63.297198249607,
    15.410703879419));
#5007 = CARTESIAN_POINT('',(-198.6107330986,34.285982385204,
    45.6316568833));
#5008 = PCURVE('',#3072,#5009);
#5009 = DEFINITIONAL_REPRESENTATION('',(#5010),#5014);
#5010 = LINE('',#5011,#5012);
#5011 = CARTESIAN_POINT('',(0.,66.666666666667));
#5012 = VECTOR('',#5013,1.);
#5013 = DIRECTION('',(1.,0.));
#5014 = ( GEOMETRIC_REPRESENTATION_CONTEXT(2) 
PARAMETRIC_REPRESENTATION_CONTEXT() REPRESENTATION_CONTEXT('2D SPACE',''
  ) );
#5015 = PCURVE('',#3230,#5016);
#5016 = DEFINITIONAL_REPRESENTATION('',(#5017),#5021);
#5017 = LINE('',#5018,#5019);
#5018 = CARTESIAN_POINT('',(0.,0.));
#5019 = VECTOR('',#5020,1.);
#5020 = DIRECTION('',(1.,0.));
#5021 = ( GEOMETRIC_REPRESENTATION_CONTEXT(2) 
PARAMETRIC_REPRESENTATION_CONTEXT() REPRESENTATION_CONTEXT('2D SPACE',''
  ) );
#5022 = ADVANCED_FACE('',(#5023),#3230,.F.);
#5023 = FACE_BOUND('',#5024,.F.);
#5024 = EDGE_LOOP('',(#5025,#5052,#5053,#5054));
#5025 = ORIENTED_EDGE('',*,*,#5026,.F.);
#5026 = EDGE_CURVE('',#4973,#4450,#5027,.T.);
#5027 = SURFACE_CURVE('',#5028,(#5038,#5045),.PCURVE_S1.);
#5028 = ( BOUNDED_CURVE() B_SPLINE_CURVE(8,(#5029,#5030,#5031,#5032,
    #5033,#5034,#5035,#5036,#5037),.UNSPECIFIED.,.F.,.F.) 
B_SPLINE_CURVE_WITH_KNOTS((9,9),(0.,66.666666666667),
.PIECEWISE_BEZIER_KNOTS.) CURVE() GEOMETRIC_REPRESENTATION_ITEM() 
RATIONAL_B_SPLINE_CURVE((1.000053547667,1.000053547667,1.000053547667,
    1.000053547667,1.000053547667,1.000053547667,1.000053547667,
1.000053547667,1.000053547667)) REPRESENTATION_ITEM('') );
#5029 = CARTESIAN_POINT('',(-212.0659682732,63.297198249607,
    15.410703879419));
#5030 = CARTESIAN_POINT('',(-226.6997857775,43.614078117504,
    3.030889418701));
#5031 = CARTESIAN_POINT('',(-238.8384469504,18.550949428457,
    -3.74471216512));
#5032 = CARTESIAN_POINT('',(-247.6863685915,-9.66041984209,
    -3.129191747313));
#5033 = CARTESIAN_POINT('',(-252.843499928,-37.94060216879,5.77597941954
    ));
#5034 = CARTESIAN_POINT('',(-254.4959109505,-62.86994012381,
    22.552881293888));
#5035 = CARTESIAN_POINT('',(-253.4460948799,-81.61813523709,
    45.399084590806));
#5036 = CARTESIAN_POINT('',(-250.8351876387,-92.57928035055,
    71.751556064202));
#5037 = CARTESIAN_POINT('',(-247.863016171,-95.42940846934,
    98.915440275373));
#5038 = PCURVE('',#3230,#5039);
#5039 = DEFINITIONAL_REPRESENTATION('',(#5040),#5044);
#5040 = LINE('',#5041,#5042);
#5041 = CARTESIAN_POINT('',(0.,0.));
#5042 = VECTOR('',#5043,1.);
#5043 = DIRECTION('',(0.,1.));
#5044 = ( GEOMETRIC_REPRESENTATION_CONTEXT(2) 
PARAMETRIC_REPRESENTATION_CONTEXT() REPRESENTATION_CONTEXT('2D SPACE',''
  ) );
#5045 = PCURVE('',#3824,#5046);
#5046 = DEFINITIONAL_REPRESENTATION('',(#5047),#5051);
#5047 = LINE('',#5048,#5049);
#5048 = CARTESIAN_POINT('',(6.544984694977E-02,0.));
#5049 = VECTOR('',#5050,1.);
#5050 = DIRECTION('',(0.,1.));
#5051 = ( GEOMETRIC_REPRESENTATION_CONTEXT(2) 
PARAMETRIC_REPRESENTATION_CONTEXT() REPRESENTATION_CONTEXT('2D SPACE',''
  ) );
#5052 = ORIENTED_EDGE('',*,*,#5003,.T.);
#5053 = ORIENTED_EDGE('',*,*,#3186,.F.);
#5054 = ORIENTED_EDGE('',*,*,#4480,.F.);
#5055 = ADVANCED_FACE('',(#5056),#3432,.F.);
#5056 = FACE_BOUND('',#5057,.F.);
#5057 = EDGE_LOOP('',(#5058,#5059,#5079,#5080));
#5058 = ORIENTED_EDGE('',*,*,#3388,.F.);
#5059 = ORIENTED_EDGE('',*,*,#5060,.T.);
#5060 = EDGE_CURVE('',#3389,#4764,#5061,.T.);
#5061 = SURFACE_CURVE('',#5062,(#5065,#5072),.PCURVE_S1.);
#5062 = B_SPLINE_CURVE_WITH_KNOTS('',1,(#5063,#5064),.UNSPECIFIED.,.F.,
  .F.,(2,2),(0.,44.),.PIECEWISE_BEZIER_KNOTS.);
#5063 = CARTESIAN_POINT('',(-135.4012152968,39.834311042187,
    23.696335955086));
#5064 = CARTESIAN_POINT('',(-146.9048073781,73.540266539422,
    -2.141154891469));
#5065 = PCURVE('',#3432,#5066);
#5066 = DEFINITIONAL_REPRESENTATION('',(#5067),#5071);
#5067 = LINE('',#5068,#5069);
#5068 = CARTESIAN_POINT('',(0.,0.));
#5069 = VECTOR('',#5070,1.);
#5070 = DIRECTION('',(1.,0.));
#5071 = ( GEOMETRIC_REPRESENTATION_CONTEXT(2) 
PARAMETRIC_REPRESENTATION_CONTEXT() REPRESENTATION_CONTEXT('2D SPACE',''
  ) );
#5072 = PCURVE('',#3500,#5073);
#5073 = DEFINITIONAL_REPRESENTATION('',(#5074),#5078);
#5074 = LINE('',#5075,#5076);
#5075 = CARTESIAN_POINT('',(0.,66.666666666667));
#5076 = VECTOR('',#5077,1.);
#5077 = DIRECTION('',(1.,0.));
#5078 = ( GEOMETRIC_REPRESENTATION_CONTEXT(2) 
PARAMETRIC_REPRESENTATION_CONTEXT() REPRESENTATION_CONTEXT('2D SPACE',''
  ) );
#5079 = ORIENTED_EDGE('',*,*,#4822,.T.);
#5080 = ORIENTED_EDGE('',*,*,#4396,.F.);
#5081 = ADVANCED_FACE('',(#5082),#3500,.F.);
#5082 = FACE_BOUND('',#5083,.F.);
#5083 = EDGE_LOOP('',(#5084,#5085,#5086,#5087));
#5084 = ORIENTED_EDGE('',*,*,#3458,.F.);
#5085 = ORIENTED_EDGE('',*,*,#3581,.T.);
#5086 = ORIENTED_EDGE('',*,*,#4763,.T.);
#5087 = ORIENTED_EDGE('',*,*,#5060,.F.);
#5088 = ADVANCED_FACE('',(#5089),#3687,.F.);
#5089 = FACE_BOUND('',#5090,.F.);
#5090 = EDGE_LOOP('',(#5091,#5092,#5117,#5118));
#5091 = ORIENTED_EDGE('',*,*,#3665,.F.);
#5092 = ORIENTED_EDGE('',*,*,#5093,.T.);
#5093 = EDGE_CURVE('',#3644,#4450,#5094,.T.);
#5094 = SURFACE_CURVE('',#5095,(#5103,#5110),.PCURVE_S1.);
#5095 = ( BOUNDED_CURVE() B_SPLINE_CURVE(6,(#5096,#5097,#5098,#5099,
#5100,#5101,#5102),.UNSPECIFIED.,.F.,.F.) B_SPLINE_CURVE_WITH_KNOTS((7,7
),(0.,6.544984694977E-02),.PIECEWISE_BEZIER_KNOTS.) CURVE() 
GEOMETRIC_REPRESENTATION_ITEM() RATIONAL_B_SPLINE_CURVE((1.000053547667,
    1.000017847948,0.999996430156,0.999989291231,0.999996430156,
1.000017847948,1.000053547667)) REPRESENTATION_ITEM('') );
#5096 = CARTESIAN_POINT('',(-250.3925134166,-94.54154428917,
    93.234096442401));
#5097 = CARTESIAN_POINT('',(-249.9690962903,-94.6555534838,
    94.185106878811));
#5098 = CARTESIAN_POINT('',(-249.5463043209,-94.78318488194,
    95.134713189829));
#5099 = CARTESIAN_POINT('',(-249.1242190422,-94.92441460983,
    96.082732247403));
#5100 = CARTESIAN_POINT('',(-248.7029218284,-95.07921568671,
    97.028981282402));
#5101 = CARTESIAN_POINT('',(-248.2824938734,-95.24755803125,
    97.973277930081));
#5102 = CARTESIAN_POINT('',(-247.863016171,-95.42940846934,
    98.915440275373));
#5103 = PCURVE('',#3687,#5104);
#5104 = DEFINITIONAL_REPRESENTATION('',(#5105),#5109);
#5105 = LINE('',#5106,#5107);
#5106 = CARTESIAN_POINT('',(0.,0.));
#5107 = VECTOR('',#5108,1.);
#5108 = DIRECTION('',(1.,0.));
#5109 = ( GEOMETRIC_REPRESENTATION_CONTEXT(2) 
PARAMETRIC_REPRESENTATION_CONTEXT() REPRESENTATION_CONTEXT('2D SPACE',''
  ) );
#5110 = PCURVE('',#3824,#5111);
#5111 = DEFINITIONAL_REPRESENTATION('',(#5112),#5116);
#5112 = LINE('',#5113,#5114);
#5113 = CARTESIAN_POINT('',(0.,66.666666666667));
#5114 = VECTOR('',#5115,1.);
#5115 = DIRECTION('',(1.,0.));
#5116 = ( GEOMETRIC_REPRESENTATION_CONTEXT(2) 
PARAMETRIC_REPRESENTATION_CONTEXT() REPRESENTATION_CONTEXT('2D SPACE',''
  ) );
#5117 = ORIENTED_EDGE('',*,*,#4449,.T.);
#5118 = ORIENTED_EDGE('',*,*,#5119,.F.);
#5119 = EDGE_CURVE('',#3666,#4452,#5120,.T.);
#5120 = SURFACE_CURVE('',#5121,(#5129,#5136),.PCURVE_S1.);
#5121 = ( BOUNDED_CURVE() B_SPLINE_CURVE(6,(#5122,#5123,#5124,#5125,
#5126,#5127,#5128),.UNSPECIFIED.,.F.,.F.) B_SPLINE_CURVE_WITH_KNOTS((7,7
),(0.,6.544984694977E-02),.PIECEWISE_BEZIER_KNOTS.) CURVE() 
GEOMETRIC_REPRESENTATION_ITEM() RATIONAL_B_SPLINE_CURVE((1.000053547667,
    1.000017847948,0.999996430156,0.999989291231,0.999996430156,
1.000017847948,1.000053547667)) REPRESENTATION_ITEM('') );
#5122 = CARTESIAN_POINT('',(-269.1268082058,40.571353127107,
    215.06240378431));
#5123 = CARTESIAN_POINT('',(-269.3316848053,41.489492014298,
    214.60224340763));
#5124 = CARTESIAN_POINT('',(-269.5316641954,42.414185234343,
    214.15308234356));
#5125 = CARTESIAN_POINT('',(-269.7267075643,43.345254887733,
    213.71500776452));
#5126 = CARTESIAN_POINT('',(-269.9167772272,44.282521614691,
    213.28810431198));
#5127 = CARTESIAN_POINT('',(-270.1018366356,45.225804639644,
    212.87245407524));
#5128 = CARTESIAN_POINT('',(-270.2818503864,46.174921816261,
    212.46813657121));
#5129 = PCURVE('',#3687,#5130);
#5130 = DEFINITIONAL_REPRESENTATION('',(#5131),#5135);
#5131 = LINE('',#5132,#5133);
#5132 = CARTESIAN_POINT('',(0.,66.666666666667));
#5133 = VECTOR('',#5134,1.);
#5134 = DIRECTION('',(1.,0.));
#5135 = ( GEOMETRIC_REPRESENTATION_CONTEXT(2) 
PARAMETRIC_REPRESENTATION_CONTEXT() REPRESENTATION_CONTEXT('2D SPACE',''
  ) );
#5136 = PCURVE('',#4549,#5137);
#5137 = DEFINITIONAL_REPRESENTATION('',(#5138),#5142);
#5138 = LINE('',#5139,#5140);
#5139 = CARTESIAN_POINT('',(0.,0.));
#5140 = VECTOR('',#5141,1.);
#5141 = DIRECTION('',(1.,0.));
#5142 = ( GEOMETRIC_REPRESENTATION_CONTEXT(2) 
PARAMETRIC_REPRESENTATION_CONTEXT() REPRESENTATION_CONTEXT('2D SPACE',''
  ) );
#5143 = ADVANCED_FACE('',(#5144),#3824,.F.);
#5144 = FACE_BOUND('',#5145,.F.);
#5145 = EDGE_LOOP('',(#5146,#5147,#5172,#5173));
#5146 = ORIENTED_EDGE('',*,*,#3804,.F.);
#5147 = ORIENTED_EDGE('',*,*,#5148,.T.);
#5148 = EDGE_CURVE('',#3783,#4973,#5149,.T.);
#5149 = SURFACE_CURVE('',#5150,(#5158,#5165),.PCURVE_S1.);
#5150 = ( BOUNDED_CURVE() B_SPLINE_CURVE(6,(#5151,#5152,#5153,#5154,
#5155,#5156,#5157),.UNSPECIFIED.,.F.,.F.) B_SPLINE_CURVE_WITH_KNOTS((7,7
),(0.,6.544984694977E-02),.PIECEWISE_BEZIER_KNOTS.) CURVE() 
GEOMETRIC_REPRESENTATION_ITEM() RATIONAL_B_SPLINE_CURVE((1.000053547667,
    1.000017847948,0.999996430156,0.999989291231,0.999996430156,
1.000017847948,1.000053547667)) REPRESENTATION_ITEM('') );
#5151 = CARTESIAN_POINT('',(-210.3192904222,67.882250993909,
    19.33380656512));
#5152 = CARTESIAN_POINT('',(-210.6001379954,67.094898081852,
    18.703012587704));
#5153 = CARTESIAN_POINT('',(-210.8851656276,66.316617586833,
    18.062830044155));
#5154 = CARTESIAN_POINT('',(-211.1743185987,65.547560021506,
    17.413381837927));
#5155 = CARTESIAN_POINT('',(-211.4675412449,64.787873794583,
    16.754792991674));
#5156 = CARTESIAN_POINT('',(-211.7647769727,64.037705173773,
    16.087190616344));
#5157 = CARTESIAN_POINT('',(-212.0659682732,63.297198249607,
    15.410703879419));
#5158 = PCURVE('',#3824,#5159);
#5159 = DEFINITIONAL_REPRESENTATION('',(#5160),#5164);
#5160 = LINE('',#5161,#5162);
#5161 = CARTESIAN_POINT('',(0.,0.));
#5162 = VECTOR('',#5163,1.);
#5163 = DIRECTION('',(1.,0.));
#5164 = ( GEOMETRIC_REPRESENTATION_CONTEXT(2) 
PARAMETRIC_REPRESENTATION_CONTEXT() REPRESENTATION_CONTEXT('2D SPACE',''
  ) );
#5165 = PCURVE('',#3921,#5166);
#5166 = DEFINITIONAL_REPRESENTATION('',(#5167),#5171);
#5167 = LINE('',#5168,#5169);
#5168 = CARTESIAN_POINT('',(0.,66.666666666667));
#5169 = VECTOR('',#5170,1.);
#5170 = DIRECTION('',(1.,0.));
#5171 = ( GEOMETRIC_REPRESENTATION_CONTEXT(2) 
PARAMETRIC_REPRESENTATION_CONTEXT() REPRESENTATION_CONTEXT('2D SPACE',''
  ) );
#5172 = ORIENTED_EDGE('',*,*,#5026,.T.);
#5173 = ORIENTED_EDGE('',*,*,#5093,.F.);
#5174 = ADVANCED_FACE('',(#5175),#3921,.F.);
#5175 = FACE_BOUND('',#5176,.F.);
#5176 = EDGE_LOOP('',(#5177,#5178,#5179,#5180));
#5177 = ORIENTED_EDGE('',*,*,#3901,.F.);
#5178 = ORIENTED_EDGE('',*,*,#4937,.T.);
#5179 = ORIENTED_EDGE('',*,*,#4972,.T.);
#5180 = ORIENTED_EDGE('',*,*,#5148,.F.);
#5181 = ADVANCED_FACE('',(#5182),#4018,.F.);
#5182 = FACE_BOUND('',#5183,.F.);
#5183 = EDGE_LOOP('',(#5184,#5185,#5186,#5187));
#5184 = ORIENTED_EDGE('',*,*,#4363,.F.);
#5185 = ORIENTED_EDGE('',*,*,#4882,.T.);
#5186 = ORIENTED_EDGE('',*,*,#3996,.T.);
#5187 = ORIENTED_EDGE('',*,*,#5188,.F.);
#5188 = EDGE_CURVE('',#4288,#3997,#5189,.T.);
#5189 = SURFACE_CURVE('',#5190,(#5198,#5205),.PCURVE_S1.);
#5190 = ( BOUNDED_CURVE() B_SPLINE_CURVE(6,(#5191,#5192,#5193,#5194,
#5195,#5196,#5197),.UNSPECIFIED.,.F.,.F.) B_SPLINE_CURVE_WITH_KNOTS((7,7
),(0.,6.544984694977E-02),.PIECEWISE_BEZIER_KNOTS.) CURVE() 
GEOMETRIC_REPRESENTATION_ITEM() RATIONAL_B_SPLINE_CURVE((1.000053547667,
    1.000017847948,0.999996430156,0.999989291231,0.999996430156,
1.000017847948,1.000053547667)) REPRESENTATION_ITEM('') );
#5191 = CARTESIAN_POINT('',(-336.5003512031,55.0633378897,
    63.738948624096));
#5192 = CARTESIAN_POINT('',(-336.7213220613,54.168044312225,
    63.242639950563));
#5193 = CARTESIAN_POINT('',(-336.9470502505,53.279900727762,
    62.735646136863));
#5194 = CARTESIAN_POINT('',(-337.1774925123,52.399078724025,
    62.218064342621));
#5195 = CARTESIAN_POINT('',(-337.4126045107,51.525748219569,
    61.689994148225));
#5196 = CARTESIAN_POINT('',(-337.6523408428,50.66007742142,
    61.151537530269));
#5197 = CARTESIAN_POINT('',(-337.8966550502,49.80223278341,
    60.602798836018));
#5198 = PCURVE('',#4018,#5199);
#5199 = DEFINITIONAL_REPRESENTATION('',(#5200),#5204);
#5200 = LINE('',#5201,#5202);
#5201 = CARTESIAN_POINT('',(0.,66.666666666667));
#5202 = VECTOR('',#5203,1.);
#5203 = DIRECTION('',(1.,0.));
#5204 = ( GEOMETRIC_REPRESENTATION_CONTEXT(2) 
PARAMETRIC_REPRESENTATION_CONTEXT() REPRESENTATION_CONTEXT('2D SPACE',''
  ) );
#5205 = PCURVE('',#4136,#5206);
#5206 = DEFINITIONAL_REPRESENTATION('',(#5207),#5211);
#5207 = LINE('',#5208,#5209);
#5208 = CARTESIAN_POINT('',(0.,0.));
#5209 = VECTOR('',#5210,1.);
#5210 = DIRECTION('',(1.,0.));
#5211 = ( GEOMETRIC_REPRESENTATION_CONTEXT(2) 
PARAMETRIC_REPRESENTATION_CONTEXT() REPRESENTATION_CONTEXT('2D SPACE',''
  ) );
#5212 = ADVANCED_FACE('',(#5213),#4136,.F.);
#5213 = FACE_BOUND('',#5214,.F.);
#5214 = EDGE_LOOP('',(#5215,#5216,#5217,#5218));
#5215 = ORIENTED_EDGE('',*,*,#4309,.F.);
#5216 = ORIENTED_EDGE('',*,*,#5188,.T.);
#5217 = ORIENTED_EDGE('',*,*,#4114,.T.);
#5218 = ORIENTED_EDGE('',*,*,#4253,.F.);
#5219 = ADVANCED_FACE('',(#5220),#4549,.F.);
#5220 = FACE_BOUND('',#5221,.F.);
#5221 = EDGE_LOOP('',(#5222,#5223,#5224,#5225));
#5222 = ORIENTED_EDGE('',*,*,#4701,.F.);
#5223 = ORIENTED_EDGE('',*,*,#5119,.T.);
#5224 = ORIENTED_EDGE('',*,*,#4527,.T.);
#5225 = ORIENTED_EDGE('',*,*,#4666,.F.);
#5226 = ( GEOMETRIC_REPRESENTATION_CONTEXT(3) 
GLOBAL_UNCERTAINTY_ASSIGNED_CONTEXT((#5230)) 
GLOBAL_UNIT_ASSIGNED_CONTEXT((#5227,#5228,#5229)) REPRESENTATION_CONTEXT
('Context #1','3D Context with UNIT and UNCERTAINTY') );
#5227 = ( LENGTH_UNIT() NAMED_UNIT(*) SI_UNIT(.MILLI.,.METRE.) );
#5228 = ( NAMED_UNIT(*) PLANE_ANGLE_UNIT() SI_UNIT($,.RADIAN.) );
#5229 = ( NAMED_UNIT(*) SI_UNIT($,.STERADIAN.) SOLID_ANGLE_UNIT() );
#5230 = UNCERTAINTY_MEASURE_WITH_UNIT(LENGTH_MEASURE(5.E-02),#5227,
  'distance_accuracy_value','confusion accuracy');
#5231 = CONTEXT_DEPENDENT_SHAPE_REPRESENTATION(#5232,#5234);
#5232 = ( REPRESENTATION_RELATIONSHIP('','',#40,#10) 
REPRESENTATION_RELATIONSHIP_WITH_TRANSFORMATION(#5233) 
SHAPE_REPRESENTATION_RELATIONSHIP() );
#5233 = ITEM_DEFINED_TRANSFORMATION('','',#11,#15);
#5234 = PRODUCT_DEFINITION_SHAPE('Placement','Placement of an item',
  #5235);
#5235 = NEXT_ASSEMBLY_USAGE_OCCURRENCE('1','','',#5,#35,$);
#5236 = PRODUCT_RELATED_PRODUCT_CATEGORY('part',$,(#37));
#5237 = SHAPE_DEFINITION_REPRESENTATION(#5238,#5244);
#5238 = PRODUCT_DEFINITION_SHAPE('','',#5239);
#5239 = PRODUCT_DEFINITION('design','',#5240,#5243);
#5240 = PRODUCT_DEFINITION_FORMATION('','',#5241);
#5241 = PRODUCT('Open CASCADE STEP translator 7.9 1.2',
  'Open CASCADE STEP translator 7.9 1.2','',(#5242));
#5242 = PRODUCT_CONTEXT('',#2,'mechanical');
#5243 = PRODUCT_DEFINITION_CONTEXT('part definition',#2,'design');
#5244 = ADVANCED_BREP_SHAPE_REPRESENTATION('',(#11,#5245),#5649);
#5245 = MANIFOLD_SOLID_BREP('',#5246);
#5246 = CLOSED_SHELL('',(#5247,#5367,#5470,#5519,#5590,#5616,#5642));
#5247 = ADVANCED_FACE('',(#5248),#5262,.F.);
#5248 = FACE_BOUND('',#5249,.F.);
#5249 = EDGE_LOOP('',(#5250,#5285,#5313,#5341));
#5250 = ORIENTED_EDGE('',*,*,#5251,.F.);
#5251 = EDGE_CURVE('',#5252,#5254,#5256,.T.);
#5252 = VERTEX_POINT('',#5253);
#5253 = CARTESIAN_POINT('',(-698.8033651197,-140.,14.249163915883));
#5254 = VERTEX_POINT('',#5255);
#5255 = CARTESIAN_POINT('',(-698.8033651197,-140.,321.47698269854));
#5256 = SURFACE_CURVE('',#5257,(#5261,#5273),.PCURVE_S1.);
#5257 = LINE('',#5258,#5259);
#5258 = CARTESIAN_POINT('',(-698.8033651197,-140.,14.249163915883));
#5259 = VECTOR('',#5260,1.);
#5260 = DIRECTION('',(0.,0.,1.));
#5261 = PCURVE('',#5262,#5267);
#5262 = PLANE('',#5263);
#5263 = AXIS2_PLACEMENT_3D('',#5264,#5265,#5266);
#5264 = CARTESIAN_POINT('',(-698.8033651197,-140.,14.249163915883));
#5265 = DIRECTION('',(1.,0.,0.));
#5266 = DIRECTION('',(0.,0.,1.));
#5267 = DEFINITIONAL_REPRESENTATION('',(#5268),#5272);
#5268 = LINE('',#5269,#5270);
#5269 = CARTESIAN_POINT('',(0.,0.));
#5270 = VECTOR('',#5271,1.);
#5271 = DIRECTION('',(1.,0.));
#5272 = ( GEOMETRIC_REPRESENTATION_CONTEXT(2) 
PARAMETRIC_REPRESENTATION_CONTEXT() REPRESENTATION_CONTEXT('2D SPACE',''
  ) );
#5273 = PCURVE('',#5274,#5279);
#5274 = PLANE('',#5275);
#5275 = AXIS2_PLACEMENT_3D('',#5276,#5277,#5278);
#5276 = CARTESIAN_POINT('',(-698.8033651197,-140.,14.249163915883));
#5277 = DIRECTION('',(0.,1.,0.));
#5278 = DIRECTION('',(0.,0.,1.));
#5279 = DEFINITIONAL_REPRESENTATION('',(#5280),#5284);
#5280 = LINE('',#5281,#5282);
#5281 = CARTESIAN_POINT('',(0.,0.));
#5282 = VECTOR('',#5283,1.);
#5283 = DIRECTION('',(1.,0.));
#5284 = ( GEOMETRIC_REPRESENTATION_CONTEXT(2) 
PARAMETRIC_REPRESENTATION_CONTEXT() REPRESENTATION_CONTEXT('2D SPACE',''
  ) );
#5285 = ORIENTED_EDGE('',*,*,#5286,.T.);
#5286 = EDGE_CURVE('',#5252,#5287,#5289,.T.);
#5287 = VERTEX_POINT('',#5288);
#5288 = CARTESIAN_POINT('',(-698.8033651197,140.,14.249163915883));
#5289 = SURFACE_CURVE('',#5290,(#5294,#5301),.PCURVE_S1.);
#5290 = LINE('',#5291,#5292);
#5291 = CARTESIAN_POINT('',(-698.8033651197,-140.,14.249163915883));
#5292 = VECTOR('',#5293,1.);
#5293 = DIRECTION('',(0.,1.,0.));
#5294 = PCURVE('',#5262,#5295);
#5295 = DEFINITIONAL_REPRESENTATION('',(#5296),#5300);
#5296 = LINE('',#5297,#5298);
#5297 = CARTESIAN_POINT('',(0.,0.));
#5298 = VECTOR('',#5299,1.);
#5299 = DIRECTION('',(0.,-1.));
#5300 = ( GEOMETRIC_REPRESENTATION_CONTEXT(2) 
PARAMETRIC_REPRESENTATION_CONTEXT() REPRESENTATION_CONTEXT('2D SPACE',''
  ) );
#5301 = PCURVE('',#5302,#5307);
#5302 = PLANE('',#5303);
#5303 = AXIS2_PLACEMENT_3D('',#5304,#5305,#5306);
#5304 = CARTESIAN_POINT('',(-698.8033651197,-140.,14.249163915883));
#5305 = DIRECTION('',(0.,0.,1.));
#5306 = DIRECTION('',(1.,0.,0.));
#5307 = DEFINITIONAL_REPRESENTATION('',(#5308),#5312);
#5308 = LINE('',#5309,#5310);
#5309 = CARTESIAN_POINT('',(0.,0.));
#5310 = VECTOR('',#5311,1.);
#5311 = DIRECTION('',(0.,1.));
#5312 = ( GEOMETRIC_REPRESENTATION_CONTEXT(2) 
PARAMETRIC_REPRESENTATION_CONTEXT() REPRESENTATION_CONTEXT('2D SPACE',''
  ) );
#5313 = ORIENTED_EDGE('',*,*,#5314,.T.);
#5314 = EDGE_CURVE('',#5287,#5315,#5317,.T.);
#5315 = VERTEX_POINT('',#5316);
#5316 = CARTESIAN_POINT('',(-698.8033651197,140.,321.47698269854));
#5317 = SURFACE_CURVE('',#5318,(#5322,#5329),.PCURVE_S1.);
#5318 = LINE('',#5319,#5320);
#5319 = CARTESIAN_POINT('',(-698.8033651197,140.,14.249163915883));
#5320 = VECTOR('',#5321,1.);
#5321 = DIRECTION('',(0.,0.,1.));
#5322 = PCURVE('',#5262,#5323);
#5323 = DEFINITIONAL_REPRESENTATION('',(#5324),#5328);
#5324 = LINE('',#5325,#5326);
#5325 = CARTESIAN_POINT('',(0.,-280.));
#5326 = VECTOR('',#5327,1.);
#5327 = DIRECTION('',(1.,0.));
#5328 = ( GEOMETRIC_REPRESENTATION_CONTEXT(2) 
PARAMETRIC_REPRESENTATION_CONTEXT() REPRESENTATION_CONTEXT('2D SPACE',''
  ) );
#5329 = PCURVE('',#5330,#5335);
#5330 = PLANE('',#5331);
#5331 = AXIS2_PLACEMENT_3D('',#5332,#5333,#5334);
#5332 = CARTESIAN_POINT('',(-698.8033651197,140.,14.249163915883));
#5333 = DIRECTION('',(0.,1.,0.));
#5334 = DIRECTION('',(0.,0.,1.));
#5335 = DEFINITIONAL_REPRESENTATION('',(#5336),#5340);
#5336 = LINE('',#5337,#5338);
#5337 = CARTESIAN_POINT('',(0.,0.));
#5338 = VECTOR('',#5339,1.);
#5339 = DIRECTION('',(1.,0.));
#5340 = ( GEOMETRIC_REPRESENTATION_CONTEXT(2) 
PARAMETRIC_REPRESENTATION_CONTEXT() REPRESENTATION_CONTEXT('2D SPACE',''
  ) );
#5341 = ORIENTED_EDGE('',*,*,#5342,.F.);
#5342 = EDGE_CURVE('',#5254,#5315,#5343,.T.);
#5343 = SURFACE_CURVE('',#5344,(#5348,#5355),.PCURVE_S1.);
#5344 = LINE('',#5345,#5346);
#5345 = CARTESIAN_POINT('',(-698.8033651197,-140.,321.47698269854));
#5346 = VECTOR('',#5347,1.);
#5347 = DIRECTION('',(0.,1.,0.));
#5348 = PCURVE('',#5262,#5349);
#5349 = DEFINITIONAL_REPRESENTATION('',(#5350),#5354);
#5350 = LINE('',#5351,#5352);
#5351 = CARTESIAN_POINT('',(307.22781878266,0.));
#5352 = VECTOR('',#5353,1.);
#5353 = DIRECTION('',(0.,-1.));
#5354 = ( GEOMETRIC_REPRESENTATION_CONTEXT(2) 
PARAMETRIC_REPRESENTATION_CONTEXT() REPRESENTATION_CONTEXT('2D SPACE',''
  ) );
#5355 = PCURVE('',#5356,#5361);
#5356 = PLANE('',#5357);
#5357 = AXIS2_PLACEMENT_3D('',#5358,#5359,#5360);
#5358 = CARTESIAN_POINT('',(-698.8033651197,-140.,321.47698269854));
#5359 = DIRECTION('',(0.,0.,1.));
#5360 = DIRECTION('',(1.,0.,0.));
#5361 = DEFINITIONAL_REPRESENTATION('',(#5362),#5366);
#5362 = LINE('',#5363,#5364);
#5363 = CARTESIAN_POINT('',(0.,0.));
#5364 = VECTOR('',#5365,1.);
#5365 = DIRECTION('',(0.,1.));
#5366 = ( GEOMETRIC_REPRESENTATION_CONTEXT(2) 
PARAMETRIC_REPRESENTATION_CONTEXT() REPRESENTATION_CONTEXT('2D SPACE',''
  ) );
#5367 = ADVANCED_FACE('',(#5368),#5274,.F.);
#5368 = FACE_BOUND('',#5369,.F.);
#5369 = EDGE_LOOP('',(#5370,#5393,#5394,#5417,#5445));
#5370 = ORIENTED_EDGE('',*,*,#5371,.F.);
#5371 = EDGE_CURVE('',#5252,#5372,#5374,.T.);
#5372 = VERTEX_POINT('',#5373);
#5373 = CARTESIAN_POINT('',(-458.876281848,-140.,14.249163915883));
#5374 = SURFACE_CURVE('',#5375,(#5379,#5386),.PCURVE_S1.);
#5375 = LINE('',#5376,#5377);
#5376 = CARTESIAN_POINT('',(-698.8033651197,-140.,14.249163915883));
#5377 = VECTOR('',#5378,1.);
#5378 = DIRECTION('',(1.,0.,0.));
#5379 = PCURVE('',#5274,#5380);
#5380 = DEFINITIONAL_REPRESENTATION('',(#5381),#5385);
#5381 = LINE('',#5382,#5383);
#5382 = CARTESIAN_POINT('',(0.,0.));
#5383 = VECTOR('',#5384,1.);
#5384 = DIRECTION('',(0.,1.));
#5385 = ( GEOMETRIC_REPRESENTATION_CONTEXT(2) 
PARAMETRIC_REPRESENTATION_CONTEXT() REPRESENTATION_CONTEXT('2D SPACE',''
  ) );
#5386 = PCURVE('',#5302,#5387);
#5387 = DEFINITIONAL_REPRESENTATION('',(#5388),#5392);
#5388 = LINE('',#5389,#5390);
#5389 = CARTESIAN_POINT('',(0.,0.));
#5390 = VECTOR('',#5391,1.);
#5391 = DIRECTION('',(1.,0.));
#5392 = ( GEOMETRIC_REPRESENTATION_CONTEXT(2) 
PARAMETRIC_REPRESENTATION_CONTEXT() REPRESENTATION_CONTEXT('2D SPACE',''
  ) );
#5393 = ORIENTED_EDGE('',*,*,#5251,.T.);
#5394 = ORIENTED_EDGE('',*,*,#5395,.T.);
#5395 = EDGE_CURVE('',#5254,#5396,#5398,.T.);
#5396 = VERTEX_POINT('',#5397);
#5397 = CARTESIAN_POINT('',(-348.8033651197,-140.,321.47698269854));
#5398 = SURFACE_CURVE('',#5399,(#5403,#5410),.PCURVE_S1.);
#5399 = LINE('',#5400,#5401);
#5400 = CARTESIAN_POINT('',(-698.8033651197,-140.,321.47698269854));
#5401 = VECTOR('',#5402,1.);
#5402 = DIRECTION('',(1.,0.,0.));
#5403 = PCURVE('',#5274,#5404);
#5404 = DEFINITIONAL_REPRESENTATION('',(#5405),#5409);
#5405 = LINE('',#5406,#5407);
#5406 = CARTESIAN_POINT('',(307.22781878266,0.));
#5407 = VECTOR('',#5408,1.);
#5408 = DIRECTION('',(0.,1.));
#5409 = ( GEOMETRIC_REPRESENTATION_CONTEXT(2) 
PARAMETRIC_REPRESENTATION_CONTEXT() REPRESENTATION_CONTEXT('2D SPACE',''
  ) );
#5410 = PCURVE('',#5356,#5411);
#5411 = DEFINITIONAL_REPRESENTATION('',(#5412),#5416);
#5412 = LINE('',#5413,#5414);
#5413 = CARTESIAN_POINT('',(0.,0.));
#5414 = VECTOR('',#5415,1.);
#5415 = DIRECTION('',(1.,0.));
#5416 = ( GEOMETRIC_REPRESENTATION_CONTEXT(2) 
PARAMETRIC_REPRESENTATION_CONTEXT() REPRESENTATION_CONTEXT('2D SPACE',''
  ) );
#5417 = ORIENTED_EDGE('',*,*,#5418,.F.);
#5418 = EDGE_CURVE('',#5419,#5396,#5421,.T.);
#5419 = VERTEX_POINT('',#5420);
#5420 = CARTESIAN_POINT('',(-348.8033651197,-140.,261.47698269854));
#5421 = SURFACE_CURVE('',#5422,(#5426,#5433),.PCURVE_S1.);
#5422 = LINE('',#5423,#5424);
#5423 = CARTESIAN_POINT('',(-348.8033651197,-140.,14.249163915883));
#5424 = VECTOR('',#5425,1.);
#5425 = DIRECTION('',(0.,0.,1.));
#5426 = PCURVE('',#5274,#5427);
#5427 = DEFINITIONAL_REPRESENTATION('',(#5428),#5432);
#5428 = LINE('',#5429,#5430);
#5429 = CARTESIAN_POINT('',(0.,350.));
#5430 = VECTOR('',#5431,1.);
#5431 = DIRECTION('',(1.,0.));
#5432 = ( GEOMETRIC_REPRESENTATION_CONTEXT(2) 
PARAMETRIC_REPRESENTATION_CONTEXT() REPRESENTATION_CONTEXT('2D SPACE',''
  ) );
#5433 = PCURVE('',#5434,#5439);
#5434 = PLANE('',#5435);
#5435 = AXIS2_PLACEMENT_3D('',#5436,#5437,#5438);
#5436 = CARTESIAN_POINT('',(-348.8033651197,-140.,14.249163915883));
#5437 = DIRECTION('',(1.,0.,0.));
#5438 = DIRECTION('',(0.,0.,1.));
#5439 = DEFINITIONAL_REPRESENTATION('',(#5440),#5444);
#5440 = LINE('',#5441,#5442);
#5441 = CARTESIAN_POINT('',(0.,0.));
#5442 = VECTOR('',#5443,1.);
#5443 = DIRECTION('',(1.,0.));
#5444 = ( GEOMETRIC_REPRESENTATION_CONTEXT(2) 
PARAMETRIC_REPRESENTATION_CONTEXT() REPRESENTATION_CONTEXT('2D SPACE',''
  ) );
#5445 = ORIENTED_EDGE('',*,*,#5446,.F.);
#5446 = EDGE_CURVE('',#5372,#5419,#5447,.T.);
#5447 = SURFACE_CURVE('',#5448,(#5452,#5458),.PCURVE_S1.);
#5448 = LINE('',#5449,#5450);
#5449 = CARTESIAN_POINT('',(-443.4126828131,-140.,48.980976005238));
#5450 = VECTOR('',#5451,1.);
#5451 = DIRECTION('',(0.406736643076,-0.,0.913545457643));
#5452 = PCURVE('',#5274,#5453);
#5453 = DEFINITIONAL_REPRESENTATION('',(#5454),#5457);
#5454 = B_SPLINE_CURVE_WITH_KNOTS('',1,(#5455,#5456),.UNSPECIFIED.,.F.,
  .F.,(2,2),(-38.01870153126,232.60583796416),.PIECEWISE_BEZIER_KNOTS.);
#5455 = CARTESIAN_POINT('',(-1.42108547152E-14,239.92708327169));
#5456 = CARTESIAN_POINT('',(247.22781878266,350.));
#5457 = ( GEOMETRIC_REPRESENTATION_CONTEXT(2) 
PARAMETRIC_REPRESENTATION_CONTEXT() REPRESENTATION_CONTEXT('2D SPACE',''
  ) );
#5458 = PCURVE('',#5459,#5464);
#5459 = PLANE('',#5460);
#5460 = AXIS2_PLACEMENT_3D('',#5461,#5462,#5463);
#5461 = CARTESIAN_POINT('',(-388.2568194981,0.,172.86307330721));
#5462 = DIRECTION('',(-0.913545457643,0.,0.406736643076));
#5463 = DIRECTION('',(0.406736643076,0.,0.913545457643));
#5464 = DEFINITIONAL_REPRESENTATION('',(#5465),#5469);
#5465 = LINE('',#5466,#5467);
#5466 = CARTESIAN_POINT('',(-135.6058379641,-140.));
#5467 = VECTOR('',#5468,1.);
#5468 = DIRECTION('',(1.,0.));
#5469 = ( GEOMETRIC_REPRESENTATION_CONTEXT(2) 
PARAMETRIC_REPRESENTATION_CONTEXT() REPRESENTATION_CONTEXT('2D SPACE',''
  ) );
#5470 = ADVANCED_FACE('',(#5471),#5356,.T.);
#5471 = FACE_BOUND('',#5472,.T.);
#5472 = EDGE_LOOP('',(#5473,#5474,#5475,#5498));
#5473 = ORIENTED_EDGE('',*,*,#5342,.F.);
#5474 = ORIENTED_EDGE('',*,*,#5395,.T.);
#5475 = ORIENTED_EDGE('',*,*,#5476,.T.);
#5476 = EDGE_CURVE('',#5396,#5477,#5479,.T.);
#5477 = VERTEX_POINT('',#5478);
#5478 = CARTESIAN_POINT('',(-348.8033651197,140.,321.47698269854));
#5479 = SURFACE_CURVE('',#5480,(#5484,#5491),.PCURVE_S1.);
#5480 = LINE('',#5481,#5482);
#5481 = CARTESIAN_POINT('',(-348.8033651197,-140.,321.47698269854));
#5482 = VECTOR('',#5483,1.);
#5483 = DIRECTION('',(0.,1.,0.));
#5484 = PCURVE('',#5356,#5485);
#5485 = DEFINITIONAL_REPRESENTATION('',(#5486),#5490);
#5486 = LINE('',#5487,#5488);
#5487 = CARTESIAN_POINT('',(350.,0.));
#5488 = VECTOR('',#5489,1.);
#5489 = DIRECTION('',(0.,1.));
#5490 = ( GEOMETRIC_REPRESENTATION_CONTEXT(2) 
PARAMETRIC_REPRESENTATION_CONTEXT() REPRESENTATION_CONTEXT('2D SPACE',''
  ) );
#5491 = PCURVE('',#5434,#5492);
#5492 = DEFINITIONAL_REPRESENTATION('',(#5493),#5497);
#5493 = LINE('',#5494,#5495);
#5494 = CARTESIAN_POINT('',(307.22781878266,0.));
#5495 = VECTOR('',#5496,1.);
#5496 = DIRECTION('',(0.,-1.));
#5497 = ( GEOMETRIC_REPRESENTATION_CONTEXT(2) 
PARAMETRIC_REPRESENTATION_CONTEXT() REPRESENTATION_CONTEXT('2D SPACE',''
  ) );
#5498 = ORIENTED_EDGE('',*,*,#5499,.F.);
#5499 = EDGE_CURVE('',#5315,#5477,#5500,.T.);
#5500 = SURFACE_CURVE('',#5501,(#5505,#5512),.PCURVE_S1.);
#5501 = LINE('',#5502,#5503);
#5502 = CARTESIAN_POINT('',(-698.8033651197,140.,321.47698269854));
#5503 = VECTOR('',#5504,1.);
#5504 = DIRECTION('',(1.,0.,0.));
#5505 = PCURVE('',#5356,#5506);
#5506 = DEFINITIONAL_REPRESENTATION('',(#5507),#5511);
#5507 = LINE('',#5508,#5509);
#5508 = CARTESIAN_POINT('',(0.,280.));
#5509 = VECTOR('',#5510,1.);
#5510 = DIRECTION('',(1.,0.));
#5511 = ( GEOMETRIC_REPRESENTATION_CONTEXT(2) 
PARAMETRIC_REPRESENTATION_CONTEXT() REPRESENTATION_CONTEXT('2D SPACE',''
  ) );
#5512 = PCURVE('',#5330,#5513);
#5513 = DEFINITIONAL_REPRESENTATION('',(#5514),#5518);
#5514 = LINE('',#5515,#5516);
#5515 = CARTESIAN_POINT('',(307.22781878266,0.));
#5516 = VECTOR('',#5517,1.);
#5517 = DIRECTION('',(0.,1.));
#5518 = ( GEOMETRIC_REPRESENTATION_CONTEXT(2) 
PARAMETRIC_REPRESENTATION_CONTEXT() REPRESENTATION_CONTEXT('2D SPACE',''
  ) );
#5519 = ADVANCED_FACE('',(#5520),#5330,.T.);
#5520 = FACE_BOUND('',#5521,.T.);
#5521 = EDGE_LOOP('',(#5522,#5545,#5546,#5547,#5570));
#5522 = ORIENTED_EDGE('',*,*,#5523,.F.);
#5523 = EDGE_CURVE('',#5287,#5524,#5526,.T.);
#5524 = VERTEX_POINT('',#5525);
#5525 = CARTESIAN_POINT('',(-458.876281848,140.,14.249163915883));
#5526 = SURFACE_CURVE('',#5527,(#5531,#5538),.PCURVE_S1.);
#5527 = LINE('',#5528,#5529);
#5528 = CARTESIAN_POINT('',(-698.8033651197,140.,14.249163915883));
#5529 = VECTOR('',#5530,1.);
#5530 = DIRECTION('',(1.,0.,0.));
#5531 = PCURVE('',#5330,#5532);
#5532 = DEFINITIONAL_REPRESENTATION('',(#5533),#5537);
#5533 = LINE('',#5534,#5535);
#5534 = CARTESIAN_POINT('',(0.,0.));
#5535 = VECTOR('',#5536,1.);
#5536 = DIRECTION('',(0.,1.));
#5537 = ( GEOMETRIC_REPRESENTATION_CONTEXT(2) 
PARAMETRIC_REPRESENTATION_CONTEXT() REPRESENTATION_CONTEXT('2D SPACE',''
  ) );
#5538 = PCURVE('',#5302,#5539);
#5539 = DEFINITIONAL_REPRESENTATION('',(#5540),#5544);
#5540 = LINE('',#5541,#5542);
#5541 = CARTESIAN_POINT('',(0.,280.));
#5542 = VECTOR('',#5543,1.);
#5543 = DIRECTION('',(1.,0.));
#5544 = ( GEOMETRIC_REPRESENTATION_CONTEXT(2) 
PARAMETRIC_REPRESENTATION_CONTEXT() REPRESENTATION_CONTEXT('2D SPACE',''
  ) );
#5545 = ORIENTED_EDGE('',*,*,#5314,.T.);
#5546 = ORIENTED_EDGE('',*,*,#5499,.T.);
#5547 = ORIENTED_EDGE('',*,*,#5548,.F.);
#5548 = EDGE_CURVE('',#5549,#5477,#5551,.T.);
#5549 = VERTEX_POINT('',#5550);
#5550 = CARTESIAN_POINT('',(-348.8033651197,140.,261.47698269854));
#5551 = SURFACE_CURVE('',#5552,(#5556,#5563),.PCURVE_S1.);
#5552 = LINE('',#5553,#5554);
#5553 = CARTESIAN_POINT('',(-348.8033651197,140.,14.249163915883));
#5554 = VECTOR('',#5555,1.);
#5555 = DIRECTION('',(0.,0.,1.));
#5556 = PCURVE('',#5330,#5557);
#5557 = DEFINITIONAL_REPRESENTATION('',(#5558),#5562);
#5558 = LINE('',#5559,#5560);
#5559 = CARTESIAN_POINT('',(0.,350.));
#5560 = VECTOR('',#5561,1.);
#5561 = DIRECTION('',(1.,0.));
#5562 = ( GEOMETRIC_REPRESENTATION_CONTEXT(2) 
PARAMETRIC_REPRESENTATION_CONTEXT() REPRESENTATION_CONTEXT('2D SPACE',''
  ) );
#5563 = PCURVE('',#5434,#5564);
#5564 = DEFINITIONAL_REPRESENTATION('',(#5565),#5569);
#5565 = LINE('',#5566,#5567);
#5566 = CARTESIAN_POINT('',(0.,-280.));
#5567 = VECTOR('',#5568,1.);
#5568 = DIRECTION('',(1.,0.));
#5569 = ( GEOMETRIC_REPRESENTATION_CONTEXT(2) 
PARAMETRIC_REPRESENTATION_CONTEXT() REPRESENTATION_CONTEXT('2D SPACE',''
  ) );
#5570 = ORIENTED_EDGE('',*,*,#5571,.F.);
#5571 = EDGE_CURVE('',#5524,#5549,#5572,.T.);
#5572 = SURFACE_CURVE('',#5573,(#5577,#5583),.PCURVE_S1.);
#5573 = LINE('',#5574,#5575);
#5574 = CARTESIAN_POINT('',(-443.4126828131,140.,48.980976005238));
#5575 = VECTOR('',#5576,1.);
#5576 = DIRECTION('',(0.406736643076,-0.,0.913545457643));
#5577 = PCURVE('',#5330,#5578);
#5578 = DEFINITIONAL_REPRESENTATION('',(#5579),#5582);
#5579 = B_SPLINE_CURVE_WITH_KNOTS('',1,(#5580,#5581),.UNSPECIFIED.,.F.,
  .F.,(2,2),(-38.01870153126,232.60583796416),.PIECEWISE_BEZIER_KNOTS.);
#5580 = CARTESIAN_POINT('',(-1.42108547152E-14,239.92708327169));
#5581 = CARTESIAN_POINT('',(247.22781878266,350.));
#5582 = ( GEOMETRIC_REPRESENTATION_CONTEXT(2) 
PARAMETRIC_REPRESENTATION_CONTEXT() REPRESENTATION_CONTEXT('2D SPACE',''
  ) );
#5583 = PCURVE('',#5459,#5584);
#5584 = DEFINITIONAL_REPRESENTATION('',(#5585),#5589);
#5585 = LINE('',#5586,#5587);
#5586 = CARTESIAN_POINT('',(-135.6058379641,140.));
#5587 = VECTOR('',#5588,1.);
#5588 = DIRECTION('',(1.,0.));
#5589 = ( GEOMETRIC_REPRESENTATION_CONTEXT(2) 
PARAMETRIC_REPRESENTATION_CONTEXT() REPRESENTATION_CONTEXT('2D SPACE',''
  ) );
#5590 = ADVANCED_FACE('',(#5591),#5302,.F.);
#5591 = FACE_BOUND('',#5592,.F.);
#5592 = EDGE_LOOP('',(#5593,#5594,#5595,#5596));
#5593 = ORIENTED_EDGE('',*,*,#5523,.F.);
#5594 = ORIENTED_EDGE('',*,*,#5286,.F.);
#5595 = ORIENTED_EDGE('',*,*,#5371,.T.);
#5596 = ORIENTED_EDGE('',*,*,#5597,.F.);
#5597 = EDGE_CURVE('',#5524,#5372,#5598,.T.);
#5598 = SURFACE_CURVE('',#5599,(#5603,#5609),.PCURVE_S1.);
#5599 = LINE('',#5600,#5601);
#5600 = CARTESIAN_POINT('',(-458.876281848,-70.,14.249163915883));
#5601 = VECTOR('',#5602,1.);
#5602 = DIRECTION('',(0.,-1.,0.));
#5603 = PCURVE('',#5302,#5604);
#5604 = DEFINITIONAL_REPRESENTATION('',(#5605),#5608);
#5605 = B_SPLINE_CURVE_WITH_KNOTS('',1,(#5606,#5607),.UNSPECIFIED.,.F.,
  .F.,(2,2),(-210.,70.),.PIECEWISE_BEZIER_KNOTS.);
#5606 = CARTESIAN_POINT('',(239.92708327169,280.));
#5607 = CARTESIAN_POINT('',(239.92708327169,0.));
#5608 = ( GEOMETRIC_REPRESENTATION_CONTEXT(2) 
PARAMETRIC_REPRESENTATION_CONTEXT() REPRESENTATION_CONTEXT('2D SPACE',''
  ) );
#5609 = PCURVE('',#5459,#5610);
#5610 = DEFINITIONAL_REPRESENTATION('',(#5611),#5615);
#5611 = LINE('',#5612,#5613);
#5612 = CARTESIAN_POINT('',(-173.6245394954,-70.));
#5613 = VECTOR('',#5614,1.);
#5614 = DIRECTION('',(0.,-1.));
#5615 = ( GEOMETRIC_REPRESENTATION_CONTEXT(2) 
PARAMETRIC_REPRESENTATION_CONTEXT() REPRESENTATION_CONTEXT('2D SPACE',''
  ) );
#5616 = ADVANCED_FACE('',(#5617),#5459,.F.);
#5617 = FACE_BOUND('',#5618,.F.);
#5618 = EDGE_LOOP('',(#5619,#5639,#5640,#5641));
#5619 = ORIENTED_EDGE('',*,*,#5620,.F.);
#5620 = EDGE_CURVE('',#5549,#5419,#5621,.T.);
#5621 = SURFACE_CURVE('',#5622,(#5626,#5633),.PCURVE_S1.);
#5622 = LINE('',#5623,#5624);
#5623 = CARTESIAN_POINT('',(-348.8033651197,-70.,261.47698269854));
#5624 = VECTOR('',#5625,1.);
#5625 = DIRECTION('',(0.,-1.,0.));
#5626 = PCURVE('',#5459,#5627);
#5627 = DEFINITIONAL_REPRESENTATION('',(#5628),#5632);
#5628 = LINE('',#5629,#5630);
#5629 = CARTESIAN_POINT('',(97.,-70.));
#5630 = VECTOR('',#5631,1.);
#5631 = DIRECTION('',(0.,-1.));
#5632 = ( GEOMETRIC_REPRESENTATION_CONTEXT(2) 
PARAMETRIC_REPRESENTATION_CONTEXT() REPRESENTATION_CONTEXT('2D SPACE',''
  ) );
#5633 = PCURVE('',#5434,#5634);
#5634 = DEFINITIONAL_REPRESENTATION('',(#5635),#5638);
#5635 = B_SPLINE_CURVE_WITH_KNOTS('',1,(#5636,#5637),.UNSPECIFIED.,.F.,
  .F.,(2,2),(-210.,70.),.PIECEWISE_BEZIER_KNOTS.);
#5636 = CARTESIAN_POINT('',(247.22781878266,-280.));
#5637 = CARTESIAN_POINT('',(247.22781878266,0.));
#5638 = ( GEOMETRIC_REPRESENTATION_CONTEXT(2) 
PARAMETRIC_REPRESENTATION_CONTEXT() REPRESENTATION_CONTEXT('2D SPACE',''
  ) );
#5639 = ORIENTED_EDGE('',*,*,#5571,.F.);
#5640 = ORIENTED_EDGE('',*,*,#5597,.T.);
#5641 = ORIENTED_EDGE('',*,*,#5446,.T.);
#5642 = ADVANCED_FACE('',(#5643),#5434,.T.);
#5643 = FACE_BOUND('',#5644,.T.);
#5644 = EDGE_LOOP('',(#5645,#5646,#5647,#5648));
#5645 = ORIENTED_EDGE('',*,*,#5418,.F.);
#5646 = ORIENTED_EDGE('',*,*,#5620,.F.);
#5647 = ORIENTED_EDGE('',*,*,#5548,.T.);
#5648 = ORIENTED_EDGE('',*,*,#5476,.F.);
#5649 = ( GEOMETRIC_REPRESENTATION_CONTEXT(3) 
GLOBAL_UNCERTAINTY_ASSIGNED_CONTEXT((#5653)) 
GLOBAL_UNIT_ASSIGNED_CONTEXT((#5650,#5651,#5652)) REPRESENTATION_CONTEXT
('Context #1','3D Context with UNIT and UNCERTAINTY') );
#5650 = ( LENGTH_UNIT() NAMED_UNIT(*) SI_UNIT(.MILLI.,.METRE.) );
#5651 = ( NAMED_UNIT(*) PLANE_ANGLE_UNIT() SI_UNIT($,.RADIAN.) );
#5652 = ( NAMED_UNIT(*) SI_UNIT($,.STERADIAN.) SOLID_ANGLE_UNIT() );
#5653 = UNCERTAINTY_MEASURE_WITH_UNIT(LENGTH_MEASURE(1.E-07),#5650,
  'distance_accuracy_value','confusion accuracy');
#5654 = CONTEXT_DEPENDENT_SHAPE_REPRESENTATION(#5655,#5657);
#5655 = ( REPRESENTATION_RELATIONSHIP('','',#5244,#10) 
REPRESENTATION_RELATIONSHIP_WITH_TRANSFORMATION(#5656) 
SHAPE_REPRESENTATION_RELATIONSHIP() );
#5656 = ITEM_DEFINED_TRANSFORMATION('','',#11,#19);
#5657 = PRODUCT_DEFINITION_SHAPE('Placement','Placement of an item',
  #5658);
#5658 = NEXT_ASSEMBLY_USAGE_OCCURRENCE('2','','',#5,#5239,$);
#5659 = PRODUCT_RELATED_PRODUCT_CATEGORY('part',$,(#5241));
#5660 = SHAPE_DEFINITION_REPRESENTATION(#5661,#5667);
#5661 = PRODUCT_DEFINITION_SHAPE('','',#5662);
#5662 = PRODUCT_DEFINITION('design','',#5663,#5666);
#5663 = PRODUCT_DEFINITION_FORMATION('','',#5664);
#5664 = PRODUCT('Open CASCADE STEP translator 7.9 1.3',
  'Open CASCADE STEP translator 7.9 1.3','',(#5665));
#5665 = PRODUCT_CONTEXT('',#2,'mechanical');
#5666 = PRODUCT_DEFINITION_CONTEXT('part definition',#2,'design');
#5667 = ADVANCED_BREP_SHAPE_REPRESENTATION('',(#11,#5668),#6072);
#5668 = MANIFOLD_SOLID_BREP('',#5669);
#5669 = CLOSED_SHELL('',(#5670,#5789,#5892,#5939,#6011,#6038,#6065));
#5670 = ADVANCED_FACE('',(#5671),#5685,.F.);
#5671 = FACE_BOUND('',#5672,.F.);
#5672 = EDGE_LOOP('',(#5673,#5708,#5736,#5764));
#5673 = ORIENTED_EDGE('',*,*,#5674,.F.);
#5674 = EDGE_CURVE('',#5675,#5677,#5679,.T.);
#5675 = VERTEX_POINT('',#5676);
#5676 = CARTESIAN_POINT('',(-16.61481793728,-140.,-168.7823254682));
#5677 = VERTEX_POINT('',#5678);
#5678 = CARTESIAN_POINT('',(-16.61481793728,-140.,-98.78232546822));
#5679 = SURFACE_CURVE('',#5680,(#5684,#5696),.PCURVE_S1.);
#5680 = LINE('',#5681,#5682);
#5681 = CARTESIAN_POINT('',(-16.61481793728,-140.,-168.7823254682));
#5682 = VECTOR('',#5683,1.);
#5683 = DIRECTION('',(0.,0.,1.));
#5684 = PCURVE('',#5685,#5690);
#5685 = PLANE('',#5686);
#5686 = AXIS2_PLACEMENT_3D('',#5687,#5688,#5689);
#5687 = CARTESIAN_POINT('',(-16.61481793728,-140.,-168.7823254682));
#5688 = DIRECTION('',(1.,0.,0.));
#5689 = DIRECTION('',(0.,0.,1.));
#5690 = DEFINITIONAL_REPRESENTATION('',(#5691),#5695);
#5691 = LINE('',#5692,#5693);
#5692 = CARTESIAN_POINT('',(0.,0.));
#5693 = VECTOR('',#5694,1.);
#5694 = DIRECTION('',(1.,0.));
#5695 = ( GEOMETRIC_REPRESENTATION_CONTEXT(2) 
PARAMETRIC_REPRESENTATION_CONTEXT() REPRESENTATION_CONTEXT('2D SPACE',''
  ) );
#5696 = PCURVE('',#5697,#5702);
#5697 = PLANE('',#5698);
#5698 = AXIS2_PLACEMENT_3D('',#5699,#5700,#5701);
#5699 = CARTESIAN_POINT('',(-16.61481793728,-140.,-168.7823254682));
#5700 = DIRECTION('',(0.,1.,0.));
#5701 = DIRECTION('',(0.,0.,1.));
#5702 = DEFINITIONAL_REPRESENTATION('',(#5703),#5707);
#5703 = LINE('',#5704,#5705);
#5704 = CARTESIAN_POINT('',(0.,0.));
#5705 = VECTOR('',#5706,1.);
#5706 = DIRECTION('',(1.,0.));
#5707 = ( GEOMETRIC_REPRESENTATION_CONTEXT(2) 
PARAMETRIC_REPRESENTATION_CONTEXT() REPRESENTATION_CONTEXT('2D SPACE',''
  ) );
#5708 = ORIENTED_EDGE('',*,*,#5709,.T.);
#5709 = EDGE_CURVE('',#5675,#5710,#5712,.T.);
#5710 = VERTEX_POINT('',#5711);
#5711 = CARTESIAN_POINT('',(-16.61481793728,140.,-168.7823254682));
#5712 = SURFACE_CURVE('',#5713,(#5717,#5724),.PCURVE_S1.);
#5713 = LINE('',#5714,#5715);
#5714 = CARTESIAN_POINT('',(-16.61481793728,-140.,-168.7823254682));
#5715 = VECTOR('',#5716,1.);
#5716 = DIRECTION('',(0.,1.,0.));
#5717 = PCURVE('',#5685,#5718);
#5718 = DEFINITIONAL_REPRESENTATION('',(#5719),#5723);
#5719 = LINE('',#5720,#5721);
#5720 = CARTESIAN_POINT('',(0.,0.));
#5721 = VECTOR('',#5722,1.);
#5722 = DIRECTION('',(0.,-1.));
#5723 = ( GEOMETRIC_REPRESENTATION_CONTEXT(2) 
PARAMETRIC_REPRESENTATION_CONTEXT() REPRESENTATION_CONTEXT('2D SPACE',''
  ) );
#5724 = PCURVE('',#5725,#5730);
#5725 = PLANE('',#5726);
#5726 = AXIS2_PLACEMENT_3D('',#5727,#5728,#5729);
#5727 = CARTESIAN_POINT('',(-16.61481793728,-140.,-168.7823254682));
#5728 = DIRECTION('',(0.,0.,1.));
#5729 = DIRECTION('',(1.,0.,0.));
#5730 = DEFINITIONAL_REPRESENTATION('',(#5731),#5735);
#5731 = LINE('',#5732,#5733);
#5732 = CARTESIAN_POINT('',(0.,0.));
#5733 = VECTOR('',#5734,1.);
#5734 = DIRECTION('',(0.,1.));
#5735 = ( GEOMETRIC_REPRESENTATION_CONTEXT(2) 
PARAMETRIC_REPRESENTATION_CONTEXT() REPRESENTATION_CONTEXT('2D SPACE',''
  ) );
#5736 = ORIENTED_EDGE('',*,*,#5737,.T.);
#5737 = EDGE_CURVE('',#5710,#5738,#5740,.T.);
#5738 = VERTEX_POINT('',#5739);
#5739 = CARTESIAN_POINT('',(-16.61481793728,140.,-98.78232546822));
#5740 = SURFACE_CURVE('',#5741,(#5745,#5752),.PCURVE_S1.);
#5741 = LINE('',#5742,#5743);
#5742 = CARTESIAN_POINT('',(-16.61481793728,140.,-168.7823254682));
#5743 = VECTOR('',#5744,1.);
#5744 = DIRECTION('',(0.,0.,1.));
#5745 = PCURVE('',#5685,#5746);
#5746 = DEFINITIONAL_REPRESENTATION('',(#5747),#5751);
#5747 = LINE('',#5748,#5749);
#5748 = CARTESIAN_POINT('',(0.,-280.));
#5749 = VECTOR('',#5750,1.);
#5750 = DIRECTION('',(1.,0.));
#5751 = ( GEOMETRIC_REPRESENTATION_CONTEXT(2) 
PARAMETRIC_REPRESENTATION_CONTEXT() REPRESENTATION_CONTEXT('2D SPACE',''
  ) );
#5752 = PCURVE('',#5753,#5758);
#5753 = PLANE('',#5754);
#5754 = AXIS2_PLACEMENT_3D('',#5755,#5756,#5757);
#5755 = CARTESIAN_POINT('',(-16.61481793728,140.,-168.7823254682));
#5756 = DIRECTION('',(0.,1.,0.));
#5757 = DIRECTION('',(0.,0.,1.));
#5758 = DEFINITIONAL_REPRESENTATION('',(#5759),#5763);
#5759 = LINE('',#5760,#5761);
#5760 = CARTESIAN_POINT('',(0.,0.));
#5761 = VECTOR('',#5762,1.);
#5762 = DIRECTION('',(1.,0.));
#5763 = ( GEOMETRIC_REPRESENTATION_CONTEXT(2) 
PARAMETRIC_REPRESENTATION_CONTEXT() REPRESENTATION_CONTEXT('2D SPACE',''
  ) );
#5764 = ORIENTED_EDGE('',*,*,#5765,.T.);
#5765 = EDGE_CURVE('',#5738,#5677,#5766,.T.);
#5766 = SURFACE_CURVE('',#5767,(#5771,#5777),.PCURVE_S1.);
#5767 = LINE('',#5768,#5769);
#5768 = CARTESIAN_POINT('',(-16.61481793728,-70.,-98.78232546822));
#5769 = VECTOR('',#5770,1.);
#5770 = DIRECTION('',(0.,-1.,0.));
#5771 = PCURVE('',#5685,#5772);
#5772 = DEFINITIONAL_REPRESENTATION('',(#5773),#5776);
#5773 = B_SPLINE_CURVE_WITH_KNOTS('',1,(#5774,#5775),.UNSPECIFIED.,.F.,
  .F.,(2,2),(-210.,70.),.PIECEWISE_BEZIER_KNOTS.);
#5774 = CARTESIAN_POINT('',(70.,-280.));
#5775 = CARTESIAN_POINT('',(70.,0.));
#5776 = ( GEOMETRIC_REPRESENTATION_CONTEXT(2) 
PARAMETRIC_REPRESENTATION_CONTEXT() REPRESENTATION_CONTEXT('2D SPACE',''
  ) );
#5777 = PCURVE('',#5778,#5783);
#5778 = PLANE('',#5779);
#5779 = AXIS2_PLACEMENT_3D('',#5780,#5781,#5782);
#5780 = CARTESIAN_POINT('',(22.838636441065,0.,-10.16841607689));
#5781 = DIRECTION('',(-0.913545457643,0.,0.406736643076));
#5782 = DIRECTION('',(0.406736643076,0.,0.913545457643));
#5783 = DEFINITIONAL_REPRESENTATION('',(#5784),#5788);
#5784 = LINE('',#5785,#5786);
#5785 = CARTESIAN_POINT('',(-97.,-70.));
#5786 = VECTOR('',#5787,1.);
#5787 = DIRECTION('',(0.,-1.));
#5788 = ( GEOMETRIC_REPRESENTATION_CONTEXT(2) 
PARAMETRIC_REPRESENTATION_CONTEXT() REPRESENTATION_CONTEXT('2D SPACE',''
  ) );
#5789 = ADVANCED_FACE('',(#5790),#5697,.F.);
#5790 = FACE_BOUND('',#5791,.F.);
#5791 = EDGE_LOOP('',(#5792,#5822,#5843,#5844,#5866));
#5792 = ORIENTED_EDGE('',*,*,#5793,.F.);
#5793 = EDGE_CURVE('',#5794,#5796,#5798,.T.);
#5794 = VERTEX_POINT('',#5795);
#5795 = CARTESIAN_POINT('',(433.38518206271,-140.,-168.7823254682));
#5796 = VERTEX_POINT('',#5797);
#5797 = CARTESIAN_POINT('',(433.38518206271,-140.,138.44549331443));
#5798 = SURFACE_CURVE('',#5799,(#5803,#5810),.PCURVE_S1.);
#5799 = LINE('',#5800,#5801);
#5800 = CARTESIAN_POINT('',(433.38518206271,-140.,-168.7823254682));
#5801 = VECTOR('',#5802,1.);
#5802 = DIRECTION('',(0.,0.,1.));
#5803 = PCURVE('',#5697,#5804);
#5804 = DEFINITIONAL_REPRESENTATION('',(#5805),#5809);
#5805 = LINE('',#5806,#5807);
#5806 = CARTESIAN_POINT('',(0.,450.));
#5807 = VECTOR('',#5808,1.);
#5808 = DIRECTION('',(1.,0.));
#5809 = ( GEOMETRIC_REPRESENTATION_CONTEXT(2) 
PARAMETRIC_REPRESENTATION_CONTEXT() REPRESENTATION_CONTEXT('2D SPACE',''
  ) );
#5810 = PCURVE('',#5811,#5816);
#5811 = PLANE('',#5812);
#5812 = AXIS2_PLACEMENT_3D('',#5813,#5814,#5815);
#5813 = CARTESIAN_POINT('',(433.38518206271,-140.,-168.7823254682));
#5814 = DIRECTION('',(1.,0.,0.));
#5815 = DIRECTION('',(0.,0.,1.));
#5816 = DEFINITIONAL_REPRESENTATION('',(#5817),#5821);
#5817 = LINE('',#5818,#5819);
#5818 = CARTESIAN_POINT('',(0.,0.));
#5819 = VECTOR('',#5820,1.);
#5820 = DIRECTION('',(1.,0.));
#5821 = ( GEOMETRIC_REPRESENTATION_CONTEXT(2) 
PARAMETRIC_REPRESENTATION_CONTEXT() REPRESENTATION_CONTEXT('2D SPACE',''
  ) );
#5822 = ORIENTED_EDGE('',*,*,#5823,.F.);
#5823 = EDGE_CURVE('',#5675,#5794,#5824,.T.);
#5824 = SURFACE_CURVE('',#5825,(#5829,#5836),.PCURVE_S1.);
#5825 = LINE('',#5826,#5827);
#5826 = CARTESIAN_POINT('',(-16.61481793728,-140.,-168.7823254682));
#5827 = VECTOR('',#5828,1.);
#5828 = DIRECTION('',(1.,0.,0.));
#5829 = PCURVE('',#5697,#5830);
#5830 = DEFINITIONAL_REPRESENTATION('',(#5831),#5835);
#5831 = LINE('',#5832,#5833);
#5832 = CARTESIAN_POINT('',(0.,0.));
#5833 = VECTOR('',#5834,1.);
#5834 = DIRECTION('',(0.,1.));
#5835 = ( GEOMETRIC_REPRESENTATION_CONTEXT(2) 
PARAMETRIC_REPRESENTATION_CONTEXT() REPRESENTATION_CONTEXT('2D SPACE',''
  ) );
#5836 = PCURVE('',#5725,#5837);
#5837 = DEFINITIONAL_REPRESENTATION('',(#5838),#5842);
#5838 = LINE('',#5839,#5840);
#5839 = CARTESIAN_POINT('',(0.,0.));
#5840 = VECTOR('',#5841,1.);
#5841 = DIRECTION('',(1.,0.));
#5842 = ( GEOMETRIC_REPRESENTATION_CONTEXT(2) 
PARAMETRIC_REPRESENTATION_CONTEXT() REPRESENTATION_CONTEXT('2D SPACE',''
  ) );
#5843 = ORIENTED_EDGE('',*,*,#5674,.T.);
#5844 = ORIENTED_EDGE('',*,*,#5845,.T.);
#5845 = EDGE_CURVE('',#5677,#5846,#5848,.T.);
#5846 = VERTEX_POINT('',#5847);
#5847 = CARTESIAN_POINT('',(89.00581193793,-140.,138.44549331443));
#5848 = SURFACE_CURVE('',#5849,(#5853,#5859),.PCURVE_S1.);
#5849 = LINE('',#5850,#5851);
#5850 = CARTESIAN_POINT('',(-9.893125193966,-140.,-83.68515638384));
#5851 = VECTOR('',#5852,1.);
#5852 = DIRECTION('',(0.406736643076,-0.,0.913545457643));
#5853 = PCURVE('',#5697,#5854);
#5854 = DEFINITIONAL_REPRESENTATION('',(#5855),#5858);
#5855 = B_SPLINE_CURVE_WITH_KNOTS('',1,(#5856,#5857),.UNSPECIFIED.,.F.,
  .F.,(2,2),(-16.5259089825,243.15226772785),.PIECEWISE_BEZIER_KNOTS.);
#5856 = CARTESIAN_POINT('',(70.,1.7763568394E-15));
#5857 = CARTESIAN_POINT('',(307.22781878266,105.62062987521));
#5858 = ( GEOMETRIC_REPRESENTATION_CONTEXT(2) 
PARAMETRIC_REPRESENTATION_CONTEXT() REPRESENTATION_CONTEXT('2D SPACE',''
  ) );
#5859 = PCURVE('',#5778,#5860);
#5860 = DEFINITIONAL_REPRESENTATION('',(#5861),#5865);
#5861 = LINE('',#5862,#5863);
#5862 = CARTESIAN_POINT('',(-80.47409101749,-140.));
#5863 = VECTOR('',#5864,1.);
#5864 = DIRECTION('',(1.,0.));
#5865 = ( GEOMETRIC_REPRESENTATION_CONTEXT(2) 
PARAMETRIC_REPRESENTATION_CONTEXT() REPRESENTATION_CONTEXT('2D SPACE',''
  ) );
#5866 = ORIENTED_EDGE('',*,*,#5867,.T.);
#5867 = EDGE_CURVE('',#5846,#5796,#5868,.T.);
#5868 = SURFACE_CURVE('',#5869,(#5873,#5880),.PCURVE_S1.);
#5869 = LINE('',#5870,#5871);
#5870 = CARTESIAN_POINT('',(-16.61481793728,-140.,138.44549331443));
#5871 = VECTOR('',#5872,1.);
#5872 = DIRECTION('',(1.,0.,0.));
#5873 = PCURVE('',#5697,#5874);
#5874 = DEFINITIONAL_REPRESENTATION('',(#5875),#5879);
#5875 = LINE('',#5876,#5877);
#5876 = CARTESIAN_POINT('',(307.22781878266,0.));
#5877 = VECTOR('',#5878,1.);
#5878 = DIRECTION('',(0.,1.));
#5879 = ( GEOMETRIC_REPRESENTATION_CONTEXT(2) 
PARAMETRIC_REPRESENTATION_CONTEXT() REPRESENTATION_CONTEXT('2D SPACE',''
  ) );
#5880 = PCURVE('',#5881,#5886);
#5881 = PLANE('',#5882);
#5882 = AXIS2_PLACEMENT_3D('',#5883,#5884,#5885);
#5883 = CARTESIAN_POINT('',(-16.61481793728,-140.,138.44549331443));
#5884 = DIRECTION('',(0.,0.,1.));
#5885 = DIRECTION('',(1.,0.,0.));
#5886 = DEFINITIONAL_REPRESENTATION('',(#5887),#5891);
#5887 = LINE('',#5888,#5889);
#5888 = CARTESIAN_POINT('',(0.,0.));
#5889 = VECTOR('',#5890,1.);
#5890 = DIRECTION('',(1.,0.));
#5891 = ( GEOMETRIC_REPRESENTATION_CONTEXT(2) 
PARAMETRIC_REPRESENTATION_CONTEXT() REPRESENTATION_CONTEXT('2D SPACE',''
  ) );
#5892 = ADVANCED_FACE('',(#5893),#5778,.T.);
#5893 = FACE_BOUND('',#5894,.T.);
#5894 = EDGE_LOOP('',(#5895,#5917,#5918,#5919));
#5895 = ORIENTED_EDGE('',*,*,#5896,.F.);
#5896 = EDGE_CURVE('',#5738,#5897,#5899,.T.);
#5897 = VERTEX_POINT('',#5898);
#5898 = CARTESIAN_POINT('',(89.00581193793,140.,138.44549331443));
#5899 = SURFACE_CURVE('',#5900,(#5904,#5911),.PCURVE_S1.);
#5900 = LINE('',#5901,#5902);
#5901 = CARTESIAN_POINT('',(-9.893125193966,140.,-83.68515638384));
#5902 = VECTOR('',#5903,1.);
#5903 = DIRECTION('',(0.406736643076,-0.,0.913545457643));
#5904 = PCURVE('',#5778,#5905);
#5905 = DEFINITIONAL_REPRESENTATION('',(#5906),#5910);
#5906 = LINE('',#5907,#5908);
#5907 = CARTESIAN_POINT('',(-80.47409101749,140.));
#5908 = VECTOR('',#5909,1.);
#5909 = DIRECTION('',(1.,0.));
#5910 = ( GEOMETRIC_REPRESENTATION_CONTEXT(2) 
PARAMETRIC_REPRESENTATION_CONTEXT() REPRESENTATION_CONTEXT('2D SPACE',''
  ) );
#5911 = PCURVE('',#5753,#5912);
#5912 = DEFINITIONAL_REPRESENTATION('',(#5913),#5916);
#5913 = B_SPLINE_CURVE_WITH_KNOTS('',1,(#5914,#5915),.UNSPECIFIED.,.F.,
  .F.,(2,2),(-16.5259089825,243.15226772785),.PIECEWISE_BEZIER_KNOTS.);
#5914 = CARTESIAN_POINT('',(70.,1.7763568394E-15));
#5915 = CARTESIAN_POINT('',(307.22781878266,105.62062987521));
#5916 = ( GEOMETRIC_REPRESENTATION_CONTEXT(2) 
PARAMETRIC_REPRESENTATION_CONTEXT() REPRESENTATION_CONTEXT('2D SPACE',''
  ) );
#5917 = ORIENTED_EDGE('',*,*,#5765,.T.);
#5918 = ORIENTED_EDGE('',*,*,#5845,.T.);
#5919 = ORIENTED_EDGE('',*,*,#5920,.F.);
#5920 = EDGE_CURVE('',#5897,#5846,#5921,.T.);
#5921 = SURFACE_CURVE('',#5922,(#5926,#5933),.PCURVE_S1.);
#5922 = LINE('',#5923,#5924);
#5923 = CARTESIAN_POINT('',(89.00581193793,-70.,138.44549331443));
#5924 = VECTOR('',#5925,1.);
#5925 = DIRECTION('',(0.,-1.,0.));
#5926 = PCURVE('',#5778,#5927);
#5927 = DEFINITIONAL_REPRESENTATION('',(#5928),#5932);
#5928 = LINE('',#5929,#5930);
#5929 = CARTESIAN_POINT('',(162.67817671036,-70.));
#5930 = VECTOR('',#5931,1.);
#5931 = DIRECTION('',(0.,-1.));
#5932 = ( GEOMETRIC_REPRESENTATION_CONTEXT(2) 
PARAMETRIC_REPRESENTATION_CONTEXT() REPRESENTATION_CONTEXT('2D SPACE',''
  ) );
#5933 = PCURVE('',#5881,#5934);
#5934 = DEFINITIONAL_REPRESENTATION('',(#5935),#5938);
#5935 = B_SPLINE_CURVE_WITH_KNOTS('',1,(#5936,#5937),.UNSPECIFIED.,.F.,
  .F.,(2,2),(-210.,70.),.PIECEWISE_BEZIER_KNOTS.);
#5936 = CARTESIAN_POINT('',(105.62062987521,280.));
#5937 = CARTESIAN_POINT('',(105.62062987521,0.));
#5938 = ( GEOMETRIC_REPRESENTATION_CONTEXT(2) 
PARAMETRIC_REPRESENTATION_CONTEXT() REPRESENTATION_CONTEXT('2D SPACE',''
  ) );
#5939 = ADVANCED_FACE('',(#5940),#5753,.T.);
#5940 = FACE_BOUND('',#5941,.T.);
#5941 = EDGE_LOOP('',(#5942,#5967,#5988,#5989,#5990));
#5942 = ORIENTED_EDGE('',*,*,#5943,.F.);
#5943 = EDGE_CURVE('',#5944,#5946,#5948,.T.);
#5944 = VERTEX_POINT('',#5945);
#5945 = CARTESIAN_POINT('',(433.38518206271,140.,-168.7823254682));
#5946 = VERTEX_POINT('',#5947);
#5947 = CARTESIAN_POINT('',(433.38518206271,140.,138.44549331443));
#5948 = SURFACE_CURVE('',#5949,(#5953,#5960),.PCURVE_S1.);
#5949 = LINE('',#5950,#5951);
#5950 = CARTESIAN_POINT('',(433.38518206271,140.,-168.7823254682));
#5951 = VECTOR('',#5952,1.);
#5952 = DIRECTION('',(0.,0.,1.));
#5953 = PCURVE('',#5753,#5954);
#5954 = DEFINITIONAL_REPRESENTATION('',(#5955),#5959);
#5955 = LINE('',#5956,#5957);
#5956 = CARTESIAN_POINT('',(0.,450.));
#5957 = VECTOR('',#5958,1.);
#5958 = DIRECTION('',(1.,0.));
#5959 = ( GEOMETRIC_REPRESENTATION_CONTEXT(2) 
PARAMETRIC_REPRESENTATION_CONTEXT() REPRESENTATION_CONTEXT('2D SPACE',''
  ) );
#5960 = PCURVE('',#5811,#5961);
#5961 = DEFINITIONAL_REPRESENTATION('',(#5962),#5966);
#5962 = LINE('',#5963,#5964);
#5963 = CARTESIAN_POINT('',(0.,-280.));
#5964 = VECTOR('',#5965,1.);
#5965 = DIRECTION('',(1.,0.));
#5966 = ( GEOMETRIC_REPRESENTATION_CONTEXT(2) 
PARAMETRIC_REPRESENTATION_CONTEXT() REPRESENTATION_CONTEXT('2D SPACE',''
  ) );
#5967 = ORIENTED_EDGE('',*,*,#5968,.F.);
#5968 = EDGE_CURVE('',#5710,#5944,#5969,.T.);
#5969 = SURFACE_CURVE('',#5970,(#5974,#5981),.PCURVE_S1.);
#5970 = LINE('',#5971,#5972);
#5971 = CARTESIAN_POINT('',(-16.61481793728,140.,-168.7823254682));
#5972 = VECTOR('',#5973,1.);
#5973 = DIRECTION('',(1.,0.,0.));
#5974 = PCURVE('',#5753,#5975);
#5975 = DEFINITIONAL_REPRESENTATION('',(#5976),#5980);
#5976 = LINE('',#5977,#5978);
#5977 = CARTESIAN_POINT('',(0.,0.));
#5978 = VECTOR('',#5979,1.);
#5979 = DIRECTION('',(0.,1.));
#5980 = ( GEOMETRIC_REPRESENTATION_CONTEXT(2) 
PARAMETRIC_REPRESENTATION_CONTEXT() REPRESENTATION_CONTEXT('2D SPACE',''
  ) );
#5981 = PCURVE('',#5725,#5982);
#5982 = DEFINITIONAL_REPRESENTATION('',(#5983),#5987);
#5983 = LINE('',#5984,#5985);
#5984 = CARTESIAN_POINT('',(0.,280.));
#5985 = VECTOR('',#5986,1.);
#5986 = DIRECTION('',(1.,0.));
#5987 = ( GEOMETRIC_REPRESENTATION_CONTEXT(2) 
PARAMETRIC_REPRESENTATION_CONTEXT() REPRESENTATION_CONTEXT('2D SPACE',''
  ) );
#5988 = ORIENTED_EDGE('',*,*,#5737,.T.);
#5989 = ORIENTED_EDGE('',*,*,#5896,.T.);
#5990 = ORIENTED_EDGE('',*,*,#5991,.T.);
#5991 = EDGE_CURVE('',#5897,#5946,#5992,.T.);
#5992 = SURFACE_CURVE('',#5993,(#5997,#6004),.PCURVE_S1.);
#5993 = LINE('',#5994,#5995);
#5994 = CARTESIAN_POINT('',(-16.61481793728,140.,138.44549331443));
#5995 = VECTOR('',#5996,1.);
#5996 = DIRECTION('',(1.,0.,0.));
#5997 = PCURVE('',#5753,#5998);
#5998 = DEFINITIONAL_REPRESENTATION('',(#5999),#6003);
#5999 = LINE('',#6000,#6001);
#6000 = CARTESIAN_POINT('',(307.22781878266,0.));
#6001 = VECTOR('',#6002,1.);
#6002 = DIRECTION('',(0.,1.));
#6003 = ( GEOMETRIC_REPRESENTATION_CONTEXT(2) 
PARAMETRIC_REPRESENTATION_CONTEXT() REPRESENTATION_CONTEXT('2D SPACE',''
  ) );
#6004 = PCURVE('',#5881,#6005);
#6005 = DEFINITIONAL_REPRESENTATION('',(#6006),#6010);
#6006 = LINE('',#6007,#6008);
#6007 = CARTESIAN_POINT('',(0.,280.));
#6008 = VECTOR('',#6009,1.);
#6009 = DIRECTION('',(1.,0.));
#6010 = ( GEOMETRIC_REPRESENTATION_CONTEXT(2) 
PARAMETRIC_REPRESENTATION_CONTEXT() REPRESENTATION_CONTEXT('2D SPACE',''
  ) );
#6011 = ADVANCED_FACE('',(#6012),#5725,.F.);
#6012 = FACE_BOUND('',#6013,.F.);
#6013 = EDGE_LOOP('',(#6014,#6015,#6016,#6037));
#6014 = ORIENTED_EDGE('',*,*,#5709,.F.);
#6015 = ORIENTED_EDGE('',*,*,#5823,.T.);
#6016 = ORIENTED_EDGE('',*,*,#6017,.T.);
#6017 = EDGE_CURVE('',#5794,#5944,#6018,.T.);
#6018 = SURFACE_CURVE('',#6019,(#6023,#6030),.PCURVE_S1.);
#6019 = LINE('',#6020,#6021);
#6020 = CARTESIAN_POINT('',(433.38518206271,-140.,-168.7823254682));
#6021 = VECTOR('',#6022,1.);
#6022 = DIRECTION('',(0.,1.,0.));
#6023 = PCURVE('',#5725,#6024);
#6024 = DEFINITIONAL_REPRESENTATION('',(#6025),#6029);
#6025 = LINE('',#6026,#6027);
#6026 = CARTESIAN_POINT('',(450.,0.));
#6027 = VECTOR('',#6028,1.);
#6028 = DIRECTION('',(0.,1.));
#6029 = ( GEOMETRIC_REPRESENTATION_CONTEXT(2) 
PARAMETRIC_REPRESENTATION_CONTEXT() REPRESENTATION_CONTEXT('2D SPACE',''
  ) );
#6030 = PCURVE('',#5811,#6031);
#6031 = DEFINITIONAL_REPRESENTATION('',(#6032),#6036);
#6032 = LINE('',#6033,#6034);
#6033 = CARTESIAN_POINT('',(0.,0.));
#6034 = VECTOR('',#6035,1.);
#6035 = DIRECTION('',(0.,-1.));
#6036 = ( GEOMETRIC_REPRESENTATION_CONTEXT(2) 
PARAMETRIC_REPRESENTATION_CONTEXT() REPRESENTATION_CONTEXT('2D SPACE',''
  ) );
#6037 = ORIENTED_EDGE('',*,*,#5968,.F.);
#6038 = ADVANCED_FACE('',(#6039),#5811,.T.);
#6039 = FACE_BOUND('',#6040,.T.);
#6040 = EDGE_LOOP('',(#6041,#6042,#6043,#6044));
#6041 = ORIENTED_EDGE('',*,*,#5793,.F.);
#6042 = ORIENTED_EDGE('',*,*,#6017,.T.);
#6043 = ORIENTED_EDGE('',*,*,#5943,.T.);
#6044 = ORIENTED_EDGE('',*,*,#6045,.F.);
#6045 = EDGE_CURVE('',#5796,#5946,#6046,.T.);
#6046 = SURFACE_CURVE('',#6047,(#6051,#6058),.PCURVE_S1.);
#6047 = LINE('',#6048,#6049);
#6048 = CARTESIAN_POINT('',(433.38518206271,-140.,138.44549331443));
#6049 = VECTOR('',#6050,1.);
#6050 = DIRECTION('',(0.,1.,0.));
#6051 = PCURVE('',#5811,#6052);
#6052 = DEFINITIONAL_REPRESENTATION('',(#6053),#6057);
#6053 = LINE('',#6054,#6055);
#6054 = CARTESIAN_POINT('',(307.22781878266,0.));
#6055 = VECTOR('',#6056,1.);
#6056 = DIRECTION('',(0.,-1.));
#6057 = ( GEOMETRIC_REPRESENTATION_CONTEXT(2) 
PARAMETRIC_REPRESENTATION_CONTEXT() REPRESENTATION_CONTEXT('2D SPACE',''
  ) );
#6058 = PCURVE('',#5881,#6059);
#6059 = DEFINITIONAL_REPRESENTATION('',(#6060),#6064);
#6060 = LINE('',#6061,#6062);
#6061 = CARTESIAN_POINT('',(450.,0.));
#6062 = VECTOR('',#6063,1.);
#6063 = DIRECTION('',(0.,1.));
#6064 = ( GEOMETRIC_REPRESENTATION_CONTEXT(2) 
PARAMETRIC_REPRESENTATION_CONTEXT() REPRESENTATION_CONTEXT('2D SPACE',''
  ) );
#6065 = ADVANCED_FACE('',(#6066),#5881,.T.);
#6066 = FACE_BOUND('',#6067,.T.);
#6067 = EDGE_LOOP('',(#6068,#6069,#6070,#6071));
#6068 = ORIENTED_EDGE('',*,*,#5991,.F.);
#6069 = ORIENTED_EDGE('',*,*,#5920,.T.);
#6070 = ORIENTED_EDGE('',*,*,#5867,.T.);
#6071 = ORIENTED_EDGE('',*,*,#6045,.T.);
#6072 = ( GEOMETRIC_REPRESENTATION_CONTEXT(3) 
GLOBAL_UNCERTAINTY_ASSIGNED_CONTEXT((#6076)) 
GLOBAL_UNIT_ASSIGNED_CONTEXT((#6073,#6074,#6075)) REPRESENTATION_CONTEXT
('Context #1','3D Context with UNIT and UNCERTAINTY') );
#6073 = ( LENGTH_UNIT() NAMED_UNIT(*) SI_UNIT(.MILLI.,.METRE.) );
#6074 = ( NAMED_UNIT(*) PLANE_ANGLE_UNIT() SI_UNIT($,.RADIAN.) );
#6075 = ( NAMED_UNIT(*) SI_UNIT($,.STERADIAN.) SOLID_ANGLE_UNIT() );
#6076 = UNCERTAINTY_MEASURE_WITH_UNIT(LENGTH_MEASURE(1.E-07),#6073,
  'distance_accuracy_value','confusion accuracy');
#6077 = CONTEXT_DEPENDENT_SHAPE_REPRESENTATION(#6078,#6080);
#6078 = ( REPRESENTATION_RELATIONSHIP('','',#5667,#10) 
REPRESENTATION_RELATIONSHIP_WITH_TRANSFORMATION(#6079) 
SHAPE_REPRESENTATION_RELATIONSHIP() );
#6079 = ITEM_DEFINED_TRANSFORMATION('','',#11,#23);
#6080 = PRODUCT_DEFINITION_SHAPE('Placement','Placement of an item',
  #6081);
#6081 = NEXT_ASSEMBLY_USAGE_OCCURRENCE('3','','',#5,#5662,$);
#6082 = PRODUCT_RELATED_PRODUCT_CATEGORY('part',$,(#5664));
ENDSEC;
END-ISO-10303-21;
