ISO-10303-21;
HEADER;
FILE_DESCRIPTION(('Open CASCADE Model'),'2;1');
FILE_NAME('Open CASCADE Shape Model','2026-07-22T19:14:45',('Author'),(
    'Open CASCADE'),'Open CASCADE STEP processor 7.9','Open CASCADE 7.9'
  ,'Unknown');
FILE_SCHEMA(('AUTOMOTIVE_DESIGN { 1 0 10303 214 1 1 1 1 }'));
ENDSEC;
DATA;
#1 = APPLICATION_PROTOCOL_DEFINITION('international standard',
  'automotive_design',2000,#2);
#2 = APPLICATION_CONTEXT(
  'core data for automotive mechanical design processes');
#3 = SHAPE_DEFINITION_REPRESENTATION(#4,#10);
#4 = PRODUCT_DEFINITION_SHAPE('','',#5);
#5 = PRODUCT_DEFINITION('design','',#6,#9);
#6 = PRODUCT_DEFINITION_FORMATION('','',#7);
#7 = PRODUCT('Open CASCADE STEP translator 7.9 6',
  'Open CASCADE STEP translator 7.9 6','',(#8));
#8 = PRODUCT_CONTEXT('',#2,'mechanical');
#9 = PRODUCT_DEFINITION_CONTEXT('part definition',#2,'design');
#10 = ADVANCED_BREP_SHAPE_REPRESENTATION('',(#11,#15),#6115);
#11 = AXIS2_PLACEMENT_3D('',#12,#13,#14);
#12 = CARTESIAN_POINT('',(0.,0.,0.));
#13 = DIRECTION('',(0.,0.,1.));
#14 = DIRECTION('',(1.,0.,-0.));
#15 = BREP_WITH_VOIDS('',#16,(#976));
#16 = CLOSED_SHELL('',(#17,#131,#265,#369,#440,#489,#516,#544,#552,#689,
    #766,#842,#913,#941,#968));
#17 = ADVANCED_FACE('',(#18),#33,.T.);
#18 = FACE_BOUND('',#19,.F.);
#19 = EDGE_LOOP('',(#20,#56,#79,#108,#109));
#20 = ORIENTED_EDGE('',*,*,#21,.F.);
#21 = EDGE_CURVE('',#22,#24,#26,.T.);
#22 = VERTEX_POINT('',#23);
#23 = CARTESIAN_POINT('',(39.453454378353,0.,88.613909391332));
#24 = VERTEX_POINT('',#25);
#25 = CARTESIAN_POINT('',(-39.45345437835,5.395153851435E-08,
    -88.61390939133));
#26 = SURFACE_CURVE('',#27,(#32,#44),.PCURVE_S1.);
#27 = CIRCLE('',#28,97.);
#28 = AXIS2_PLACEMENT_3D('',#29,#30,#31);
#29 = CARTESIAN_POINT('',(0.,0.,0.));
#30 = DIRECTION('',(-0.913545457643,0.,0.406736643076));
#31 = DIRECTION('',(0.406736643076,0.,0.913545457643));
#32 = PCURVE('',#33,#38);
#33 = CYLINDRICAL_SURFACE('',#34,97.);
#34 = AXIS2_PLACEMENT_3D('',#35,#36,#37);
#35 = CARTESIAN_POINT('',(0.,0.,0.));
#36 = DIRECTION('',(0.913545457643,-0.,-0.406736643076));
#37 = DIRECTION('',(0.406736643076,0.,0.913545457643));
#38 = DEFINITIONAL_REPRESENTATION('',(#39),#43);
#39 = LINE('',#40,#41);
#40 = CARTESIAN_POINT('',(-0.,0.));
#41 = VECTOR('',#42,1.);
#42 = DIRECTION('',(-1.,0.));
#43 = ( GEOMETRIC_REPRESENTATION_CONTEXT(2) 
PARAMETRIC_REPRESENTATION_CONTEXT() REPRESENTATION_CONTEXT('2D SPACE',''
  ) );
#44 = PCURVE('',#45,#50);
#45 = PLANE('',#46);
#46 = AXIS2_PLACEMENT_3D('',#47,#48,#49);
#47 = CARTESIAN_POINT('',(0.,0.,0.));
#48 = DIRECTION('',(-0.913545457643,0.,0.406736643076));
#49 = DIRECTION('',(0.406736643076,0.,0.913545457643));
#50 = DEFINITIONAL_REPRESENTATION('',(#51),#55);
#51 = CIRCLE('',#52,97.);
#52 = AXIS2_PLACEMENT_2D('',#53,#54);
#53 = CARTESIAN_POINT('',(0.,0.));
#54 = DIRECTION('',(1.,0.));
#55 = ( GEOMETRIC_REPRESENTATION_CONTEXT(2) 
PARAMETRIC_REPRESENTATION_CONTEXT() REPRESENTATION_CONTEXT('2D SPACE',''
  ) );
#56 = ORIENTED_EDGE('',*,*,#57,.T.);
#57 = EDGE_CURVE('',#22,#58,#60,.T.);
#58 = VERTEX_POINT('',#59);
#59 = CARTESIAN_POINT('',(-325.9647286786,0.,251.30856662165));
#60 = SEAM_CURVE('',#61,(#65,#72),.PCURVE_S1.);
#61 = LINE('',#62,#63);
#62 = CARTESIAN_POINT('',(39.453454378353,0.,88.613909391332));
#63 = VECTOR('',#64,1.);
#64 = DIRECTION('',(-0.913545457643,0.,0.406736643076));
#65 = PCURVE('',#33,#66);
#66 = DEFINITIONAL_REPRESENTATION('',(#67),#71);
#67 = LINE('',#68,#69);
#68 = CARTESIAN_POINT('',(-6.28318530718,0.));
#69 = VECTOR('',#70,1.);
#70 = DIRECTION('',(-0.,-1.));
#71 = ( GEOMETRIC_REPRESENTATION_CONTEXT(2) 
PARAMETRIC_REPRESENTATION_CONTEXT() REPRESENTATION_CONTEXT('2D SPACE',''
  ) );
#72 = PCURVE('',#33,#73);
#73 = DEFINITIONAL_REPRESENTATION('',(#74),#78);
#74 = LINE('',#75,#76);
#75 = CARTESIAN_POINT('',(-0.,0.));
#76 = VECTOR('',#77,1.);
#77 = DIRECTION('',(-0.,-1.));
#78 = ( GEOMETRIC_REPRESENTATION_CONTEXT(2) 
PARAMETRIC_REPRESENTATION_CONTEXT() REPRESENTATION_CONTEXT('2D SPACE',''
  ) );
#79 = ORIENTED_EDGE('',*,*,#80,.T.);
#80 = EDGE_CURVE('',#81,#58,#83,.T.);
#81 = VERTEX_POINT('',#82);
#82 = CARTESIAN_POINT('',(-325.9647286786,0.,251.30856662165));
#83 = SURFACE_CURVE('',#84,(#89,#96),.PCURVE_S1.);
#84 = CIRCLE('',#85,97.);
#85 = AXIS2_PLACEMENT_3D('',#86,#87,#88);
#86 = CARTESIAN_POINT('',(-365.418183057,0.,162.69465723032));
#87 = DIRECTION('',(-0.913545457643,0.,0.406736643076));
#88 = DIRECTION('',(0.406736643076,0.,0.913545457643));
#89 = PCURVE('',#33,#90);
#90 = DEFINITIONAL_REPRESENTATION('',(#91),#95);
#91 = LINE('',#92,#93);
#92 = CARTESIAN_POINT('',(-0.,-400.));
#93 = VECTOR('',#94,1.);
#94 = DIRECTION('',(-1.,0.));
#95 = ( GEOMETRIC_REPRESENTATION_CONTEXT(2) 
PARAMETRIC_REPRESENTATION_CONTEXT() REPRESENTATION_CONTEXT('2D SPACE',''
  ) );
#96 = PCURVE('',#97,#102);
#97 = PLANE('',#98);
#98 = AXIS2_PLACEMENT_3D('',#99,#100,#101);
#99 = CARTESIAN_POINT('',(-365.418183057,0.,162.69465723032));
#100 = DIRECTION('',(-0.913545457643,0.,0.406736643076));
#101 = DIRECTION('',(0.406736643076,0.,0.913545457643));
#102 = DEFINITIONAL_REPRESENTATION('',(#103),#107);
#103 = CIRCLE('',#104,97.);
#104 = AXIS2_PLACEMENT_2D('',#105,#106);
#105 = CARTESIAN_POINT('',(0.,0.));
#106 = DIRECTION('',(1.,0.));
#107 = ( GEOMETRIC_REPRESENTATION_CONTEXT(2) 
PARAMETRIC_REPRESENTATION_CONTEXT() REPRESENTATION_CONTEXT('2D SPACE',''
  ) );
#108 = ORIENTED_EDGE('',*,*,#57,.F.);
#109 = ORIENTED_EDGE('',*,*,#110,.F.);
#110 = EDGE_CURVE('',#24,#22,#111,.T.);
#111 = SURFACE_CURVE('',#112,(#117,#124),.PCURVE_S1.);
#112 = CIRCLE('',#113,97.);
#113 = AXIS2_PLACEMENT_3D('',#114,#115,#116);
#114 = CARTESIAN_POINT('',(0.,0.,0.));
#115 = DIRECTION('',(-0.913545457643,0.,0.406736643076));
#116 = DIRECTION('',(0.406736643076,0.,0.913545457643));
#117 = PCURVE('',#33,#118);
#118 = DEFINITIONAL_REPRESENTATION('',(#119),#123);
#119 = LINE('',#120,#121);
#120 = CARTESIAN_POINT('',(-0.,0.));
#121 = VECTOR('',#122,1.);
#122 = DIRECTION('',(-1.,0.));
#123 = ( GEOMETRIC_REPRESENTATION_CONTEXT(2) 
PARAMETRIC_REPRESENTATION_CONTEXT() REPRESENTATION_CONTEXT('2D SPACE',''
  ) );
#124 = PCURVE('',#45,#125);
#125 = DEFINITIONAL_REPRESENTATION('',(#126),#130);
#126 = CIRCLE('',#127,97.);
#127 = AXIS2_PLACEMENT_2D('',#128,#129);
#128 = CARTESIAN_POINT('',(0.,0.));
#129 = DIRECTION('',(1.,0.));
#130 = ( GEOMETRIC_REPRESENTATION_CONTEXT(2) 
PARAMETRIC_REPRESENTATION_CONTEXT() REPRESENTATION_CONTEXT('2D SPACE',''
  ) );
#131 = ADVANCED_FACE('',(#132,#262),#97,.F.);
#132 = FACE_BOUND('',#133,.F.);
#133 = EDGE_LOOP('',(#134,#161,#188,#215,#242));
#134 = ORIENTED_EDGE('',*,*,#135,.F.);
#135 = EDGE_CURVE('',#136,#58,#138,.T.);
#136 = VERTEX_POINT('',#137);
#137 = CARTESIAN_POINT('',(-325.9647286786,140.,251.30856662165));
#138 = SURFACE_CURVE('',#139,(#143,#150),.PCURVE_S1.);
#139 = LINE('',#140,#141);
#140 = CARTESIAN_POINT('',(-325.9647286786,-70.,251.30856662165));
#141 = VECTOR('',#142,1.);
#142 = DIRECTION('',(0.,-1.,0.));
#143 = PCURVE('',#97,#144);
#144 = DEFINITIONAL_REPRESENTATION('',(#145),#149);
#145 = LINE('',#146,#147);
#146 = CARTESIAN_POINT('',(97.,-70.));
#147 = VECTOR('',#148,1.);
#148 = DIRECTION('',(0.,-1.));
#149 = ( GEOMETRIC_REPRESENTATION_CONTEXT(2) 
PARAMETRIC_REPRESENTATION_CONTEXT() REPRESENTATION_CONTEXT('2D SPACE',''
  ) );
#150 = PCURVE('',#151,#156);
#151 = PLANE('',#152);
#152 = AXIS2_PLACEMENT_3D('',#153,#154,#155);
#153 = CARTESIAN_POINT('',(-325.9647286786,-140.,4.080747838988));
#154 = DIRECTION('',(1.,0.,0.));
#155 = DIRECTION('',(0.,0.,1.));
#156 = DEFINITIONAL_REPRESENTATION('',(#157),#160);
#157 = B_SPLINE_CURVE_WITH_KNOTS('',1,(#158,#159),.UNSPECIFIED.,.F.,.F.,
  (2,2),(-210.,70.),.PIECEWISE_BEZIER_KNOTS.);
#158 = CARTESIAN_POINT('',(247.22781878266,-280.));
#159 = CARTESIAN_POINT('',(247.22781878266,0.));
#160 = ( GEOMETRIC_REPRESENTATION_CONTEXT(2) 
PARAMETRIC_REPRESENTATION_CONTEXT() REPRESENTATION_CONTEXT('2D SPACE',''
  ) );
#161 = ORIENTED_EDGE('',*,*,#162,.F.);
#162 = EDGE_CURVE('',#163,#136,#165,.T.);
#163 = VERTEX_POINT('',#164);
#164 = CARTESIAN_POINT('',(-436.0376454069,140.,4.080747838988));
#165 = SURFACE_CURVE('',#166,(#170,#177),.PCURVE_S1.);
#166 = LINE('',#167,#168);
#167 = CARTESIAN_POINT('',(-420.574046372,140.,38.812559928343));
#168 = VECTOR('',#169,1.);
#169 = DIRECTION('',(0.406736643076,-0.,0.913545457643));
#170 = PCURVE('',#97,#171);
#171 = DEFINITIONAL_REPRESENTATION('',(#172),#176);
#172 = LINE('',#173,#174);
#173 = CARTESIAN_POINT('',(-135.6058379641,140.));
#174 = VECTOR('',#175,1.);
#175 = DIRECTION('',(1.,0.));
#176 = ( GEOMETRIC_REPRESENTATION_CONTEXT(2) 
PARAMETRIC_REPRESENTATION_CONTEXT() REPRESENTATION_CONTEXT('2D SPACE',''
  ) );
#177 = PCURVE('',#178,#183);
#178 = PLANE('',#179);
#179 = AXIS2_PLACEMENT_3D('',#180,#181,#182);
#180 = CARTESIAN_POINT('',(-675.9647286786,140.,4.080747838988));
#181 = DIRECTION('',(0.,1.,0.));
#182 = DIRECTION('',(0.,0.,1.));
#183 = DEFINITIONAL_REPRESENTATION('',(#184),#187);
#184 = B_SPLINE_CURVE_WITH_KNOTS('',1,(#185,#186),.UNSPECIFIED.,.F.,.F.,
  (2,2),(-38.01870153126,232.60583796416),.PIECEWISE_BEZIER_KNOTS.);
#185 = CARTESIAN_POINT('',(-1.42108547152E-14,239.92708327169));
#186 = CARTESIAN_POINT('',(247.22781878266,350.));
#187 = ( GEOMETRIC_REPRESENTATION_CONTEXT(2) 
PARAMETRIC_REPRESENTATION_CONTEXT() REPRESENTATION_CONTEXT('2D SPACE',''
  ) );
#188 = ORIENTED_EDGE('',*,*,#189,.T.);
#189 = EDGE_CURVE('',#163,#190,#192,.T.);
#190 = VERTEX_POINT('',#191);
#191 = CARTESIAN_POINT('',(-436.0376454069,-140.,4.080747838988));
#192 = SURFACE_CURVE('',#193,(#197,#204),.PCURVE_S1.);
#193 = LINE('',#194,#195);
#194 = CARTESIAN_POINT('',(-436.0376454069,-70.,4.080747838988));
#195 = VECTOR('',#196,1.);
#196 = DIRECTION('',(0.,-1.,0.));
#197 = PCURVE('',#97,#198);
#198 = DEFINITIONAL_REPRESENTATION('',(#199),#203);
#199 = LINE('',#200,#201);
#200 = CARTESIAN_POINT('',(-173.6245394954,-70.));
#201 = VECTOR('',#202,1.);
#202 = DIRECTION('',(0.,-1.));
#203 = ( GEOMETRIC_REPRESENTATION_CONTEXT(2) 
PARAMETRIC_REPRESENTATION_CONTEXT() REPRESENTATION_CONTEXT('2D SPACE',''
  ) );
#204 = PCURVE('',#205,#210);
#205 = PLANE('',#206);
#206 = AXIS2_PLACEMENT_3D('',#207,#208,#209);
#207 = CARTESIAN_POINT('',(-675.9647286786,-140.,4.080747838988));
#208 = DIRECTION('',(0.,0.,1.));
#209 = DIRECTION('',(1.,0.,0.));
#210 = DEFINITIONAL_REPRESENTATION('',(#211),#214);
#211 = B_SPLINE_CURVE_WITH_KNOTS('',1,(#212,#213),.UNSPECIFIED.,.F.,.F.,
  (2,2),(-210.,70.),.PIECEWISE_BEZIER_KNOTS.);
#212 = CARTESIAN_POINT('',(239.92708327169,280.));
#213 = CARTESIAN_POINT('',(239.92708327169,0.));
#214 = ( GEOMETRIC_REPRESENTATION_CONTEXT(2) 
PARAMETRIC_REPRESENTATION_CONTEXT() REPRESENTATION_CONTEXT('2D SPACE',''
  ) );
#215 = ORIENTED_EDGE('',*,*,#216,.T.);
#216 = EDGE_CURVE('',#190,#217,#219,.T.);
#217 = VERTEX_POINT('',#218);
#218 = CARTESIAN_POINT('',(-325.9647286786,-140.,251.30856662165));
#219 = SURFACE_CURVE('',#220,(#224,#231),.PCURVE_S1.);
#220 = LINE('',#221,#222);
#221 = CARTESIAN_POINT('',(-420.574046372,-140.,38.812559928343));
#222 = VECTOR('',#223,1.);
#223 = DIRECTION('',(0.406736643076,-0.,0.913545457643));
#224 = PCURVE('',#97,#225);
#225 = DEFINITIONAL_REPRESENTATION('',(#226),#230);
#226 = LINE('',#227,#228);
#227 = CARTESIAN_POINT('',(-135.6058379641,-140.));
#228 = VECTOR('',#229,1.);
#229 = DIRECTION('',(1.,0.));
#230 = ( GEOMETRIC_REPRESENTATION_CONTEXT(2) 
PARAMETRIC_REPRESENTATION_CONTEXT() REPRESENTATION_CONTEXT('2D SPACE',''
  ) );
#231 = PCURVE('',#232,#237);
#232 = PLANE('',#233);
#233 = AXIS2_PLACEMENT_3D('',#234,#235,#236);
#234 = CARTESIAN_POINT('',(-675.9647286786,-140.,4.080747838988));
#235 = DIRECTION('',(0.,1.,0.));
#236 = DIRECTION('',(0.,0.,1.));
#237 = DEFINITIONAL_REPRESENTATION('',(#238),#241);
#238 = B_SPLINE_CURVE_WITH_KNOTS('',1,(#239,#240),.UNSPECIFIED.,.F.,.F.,
  (2,2),(-38.01870153126,232.60583796416),.PIECEWISE_BEZIER_KNOTS.);
#239 = CARTESIAN_POINT('',(-1.42108547152E-14,239.92708327169));
#240 = CARTESIAN_POINT('',(247.22781878266,350.));
#241 = ( GEOMETRIC_REPRESENTATION_CONTEXT(2) 
PARAMETRIC_REPRESENTATION_CONTEXT() REPRESENTATION_CONTEXT('2D SPACE',''
  ) );
#242 = ORIENTED_EDGE('',*,*,#243,.F.);
#243 = EDGE_CURVE('',#58,#217,#244,.T.);
#244 = SURFACE_CURVE('',#245,(#249,#256),.PCURVE_S1.);
#245 = LINE('',#246,#247);
#246 = CARTESIAN_POINT('',(-325.9647286786,-70.,251.30856662165));
#247 = VECTOR('',#248,1.);
#248 = DIRECTION('',(0.,-1.,0.));
#249 = PCURVE('',#97,#250);
#250 = DEFINITIONAL_REPRESENTATION('',(#251),#255);
#251 = LINE('',#252,#253);
#252 = CARTESIAN_POINT('',(97.,-70.));
#253 = VECTOR('',#254,1.);
#254 = DIRECTION('',(0.,-1.));
#255 = ( GEOMETRIC_REPRESENTATION_CONTEXT(2) 
PARAMETRIC_REPRESENTATION_CONTEXT() REPRESENTATION_CONTEXT('2D SPACE',''
  ) );
#256 = PCURVE('',#151,#257);
#257 = DEFINITIONAL_REPRESENTATION('',(#258),#261);
#258 = B_SPLINE_CURVE_WITH_KNOTS('',1,(#259,#260),.UNSPECIFIED.,.F.,.F.,
  (2,2),(-210.,70.),.PIECEWISE_BEZIER_KNOTS.);
#259 = CARTESIAN_POINT('',(247.22781878266,-280.));
#260 = CARTESIAN_POINT('',(247.22781878266,0.));
#261 = ( GEOMETRIC_REPRESENTATION_CONTEXT(2) 
PARAMETRIC_REPRESENTATION_CONTEXT() REPRESENTATION_CONTEXT('2D SPACE',''
  ) );
#262 = FACE_BOUND('',#263,.F.);
#263 = EDGE_LOOP('',(#264));
#264 = ORIENTED_EDGE('',*,*,#80,.F.);
#265 = ADVANCED_FACE('',(#266),#178,.T.);
#266 = FACE_BOUND('',#267,.T.);
#267 = EDGE_LOOP('',(#268,#291,#319,#347,#368));
#268 = ORIENTED_EDGE('',*,*,#269,.F.);
#269 = EDGE_CURVE('',#270,#163,#272,.T.);
#270 = VERTEX_POINT('',#271);
#271 = CARTESIAN_POINT('',(-675.9647286786,140.,4.080747838988));
#272 = SURFACE_CURVE('',#273,(#277,#284),.PCURVE_S1.);
#273 = LINE('',#274,#275);
#274 = CARTESIAN_POINT('',(-675.9647286786,140.,4.080747838988));
#275 = VECTOR('',#276,1.);
#276 = DIRECTION('',(1.,0.,0.));
#277 = PCURVE('',#178,#278);
#278 = DEFINITIONAL_REPRESENTATION('',(#279),#283);
#279 = LINE('',#280,#281);
#280 = CARTESIAN_POINT('',(0.,0.));
#281 = VECTOR('',#282,1.);
#282 = DIRECTION('',(0.,1.));
#283 = ( GEOMETRIC_REPRESENTATION_CONTEXT(2) 
PARAMETRIC_REPRESENTATION_CONTEXT() REPRESENTATION_CONTEXT('2D SPACE',''
  ) );
#284 = PCURVE('',#205,#285);
#285 = DEFINITIONAL_REPRESENTATION('',(#286),#290);
#286 = LINE('',#287,#288);
#287 = CARTESIAN_POINT('',(0.,280.));
#288 = VECTOR('',#289,1.);
#289 = DIRECTION('',(1.,0.));
#290 = ( GEOMETRIC_REPRESENTATION_CONTEXT(2) 
PARAMETRIC_REPRESENTATION_CONTEXT() REPRESENTATION_CONTEXT('2D SPACE',''
  ) );
#291 = ORIENTED_EDGE('',*,*,#292,.T.);
#292 = EDGE_CURVE('',#270,#293,#295,.T.);
#293 = VERTEX_POINT('',#294);
#294 = CARTESIAN_POINT('',(-675.9647286786,140.,311.30856662165));
#295 = SURFACE_CURVE('',#296,(#300,#307),.PCURVE_S1.);
#296 = LINE('',#297,#298);
#297 = CARTESIAN_POINT('',(-675.9647286786,140.,4.080747838988));
#298 = VECTOR('',#299,1.);
#299 = DIRECTION('',(0.,0.,1.));
#300 = PCURVE('',#178,#301);
#301 = DEFINITIONAL_REPRESENTATION('',(#302),#306);
#302 = LINE('',#303,#304);
#303 = CARTESIAN_POINT('',(0.,0.));
#304 = VECTOR('',#305,1.);
#305 = DIRECTION('',(1.,0.));
#306 = ( GEOMETRIC_REPRESENTATION_CONTEXT(2) 
PARAMETRIC_REPRESENTATION_CONTEXT() REPRESENTATION_CONTEXT('2D SPACE',''
  ) );
#307 = PCURVE('',#308,#313);
#308 = PLANE('',#309);
#309 = AXIS2_PLACEMENT_3D('',#310,#311,#312);
#310 = CARTESIAN_POINT('',(-675.9647286786,-140.,4.080747838988));
#311 = DIRECTION('',(1.,0.,0.));
#312 = DIRECTION('',(0.,0.,1.));
#313 = DEFINITIONAL_REPRESENTATION('',(#314),#318);
#314 = LINE('',#315,#316);
#315 = CARTESIAN_POINT('',(0.,-280.));
#316 = VECTOR('',#317,1.);
#317 = DIRECTION('',(1.,0.));
#318 = ( GEOMETRIC_REPRESENTATION_CONTEXT(2) 
PARAMETRIC_REPRESENTATION_CONTEXT() REPRESENTATION_CONTEXT('2D SPACE',''
  ) );
#319 = ORIENTED_EDGE('',*,*,#320,.T.);
#320 = EDGE_CURVE('',#293,#321,#323,.T.);
#321 = VERTEX_POINT('',#322);
#322 = CARTESIAN_POINT('',(-325.9647286786,140.,311.30856662165));
#323 = SURFACE_CURVE('',#324,(#328,#335),.PCURVE_S1.);
#324 = LINE('',#325,#326);
#325 = CARTESIAN_POINT('',(-675.9647286786,140.,311.30856662165));
#326 = VECTOR('',#327,1.);
#327 = DIRECTION('',(1.,0.,0.));
#328 = PCURVE('',#178,#329);
#329 = DEFINITIONAL_REPRESENTATION('',(#330),#334);
#330 = LINE('',#331,#332);
#331 = CARTESIAN_POINT('',(307.22781878266,0.));
#332 = VECTOR('',#333,1.);
#333 = DIRECTION('',(0.,1.));
#334 = ( GEOMETRIC_REPRESENTATION_CONTEXT(2) 
PARAMETRIC_REPRESENTATION_CONTEXT() REPRESENTATION_CONTEXT('2D SPACE',''
  ) );
#335 = PCURVE('',#336,#341);
#336 = PLANE('',#337);
#337 = AXIS2_PLACEMENT_3D('',#338,#339,#340);
#338 = CARTESIAN_POINT('',(-675.9647286786,-140.,311.30856662165));
#339 = DIRECTION('',(0.,0.,1.));
#340 = DIRECTION('',(1.,0.,0.));
#341 = DEFINITIONAL_REPRESENTATION('',(#342),#346);
#342 = LINE('',#343,#344);
#343 = CARTESIAN_POINT('',(0.,280.));
#344 = VECTOR('',#345,1.);
#345 = DIRECTION('',(1.,0.));
#346 = ( GEOMETRIC_REPRESENTATION_CONTEXT(2) 
PARAMETRIC_REPRESENTATION_CONTEXT() REPRESENTATION_CONTEXT('2D SPACE',''
  ) );
#347 = ORIENTED_EDGE('',*,*,#348,.F.);
#348 = EDGE_CURVE('',#136,#321,#349,.T.);
#349 = SURFACE_CURVE('',#350,(#354,#361),.PCURVE_S1.);
#350 = LINE('',#351,#352);
#351 = CARTESIAN_POINT('',(-325.9647286786,140.,4.080747838988));
#352 = VECTOR('',#353,1.);
#353 = DIRECTION('',(0.,0.,1.));
#354 = PCURVE('',#178,#355);
#355 = DEFINITIONAL_REPRESENTATION('',(#356),#360);
#356 = LINE('',#357,#358);
#357 = CARTESIAN_POINT('',(0.,350.));
#358 = VECTOR('',#359,1.);
#359 = DIRECTION('',(1.,0.));
#360 = ( GEOMETRIC_REPRESENTATION_CONTEXT(2) 
PARAMETRIC_REPRESENTATION_CONTEXT() REPRESENTATION_CONTEXT('2D SPACE',''
  ) );
#361 = PCURVE('',#151,#362);
#362 = DEFINITIONAL_REPRESENTATION('',(#363),#367);
#363 = LINE('',#364,#365);
#364 = CARTESIAN_POINT('',(0.,-280.));
#365 = VECTOR('',#366,1.);
#366 = DIRECTION('',(1.,0.));
#367 = ( GEOMETRIC_REPRESENTATION_CONTEXT(2) 
PARAMETRIC_REPRESENTATION_CONTEXT() REPRESENTATION_CONTEXT('2D SPACE',''
  ) );
#368 = ORIENTED_EDGE('',*,*,#162,.F.);
#369 = ADVANCED_FACE('',(#370),#308,.F.);
#370 = FACE_BOUND('',#371,.F.);
#371 = EDGE_LOOP('',(#372,#397,#418,#419));
#372 = ORIENTED_EDGE('',*,*,#373,.F.);
#373 = EDGE_CURVE('',#374,#376,#378,.T.);
#374 = VERTEX_POINT('',#375);
#375 = CARTESIAN_POINT('',(-675.9647286786,-140.,4.080747838988));
#376 = VERTEX_POINT('',#377);
#377 = CARTESIAN_POINT('',(-675.9647286786,-140.,311.30856662165));
#378 = SURFACE_CURVE('',#379,(#383,#390),.PCURVE_S1.);
#379 = LINE('',#380,#381);
#380 = CARTESIAN_POINT('',(-675.9647286786,-140.,4.080747838988));
#381 = VECTOR('',#382,1.);
#382 = DIRECTION('',(0.,0.,1.));
#383 = PCURVE('',#308,#384);
#384 = DEFINITIONAL_REPRESENTATION('',(#385),#389);
#385 = LINE('',#386,#387);
#386 = CARTESIAN_POINT('',(0.,0.));
#387 = VECTOR('',#388,1.);
#388 = DIRECTION('',(1.,0.));
#389 = ( GEOMETRIC_REPRESENTATION_CONTEXT(2) 
PARAMETRIC_REPRESENTATION_CONTEXT() REPRESENTATION_CONTEXT('2D SPACE',''
  ) );
#390 = PCURVE('',#232,#391);
#391 = DEFINITIONAL_REPRESENTATION('',(#392),#396);
#392 = LINE('',#393,#394);
#393 = CARTESIAN_POINT('',(0.,0.));
#394 = VECTOR('',#395,1.);
#395 = DIRECTION('',(1.,0.));
#396 = ( GEOMETRIC_REPRESENTATION_CONTEXT(2) 
PARAMETRIC_REPRESENTATION_CONTEXT() REPRESENTATION_CONTEXT('2D SPACE',''
  ) );
#397 = ORIENTED_EDGE('',*,*,#398,.T.);
#398 = EDGE_CURVE('',#374,#270,#399,.T.);
#399 = SURFACE_CURVE('',#400,(#404,#411),.PCURVE_S1.);
#400 = LINE('',#401,#402);
#401 = CARTESIAN_POINT('',(-675.9647286786,-140.,4.080747838988));
#402 = VECTOR('',#403,1.);
#403 = DIRECTION('',(0.,1.,0.));
#404 = PCURVE('',#308,#405);
#405 = DEFINITIONAL_REPRESENTATION('',(#406),#410);
#406 = LINE('',#407,#408);
#407 = CARTESIAN_POINT('',(0.,0.));
#408 = VECTOR('',#409,1.);
#409 = DIRECTION('',(0.,-1.));
#410 = ( GEOMETRIC_REPRESENTATION_CONTEXT(2) 
PARAMETRIC_REPRESENTATION_CONTEXT() REPRESENTATION_CONTEXT('2D SPACE',''
  ) );
#411 = PCURVE('',#205,#412);
#412 = DEFINITIONAL_REPRESENTATION('',(#413),#417);
#413 = LINE('',#414,#415);
#414 = CARTESIAN_POINT('',(0.,0.));
#415 = VECTOR('',#416,1.);
#416 = DIRECTION('',(0.,1.));
#417 = ( GEOMETRIC_REPRESENTATION_CONTEXT(2) 
PARAMETRIC_REPRESENTATION_CONTEXT() REPRESENTATION_CONTEXT('2D SPACE',''
  ) );
#418 = ORIENTED_EDGE('',*,*,#292,.T.);
#419 = ORIENTED_EDGE('',*,*,#420,.F.);
#420 = EDGE_CURVE('',#376,#293,#421,.T.);
#421 = SURFACE_CURVE('',#422,(#426,#433),.PCURVE_S1.);
#422 = LINE('',#423,#424);
#423 = CARTESIAN_POINT('',(-675.9647286786,-140.,311.30856662165));
#424 = VECTOR('',#425,1.);
#425 = DIRECTION('',(0.,1.,0.));
#426 = PCURVE('',#308,#427);
#427 = DEFINITIONAL_REPRESENTATION('',(#428),#432);
#428 = LINE('',#429,#430);
#429 = CARTESIAN_POINT('',(307.22781878266,0.));
#430 = VECTOR('',#431,1.);
#431 = DIRECTION('',(0.,-1.));
#432 = ( GEOMETRIC_REPRESENTATION_CONTEXT(2) 
PARAMETRIC_REPRESENTATION_CONTEXT() REPRESENTATION_CONTEXT('2D SPACE',''
  ) );
#433 = PCURVE('',#336,#434);
#434 = DEFINITIONAL_REPRESENTATION('',(#435),#439);
#435 = LINE('',#436,#437);
#436 = CARTESIAN_POINT('',(0.,0.));
#437 = VECTOR('',#438,1.);
#438 = DIRECTION('',(0.,1.));
#439 = ( GEOMETRIC_REPRESENTATION_CONTEXT(2) 
PARAMETRIC_REPRESENTATION_CONTEXT() REPRESENTATION_CONTEXT('2D SPACE',''
  ) );
#440 = ADVANCED_FACE('',(#441),#336,.T.);
#441 = FACE_BOUND('',#442,.T.);
#442 = EDGE_LOOP('',(#443,#444,#467,#488));
#443 = ORIENTED_EDGE('',*,*,#420,.F.);
#444 = ORIENTED_EDGE('',*,*,#445,.T.);
#445 = EDGE_CURVE('',#376,#446,#448,.T.);
#446 = VERTEX_POINT('',#447);
#447 = CARTESIAN_POINT('',(-325.9647286786,-140.,311.30856662165));
#448 = SURFACE_CURVE('',#449,(#453,#460),.PCURVE_S1.);
#449 = LINE('',#450,#451);
#450 = CARTESIAN_POINT('',(-675.9647286786,-140.,311.30856662165));
#451 = VECTOR('',#452,1.);
#452 = DIRECTION('',(1.,0.,0.));
#453 = PCURVE('',#336,#454);
#454 = DEFINITIONAL_REPRESENTATION('',(#455),#459);
#455 = LINE('',#456,#457);
#456 = CARTESIAN_POINT('',(0.,0.));
#457 = VECTOR('',#458,1.);
#458 = DIRECTION('',(1.,0.));
#459 = ( GEOMETRIC_REPRESENTATION_CONTEXT(2) 
PARAMETRIC_REPRESENTATION_CONTEXT() REPRESENTATION_CONTEXT('2D SPACE',''
  ) );
#460 = PCURVE('',#232,#461);
#461 = DEFINITIONAL_REPRESENTATION('',(#462),#466);
#462 = LINE('',#463,#464);
#463 = CARTESIAN_POINT('',(307.22781878266,0.));
#464 = VECTOR('',#465,1.);
#465 = DIRECTION('',(0.,1.));
#466 = ( GEOMETRIC_REPRESENTATION_CONTEXT(2) 
PARAMETRIC_REPRESENTATION_CONTEXT() REPRESENTATION_CONTEXT('2D SPACE',''
  ) );
#467 = ORIENTED_EDGE('',*,*,#468,.T.);
#468 = EDGE_CURVE('',#446,#321,#469,.T.);
#469 = SURFACE_CURVE('',#470,(#474,#481),.PCURVE_S1.);
#470 = LINE('',#471,#472);
#471 = CARTESIAN_POINT('',(-325.9647286786,-140.,311.30856662165));
#472 = VECTOR('',#473,1.);
#473 = DIRECTION('',(0.,1.,0.));
#474 = PCURVE('',#336,#475);
#475 = DEFINITIONAL_REPRESENTATION('',(#476),#480);
#476 = LINE('',#477,#478);
#477 = CARTESIAN_POINT('',(350.,0.));
#478 = VECTOR('',#479,1.);
#479 = DIRECTION('',(0.,1.));
#480 = ( GEOMETRIC_REPRESENTATION_CONTEXT(2) 
PARAMETRIC_REPRESENTATION_CONTEXT() REPRESENTATION_CONTEXT('2D SPACE',''
  ) );
#481 = PCURVE('',#151,#482);
#482 = DEFINITIONAL_REPRESENTATION('',(#483),#487);
#483 = LINE('',#484,#485);
#484 = CARTESIAN_POINT('',(307.22781878266,0.));
#485 = VECTOR('',#486,1.);
#486 = DIRECTION('',(0.,-1.));
#487 = ( GEOMETRIC_REPRESENTATION_CONTEXT(2) 
PARAMETRIC_REPRESENTATION_CONTEXT() REPRESENTATION_CONTEXT('2D SPACE',''
  ) );
#488 = ORIENTED_EDGE('',*,*,#320,.F.);
#489 = ADVANCED_FACE('',(#490),#205,.F.);
#490 = FACE_BOUND('',#491,.F.);
#491 = EDGE_LOOP('',(#492,#493,#494,#515));
#492 = ORIENTED_EDGE('',*,*,#269,.F.);
#493 = ORIENTED_EDGE('',*,*,#398,.F.);
#494 = ORIENTED_EDGE('',*,*,#495,.T.);
#495 = EDGE_CURVE('',#374,#190,#496,.T.);
#496 = SURFACE_CURVE('',#497,(#501,#508),.PCURVE_S1.);
#497 = LINE('',#498,#499);
#498 = CARTESIAN_POINT('',(-675.9647286786,-140.,4.080747838988));
#499 = VECTOR('',#500,1.);
#500 = DIRECTION('',(1.,0.,0.));
#501 = PCURVE('',#205,#502);
#502 = DEFINITIONAL_REPRESENTATION('',(#503),#507);
#503 = LINE('',#504,#505);
#504 = CARTESIAN_POINT('',(0.,0.));
#505 = VECTOR('',#506,1.);
#506 = DIRECTION('',(1.,0.));
#507 = ( GEOMETRIC_REPRESENTATION_CONTEXT(2) 
PARAMETRIC_REPRESENTATION_CONTEXT() REPRESENTATION_CONTEXT('2D SPACE',''
  ) );
#508 = PCURVE('',#232,#509);
#509 = DEFINITIONAL_REPRESENTATION('',(#510),#514);
#510 = LINE('',#511,#512);
#511 = CARTESIAN_POINT('',(0.,0.));
#512 = VECTOR('',#513,1.);
#513 = DIRECTION('',(0.,1.));
#514 = ( GEOMETRIC_REPRESENTATION_CONTEXT(2) 
PARAMETRIC_REPRESENTATION_CONTEXT() REPRESENTATION_CONTEXT('2D SPACE',''
  ) );
#515 = ORIENTED_EDGE('',*,*,#189,.F.);
#516 = ADVANCED_FACE('',(#517),#232,.F.);
#517 = FACE_BOUND('',#518,.F.);
#518 = EDGE_LOOP('',(#519,#520,#521,#522,#543));
#519 = ORIENTED_EDGE('',*,*,#495,.F.);
#520 = ORIENTED_EDGE('',*,*,#373,.T.);
#521 = ORIENTED_EDGE('',*,*,#445,.T.);
#522 = ORIENTED_EDGE('',*,*,#523,.F.);
#523 = EDGE_CURVE('',#217,#446,#524,.T.);
#524 = SURFACE_CURVE('',#525,(#529,#536),.PCURVE_S1.);
#525 = LINE('',#526,#527);
#526 = CARTESIAN_POINT('',(-325.9647286786,-140.,4.080747838988));
#527 = VECTOR('',#528,1.);
#528 = DIRECTION('',(0.,0.,1.));
#529 = PCURVE('',#232,#530);
#530 = DEFINITIONAL_REPRESENTATION('',(#531),#535);
#531 = LINE('',#532,#533);
#532 = CARTESIAN_POINT('',(0.,350.));
#533 = VECTOR('',#534,1.);
#534 = DIRECTION('',(1.,0.));
#535 = ( GEOMETRIC_REPRESENTATION_CONTEXT(2) 
PARAMETRIC_REPRESENTATION_CONTEXT() REPRESENTATION_CONTEXT('2D SPACE',''
  ) );
#536 = PCURVE('',#151,#537);
#537 = DEFINITIONAL_REPRESENTATION('',(#538),#542);
#538 = LINE('',#539,#540);
#539 = CARTESIAN_POINT('',(0.,0.));
#540 = VECTOR('',#541,1.);
#541 = DIRECTION('',(1.,0.));
#542 = ( GEOMETRIC_REPRESENTATION_CONTEXT(2) 
PARAMETRIC_REPRESENTATION_CONTEXT() REPRESENTATION_CONTEXT('2D SPACE',''
  ) );
#543 = ORIENTED_EDGE('',*,*,#216,.F.);
#544 = ADVANCED_FACE('',(#545),#151,.T.);
#545 = FACE_BOUND('',#546,.T.);
#546 = EDGE_LOOP('',(#547,#548,#549,#550,#551));
#547 = ORIENTED_EDGE('',*,*,#523,.F.);
#548 = ORIENTED_EDGE('',*,*,#243,.F.);
#549 = ORIENTED_EDGE('',*,*,#135,.F.);
#550 = ORIENTED_EDGE('',*,*,#348,.T.);
#551 = ORIENTED_EDGE('',*,*,#468,.F.);
#552 = ADVANCED_FACE('',(#553,#685),#45,.T.);
#553 = FACE_BOUND('',#554,.T.);
#554 = EDGE_LOOP('',(#555,#584,#611,#633,#660));
#555 = ORIENTED_EDGE('',*,*,#556,.F.);
#556 = EDGE_CURVE('',#557,#559,#561,.T.);
#557 = VERTEX_POINT('',#558);
#558 = CARTESIAN_POINT('',(-39.45345437835,140.,-88.61390939133));
#559 = VERTEX_POINT('',#560);
#560 = CARTESIAN_POINT('',(66.167175496865,140.,148.61390939133));
#561 = SURFACE_CURVE('',#562,(#566,#573),.PCURVE_S1.);
#562 = LINE('',#563,#564);
#563 = CARTESIAN_POINT('',(-32.73176163503,140.,-73.51674030694));
#564 = VECTOR('',#565,1.);
#565 = DIRECTION('',(0.406736643076,-0.,0.913545457643));
#566 = PCURVE('',#45,#567);
#567 = DEFINITIONAL_REPRESENTATION('',(#568),#572);
#568 = LINE('',#569,#570);
#569 = CARTESIAN_POINT('',(-80.47409101749,140.));
#570 = VECTOR('',#571,1.);
#571 = DIRECTION('',(1.,0.));
#572 = ( GEOMETRIC_REPRESENTATION_CONTEXT(2) 
PARAMETRIC_REPRESENTATION_CONTEXT() REPRESENTATION_CONTEXT('2D SPACE',''
  ) );
#573 = PCURVE('',#574,#579);
#574 = PLANE('',#575);
#575 = AXIS2_PLACEMENT_3D('',#576,#577,#578);
#576 = CARTESIAN_POINT('',(-39.45345437835,140.,-158.6139093913));
#577 = DIRECTION('',(0.,1.,0.));
#578 = DIRECTION('',(0.,0.,1.));
#579 = DEFINITIONAL_REPRESENTATION('',(#580),#583);
#580 = B_SPLINE_CURVE_WITH_KNOTS('',1,(#581,#582),.UNSPECIFIED.,.F.,.F.,
  (2,2),(-16.5259089825,243.15226772785),.PIECEWISE_BEZIER_KNOTS.);
#581 = CARTESIAN_POINT('',(70.,-1.7763568394E-15));
#582 = CARTESIAN_POINT('',(307.22781878266,105.62062987521));
#583 = ( GEOMETRIC_REPRESENTATION_CONTEXT(2) 
PARAMETRIC_REPRESENTATION_CONTEXT() REPRESENTATION_CONTEXT('2D SPACE',''
  ) );
#584 = ORIENTED_EDGE('',*,*,#585,.T.);
#585 = EDGE_CURVE('',#557,#586,#588,.T.);
#586 = VERTEX_POINT('',#587);
#587 = CARTESIAN_POINT('',(-39.45345437835,5.395153851435E-08,
    -88.61390939133));
#588 = SURFACE_CURVE('',#589,(#593,#600),.PCURVE_S1.);
#589 = LINE('',#590,#591);
#590 = CARTESIAN_POINT('',(-39.45345437835,-70.,-88.61390939133));
#591 = VECTOR('',#592,1.);
#592 = DIRECTION('',(0.,-1.,0.));
#593 = PCURVE('',#45,#594);
#594 = DEFINITIONAL_REPRESENTATION('',(#595),#599);
#595 = LINE('',#596,#597);
#596 = CARTESIAN_POINT('',(-97.,-70.));
#597 = VECTOR('',#598,1.);
#598 = DIRECTION('',(0.,-1.));
#599 = ( GEOMETRIC_REPRESENTATION_CONTEXT(2) 
PARAMETRIC_REPRESENTATION_CONTEXT() REPRESENTATION_CONTEXT('2D SPACE',''
  ) );
#600 = PCURVE('',#601,#606);
#601 = PLANE('',#602);
#602 = AXIS2_PLACEMENT_3D('',#603,#604,#605);
#603 = CARTESIAN_POINT('',(-39.45345437835,-140.,-158.6139093913));
#604 = DIRECTION('',(1.,0.,0.));
#605 = DIRECTION('',(0.,0.,1.));
#606 = DEFINITIONAL_REPRESENTATION('',(#607),#610);
#607 = B_SPLINE_CURVE_WITH_KNOTS('',1,(#608,#609),.UNSPECIFIED.,.F.,.F.,
  (2,2),(-210.,70.),.PIECEWISE_BEZIER_KNOTS.);
#608 = CARTESIAN_POINT('',(70.,-280.));
#609 = CARTESIAN_POINT('',(70.,0.));
#610 = ( GEOMETRIC_REPRESENTATION_CONTEXT(2) 
PARAMETRIC_REPRESENTATION_CONTEXT() REPRESENTATION_CONTEXT('2D SPACE',''
  ) );
#611 = ORIENTED_EDGE('',*,*,#612,.T.);
#612 = EDGE_CURVE('',#586,#613,#615,.T.);
#613 = VERTEX_POINT('',#614);
#614 = CARTESIAN_POINT('',(-39.45345437835,-140.,-88.61390939133));
#615 = SURFACE_CURVE('',#616,(#620,#627),.PCURVE_S1.);
#616 = LINE('',#617,#618);
#617 = CARTESIAN_POINT('',(-39.45345437835,-70.,-88.61390939133));
#618 = VECTOR('',#619,1.);
#619 = DIRECTION('',(0.,-1.,0.));
#620 = PCURVE('',#45,#621);
#621 = DEFINITIONAL_REPRESENTATION('',(#622),#626);
#622 = LINE('',#623,#624);
#623 = CARTESIAN_POINT('',(-97.,-70.));
#624 = VECTOR('',#625,1.);
#625 = DIRECTION('',(0.,-1.));
#626 = ( GEOMETRIC_REPRESENTATION_CONTEXT(2) 
PARAMETRIC_REPRESENTATION_CONTEXT() REPRESENTATION_CONTEXT('2D SPACE',''
  ) );
#627 = PCURVE('',#601,#628);
#628 = DEFINITIONAL_REPRESENTATION('',(#629),#632);
#629 = B_SPLINE_CURVE_WITH_KNOTS('',1,(#630,#631),.UNSPECIFIED.,.F.,.F.,
  (2,2),(-210.,70.),.PIECEWISE_BEZIER_KNOTS.);
#630 = CARTESIAN_POINT('',(70.,-280.));
#631 = CARTESIAN_POINT('',(70.,0.));
#632 = ( GEOMETRIC_REPRESENTATION_CONTEXT(2) 
PARAMETRIC_REPRESENTATION_CONTEXT() REPRESENTATION_CONTEXT('2D SPACE',''
  ) );
#633 = ORIENTED_EDGE('',*,*,#634,.T.);
#634 = EDGE_CURVE('',#613,#635,#637,.T.);
#635 = VERTEX_POINT('',#636);
#636 = CARTESIAN_POINT('',(66.167175496865,-140.,148.61390939133));
#637 = SURFACE_CURVE('',#638,(#642,#649),.PCURVE_S1.);
#638 = LINE('',#639,#640);
#639 = CARTESIAN_POINT('',(-32.73176163503,-140.,-73.51674030694));
#640 = VECTOR('',#641,1.);
#641 = DIRECTION('',(0.406736643076,-0.,0.913545457643));
#642 = PCURVE('',#45,#643);
#643 = DEFINITIONAL_REPRESENTATION('',(#644),#648);
#644 = LINE('',#645,#646);
#645 = CARTESIAN_POINT('',(-80.47409101749,-140.));
#646 = VECTOR('',#647,1.);
#647 = DIRECTION('',(1.,0.));
#648 = ( GEOMETRIC_REPRESENTATION_CONTEXT(2) 
PARAMETRIC_REPRESENTATION_CONTEXT() REPRESENTATION_CONTEXT('2D SPACE',''
  ) );
#649 = PCURVE('',#650,#655);
#650 = PLANE('',#651);
#651 = AXIS2_PLACEMENT_3D('',#652,#653,#654);
#652 = CARTESIAN_POINT('',(-39.45345437835,-140.,-158.6139093913));
#653 = DIRECTION('',(0.,1.,0.));
#654 = DIRECTION('',(0.,0.,1.));
#655 = DEFINITIONAL_REPRESENTATION('',(#656),#659);
#656 = B_SPLINE_CURVE_WITH_KNOTS('',1,(#657,#658),.UNSPECIFIED.,.F.,.F.,
  (2,2),(-16.5259089825,243.15226772785),.PIECEWISE_BEZIER_KNOTS.);
#657 = CARTESIAN_POINT('',(70.,-1.7763568394E-15));
#658 = CARTESIAN_POINT('',(307.22781878266,105.62062987521));
#659 = ( GEOMETRIC_REPRESENTATION_CONTEXT(2) 
PARAMETRIC_REPRESENTATION_CONTEXT() REPRESENTATION_CONTEXT('2D SPACE',''
  ) );
#660 = ORIENTED_EDGE('',*,*,#661,.F.);
#661 = EDGE_CURVE('',#559,#635,#662,.T.);
#662 = SURFACE_CURVE('',#663,(#667,#674),.PCURVE_S1.);
#663 = LINE('',#664,#665);
#664 = CARTESIAN_POINT('',(66.167175496865,-70.,148.61390939133));
#665 = VECTOR('',#666,1.);
#666 = DIRECTION('',(0.,-1.,0.));
#667 = PCURVE('',#45,#668);
#668 = DEFINITIONAL_REPRESENTATION('',(#669),#673);
#669 = LINE('',#670,#671);
#670 = CARTESIAN_POINT('',(162.67817671036,-70.));
#671 = VECTOR('',#672,1.);
#672 = DIRECTION('',(0.,-1.));
#673 = ( GEOMETRIC_REPRESENTATION_CONTEXT(2) 
PARAMETRIC_REPRESENTATION_CONTEXT() REPRESENTATION_CONTEXT('2D SPACE',''
  ) );
#674 = PCURVE('',#675,#680);
#675 = PLANE('',#676);
#676 = AXIS2_PLACEMENT_3D('',#677,#678,#679);
#677 = CARTESIAN_POINT('',(-39.45345437835,-140.,148.61390939133));
#678 = DIRECTION('',(0.,0.,1.));
#679 = DIRECTION('',(1.,0.,0.));
#680 = DEFINITIONAL_REPRESENTATION('',(#681),#684);
#681 = B_SPLINE_CURVE_WITH_KNOTS('',1,(#682,#683),.UNSPECIFIED.,.F.,.F.,
  (2,2),(-210.,70.),.PIECEWISE_BEZIER_KNOTS.);
#682 = CARTESIAN_POINT('',(105.62062987521,280.));
#683 = CARTESIAN_POINT('',(105.62062987521,0.));
#684 = ( GEOMETRIC_REPRESENTATION_CONTEXT(2) 
PARAMETRIC_REPRESENTATION_CONTEXT() REPRESENTATION_CONTEXT('2D SPACE',''
  ) );
#685 = FACE_BOUND('',#686,.T.);
#686 = EDGE_LOOP('',(#687,#688));
#687 = ORIENTED_EDGE('',*,*,#110,.F.);
#688 = ORIENTED_EDGE('',*,*,#21,.F.);
#689 = ADVANCED_FACE('',(#690),#601,.F.);
#690 = FACE_BOUND('',#691,.F.);
#691 = EDGE_LOOP('',(#692,#715,#743,#764,#765));
#692 = ORIENTED_EDGE('',*,*,#693,.F.);
#693 = EDGE_CURVE('',#694,#613,#696,.T.);
#694 = VERTEX_POINT('',#695);
#695 = CARTESIAN_POINT('',(-39.45345437835,-140.,-158.6139093913));
#696 = SURFACE_CURVE('',#697,(#701,#708),.PCURVE_S1.);
#697 = LINE('',#698,#699);
#698 = CARTESIAN_POINT('',(-39.45345437835,-140.,-158.6139093913));
#699 = VECTOR('',#700,1.);
#700 = DIRECTION('',(0.,0.,1.));
#701 = PCURVE('',#601,#702);
#702 = DEFINITIONAL_REPRESENTATION('',(#703),#707);
#703 = LINE('',#704,#705);
#704 = CARTESIAN_POINT('',(0.,0.));
#705 = VECTOR('',#706,1.);
#706 = DIRECTION('',(1.,0.));
#707 = ( GEOMETRIC_REPRESENTATION_CONTEXT(2) 
PARAMETRIC_REPRESENTATION_CONTEXT() REPRESENTATION_CONTEXT('2D SPACE',''
  ) );
#708 = PCURVE('',#650,#709);
#709 = DEFINITIONAL_REPRESENTATION('',(#710),#714);
#710 = LINE('',#711,#712);
#711 = CARTESIAN_POINT('',(0.,0.));
#712 = VECTOR('',#713,1.);
#713 = DIRECTION('',(1.,0.));
#714 = ( GEOMETRIC_REPRESENTATION_CONTEXT(2) 
PARAMETRIC_REPRESENTATION_CONTEXT() REPRESENTATION_CONTEXT('2D SPACE',''
  ) );
#715 = ORIENTED_EDGE('',*,*,#716,.T.);
#716 = EDGE_CURVE('',#694,#717,#719,.T.);
#717 = VERTEX_POINT('',#718);
#718 = CARTESIAN_POINT('',(-39.45345437835,140.,-158.6139093913));
#719 = SURFACE_CURVE('',#720,(#724,#731),.PCURVE_S1.);
#720 = LINE('',#721,#722);
#721 = CARTESIAN_POINT('',(-39.45345437835,-140.,-158.6139093913));
#722 = VECTOR('',#723,1.);
#723 = DIRECTION('',(0.,1.,0.));
#724 = PCURVE('',#601,#725);
#725 = DEFINITIONAL_REPRESENTATION('',(#726),#730);
#726 = LINE('',#727,#728);
#727 = CARTESIAN_POINT('',(0.,0.));
#728 = VECTOR('',#729,1.);
#729 = DIRECTION('',(0.,-1.));
#730 = ( GEOMETRIC_REPRESENTATION_CONTEXT(2) 
PARAMETRIC_REPRESENTATION_CONTEXT() REPRESENTATION_CONTEXT('2D SPACE',''
  ) );
#731 = PCURVE('',#732,#737);
#732 = PLANE('',#733);
#733 = AXIS2_PLACEMENT_3D('',#734,#735,#736);
#734 = CARTESIAN_POINT('',(-39.45345437835,-140.,-158.6139093913));
#735 = DIRECTION('',(0.,0.,1.));
#736 = DIRECTION('',(1.,0.,0.));
#737 = DEFINITIONAL_REPRESENTATION('',(#738),#742);
#738 = LINE('',#739,#740);
#739 = CARTESIAN_POINT('',(0.,0.));
#740 = VECTOR('',#741,1.);
#741 = DIRECTION('',(0.,1.));
#742 = ( GEOMETRIC_REPRESENTATION_CONTEXT(2) 
PARAMETRIC_REPRESENTATION_CONTEXT() REPRESENTATION_CONTEXT('2D SPACE',''
  ) );
#743 = ORIENTED_EDGE('',*,*,#744,.T.);
#744 = EDGE_CURVE('',#717,#557,#745,.T.);
#745 = SURFACE_CURVE('',#746,(#750,#757),.PCURVE_S1.);
#746 = LINE('',#747,#748);
#747 = CARTESIAN_POINT('',(-39.45345437835,140.,-158.6139093913));
#748 = VECTOR('',#749,1.);
#749 = DIRECTION('',(0.,0.,1.));
#750 = PCURVE('',#601,#751);
#751 = DEFINITIONAL_REPRESENTATION('',(#752),#756);
#752 = LINE('',#753,#754);
#753 = CARTESIAN_POINT('',(0.,-280.));
#754 = VECTOR('',#755,1.);
#755 = DIRECTION('',(1.,0.));
#756 = ( GEOMETRIC_REPRESENTATION_CONTEXT(2) 
PARAMETRIC_REPRESENTATION_CONTEXT() REPRESENTATION_CONTEXT('2D SPACE',''
  ) );
#757 = PCURVE('',#574,#758);
#758 = DEFINITIONAL_REPRESENTATION('',(#759),#763);
#759 = LINE('',#760,#761);
#760 = CARTESIAN_POINT('',(0.,0.));
#761 = VECTOR('',#762,1.);
#762 = DIRECTION('',(1.,0.));
#763 = ( GEOMETRIC_REPRESENTATION_CONTEXT(2) 
PARAMETRIC_REPRESENTATION_CONTEXT() REPRESENTATION_CONTEXT('2D SPACE',''
  ) );
#764 = ORIENTED_EDGE('',*,*,#585,.T.);
#765 = ORIENTED_EDGE('',*,*,#612,.T.);
#766 = ADVANCED_FACE('',(#767),#732,.F.);
#767 = FACE_BOUND('',#768,.F.);
#768 = EDGE_LOOP('',(#769,#770,#793,#821));
#769 = ORIENTED_EDGE('',*,*,#716,.F.);
#770 = ORIENTED_EDGE('',*,*,#771,.T.);
#771 = EDGE_CURVE('',#694,#772,#774,.T.);
#772 = VERTEX_POINT('',#773);
#773 = CARTESIAN_POINT('',(410.54654562164,-140.,-158.6139093913));
#774 = SURFACE_CURVE('',#775,(#779,#786),.PCURVE_S1.);
#775 = LINE('',#776,#777);
#776 = CARTESIAN_POINT('',(-39.45345437835,-140.,-158.6139093913));
#777 = VECTOR('',#778,1.);
#778 = DIRECTION('',(1.,0.,0.));
#779 = PCURVE('',#732,#780);
#780 = DEFINITIONAL_REPRESENTATION('',(#781),#785);
#781 = LINE('',#782,#783);
#782 = CARTESIAN_POINT('',(0.,0.));
#783 = VECTOR('',#784,1.);
#784 = DIRECTION('',(1.,0.));
#785 = ( GEOMETRIC_REPRESENTATION_CONTEXT(2) 
PARAMETRIC_REPRESENTATION_CONTEXT() REPRESENTATION_CONTEXT('2D SPACE',''
  ) );
#786 = PCURVE('',#650,#787);
#787 = DEFINITIONAL_REPRESENTATION('',(#788),#792);
#788 = LINE('',#789,#790);
#789 = CARTESIAN_POINT('',(0.,0.));
#790 = VECTOR('',#791,1.);
#791 = DIRECTION('',(0.,1.));
#792 = ( GEOMETRIC_REPRESENTATION_CONTEXT(2) 
PARAMETRIC_REPRESENTATION_CONTEXT() REPRESENTATION_CONTEXT('2D SPACE',''
  ) );
#793 = ORIENTED_EDGE('',*,*,#794,.T.);
#794 = EDGE_CURVE('',#772,#795,#797,.T.);
#795 = VERTEX_POINT('',#796);
#796 = CARTESIAN_POINT('',(410.54654562164,140.,-158.6139093913));
#797 = SURFACE_CURVE('',#798,(#802,#809),.PCURVE_S1.);
#798 = LINE('',#799,#800);
#799 = CARTESIAN_POINT('',(410.54654562164,-140.,-158.6139093913));
#800 = VECTOR('',#801,1.);
#801 = DIRECTION('',(0.,1.,0.));
#802 = PCURVE('',#732,#803);
#803 = DEFINITIONAL_REPRESENTATION('',(#804),#808);
#804 = LINE('',#805,#806);
#805 = CARTESIAN_POINT('',(450.,0.));
#806 = VECTOR('',#807,1.);
#807 = DIRECTION('',(0.,1.));
#808 = ( GEOMETRIC_REPRESENTATION_CONTEXT(2) 
PARAMETRIC_REPRESENTATION_CONTEXT() REPRESENTATION_CONTEXT('2D SPACE',''
  ) );
#809 = PCURVE('',#810,#815);
#810 = PLANE('',#811);
#811 = AXIS2_PLACEMENT_3D('',#812,#813,#814);
#812 = CARTESIAN_POINT('',(410.54654562164,-140.,-158.6139093913));
#813 = DIRECTION('',(1.,0.,0.));
#814 = DIRECTION('',(0.,0.,1.));
#815 = DEFINITIONAL_REPRESENTATION('',(#816),#820);
#816 = LINE('',#817,#818);
#817 = CARTESIAN_POINT('',(0.,0.));
#818 = VECTOR('',#819,1.);
#819 = DIRECTION('',(0.,-1.));
#820 = ( GEOMETRIC_REPRESENTATION_CONTEXT(2) 
PARAMETRIC_REPRESENTATION_CONTEXT() REPRESENTATION_CONTEXT('2D SPACE',''
  ) );
#821 = ORIENTED_EDGE('',*,*,#822,.F.);
#822 = EDGE_CURVE('',#717,#795,#823,.T.);
#823 = SURFACE_CURVE('',#824,(#828,#835),.PCURVE_S1.);
#824 = LINE('',#825,#826);
#825 = CARTESIAN_POINT('',(-39.45345437835,140.,-158.6139093913));
#826 = VECTOR('',#827,1.);
#827 = DIRECTION('',(1.,0.,0.));
#828 = PCURVE('',#732,#829);
#829 = DEFINITIONAL_REPRESENTATION('',(#830),#834);
#830 = LINE('',#831,#832);
#831 = CARTESIAN_POINT('',(0.,280.));
#832 = VECTOR('',#833,1.);
#833 = DIRECTION('',(1.,0.));
#834 = ( GEOMETRIC_REPRESENTATION_CONTEXT(2) 
PARAMETRIC_REPRESENTATION_CONTEXT() REPRESENTATION_CONTEXT('2D SPACE',''
  ) );
#835 = PCURVE('',#574,#836);
#836 = DEFINITIONAL_REPRESENTATION('',(#837),#841);
#837 = LINE('',#838,#839);
#838 = CARTESIAN_POINT('',(0.,0.));
#839 = VECTOR('',#840,1.);
#840 = DIRECTION('',(0.,1.));
#841 = ( GEOMETRIC_REPRESENTATION_CONTEXT(2) 
PARAMETRIC_REPRESENTATION_CONTEXT() REPRESENTATION_CONTEXT('2D SPACE',''
  ) );
#842 = ADVANCED_FACE('',(#843),#810,.T.);
#843 = FACE_BOUND('',#844,.T.);
#844 = EDGE_LOOP('',(#845,#868,#869,#892));
#845 = ORIENTED_EDGE('',*,*,#846,.F.);
#846 = EDGE_CURVE('',#772,#847,#849,.T.);
#847 = VERTEX_POINT('',#848);
#848 = CARTESIAN_POINT('',(410.54654562164,-140.,148.61390939133));
#849 = SURFACE_CURVE('',#850,(#854,#861),.PCURVE_S1.);
#850 = LINE('',#851,#852);
#851 = CARTESIAN_POINT('',(410.54654562164,-140.,-158.6139093913));
#852 = VECTOR('',#853,1.);
#853 = DIRECTION('',(0.,0.,1.));
#854 = PCURVE('',#810,#855);
#855 = DEFINITIONAL_REPRESENTATION('',(#856),#860);
#856 = LINE('',#857,#858);
#857 = CARTESIAN_POINT('',(0.,0.));
#858 = VECTOR('',#859,1.);
#859 = DIRECTION('',(1.,0.));
#860 = ( GEOMETRIC_REPRESENTATION_CONTEXT(2) 
PARAMETRIC_REPRESENTATION_CONTEXT() REPRESENTATION_CONTEXT('2D SPACE',''
  ) );
#861 = PCURVE('',#650,#862);
#862 = DEFINITIONAL_REPRESENTATION('',(#863),#867);
#863 = LINE('',#864,#865);
#864 = CARTESIAN_POINT('',(0.,450.));
#865 = VECTOR('',#866,1.);
#866 = DIRECTION('',(1.,0.));
#867 = ( GEOMETRIC_REPRESENTATION_CONTEXT(2) 
PARAMETRIC_REPRESENTATION_CONTEXT() REPRESENTATION_CONTEXT('2D SPACE',''
  ) );
#868 = ORIENTED_EDGE('',*,*,#794,.T.);
#869 = ORIENTED_EDGE('',*,*,#870,.T.);
#870 = EDGE_CURVE('',#795,#871,#873,.T.);
#871 = VERTEX_POINT('',#872);
#872 = CARTESIAN_POINT('',(410.54654562164,140.,148.61390939133));
#873 = SURFACE_CURVE('',#874,(#878,#885),.PCURVE_S1.);
#874 = LINE('',#875,#876);
#875 = CARTESIAN_POINT('',(410.54654562164,140.,-158.6139093913));
#876 = VECTOR('',#877,1.);
#877 = DIRECTION('',(0.,0.,1.));
#878 = PCURVE('',#810,#879);
#879 = DEFINITIONAL_REPRESENTATION('',(#880),#884);
#880 = LINE('',#881,#882);
#881 = CARTESIAN_POINT('',(0.,-280.));
#882 = VECTOR('',#883,1.);
#883 = DIRECTION('',(1.,0.));
#884 = ( GEOMETRIC_REPRESENTATION_CONTEXT(2) 
PARAMETRIC_REPRESENTATION_CONTEXT() REPRESENTATION_CONTEXT('2D SPACE',''
  ) );
#885 = PCURVE('',#574,#886);
#886 = DEFINITIONAL_REPRESENTATION('',(#887),#891);
#887 = LINE('',#888,#889);
#888 = CARTESIAN_POINT('',(0.,450.));
#889 = VECTOR('',#890,1.);
#890 = DIRECTION('',(1.,0.));
#891 = ( GEOMETRIC_REPRESENTATION_CONTEXT(2) 
PARAMETRIC_REPRESENTATION_CONTEXT() REPRESENTATION_CONTEXT('2D SPACE',''
  ) );
#892 = ORIENTED_EDGE('',*,*,#893,.F.);
#893 = EDGE_CURVE('',#847,#871,#894,.T.);
#894 = SURFACE_CURVE('',#895,(#899,#906),.PCURVE_S1.);
#895 = LINE('',#896,#897);
#896 = CARTESIAN_POINT('',(410.54654562164,-140.,148.61390939133));
#897 = VECTOR('',#898,1.);
#898 = DIRECTION('',(0.,1.,0.));
#899 = PCURVE('',#810,#900);
#900 = DEFINITIONAL_REPRESENTATION('',(#901),#905);
#901 = LINE('',#902,#903);
#902 = CARTESIAN_POINT('',(307.22781878266,0.));
#903 = VECTOR('',#904,1.);
#904 = DIRECTION('',(0.,-1.));
#905 = ( GEOMETRIC_REPRESENTATION_CONTEXT(2) 
PARAMETRIC_REPRESENTATION_CONTEXT() REPRESENTATION_CONTEXT('2D SPACE',''
  ) );
#906 = PCURVE('',#675,#907);
#907 = DEFINITIONAL_REPRESENTATION('',(#908),#912);
#908 = LINE('',#909,#910);
#909 = CARTESIAN_POINT('',(450.,0.));
#910 = VECTOR('',#911,1.);
#911 = DIRECTION('',(0.,1.));
#912 = ( GEOMETRIC_REPRESENTATION_CONTEXT(2) 
PARAMETRIC_REPRESENTATION_CONTEXT() REPRESENTATION_CONTEXT('2D SPACE',''
  ) );
#913 = ADVANCED_FACE('',(#914),#650,.F.);
#914 = FACE_BOUND('',#915,.F.);
#915 = EDGE_LOOP('',(#916,#917,#918,#919,#920));
#916 = ORIENTED_EDGE('',*,*,#846,.F.);
#917 = ORIENTED_EDGE('',*,*,#771,.F.);
#918 = ORIENTED_EDGE('',*,*,#693,.T.);
#919 = ORIENTED_EDGE('',*,*,#634,.T.);
#920 = ORIENTED_EDGE('',*,*,#921,.T.);
#921 = EDGE_CURVE('',#635,#847,#922,.T.);
#922 = SURFACE_CURVE('',#923,(#927,#934),.PCURVE_S1.);
#923 = LINE('',#924,#925);
#924 = CARTESIAN_POINT('',(-39.45345437835,-140.,148.61390939133));
#925 = VECTOR('',#926,1.);
#926 = DIRECTION('',(1.,0.,0.));
#927 = PCURVE('',#650,#928);
#928 = DEFINITIONAL_REPRESENTATION('',(#929),#933);
#929 = LINE('',#930,#931);
#930 = CARTESIAN_POINT('',(307.22781878266,0.));
#931 = VECTOR('',#932,1.);
#932 = DIRECTION('',(0.,1.));
#933 = ( GEOMETRIC_REPRESENTATION_CONTEXT(2) 
PARAMETRIC_REPRESENTATION_CONTEXT() REPRESENTATION_CONTEXT('2D SPACE',''
  ) );
#934 = PCURVE('',#675,#935);
#935 = DEFINITIONAL_REPRESENTATION('',(#936),#940);
#936 = LINE('',#937,#938);
#937 = CARTESIAN_POINT('',(0.,0.));
#938 = VECTOR('',#939,1.);
#939 = DIRECTION('',(1.,0.));
#940 = ( GEOMETRIC_REPRESENTATION_CONTEXT(2) 
PARAMETRIC_REPRESENTATION_CONTEXT() REPRESENTATION_CONTEXT('2D SPACE',''
  ) );
#941 = ADVANCED_FACE('',(#942),#675,.T.);
#942 = FACE_BOUND('',#943,.T.);
#943 = EDGE_LOOP('',(#944,#965,#966,#967));
#944 = ORIENTED_EDGE('',*,*,#945,.F.);
#945 = EDGE_CURVE('',#559,#871,#946,.T.);
#946 = SURFACE_CURVE('',#947,(#951,#958),.PCURVE_S1.);
#947 = LINE('',#948,#949);
#948 = CARTESIAN_POINT('',(-39.45345437835,140.,148.61390939133));
#949 = VECTOR('',#950,1.);
#950 = DIRECTION('',(1.,0.,0.));
#951 = PCURVE('',#675,#952);
#952 = DEFINITIONAL_REPRESENTATION('',(#953),#957);
#953 = LINE('',#954,#955);
#954 = CARTESIAN_POINT('',(0.,280.));
#955 = VECTOR('',#956,1.);
#956 = DIRECTION('',(1.,0.));
#957 = ( GEOMETRIC_REPRESENTATION_CONTEXT(2) 
PARAMETRIC_REPRESENTATION_CONTEXT() REPRESENTATION_CONTEXT('2D SPACE',''
  ) );
#958 = PCURVE('',#574,#959);
#959 = DEFINITIONAL_REPRESENTATION('',(#960),#964);
#960 = LINE('',#961,#962);
#961 = CARTESIAN_POINT('',(307.22781878266,0.));
#962 = VECTOR('',#963,1.);
#963 = DIRECTION('',(0.,1.));
#964 = ( GEOMETRIC_REPRESENTATION_CONTEXT(2) 
PARAMETRIC_REPRESENTATION_CONTEXT() REPRESENTATION_CONTEXT('2D SPACE',''
  ) );
#965 = ORIENTED_EDGE('',*,*,#661,.T.);
#966 = ORIENTED_EDGE('',*,*,#921,.T.);
#967 = ORIENTED_EDGE('',*,*,#893,.T.);
#968 = ADVANCED_FACE('',(#969),#574,.T.);
#969 = FACE_BOUND('',#970,.T.);
#970 = EDGE_LOOP('',(#971,#972,#973,#974,#975));
#971 = ORIENTED_EDGE('',*,*,#870,.F.);
#972 = ORIENTED_EDGE('',*,*,#822,.F.);
#973 = ORIENTED_EDGE('',*,*,#744,.T.);
#974 = ORIENTED_EDGE('',*,*,#556,.T.);
#975 = ORIENTED_EDGE('',*,*,#945,.T.);
#976 = ORIENTED_CLOSED_SHELL('',*,#977,.F.);
#977 = CLOSED_SHELL('',(#978,#1216,#1462,#1649,#1836,#2157,#2329,#2426,
    #2530,#2561,#2981,#3190,#3422,#3592,#3702,#3796,#3872,#4018,#4141,
    #4328,#4532,#4633,#4788,#4892,#4923,#4954,#4987,#5042,#5068,#5093,
    #5100,#5104,#5278,#5401,#5524,#5679,#5782,#5817,#5848,#5879,#5910,
    #5945,#5976,#6069,#6073,#6108));
#978 = ADVANCED_FACE('',(#979),#999,.T.);
#979 = FACE_BOUND('',#980,.T.);
#980 = EDGE_LOOP('',(#981,#1095,#1121,#1177));
#981 = ORIENTED_EDGE('',*,*,#982,.F.);
#982 = EDGE_CURVE('',#983,#985,#987,.T.);
#983 = VERTEX_POINT('',#984);
#984 = CARTESIAN_POINT('',(-21.69319407083,79.821082781044,
    -48.72371162654));
#985 = VERTEX_POINT('',#986);
#986 = CARTESIAN_POINT('',(-75.05504628689,-89.47275545114,
    -4.67017165584));
#987 = SURFACE_CURVE('',#988,(#998,#1024),.PCURVE_S1.);
#988 = ( BOUNDED_CURVE() B_SPLINE_CURVE(8,(#989,#990,#991,#992,#993,#994
,#995,#996,#997),.UNSPECIFIED.,.F.,.F.) B_SPLINE_CURVE_WITH_KNOTS((9,9),
(0.,66.666666666667),.PIECEWISE_BEZIER_KNOTS.) CURVE() 
GEOMETRIC_REPRESENTATION_ITEM() RATIONAL_B_SPLINE_CURVE((1.000053547667,
    1.000053547667,1.000053547667,1.000053547667,1.000053547667,
    1.000053547667,1.000053547667,1.000053547667,1.000053547667)) 
REPRESENTATION_ITEM('') );
#989 = CARTESIAN_POINT('',(-21.69319407083,79.821082781044,
    -48.72371162654));
#990 = CARTESIAN_POINT('',(-38.15984436127,65.276288092648,
    -65.22013592544));
#991 = CARTESIAN_POINT('',(-52.7827186113,43.947059420357,
    -77.57537143471));
#992 = CARTESIAN_POINT('',(-64.55840159108,17.482865011957,
    -83.53571064871));
#993 = CARTESIAN_POINT('',(-72.77629892847,-11.39636117576,
    -81.50513247617));
#994 = CARTESIAN_POINT('',(-77.25614902755,-39.26908165403,
    -71.07876274387));
#995 = CARTESIAN_POINT('',(-78.47515192907,-62.89078689776,
    -53.32841029171));
#996 = CARTESIAN_POINT('',(-77.36650453504,-79.98414979736,
    -30.35006967897));
#997 = CARTESIAN_POINT('',(-75.05504628689,-89.47275545114,
    -4.67017165584));
#998 = PCURVE('',#999,#1018);
#999 = B_SPLINE_SURFACE_WITH_KNOTS('',1,8,(
    (#1000,#1001,#1002,#1003,#1004,#1005,#1006,#1007,#1008)
    ,(#1009,#1010,#1011,#1012,#1013,#1014,#1015,#1016,#1017
  )),.UNSPECIFIED.,.F.,.F.,.F.,(2,2),(9,9),(0.,44.),(0.,66.666666666667)
  ,.PIECEWISE_BEZIER_KNOTS.);
#1000 = CARTESIAN_POINT('',(-21.69319407083,79.821082781044,
    -48.72371162654));
#1001 = CARTESIAN_POINT('',(-38.15984436127,65.276288092648,
    -65.22013592544));
#1002 = CARTESIAN_POINT('',(-52.7827186113,43.947059420357,
    -77.57537143471));
#1003 = CARTESIAN_POINT('',(-64.55840159108,17.482865011957,
    -83.53571064871));
#1004 = CARTESIAN_POINT('',(-72.77629892847,-11.39636117576,
    -81.50513247617));
#1005 = CARTESIAN_POINT('',(-77.25614902755,-39.26908165403,
    -71.07876274387));
#1006 = CARTESIAN_POINT('',(-78.47515192907,-62.89078689776,
    -53.32841029171));
#1007 = CARTESIAN_POINT('',(-77.36650453504,-79.98414979736,
    -30.35006967897));
#1008 = CARTESIAN_POINT('',(-75.05504628689,-89.47275545114,
    -4.67017165584));
#1009 = CARTESIAN_POINT('',(-11.7504801217,43.236419839732,
    -26.39201046437));
#1010 = CARTESIAN_POINT('',(-24.15915181863,35.357989383518,
    -33.77406561453));
#1011 = CARTESIAN_POINT('',(-35.56911149367,23.804657186026,
    -38.91297683697));
#1012 = CARTESIAN_POINT('',(-45.43684256399,9.469885214811,
    -40.58798589947));
#1013 = CARTESIAN_POINT('',(-53.37743974468,-6.173028970209,
    -37.9345813776));
#1014 = CARTESIAN_POINT('',(-59.29326133796,-21.27075256259,
    -30.73345642752));
#1015 = CARTESIAN_POINT('',(-63.44279069922,-34.06584290295,
    -19.56517417085));
#1016 = CARTESIAN_POINT('',(-66.33150948373,-43.3247478069,
    -5.565064993877));
#1017 = CARTESIAN_POINT('',(-68.56870572226,-48.4644092027,
    9.898387780403));
#1018 = DEFINITIONAL_REPRESENTATION('',(#1019),#1023);
#1019 = LINE('',#1020,#1021);
#1020 = CARTESIAN_POINT('',(0.,0.));
#1021 = VECTOR('',#1022,1.);
#1022 = DIRECTION('',(0.,1.));
#1023 = ( GEOMETRIC_REPRESENTATION_CONTEXT(2) 
PARAMETRIC_REPRESENTATION_CONTEXT() REPRESENTATION_CONTEXT('2D SPACE',''
  ) );
#1024 = PCURVE('',#1025,#1089);
#1025 = ( BOUNDED_SURFACE() B_SPLINE_SURFACE(6,8,(
    (#1026,#1027,#1028,#1029,#1030,#1031,#1032,#1033,#1034)
    ,(#1035,#1036,#1037,#1038,#1039,#1040,#1041,#1042,#1043)
    ,(#1044,#1045,#1046,#1047,#1048,#1049,#1050,#1051,#1052)
    ,(#1053,#1054,#1055,#1056,#1057,#1058,#1059,#1060,#1061)
    ,(#1062,#1063,#1064,#1065,#1066,#1067,#1068,#1069,#1070)
    ,(#1071,#1072,#1073,#1074,#1075,#1076,#1077,#1078,#1079)
    ,(#1080,#1081,#1082,#1083,#1084,#1085,#1086,#1087,#1088
)),.UNSPECIFIED.,.F.,.F.,.F.) B_SPLINE_SURFACE_WITH_KNOTS((7,7),(9,9),(
    0.,6.544984694977E-02),(0.,66.666666666667),
.PIECEWISE_BEZIER_KNOTS.) GEOMETRIC_REPRESENTATION_ITEM() 
RATIONAL_B_SPLINE_SURFACE((
    (1.000053547667,1.000053547667,1.000053547667,1.000053547667
      ,1.000053547667,1.000053547667,1.000053547667,1.000053547667
      ,1.000053547667)
    ,(1.000017847948,1.000017847948,1.000017847948,1.000017847948
      ,1.000017847948,1.000017847948,1.000017847948,1.000017847948
      ,1.000017847948)
    ,(0.999996430156,0.999996430156,0.999996430156,0.999996430156
      ,0.999996430156,0.999996430156,0.999996430156,0.999996430156
      ,0.999996430156)
    ,(0.999989291231,0.999989291231,0.999989291231,0.999989291231
      ,0.999989291231,0.999989291231,0.999989291231,0.999989291231
      ,0.999989291231)
    ,(0.999996430156,0.999996430156,0.999996430156,0.999996430156
      ,0.999996430156,0.999996430156,0.999996430156,0.999996430156
      ,0.999996430156)
    ,(1.000017847948,1.000017847948,1.000017847948,1.000017847948
      ,1.000017847948,1.000017847948,1.000017847948,1.000017847948
      ,1.000017847948)
    ,(1.000053547667,1.000053547667,1.000053547667,1.000053547667
      ,1.000053547667,1.000053547667,1.000053547667,1.000053547667
,1.000053547667))) REPRESENTATION_ITEM('') SURFACE() );
#1026 = CARTESIAN_POINT('',(-19.52335886763,83.138438763306,
    -43.85018196684));
#1027 = CARTESIAN_POINT('',(-36.35797098909,70.048469373348,
    -61.1730620696));
#1028 = CARTESIAN_POINT('',(-51.53323322612,49.892113363604,
    -74.76898131114));
#1029 = CARTESIAN_POINT('',(-64.00399983227,24.153958478148,
    -82.29050391091));
#1030 = CARTESIAN_POINT('',(-72.98884259948,-4.566148273814,
    -81.98251337732));
#1031 = CARTESIAN_POINT('',(-78.21686666132,-32.88298118802,
    -73.23656987865));
#1032 = CARTESIAN_POINT('',(-80.07794038342,-57.48224386109,
    -56.92833210095));
#1033 = CARTESIAN_POINT('',(-79.44268150915,-75.94142733587,
    -35.01323951196));
#1034 = CARTESIAN_POINT('',(-77.40488648546,-87.00554755551,
    -9.947999154629));
#1035 = CARTESIAN_POINT('',(-19.87752236956,82.556626206338,
    -44.64564621615));
#1036 = CARTESIAN_POINT('',(-36.64759971848,69.229198219693,
    -61.82357884657));
#1037 = CARTESIAN_POINT('',(-51.72822487396,48.884833779478,
    -75.2069397228));
#1038 = CARTESIAN_POINT('',(-64.08157072559,23.035032276741,
    -82.46473098987));
#1039 = CARTESIAN_POINT('',(-72.9382773222,-5.701301102483,
    -81.86894190508));
#1040 = CARTESIAN_POINT('',(-78.04263104597,-33.93410602885,
    -72.84523027925));
#1041 = CARTESIAN_POINT('',(-79.79889604386,-58.3618846281,
    -56.30158825277));
#1042 = CARTESIAN_POINT('',(-79.08779448427,-76.58715633097,
    -34.21615020349));
#1043 = CARTESIAN_POINT('',(-77.0078988314,-87.38510533105,
    -9.056350284819));
#1044 = CARTESIAN_POINT('',(-20.23476843426,81.986236831467,
    -45.4480340148));
#1045 = CARTESIAN_POINT('',(-36.94157807242,68.419283459704,
    -62.48386504025));
#1046 = CARTESIAN_POINT('',(-51.92857121101,47.883872881403,
    -75.65692496332));
#1047 = CARTESIAN_POINT('',(-64.16509577683,21.918650521731,
    -82.65233132653));
#1048 = CARTESIAN_POINT('',(-72.89375808751,-6.838032672951,
    -81.76895006679));
#1049 = CARTESIAN_POINT('',(-77.87399938244,-34.99079336811,
    -72.46647736173));
#1050 = CARTESIAN_POINT('',(-79.52454711628,-59.2504683622,
    -55.68539047253));
#1051 = CARTESIAN_POINT('',(-78.73636070776,-77.24427920483,
    -33.42681701785));
#1052 = CARTESIAN_POINT('',(-76.61294905811,-87.77742333818,
    -8.169278570149));
#1053 = CARTESIAN_POINT('',(-20.59502836148,81.427381202642,
    -46.2571910595));
#1054 = CARTESIAN_POINT('',(-37.23984961444,67.618881719285,
    -63.15379389225));
#1055 = CARTESIAN_POINT('',(-52.13423390379,46.889423960051,
    -76.11885093433));
#1056 = CARTESIAN_POINT('',(-64.25455920394,20.805028551052,
    -82.85326947373));
#1057 = CARTESIAN_POINT('',(-72.85529380095,-7.976123945285,
    -81.68255786469));
#1058 = CARTESIAN_POINT('',(-77.71100447743,-36.05283980904,
    -72.10038481112));
#1059 = CARTESIAN_POINT('',(-79.25494673752,-60.14782425248,
    -55.07985810757));
#1060 = CARTESIAN_POINT('',(-78.38844810938,-77.91266989584,
    -32.6453925278));
#1061 = CARTESIAN_POINT('',(-76.22011340802,-88.18242663414,
    -7.286955253952));
#1062 = CARTESIAN_POINT('',(-20.95823276108,80.880167251162,
    -47.07296149744));
#1063 = CARTESIAN_POINT('',(-37.54235692617,66.828147454251,
    -63.83323643878));
#1064 = CARTESIAN_POINT('',(-52.34517340353,45.901678822321,
    -76.59262880782));
#1065 = CARTESIAN_POINT('',(-64.3499438679,19.694381076493,
    -83.06750693662));
#1066 = CARTESIAN_POINT('',(-72.82289198503,-9.115355564513,
    -81.60978219461));
#1067 = CARTESIAN_POINT('',(-77.55367785058,-37.12004072654,
    -71.74702342169));
#1068 = CARTESIAN_POINT('',(-78.9901469607,-61.05377948064,
    -54.48510807113));
#1069 = CARTESIAN_POINT('',(-78.04412381588,-78.59219976572,
    -31.87202750245));
#1070 = CARTESIAN_POINT('',(-75.82946764215,-88.60003737666,
    -6.409550498238));
#1071 = CARTESIAN_POINT('',(-21.32431157023,80.344700248638,
    -47.89518796493));
#1072 = CARTESIAN_POINT('',(-37.84904162152,66.047232911758,
    -64.52206154253));
#1073 = CARTESIAN_POINT('',(-52.56134895592,44.920827743556,
    -77.0781670481));
#1074 = CARTESIAN_POINT('',(-64.4512312769,18.586922130284,
    -83.29500218198));
#1075 = CARTESIAN_POINT('',(-72.79655877721,-10.25550791514,
    -81.55063684147));
#1076 = CARTESIAN_POINT('',(-77.40204972654,-38.1921903179,
    -71.40646107912));
#1077 = CARTESIAN_POINT('',(-78.73019874221,-61.96815926372,
    -53.90125481309));
#1078 = CARTESIAN_POINT('',(-77.70345413419,-79.28273763131,
    -31.10687086962));
#1079 = CARTESIAN_POINT('',(-75.4410870212,-89.0301748432,
    -5.537233341309));
#1080 = CARTESIAN_POINT('',(-21.69319407083,79.821082781044,
    -48.72371162654));
#1081 = CARTESIAN_POINT('',(-38.15984436127,65.276288092648,
    -65.22013592544));
#1082 = CARTESIAN_POINT('',(-52.7827186113,43.947059420357,
    -77.57537143471));
#1083 = CARTESIAN_POINT('',(-64.55840159108,17.482865011957,
    -83.53571064871));
#1084 = CARTESIAN_POINT('',(-72.77629892847,-11.39636117576,
    -81.50513247617));
#1085 = CARTESIAN_POINT('',(-77.25614902755,-39.26908165403,
    -71.07876274387));
#1086 = CARTESIAN_POINT('',(-78.47515192907,-62.89078689776,
    -53.32841029171));
#1087 = CARTESIAN_POINT('',(-77.36650453504,-79.98414979736,
    -30.35006967897));
#1088 = CARTESIAN_POINT('',(-75.05504628689,-89.47275545114,
    -4.67017165584));
#1089 = DEFINITIONAL_REPRESENTATION('',(#1090),#1094);
#1090 = LINE('',#1091,#1092);
#1091 = CARTESIAN_POINT('',(6.544984694977E-02,0.));
#1092 = VECTOR('',#1093,1.);
#1093 = DIRECTION('',(0.,1.));
#1094 = ( GEOMETRIC_REPRESENTATION_CONTEXT(2) 
PARAMETRIC_REPRESENTATION_CONTEXT() REPRESENTATION_CONTEXT('2D SPACE',''
  ) );
#1095 = ORIENTED_EDGE('',*,*,#1096,.T.);
#1096 = EDGE_CURVE('',#983,#1097,#1099,.T.);
#1097 = VERTEX_POINT('',#1098);
#1098 = CARTESIAN_POINT('',(-11.7504801217,43.236419839732,
    -26.39201046437));
#1099 = SURFACE_CURVE('',#1100,(#1103,#1110),.PCURVE_S1.);
#1100 = B_SPLINE_CURVE_WITH_KNOTS('',1,(#1101,#1102),.UNSPECIFIED.,.F.,
  .F.,(2,2),(0.,44.),.PIECEWISE_BEZIER_KNOTS.);
#1101 = CARTESIAN_POINT('',(-21.69319407083,79.821082781044,
    -48.72371162654));
#1102 = CARTESIAN_POINT('',(-11.7504801217,43.236419839732,
    -26.39201046437));
#1103 = PCURVE('',#999,#1104);
#1104 = DEFINITIONAL_REPRESENTATION('',(#1105),#1109);
#1105 = LINE('',#1106,#1107);
#1106 = CARTESIAN_POINT('',(0.,0.));
#1107 = VECTOR('',#1108,1.);
#1108 = DIRECTION('',(1.,0.));
#1109 = ( GEOMETRIC_REPRESENTATION_CONTEXT(2) 
PARAMETRIC_REPRESENTATION_CONTEXT() REPRESENTATION_CONTEXT('2D SPACE',''
  ) );
#1110 = PCURVE('',#1111,#1116);
#1111 = PLANE('',#1112);
#1112 = AXIS2_PLACEMENT_3D('',#1113,#1114,#1115);
#1113 = CARTESIAN_POINT('',(0.,0.,0.));
#1114 = DIRECTION('',(-0.913545457643,0.,0.406736643076));
#1115 = DIRECTION('',(0.406736643076,0.,0.913545457643));
#1116 = DEFINITIONAL_REPRESENTATION('',(#1117),#1120);
#1117 = B_SPLINE_CURVE_WITH_KNOTS('',1,(#1118,#1119),.UNSPECIFIED.,.F.,
  .F.,(2,2),(0.,44.),.PIECEWISE_BEZIER_KNOTS.);
#1118 = CARTESIAN_POINT('',(-53.33474236988,79.821082781044));
#1119 = CARTESIAN_POINT('',(-28.88965211701,43.236419839732));
#1120 = ( GEOMETRIC_REPRESENTATION_CONTEXT(2) 
PARAMETRIC_REPRESENTATION_CONTEXT() REPRESENTATION_CONTEXT('2D SPACE',''
  ) );
#1121 = ORIENTED_EDGE('',*,*,#1122,.F.);
#1122 = EDGE_CURVE('',#1123,#1097,#1125,.T.);
#1123 = VERTEX_POINT('',#1124);
#1124 = CARTESIAN_POINT('',(-68.56870572226,-48.4644092027,
    9.898387780403));
#1125 = SURFACE_CURVE('',#1126,(#1136,#1143),.PCURVE_S1.);
#1126 = B_SPLINE_CURVE_WITH_KNOTS('',8,(#1127,#1128,#1129,#1130,#1131,
    #1132,#1133,#1134,#1135),.UNSPECIFIED.,.F.,.F.,(9,9),(
    57.151721060948,123.81838772761),.PIECEWISE_BEZIER_KNOTS.);
#1127 = CARTESIAN_POINT('',(-68.56870572226,-48.4644092027,
    9.898387780403));
#1128 = CARTESIAN_POINT('',(-66.33150948373,-43.3247478069,
    -5.565064993878));
#1129 = CARTESIAN_POINT('',(-63.44279069922,-34.06584290295,
    -19.56517417085));
#1130 = CARTESIAN_POINT('',(-59.29326133795,-21.2707525626,
    -30.73345642752));
#1131 = CARTESIAN_POINT('',(-53.37743974473,-6.173028970236,
    -37.93458137759));
#1132 = CARTESIAN_POINT('',(-45.43684256395,9.469885214856,
    -40.58798589949));
#1133 = CARTESIAN_POINT('',(-35.56911149367,23.804657186017,
    -38.91297683697));
#1134 = CARTESIAN_POINT('',(-24.15915181863,35.357989383517,
    -33.77406561453));
#1135 = CARTESIAN_POINT('',(-11.7504801217,43.236419839732,
    -26.39201046437));
#1136 = PCURVE('',#999,#1137);
#1137 = DEFINITIONAL_REPRESENTATION('',(#1138),#1142);
#1138 = LINE('',#1139,#1140);
#1139 = CARTESIAN_POINT('',(44.,123.81838772761));
#1140 = VECTOR('',#1141,1.);
#1141 = DIRECTION('',(-1.06581410364E-16,-1.));
#1142 = ( GEOMETRIC_REPRESENTATION_CONTEXT(2) 
PARAMETRIC_REPRESENTATION_CONTEXT() REPRESENTATION_CONTEXT('2D SPACE',''
  ) );
#1143 = PCURVE('',#1144,#1149);
#1144 = CYLINDRICAL_SURFACE('',#1145,52.);
#1145 = AXIS2_PLACEMENT_3D('',#1146,#1147,#1148);
#1146 = CARTESIAN_POINT('',(22.838636441065,0.,-10.16841607689));
#1147 = DIRECTION('',(0.913545457643,-0.,-0.406736643076));
#1148 = DIRECTION('',(0.406736643076,0.,0.913545457643));
#1149 = DEFINITIONAL_REPRESENTATION('',(#1150),#1176);
#1150 = B_SPLINE_CURVE_WITH_KNOTS('',3,(#1151,#1152,#1153,#1154,#1155,
    #1156,#1157,#1158,#1159,#1160,#1161,#1162,#1163,#1164,#1165,#1166,
    #1167,#1168,#1169,#1170,#1171,#1172,#1173,#1174,#1175),
  .UNSPECIFIED.,.F.,.F.,(4,1,1,1,1,1,1,1,1,1,1,1,1,1,1,1,1,1,1,1,1,1,4),
  (57.151721060948,60.182024091251,63.212327121554,66.242630151857,
    69.27293318216,72.303236212464,75.333539242767,78.36384227307,
    81.394145303373,84.424448333676,87.454751363979,90.485054394282,
    93.515357424585,96.545660454889,99.575963485192,102.60626651549,
    105.63656954579,108.6668725761,111.6971756064,114.7274786367,
    117.75778166701,120.78808469731,123.81838772761),
  .QUASI_UNIFORM_KNOTS.);
#1151 = CARTESIAN_POINT('',(-4.341506514336,-91.66666666666));
#1152 = CARTESIAN_POINT('',(-4.308451027315,-90.65656565656));
#1153 = CARTESIAN_POINT('',(-4.242340048577,-88.63636363636));
#1154 = CARTESIAN_POINT('',(-4.143173589085,-85.60606060606));
#1155 = CARTESIAN_POINT('',(-4.044007187485,-82.57575757575));
#1156 = CARTESIAN_POINT('',(-3.94484080005,-79.54545454545));
#1157 = CARTESIAN_POINT('',(-3.845674390766,-76.51515151515));
#1158 = CARTESIAN_POINT('',(-3.746507944246,-73.48484848485));
#1159 = CARTESIAN_POINT('',(-3.647341471992,-70.45454545454));
#1160 = CARTESIAN_POINT('',(-3.548174999331,-67.42424242424));
#1161 = CARTESIAN_POINT('',(-3.449008549198,-64.39393939394));
#1162 = CARTESIAN_POINT('',(-3.349842129877,-61.36363636363));
#1163 = CARTESIAN_POINT('',(-3.250675731839,-58.33333333333));
#1164 = CARTESIAN_POINT('',(-3.151509333802,-55.30303030303));
#1165 = CARTESIAN_POINT('',(-3.052342914481,-52.27272727272));
#1166 = CARTESIAN_POINT('',(-2.953176464348,-49.24242424242));
#1167 = CARTESIAN_POINT('',(-2.854009991687,-46.21212121211));
#1168 = CARTESIAN_POINT('',(-2.754843519433,-43.18181818181));
#1169 = CARTESIAN_POINT('',(-2.655677072913,-40.15151515151));
#1170 = CARTESIAN_POINT('',(-2.556510663629,-37.12121212121));
#1171 = CARTESIAN_POINT('',(-2.457344276194,-34.0909090909));
#1172 = CARTESIAN_POINT('',(-2.358177874594,-31.0606060606));
#1173 = CARTESIAN_POINT('',(-2.259011415102,-28.0303030303));
#1174 = CARTESIAN_POINT('',(-2.192900436364,-26.0101010101));
#1175 = CARTESIAN_POINT('',(-2.159844949343,-25.));
#1176 = ( GEOMETRIC_REPRESENTATION_CONTEXT(2) 
PARAMETRIC_REPRESENTATION_CONTEXT() REPRESENTATION_CONTEXT('2D SPACE',''
  ) );
#1177 = ORIENTED_EDGE('',*,*,#1178,.F.);
#1178 = EDGE_CURVE('',#985,#1123,#1179,.T.);
#1179 = SURFACE_CURVE('',#1180,(#1183,#1190),.PCURVE_S1.);
#1180 = B_SPLINE_CURVE_WITH_KNOTS('',1,(#1181,#1182),.UNSPECIFIED.,.F.,
  .F.,(2,2),(0.,44.),.PIECEWISE_BEZIER_KNOTS.);
#1181 = CARTESIAN_POINT('',(-75.05504628689,-89.47275545114,
    -4.67017165584));
#1182 = CARTESIAN_POINT('',(-68.56870572226,-48.4644092027,
    9.898387780403));
#1183 = PCURVE('',#999,#1184);
#1184 = DEFINITIONAL_REPRESENTATION('',(#1185),#1189);
#1185 = LINE('',#1186,#1187);
#1186 = CARTESIAN_POINT('',(0.,66.666666666667));
#1187 = VECTOR('',#1188,1.);
#1188 = DIRECTION('',(1.,0.));
#1189 = ( GEOMETRIC_REPRESENTATION_CONTEXT(2) 
PARAMETRIC_REPRESENTATION_CONTEXT() REPRESENTATION_CONTEXT('2D SPACE',''
  ) );
#1190 = PCURVE('',#1191,#1210);
#1191 = B_SPLINE_SURFACE_WITH_KNOTS('',1,8,(
    (#1192,#1193,#1194,#1195,#1196,#1197,#1198,#1199,#1200)
    ,(#1201,#1202,#1203,#1204,#1205,#1206,#1207,#1208,#1209
  )),.UNSPECIFIED.,.F.,.F.,.F.,(2,2),(9,9),(0.,44.),(0.,66.666666666667)
  ,.PIECEWISE_BEZIER_KNOTS.);
#1192 = CARTESIAN_POINT('',(-75.05504628689,-89.47275545114,
    -4.67017165584));
#1193 = CARTESIAN_POINT('',(-72.74358803875,-98.96136110492,
    21.009726367297));
#1194 = CARTESIAN_POINT('',(-69.22924431524,-100.8452808578,
    49.391349402884));
#1195 = CARTESIAN_POINT('',(-65.63711888121,-94.04977093022,
    77.947673020629));
#1196 = CARTESIAN_POINT('',(-63.28101721538,-78.70381145782,
    103.72784180161));
#1197 = CARTESIAN_POINT('',(-63.40431808281,-56.40687575999,
    123.93918131554));
#1198 = CARTESIAN_POINT('',(-66.81431371912,-29.9810006802,136.768483514
    ));
#1199 = CARTESIAN_POINT('',(-73.73450228753,-2.611830258755,
    141.71376330346));
#1200 = CARTESIAN_POINT('',(-83.87834139461,22.817845663313,
    139.41860543683));
#1201 = CARTESIAN_POINT('',(-68.56870572226,-48.4644092027,
    9.898387780403));
#1202 = CARTESIAN_POINT('',(-70.80590196078,-53.6040705985,
    25.361840554683));
#1203 = CARTESIAN_POINT('',(-72.39153523349,-54.62452713133,
    42.288727710708));
#1204 = CARTESIAN_POINT('',(-73.93503674633,-50.94362592053,
    59.310244348733));
#1205 = CARTESIAN_POINT('',(-76.14805113362,-42.63123120632,
    74.828010450185));
#1206 = CARTESIAN_POINT('',(-79.70407522641,-30.55372436999,
    87.329327365309));
#1207 = CARTESIAN_POINT('',(-85.04039231902,-16.23970870177,
    95.832040734556));
#1208 = CARTESIAN_POINT('',(-92.27806391651,-1.414741390159,
    100.06424196559));
#1209 = CARTESIAN_POINT('',(-101.2618795557,12.359666400961,
    100.37453946625));
#1210 = DEFINITIONAL_REPRESENTATION('',(#1211),#1215);
#1211 = LINE('',#1212,#1213);
#1212 = CARTESIAN_POINT('',(0.,0.));
#1213 = VECTOR('',#1214,1.);
#1214 = DIRECTION('',(1.,0.));
#1215 = ( GEOMETRIC_REPRESENTATION_CONTEXT(2) 
PARAMETRIC_REPRESENTATION_CONTEXT() REPRESENTATION_CONTEXT('2D SPACE',''
  ) );
#1216 = ADVANCED_FACE('',(#1217),#1191,.T.);
#1217 = FACE_BOUND('',#1218,.T.);
#1218 = EDGE_LOOP('',(#1219,#1312,#1313,#1386,#1423));
#1219 = ORIENTED_EDGE('',*,*,#1220,.F.);
#1220 = EDGE_CURVE('',#985,#1221,#1223,.T.);
#1221 = VERTEX_POINT('',#1222);
#1222 = CARTESIAN_POINT('',(-83.87834139461,22.817845663313,
    139.41860543683));
#1223 = SURFACE_CURVE('',#1224,(#1234,#1241),.PCURVE_S1.);
#1224 = ( BOUNDED_CURVE() B_SPLINE_CURVE(8,(#1225,#1226,#1227,#1228,
    #1229,#1230,#1231,#1232,#1233),.UNSPECIFIED.,.F.,.F.) 
B_SPLINE_CURVE_WITH_KNOTS((9,9),(0.,66.666666666667),
.PIECEWISE_BEZIER_KNOTS.) CURVE() GEOMETRIC_REPRESENTATION_ITEM() 
RATIONAL_B_SPLINE_CURVE((1.000053547667,1.000053547667,1.000053547667,
    1.000053547667,1.000053547667,1.000053547667,1.000053547667,
1.000053547667,1.000053547667)) REPRESENTATION_ITEM('') );
#1225 = CARTESIAN_POINT('',(-75.05504628689,-89.47275545114,
    -4.67017165584));
#1226 = CARTESIAN_POINT('',(-72.74358803874,-98.96136110492,
    21.009726367296));
#1227 = CARTESIAN_POINT('',(-69.22924431524,-100.8452808578,
    49.391349402885));
#1228 = CARTESIAN_POINT('',(-65.63711888121,-94.04977093022,
    77.947673020627));
#1229 = CARTESIAN_POINT('',(-63.28101721538,-78.70381145782,
    103.72784180162));
#1230 = CARTESIAN_POINT('',(-63.40431808281,-56.40687575999,
    123.93918131554));
#1231 = CARTESIAN_POINT('',(-66.81431371912,-29.9810006802,136.768483514
    ));
#1232 = CARTESIAN_POINT('',(-73.73450228753,-2.611830258755,
    141.71376330346));
#1233 = CARTESIAN_POINT('',(-83.87834139461,22.817845663313,
    139.41860543683));
#1234 = PCURVE('',#1191,#1235);
#1235 = DEFINITIONAL_REPRESENTATION('',(#1236),#1240);
#1236 = LINE('',#1237,#1238);
#1237 = CARTESIAN_POINT('',(0.,0.));
#1238 = VECTOR('',#1239,1.);
#1239 = DIRECTION('',(0.,1.));
#1240 = ( GEOMETRIC_REPRESENTATION_CONTEXT(2) 
PARAMETRIC_REPRESENTATION_CONTEXT() REPRESENTATION_CONTEXT('2D SPACE',''
  ) );
#1241 = PCURVE('',#1242,#1306);
#1242 = ( BOUNDED_SURFACE() B_SPLINE_SURFACE(6,8,(
    (#1243,#1244,#1245,#1246,#1247,#1248,#1249,#1250,#1251)
    ,(#1252,#1253,#1254,#1255,#1256,#1257,#1258,#1259,#1260)
    ,(#1261,#1262,#1263,#1264,#1265,#1266,#1267,#1268,#1269)
    ,(#1270,#1271,#1272,#1273,#1274,#1275,#1276,#1277,#1278)
    ,(#1279,#1280,#1281,#1282,#1283,#1284,#1285,#1286,#1287)
    ,(#1288,#1289,#1290,#1291,#1292,#1293,#1294,#1295,#1296)
    ,(#1297,#1298,#1299,#1300,#1301,#1302,#1303,#1304,#1305
)),.UNSPECIFIED.,.F.,.F.,.F.) B_SPLINE_SURFACE_WITH_KNOTS((7,7),(9,9),(
    0.,6.544984694977E-02),(0.,66.666666666667),
.PIECEWISE_BEZIER_KNOTS.) GEOMETRIC_REPRESENTATION_ITEM() 
RATIONAL_B_SPLINE_SURFACE((
    (1.000053547667,1.000053547667,1.000053547667,1.000053547667
      ,1.000053547667,1.000053547667,1.000053547667,1.000053547667
      ,1.000053547667)
    ,(1.000017847948,1.000017847948,1.000017847948,1.000017847948
      ,1.000017847948,1.000017847948,1.000017847948,1.000017847948
      ,1.000017847948)
    ,(0.999996430156,0.999996430156,0.999996430156,0.999996430156
      ,0.999996430156,0.999996430156,0.999996430156,0.999996430156
      ,0.999996430156)
    ,(0.999989291231,0.999989291231,0.999989291231,0.999989291231
      ,0.999989291231,0.999989291231,0.999989291231,0.999989291231
      ,0.999989291231)
    ,(0.999996430156,0.999996430156,0.999996430156,0.999996430156
      ,0.999996430156,0.999996430156,0.999996430156,0.999996430156
      ,0.999996430156)
    ,(1.000017847948,1.000017847948,1.000017847948,1.000017847948
      ,1.000017847948,1.000017847948,1.000017847948,1.000017847948
      ,1.000017847948)
    ,(1.000053547667,1.000053547667,1.000053547667,1.000053547667
      ,1.000053547667,1.000053547667,1.000053547667,1.000053547667
,1.000053547667))) REPRESENTATION_ITEM('') SURFACE() );
#1243 = CARTESIAN_POINT('',(-77.40488648546,-87.00554755551,
    -9.947999154629));
#1244 = CARTESIAN_POINT('',(-75.36709146177,-98.06966777516,
    15.11724120271));
#1245 = CARTESIAN_POINT('',(-71.92668772509,-101.7388079309,
    43.332792308835));
#1246 = CARTESIAN_POINT('',(-68.17777993473,-96.75960900692,
    72.241254864391));
#1247 = CARTESIAN_POINT('',(-65.43479172118,-83.04951545873,
    98.890385058912));
#1248 = CARTESIAN_POINT('',(-64.98098862817,-62.00464108106,
    120.39792129032));
#1249 = CARTESIAN_POINT('',(-67.69700581535,-36.31116817249,
    134.78592460583));
#1250 = CARTESIAN_POINT('',(-73.89060694165,-9.11198162782,
    141.36314650971));
#1251 = CARTESIAN_POINT('',(-83.35255066363,16.670225056025,
    140.59955075399));
#1252 = CARTESIAN_POINT('',(-77.0078988314,-87.38510533105,
    -9.056350284819));
#1253 = CARTESIAN_POINT('',(-74.92800317853,-98.18305433112,
    16.10344963386));
#1254 = CARTESIAN_POINT('',(-71.47924055227,-101.5537618183,
    44.337775113367));
#1255 = CARTESIAN_POINT('',(-67.76048421451,-96.27404411636,
    73.178516397615));
#1256 = CARTESIAN_POINT('',(-65.08558551511,-82.29658200989,
    99.674715039388));
#1257 = CARTESIAN_POINT('',(-64.7307131877,-61.05083677469,
    120.96004913322));
#1258 = CARTESIAN_POINT('',(-67.56398110781,-35.24464232774,
    135.0847029908));
#1259 = CARTESIAN_POINT('',(-73.87901833726,-8.026877795822,
    141.38917494135));
#1260 = CARTESIAN_POINT('',(-83.45379268948,17.687448405551,
    140.37215744086));
#1261 = CARTESIAN_POINT('',(-76.61294905811,-87.77742333818,
    -8.169278570149));
#1262 = CARTESIAN_POINT('',(-74.48953740845,-98.31056747153,
    17.088259877555));
#1263 = CARTESIAN_POINT('',(-71.03082731036,-101.3831240944,
    45.344927744604));
#1264 = CARTESIAN_POINT('',(-67.34062108608,-95.80193010667,
    74.121544424062));
#1265 = CARTESIAN_POINT('',(-64.73238543766,-81.55491953047,
    100.46801540191));
#1266 = CARTESIAN_POINT('',(-64.475370144,-60.10512809496,
    121.53355899934));
#1267 = CARTESIAN_POINT('',(-67.42528361242,-34.18244338793,
    135.3962226659));
#1268 = CARTESIAN_POINT('',(-73.86165282809,-6.942193413596,
    141.42817851353));
#1269 = CARTESIAN_POINT('',(-83.5496143918,18.707886509323,
    140.15693837373));
#1270 = CARTESIAN_POINT('',(-76.22011340802,-88.18242663414,
    -7.286955253951));
#1271 = CARTESIAN_POINT('',(-74.05177870665,-98.45218337243,
    18.071482019899));
#1272 = CARTESIAN_POINT('',(-70.58153438696,-101.2269284241,
    46.35405617281));
#1273 = CARTESIAN_POINT('',(-66.9182713478,-95.34335870612,
    75.070157467689));
#1274 = CARTESIAN_POINT('',(-64.3752593603,-80.82467159211,
    101.27013370458));
#1275 = CARTESIAN_POINT('',(-64.21500844748,-59.16769777687,
    122.11834094424));
#1276 = CARTESIAN_POINT('',(-67.28093976175,-33.12477634177,
    135.7204242626));
#1277 = CARTESIAN_POINT('',(-73.83851345235,-5.858137595086,
    141.48015040237));
#1278 = CARTESIAN_POINT('',(-83.63999700907,19.731342832553,
    139.9539356916));
#1279 = CARTESIAN_POINT('',(-75.82946764215,-88.60003737666,
    -6.409550498238));
#1280 = CARTESIAN_POINT('',(-73.61481146841,-98.6078749876,
    19.052926505977));
#1281 = CARTESIAN_POINT('',(-70.13144837238,-101.0852051734,
    47.364965912983));
#1282 = CARTESIAN_POINT('',(-66.49351636769,-94.89841855102,
    76.024172772921));
#1283 = CARTESIAN_POINT('',(-64.01427605282,-80.10597916166,
    102.08091548794));
#1284 = CARTESIAN_POINT('',(-63.94967819604,-58.23872666791,
    122.7142824462));
#1285 = CARTESIAN_POINT('',(-67.13097727881,-32.07184514677,
    136.05724551398));
#1286 = CARTESIAN_POINT('',(-73.80960456731,-4.774919314843,
    141.54508082126));
#1287 = CARTESIAN_POINT('',(-83.724923022,20.757620146996,
    139.76318874351));
#1288 = CARTESIAN_POINT('',(-75.4410870212,-89.0301748432,
    -5.537233341309));
#1289 = CARTESIAN_POINT('',(-73.1787199082,-98.77761205509,
    20.032404187003));
#1290 = CARTESIAN_POINT('',(-69.68065603811,-100.9579814024,
    48.37746207316));
#1291 = CARTESIAN_POINT('',(-66.06643806328,-94.46719516343,
    76.983406349961));
#1292 = CARTESIAN_POINT('',(-63.64950516623,-79.398980566,
    102.90020431327));
#1293 = CARTESIAN_POINT('',(-63.6794306227,-57.31839368296,
    123.32126843397));
#1294 = CARTESIAN_POINT('',(-66.97542517027,-31.0238526785,
    136.40662127002));
#1295 = CARTESIAN_POINT('',(-73.77493184837,-3.692747356071,
    141.62295702305));
#1296 = CARTESIAN_POINT('',(-83.80437615788,21.786520579914,
    139.58473407851));
#1297 = CARTESIAN_POINT('',(-75.05504628689,-89.47275545114,
    -4.67017165584));
#1298 = CARTESIAN_POINT('',(-72.74358803874,-98.96136110492,
    21.009726367296));
#1299 = CARTESIAN_POINT('',(-69.22924431524,-100.8452808578,
    49.391349402885));
#1300 = CARTESIAN_POINT('',(-65.63711888121,-94.04977093022,
    77.947673020627));
#1301 = CARTESIAN_POINT('',(-63.28101721538,-78.70381145782,
    103.72784180162));
#1302 = CARTESIAN_POINT('',(-63.40431808281,-56.40687575999,
    123.93918131554));
#1303 = CARTESIAN_POINT('',(-66.81431371912,-29.9810006802,136.768483514
    ));
#1304 = CARTESIAN_POINT('',(-73.73450228753,-2.611830258755,
    141.71376330346));
#1305 = CARTESIAN_POINT('',(-83.87834139461,22.817845663313,
    139.41860543683));
#1306 = DEFINITIONAL_REPRESENTATION('',(#1307),#1311);
#1307 = LINE('',#1308,#1309);
#1308 = CARTESIAN_POINT('',(6.544984694977E-02,0.));
#1309 = VECTOR('',#1310,1.);
#1310 = DIRECTION('',(0.,1.));
#1311 = ( GEOMETRIC_REPRESENTATION_CONTEXT(2) 
PARAMETRIC_REPRESENTATION_CONTEXT() REPRESENTATION_CONTEXT('2D SPACE',''
  ) );
#1312 = ORIENTED_EDGE('',*,*,#1178,.T.);
#1313 = ORIENTED_EDGE('',*,*,#1314,.F.);
#1314 = EDGE_CURVE('',#1315,#1123,#1317,.T.);
#1315 = VERTEX_POINT('',#1316);
#1316 = CARTESIAN_POINT('',(-93.95642332398,0.,98.753181315145));
#1317 = SURFACE_CURVE('',#1318,(#1328,#1357),.PCURVE_S1.);
#1318 = B_SPLINE_CURVE_WITH_KNOTS('',8,(#1319,#1320,#1321,#1322,#1323,
    #1324,#1325,#1326,#1327),.UNSPECIFIED.,.F.,.F.,(9,9),(
    57.151721043875,116.48505555702),.PIECEWISE_BEZIER_KNOTS.);
#1319 = CARTESIAN_POINT('',(-93.95642374761,-1.859068454735E-13,
    98.753180363661));
#1320 = CARTESIAN_POINT('',(-87.18096013771,-12.6209090495,
    95.736553190323));
#1321 = CARTESIAN_POINT('',(-81.82940649591,-25.24180668118,
    89.521771865851));
#1322 = CARTESIAN_POINT('',(-77.90177651954,-36.72982283888,
    80.108805627972));
#1323 = CARTESIAN_POINT('',(-75.21915803286,-45.95216172274,
    67.899499064567));
#1324 = CARTESIAN_POINT('',(-73.42334033711,-51.98843909782,
    53.698400366336));
#1325 = CARTESIAN_POINT('',(-72.03481219704,-54.35018407475,
    38.582521129924));
#1326 = CARTESIAN_POINT('',(-70.55981042767,-53.03870799514,
    23.660861050419));
#1327 = CARTESIAN_POINT('',(-68.56870572226,-48.4644092027,
    9.898387780403));
#1328 = PCURVE('',#1191,#1329);
#1329 = DEFINITIONAL_REPRESENTATION('',(#1330),#1356);
#1330 = B_SPLINE_CURVE_WITH_KNOTS('',3,(#1331,#1332,#1333,#1334,#1335,
    #1336,#1337,#1338,#1339,#1340,#1341,#1342,#1343,#1344,#1345,#1346,
    #1347,#1348,#1349,#1350,#1351,#1352,#1353,#1354,#1355),
  .UNSPECIFIED.,.F.,.F.,(4,1,1,1,1,1,1,1,1,1,1,1,1,1,1,1,1,1,1,1,1,1,4),
  (57.151721043875,59.848690794473,62.54566054507,65.242630295668,
    67.939600046266,70.636569796863,73.333539547461,76.030509298058,
    78.727479048656,81.424448799254,84.121418549851,86.818388300449,
    89.515358051046,92.212327801644,94.909297552242,97.606267302839,
    100.30323705343,103.00020680403,105.69717655463,108.39414630523,
    111.09111605582,113.78808580642,116.48505555702),
  .QUASI_UNIFORM_KNOTS.);
#1331 = CARTESIAN_POINT('',(44.,59.333334538484));
#1332 = CARTESIAN_POINT('',(44.,58.434344621611));
#1333 = CARTESIAN_POINT('',(44.,56.636364787887));
#1334 = CARTESIAN_POINT('',(44.,53.939395037327));
#1335 = CARTESIAN_POINT('',(44.,51.242425286845));
#1336 = CARTESIAN_POINT('',(44.,48.545455536188));
#1337 = CARTESIAN_POINT('',(44.,45.848485784687));
#1338 = CARTESIAN_POINT('',(44.,43.151516031303));
#1339 = CARTESIAN_POINT('',(44.,40.45454627489));
#1340 = CARTESIAN_POINT('',(44.,37.757576514601));
#1341 = CARTESIAN_POINT('',(44.,35.060606750315));
#1342 = CARTESIAN_POINT('',(44.,32.363636982953));
#1343 = CARTESIAN_POINT('',(44.,29.66666721456));
#1344 = CARTESIAN_POINT('',(44.,26.969697448087));
#1345 = CARTESIAN_POINT('',(44.,24.272727686842));
#1346 = CARTESIAN_POINT('',(44.,21.575757933708));
#1347 = CARTESIAN_POINT('',(44.,18.878788190243));
#1348 = CARTESIAN_POINT('',(44.,16.181818455902));
#1349 = CARTESIAN_POINT('',(44.,13.484848727609));
#1350 = CARTESIAN_POINT('',(44.,10.787879000013));
#1351 = CARTESIAN_POINT('',(44.,8.090909266467));
#1352 = CARTESIAN_POINT('',(44.,5.393939521534));
#1353 = CARTESIAN_POINT('',(44.,2.696969762666));
#1354 = CARTESIAN_POINT('',(44.,0.898989920654));
#1355 = CARTESIAN_POINT('',(44.,0.));
#1356 = ( GEOMETRIC_REPRESENTATION_CONTEXT(2) 
PARAMETRIC_REPRESENTATION_CONTEXT() REPRESENTATION_CONTEXT('2D SPACE',''
  ) );
#1357 = PCURVE('',#1144,#1358);
#1358 = DEFINITIONAL_REPRESENTATION('',(#1359),#1385);
#1359 = B_SPLINE_CURVE_WITH_KNOTS('',3,(#1360,#1361,#1362,#1363,#1364,
    #1365,#1366,#1367,#1368,#1369,#1370,#1371,#1372,#1373,#1374,#1375,
    #1376,#1377,#1378,#1379,#1380,#1381,#1382,#1383,#1384),
  .UNSPECIFIED.,.F.,.F.,(4,1,1,1,1,1,1,1,1,1,1,1,1,1,1,1,1,1,1,1,1,1,4),
  (57.151721043875,59.848690794473,62.54566054507,65.242630295668,
    67.939600046266,70.636569796863,73.333539547461,76.030509298058,
    78.727479048656,81.424448799254,84.121418549851,86.818388300449,
    89.515358051046,92.212327801644,94.909297552242,97.606267302839,
    100.30323705343,103.00020680403,105.69717655463,108.39414630523,
    111.09111605582,113.78808580642,116.48505555702),
  .QUASI_UNIFORM_KNOTS.);
#1360 = CARTESIAN_POINT('',(-6.28318530718,-151.0000012051));
#1361 = CARTESIAN_POINT('',(-6.253765938751,-150.1010112882));
#1362 = CARTESIAN_POINT('',(-6.194927210033,-148.3030314544));
#1363 = CARTESIAN_POINT('',(-6.106669120899,-145.6060617049));
#1364 = CARTESIAN_POINT('',(-6.018411009829,-142.9090919582));
#1365 = CARTESIAN_POINT('',(-5.930152869853,-140.2121222145));
#1366 = CARTESIAN_POINT('',(-5.841894709249,-137.5151524722));
#1367 = CARTESIAN_POINT('',(-5.753636545496,-134.8181827283));
#1368 = CARTESIAN_POINT('',(-5.665378395766,-132.1212129795));
#1369 = CARTESIAN_POINT('',(-5.577120269453,-129.424243223));
#1370 = CARTESIAN_POINT('',(-5.488862164772,-126.7272734576));
#1371 = CARTESIAN_POINT('',(-5.400604070209,-124.0303036842));
#1372 = CARTESIAN_POINT('',(-5.31234596983,-121.3333339058));
#1373 = CARTESIAN_POINT('',(-5.224087850262,-118.636364127));
#1374 = CARTESIAN_POINT('',(-5.135829706712,-115.9393943535));
#1375 = CARTESIAN_POINT('',(-5.047571545635,-113.2424245904));
#1376 = CARTESIAN_POINT('',(-4.959313382677,-110.5454548413));
#1377 = CARTESIAN_POINT('',(-4.871055236116,-107.8484851068));
#1378 = CARTESIAN_POINT('',(-4.782797117692,-105.1515153835));
#1379 = CARTESIAN_POINT('',(-4.694539024693,-102.4545456641));
#1380 = CARTESIAN_POINT('',(-4.606280936855,-99.7575759384));
#1381 = CARTESIAN_POINT('',(-4.518022826359,-97.06060619697));
#1382 = CARTESIAN_POINT('',(-4.429764669126,-94.36363643374));
#1383 = CARTESIAN_POINT('',(-4.370925896613,-92.5656565884));
#1384 = CARTESIAN_POINT('',(-4.341506514336,-91.66666666666));
#1385 = ( GEOMETRIC_REPRESENTATION_CONTEXT(2) 
PARAMETRIC_REPRESENTATION_CONTEXT() REPRESENTATION_CONTEXT('2D SPACE',''
  ) );
#1386 = ORIENTED_EDGE('',*,*,#1387,.T.);
#1387 = EDGE_CURVE('',#1315,#1388,#1390,.T.);
#1388 = VERTEX_POINT('',#1389);
#1389 = CARTESIAN_POINT('',(-101.2618795557,12.359666400961,
    100.37453946625));
#1390 = SURFACE_CURVE('',#1391,(#1401,#1408),.PCURVE_S1.);
#1391 = B_SPLINE_CURVE_WITH_KNOTS('',8,(#1392,#1393,#1394,#1395,#1396,
    #1397,#1398,#1399,#1400),.UNSPECIFIED.,.F.,.F.,(9,9),(0.,
    66.666666666667),.PIECEWISE_BEZIER_KNOTS.);
#1392 = CARTESIAN_POINT('',(-68.56870572226,-48.4644092027,
    9.898387780403));
#1393 = CARTESIAN_POINT('',(-70.80590196078,-53.6040705985,
    25.361840554683));
#1394 = CARTESIAN_POINT('',(-72.39153523349,-54.62452713133,
    42.288727710708));
#1395 = CARTESIAN_POINT('',(-73.93503674633,-50.94362592053,
    59.310244348733));
#1396 = CARTESIAN_POINT('',(-76.14805113362,-42.63123120632,
    74.828010450185));
#1397 = CARTESIAN_POINT('',(-79.70407522641,-30.55372436999,
    87.329327365309));
#1398 = CARTESIAN_POINT('',(-85.04039231902,-16.23970870177,
    95.832040734556));
#1399 = CARTESIAN_POINT('',(-92.27806391651,-1.414741390159,
    100.06424196559));
#1400 = CARTESIAN_POINT('',(-101.2618795557,12.359666400961,
    100.37453946625));
#1401 = PCURVE('',#1191,#1402);
#1402 = DEFINITIONAL_REPRESENTATION('',(#1403),#1407);
#1403 = LINE('',#1404,#1405);
#1404 = CARTESIAN_POINT('',(44.,0.));
#1405 = VECTOR('',#1406,1.);
#1406 = DIRECTION('',(0.,1.));
#1407 = ( GEOMETRIC_REPRESENTATION_CONTEXT(2) 
PARAMETRIC_REPRESENTATION_CONTEXT() REPRESENTATION_CONTEXT('2D SPACE',''
  ) );
#1408 = PCURVE('',#1409,#1414);
#1409 = CYLINDRICAL_SURFACE('',#1410,52.);
#1410 = AXIS2_PLACEMENT_3D('',#1411,#1412,#1413);
#1411 = CARTESIAN_POINT('',(22.838636441065,0.,-10.16841607689));
#1412 = DIRECTION('',(0.913545457643,-0.,-0.406736643076));
#1413 = DIRECTION('',(0.406736643076,0.,0.913545457643));
#1414 = DEFINITIONAL_REPRESENTATION('',(#1415),#1422);
#1415 = B_SPLINE_CURVE_WITH_KNOTS('',5,(#1416,#1417,#1418,#1419,#1420,
    #1421),.UNSPECIFIED.,.F.,.F.,(6,6),(59.333334538484,66.666666666667)
  ,.PIECEWISE_BEZIER_KNOTS.);
#1416 = CARTESIAN_POINT('',(3.552713678801E-15,-151.0000012051));
#1417 = CARTESIAN_POINT('',(-4.799653378352E-02,-152.4666676307));
#1418 = CARTESIAN_POINT('',(-9.599308213756E-02,-153.9333340564));
#1419 = CARTESIAN_POINT('',(-0.143989643323,-155.400000482));
#1420 = CARTESIAN_POINT('',(-0.191986225607,-156.8666669076));
#1421 = CARTESIAN_POINT('',(-0.239982772149,-158.3333333333));
#1422 = ( GEOMETRIC_REPRESENTATION_CONTEXT(2) 
PARAMETRIC_REPRESENTATION_CONTEXT() REPRESENTATION_CONTEXT('2D SPACE',''
  ) );
#1423 = ORIENTED_EDGE('',*,*,#1424,.F.);
#1424 = EDGE_CURVE('',#1221,#1388,#1425,.T.);
#1425 = SURFACE_CURVE('',#1426,(#1429,#1436),.PCURVE_S1.);
#1426 = B_SPLINE_CURVE_WITH_KNOTS('',1,(#1427,#1428),.UNSPECIFIED.,.F.,
  .F.,(2,2),(0.,44.),.PIECEWISE_BEZIER_KNOTS.);
#1427 = CARTESIAN_POINT('',(-83.87834139461,22.817845663313,
    139.41860543683));
#1428 = CARTESIAN_POINT('',(-101.2618795557,12.359666400961,
    100.37453946625));
#1429 = PCURVE('',#1191,#1430);
#1430 = DEFINITIONAL_REPRESENTATION('',(#1431),#1435);
#1431 = LINE('',#1432,#1433);
#1432 = CARTESIAN_POINT('',(0.,66.666666666667));
#1433 = VECTOR('',#1434,1.);
#1434 = DIRECTION('',(1.,0.));
#1435 = ( GEOMETRIC_REPRESENTATION_CONTEXT(2) 
PARAMETRIC_REPRESENTATION_CONTEXT() REPRESENTATION_CONTEXT('2D SPACE',''
  ) );
#1436 = PCURVE('',#1437,#1456);
#1437 = B_SPLINE_SURFACE_WITH_KNOTS('',1,8,(
    (#1438,#1439,#1440,#1441,#1442,#1443,#1444,#1445,#1446)
    ,(#1447,#1448,#1449,#1450,#1451,#1452,#1453,#1454,#1455
  )),.UNSPECIFIED.,.F.,.F.,.F.,(2,2),(9,9),(0.,44.),(0.,66.666666666667)
  ,.PIECEWISE_BEZIER_KNOTS.);
#1438 = CARTESIAN_POINT('',(-83.87834139461,22.817845663313,
    139.41860543683));
#1439 = CARTESIAN_POINT('',(-94.0221805017,48.24752158538,137.1234475702
    ));
#1440 = CARTESIAN_POINT('',(-107.3896891777,71.737894214185,
    127.58780930467));
#1441 = CARTESIAN_POINT('',(-123.6936166367,90.406599887621,
    111.45686646915));
#1442 = CARTESIAN_POINT('',(-142.1374215217,101.68166458221,
    90.519680243193));
#1443 = CARTESIAN_POINT('',(-161.4750199064,103.97639122225,
    67.57500094872));
#1444 = CARTESIAN_POINT('',(-180.3031241428,97.283577954547,
    45.774664247256));
#1445 = CARTESIAN_POINT('',(-197.432150769,82.98031838171,
    27.790518340136));
#1446 = CARTESIAN_POINT('',(-212.0659682732,63.297198249607,
    15.410703879419));
#1447 = CARTESIAN_POINT('',(-101.2618795557,12.359666400961,
    100.37453946625));
#1448 = CARTESIAN_POINT('',(-110.245695195,26.134074192081,
    100.6848369669));
#1449 = CARTESIAN_POINT('',(-120.9756651842,38.858026032683,
    97.073207584824));
#1450 = CARTESIAN_POINT('',(-133.2961953474,48.970241605794,
    89.889121560671));
#1451 = CARTESIAN_POINT('',(-146.7758257831,55.077568315367,
    80.101653700019));
#1452 = CARTESIAN_POINT('',(-160.7395943643,56.32054524539,
    69.226793760596));
#1453 = CARTESIAN_POINT('',(-174.4273869487,52.695271392047,
    58.971786059049));
#1454 = CARTESIAN_POINT('',(-187.1948458275,44.947672456759,
    50.783881704441));
#1455 = CARTESIAN_POINT('',(-198.6107330986,34.285982385204,
    45.6316568833));
#1456 = DEFINITIONAL_REPRESENTATION('',(#1457),#1461);
#1457 = LINE('',#1458,#1459);
#1458 = CARTESIAN_POINT('',(0.,0.));
#1459 = VECTOR('',#1460,1.);
#1460 = DIRECTION('',(1.,0.));
#1461 = ( GEOMETRIC_REPRESENTATION_CONTEXT(2) 
PARAMETRIC_REPRESENTATION_CONTEXT() REPRESENTATION_CONTEXT('2D SPACE',''
  ) );
#1462 = ADVANCED_FACE('',(#1463),#1437,.T.);
#1463 = FACE_BOUND('',#1464,.T.);
#1464 = EDGE_LOOP('',(#1465,#1558,#1559,#1610));
#1465 = ORIENTED_EDGE('',*,*,#1466,.F.);
#1466 = EDGE_CURVE('',#1221,#1467,#1469,.T.);
#1467 = VERTEX_POINT('',#1468);
#1468 = CARTESIAN_POINT('',(-212.0659682732,63.297198249607,
    15.410703879419));
#1469 = SURFACE_CURVE('',#1470,(#1480,#1487),.PCURVE_S1.);
#1470 = ( BOUNDED_CURVE() B_SPLINE_CURVE(8,(#1471,#1472,#1473,#1474,
    #1475,#1476,#1477,#1478,#1479),.UNSPECIFIED.,.F.,.F.) 
B_SPLINE_CURVE_WITH_KNOTS((9,9),(0.,66.666666666667),
.PIECEWISE_BEZIER_KNOTS.) CURVE() GEOMETRIC_REPRESENTATION_ITEM() 
RATIONAL_B_SPLINE_CURVE((1.000053547667,1.000053547667,1.000053547667,
    1.000053547667,1.000053547667,1.000053547667,1.000053547667,
1.000053547667,1.000053547667)) REPRESENTATION_ITEM('') );
#1471 = CARTESIAN_POINT('',(-83.87834139461,22.817845663313,
    139.41860543683));
#1472 = CARTESIAN_POINT('',(-94.0221805017,48.24752158538,137.1234475702
    ));
#1473 = CARTESIAN_POINT('',(-107.3896891777,71.737894214185,
    127.58780930467));
#1474 = CARTESIAN_POINT('',(-123.6936166367,90.406599887619,
    111.45686646915));
#1475 = CARTESIAN_POINT('',(-142.1374215217,101.68166458221,
    90.519680243194));
#1476 = CARTESIAN_POINT('',(-161.4750199064,103.97639122225,
    67.57500094872));
#1477 = CARTESIAN_POINT('',(-180.3031241428,97.283577954549,
    45.774664247256));
#1478 = CARTESIAN_POINT('',(-197.432150769,82.980318381709,
    27.790518340136));
#1479 = CARTESIAN_POINT('',(-212.0659682732,63.297198249607,
    15.410703879419));
#1480 = PCURVE('',#1437,#1481);
#1481 = DEFINITIONAL_REPRESENTATION('',(#1482),#1486);
#1482 = LINE('',#1483,#1484);
#1483 = CARTESIAN_POINT('',(0.,0.));
#1484 = VECTOR('',#1485,1.);
#1485 = DIRECTION('',(0.,1.));
#1486 = ( GEOMETRIC_REPRESENTATION_CONTEXT(2) 
PARAMETRIC_REPRESENTATION_CONTEXT() REPRESENTATION_CONTEXT('2D SPACE',''
  ) );
#1487 = PCURVE('',#1488,#1552);
#1488 = ( BOUNDED_SURFACE() B_SPLINE_SURFACE(6,8,(
    (#1489,#1490,#1491,#1492,#1493,#1494,#1495,#1496,#1497)
    ,(#1498,#1499,#1500,#1501,#1502,#1503,#1504,#1505,#1506)
    ,(#1507,#1508,#1509,#1510,#1511,#1512,#1513,#1514,#1515)
    ,(#1516,#1517,#1518,#1519,#1520,#1521,#1522,#1523,#1524)
    ,(#1525,#1526,#1527,#1528,#1529,#1530,#1531,#1532,#1533)
    ,(#1534,#1535,#1536,#1537,#1538,#1539,#1540,#1541,#1542)
    ,(#1543,#1544,#1545,#1546,#1547,#1548,#1549,#1550,#1551
)),.UNSPECIFIED.,.F.,.F.,.F.) B_SPLINE_SURFACE_WITH_KNOTS((7,7),(9,9),(
    0.,6.544984694977E-02),(0.,66.666666666667),
.PIECEWISE_BEZIER_KNOTS.) GEOMETRIC_REPRESENTATION_ITEM() 
RATIONAL_B_SPLINE_SURFACE((
    (1.000053547667,1.000053547667,1.000053547667,1.000053547667
      ,1.000053547667,1.000053547667,1.000053547667,1.000053547667
      ,1.000053547667)
    ,(1.000017847948,1.000017847948,1.000017847948,1.000017847948
      ,1.000017847948,1.000017847948,1.000017847948,1.000017847948
      ,1.000017847948)
    ,(0.999996430156,0.999996430156,0.999996430156,0.999996430156
      ,0.999996430156,0.999996430156,0.999996430156,0.999996430156
      ,0.999996430156)
    ,(0.999989291231,0.999989291231,0.999989291231,0.999989291231
      ,0.999989291231,0.999989291231,0.999989291231,0.999989291231
      ,0.999989291231)
    ,(0.999996430156,0.999996430156,0.999996430156,0.999996430156
      ,0.999996430156,0.999996430156,0.999996430156,0.999996430156
      ,0.999996430156)
    ,(1.000017847948,1.000017847948,1.000017847948,1.000017847948
      ,1.000017847948,1.000017847948,1.000017847948,1.000017847948
      ,1.000017847948)
    ,(1.000053547667,1.000053547667,1.000053547667,1.000053547667
      ,1.000053547667,1.000053547667,1.000053547667,1.000053547667
,1.000053547667))) REPRESENTATION_ITEM('') SURFACE() );
#1489 = CARTESIAN_POINT('',(-83.35255066363,16.670225056025,
    140.59955075399));
#1490 = CARTESIAN_POINT('',(-92.81449438561,42.452431739871,
    139.83595499827));
#1491 = CARTESIAN_POINT('',(-105.5447946064,66.817852419691,
    131.73151035596));
#1492 = CARTESIAN_POINT('',(-121.3334917694,86.844104955678,
    116.75779371213));
#1493 = CARTESIAN_POINT('',(-139.4541692393,99.836638508819,
    96.546363543312));
#1494 = CARTESIAN_POINT('',(-158.7056201272,104.01178332503,
    73.795174694424));
#1495 = CARTESIAN_POINT('',(-177.6877529146,99.136704741341,
    51.648884203311));
#1496 = CARTESIAN_POINT('',(-195.1768978925,86.394263236235,
    32.85589923529));
#1497 = CARTESIAN_POINT('',(-210.3192904222,67.882250993909,
    19.33380656512));
#1498 = CARTESIAN_POINT('',(-83.45379268948,17.687448405551,
    140.37215744086));
#1499 = CARTESIAN_POINT('',(-93.02856704171,43.401774606925,
    139.35513994037));
#1500 = CARTESIAN_POINT('',(-105.8630932682,67.612855824161,
    131.01659985638));
#1501 = CARTESIAN_POINT('',(-121.7346228603,87.406013997989,
    115.85683853078));
#1502 = CARTESIAN_POINT('',(-139.905327419,100.10806156869,
    95.533045680816));
#1503 = CARTESIAN_POINT('',(-159.166959933,103.96874881581,
    72.75898852521));
#1504 = CARTESIAN_POINT('',(-178.1193969295,98.792877321739,
    50.679395872511));
#1505 = CARTESIAN_POINT('',(-195.5450788182,85.795212253278,
    32.028951336699));
#1506 = CARTESIAN_POINT('',(-210.6001379954,67.094898081852,
    18.703012587704));
#1507 = CARTESIAN_POINT('',(-83.5496143918,18.707886509323,
    140.15693837373));
#1508 = CARTESIAN_POINT('',(-93.2375759555,44.357966432243,
    138.88569823393));
#1509 = CARTESIAN_POINT('',(-106.1771454698,68.418069167083,
    130.31122706274));
#1510 = CARTESIAN_POINT('',(-122.132745003,87.98080881055,
    114.96264155785));
#1511 = CARTESIAN_POINT('',(-140.3550211372,100.39399289532,
    94.523017052739));
#1512 = CARTESIAN_POINT('',(-159.6285091027,103.94056372638,
    71.722332117248));
#1513 = CARTESIAN_POINT('',(-178.5528530874,98.462956490648,
    49.705837402074));
#1514 = CARTESIAN_POINT('',(-195.9164334884,85.208036322099,
    31.194875091183));
#1515 = CARTESIAN_POINT('',(-210.8851656276,66.316617586833,
    18.062830044155));
#1516 = CARTESIAN_POINT('',(-83.63999700907,19.731342832553,
    139.9539356916));
#1517 = CARTESIAN_POINT('',(-93.4414805658,45.320823260192,
    138.42772098083));
#1518 = CARTESIAN_POINT('',(-106.4868904448,69.233337776478,
    129.6155284584));
#1519 = CARTESIAN_POINT('',(-122.5277812914,88.568379281748,
    114.07537552697));
#1520 = CARTESIAN_POINT('',(-140.8031636293,100.69437814738,
    93.516472535496));
#1521 = CARTESIAN_POINT('',(-160.0901786758,103.92723428495,
    70.685405278642));
#1522 = CARTESIAN_POINT('',(-178.9880379291,98.147006590566,
    48.72839624413));
#1523 = CARTESIAN_POINT('',(-196.2908904881,84.632849266735,
    30.353830899549));
#1524 = CARTESIAN_POINT('',(-211.1743185987,65.547560021506,
    17.413381837927));
#1525 = CARTESIAN_POINT('',(-83.724923022,20.757620146996,
    139.76318874351));
#1526 = CARTESIAN_POINT('',(-93.64024147669,46.290159608834,
    137.98129666576));
#1527 = CARTESIAN_POINT('',(-106.7922684096,70.058504680132,
    128.92963831941));
#1528 = CARTESIAN_POINT('',(-122.9196555231,89.168612379195,
    113.19521159187));
#1529 = CARTESIAN_POINT('',(-141.2496684834,101.00915968043,
    92.51360621349));
#1530 = CARTESIAN_POINT('',(-160.5518796628,103.92876332615,
    69.648407883276));
#1531 = CARTESIAN_POINT('',(-179.424867599,97.845088773625,
    47.747260741577));
#1532 = CARTESIAN_POINT('',(-196.6683776921,84.069762174669,
    29.505980757641));
#1533 = CARTESIAN_POINT('',(-211.4675412449,64.787873794583,
    16.754792991674));
#1534 = CARTESIAN_POINT('',(-83.80437615788,21.786520579914,
    139.58473407851));
#1535 = CARTESIAN_POINT('',(-93.8338204674,47.2657885159,137.54651113397
    ));
#1536 = CARTESIAN_POINT('',(-107.0932205785,70.893410644444,
    128.25368868094));
#1537 = CARTESIAN_POINT('',(-123.3082922179,89.781392177561,
    112.32231928373));
#1538 = CARTESIAN_POINT('',(-141.6944496616,101.33827656105,
    91.514611330801));
#1539 = CARTESIAN_POINT('',(-161.0135230669,103.94515028998,
    68.611539821151));
#1540 = CARTESIAN_POINT('',(-179.8632578657,97.557260986159,
    46.762620081337));
#1541 = CARTESIAN_POINT('',(-197.048822283,83.518883368993,
    28.651488216209));
#1542 = CARTESIAN_POINT('',(-211.7647769727,64.037705173773,
    16.087190616344));
#1543 = CARTESIAN_POINT('',(-83.87834139461,22.817845663313,
    139.41860543683));
#1544 = CARTESIAN_POINT('',(-94.0221805017,48.24752158538,137.1234475702
    ));
#1545 = CARTESIAN_POINT('',(-107.3896891777,71.737894214185,
    127.58780930467));
#1546 = CARTESIAN_POINT('',(-123.6936166367,90.406599887619,
    111.45686646915));
#1547 = CARTESIAN_POINT('',(-142.1374215217,101.68166458221,
    90.519680243194));
#1548 = CARTESIAN_POINT('',(-161.4750199064,103.97639122225,
    67.57500094872));
#1549 = CARTESIAN_POINT('',(-180.3031241428,97.283577954549,
    45.774664247256));
#1550 = CARTESIAN_POINT('',(-197.432150769,82.980318381709,
    27.790518340136));
#1551 = CARTESIAN_POINT('',(-212.0659682732,63.297198249607,
    15.410703879419));
#1552 = DEFINITIONAL_REPRESENTATION('',(#1553),#1557);
#1553 = LINE('',#1554,#1555);
#1554 = CARTESIAN_POINT('',(6.544984694977E-02,0.));
#1555 = VECTOR('',#1556,1.);
#1556 = DIRECTION('',(0.,1.));
#1557 = ( GEOMETRIC_REPRESENTATION_CONTEXT(2) 
PARAMETRIC_REPRESENTATION_CONTEXT() REPRESENTATION_CONTEXT('2D SPACE',''
  ) );
#1558 = ORIENTED_EDGE('',*,*,#1424,.T.);
#1559 = ORIENTED_EDGE('',*,*,#1560,.F.);
#1560 = EDGE_CURVE('',#1561,#1388,#1563,.T.);
#1561 = VERTEX_POINT('',#1562);
#1562 = CARTESIAN_POINT('',(-198.6107330986,34.285982385204,
    45.6316568833));
#1563 = SURFACE_CURVE('',#1564,(#1574,#1581),.PCURVE_S1.);
#1564 = B_SPLINE_CURVE_WITH_KNOTS('',8,(#1565,#1566,#1567,#1568,#1569,
    #1570,#1571,#1572,#1573),.UNSPECIFIED.,.F.,.F.,(9,9),(
    57.151721048834,123.8183877155),.PIECEWISE_BEZIER_KNOTS.);
#1565 = CARTESIAN_POINT('',(-198.6107330986,34.285982385204,
    45.6316568833));
#1566 = CARTESIAN_POINT('',(-187.1948458275,44.94767245676,
    50.783881704441));
#1567 = CARTESIAN_POINT('',(-174.4273869487,52.695271392047,
    58.971786059049));
#1568 = CARTESIAN_POINT('',(-160.7395943644,56.320545245394,
    69.226793760602));
#1569 = CARTESIAN_POINT('',(-146.7758257831,55.077568315407,
    80.101653700009));
#1570 = CARTESIAN_POINT('',(-133.2961953474,48.970241605777,
    89.889121560675));
#1571 = CARTESIAN_POINT('',(-120.9756651842,38.85802603268,
    97.073207584824));
#1572 = CARTESIAN_POINT('',(-110.245695195,26.134074192084,
    100.6848369669));
#1573 = CARTESIAN_POINT('',(-101.2618795557,12.359666400961,
    100.37453946625));
#1574 = PCURVE('',#1437,#1575);
#1575 = DEFINITIONAL_REPRESENTATION('',(#1576),#1580);
#1576 = LINE('',#1577,#1578);
#1577 = CARTESIAN_POINT('',(44.,123.8183877155));
#1578 = VECTOR('',#1579,1.);
#1579 = DIRECTION('',(-3.19744231092E-16,-1.));
#1580 = ( GEOMETRIC_REPRESENTATION_CONTEXT(2) 
PARAMETRIC_REPRESENTATION_CONTEXT() REPRESENTATION_CONTEXT('2D SPACE',''
  ) );
#1581 = PCURVE('',#1409,#1582);
#1582 = DEFINITIONAL_REPRESENTATION('',(#1583),#1609);
#1583 = B_SPLINE_CURVE_WITH_KNOTS('',3,(#1584,#1585,#1586,#1587,#1588,
    #1589,#1590,#1591,#1592,#1593,#1594,#1595,#1596,#1597,#1598,#1599,
    #1600,#1601,#1602,#1603,#1604,#1605,#1606,#1607,#1608),
  .UNSPECIFIED.,.F.,.F.,(4,1,1,1,1,1,1,1,1,1,1,1,1,1,1,1,1,1,1,1,1,1,4),
  (57.151721048834,60.182024079138,63.212327109441,66.242630139744,
    69.272933170047,72.30323620035,75.333539230653,78.363842260956,
    81.394145291259,84.424448321562,87.454751351865,90.485054382169,
    93.515357412472,96.545660442775,99.575963473078,102.60626650338,
    105.63656953368,108.66687256398,111.69717559429,114.72747862459,
    117.75778165489,120.78808468519,123.8183877155),
  .QUASI_UNIFORM_KNOTS.);
#1584 = CARTESIAN_POINT('',(-2.421644337142,-225.));
#1585 = CARTESIAN_POINT('',(-2.388588850121,-223.9898989898));
#1586 = CARTESIAN_POINT('',(-2.322477871383,-221.9696969696));
#1587 = CARTESIAN_POINT('',(-2.223311411891,-218.9393939393));
#1588 = CARTESIAN_POINT('',(-2.124145010291,-215.909090909));
#1589 = CARTESIAN_POINT('',(-2.024978622856,-212.8787878787));
#1590 = CARTESIAN_POINT('',(-1.925812213572,-209.8484848484));
#1591 = CARTESIAN_POINT('',(-1.826645767052,-206.8181818181));
#1592 = CARTESIAN_POINT('',(-1.727479294798,-203.7878787878));
#1593 = CARTESIAN_POINT('',(-1.628312822137,-200.7575757575));
#1594 = CARTESIAN_POINT('',(-1.529146372004,-197.7272727272));
#1595 = CARTESIAN_POINT('',(-1.429979952683,-194.6969696969));
#1596 = CARTESIAN_POINT('',(-1.330813554646,-191.6666666666));
#1597 = CARTESIAN_POINT('',(-1.231647156608,-188.6363636363));
#1598 = CARTESIAN_POINT('',(-1.132480737287,-185.606060606));
#1599 = CARTESIAN_POINT('',(-1.033314287154,-182.5757575757));
#1600 = CARTESIAN_POINT('',(-0.934147814493,-179.5454545454));
#1601 = CARTESIAN_POINT('',(-0.834981342239,-176.5151515151));
#1602 = CARTESIAN_POINT('',(-0.735814895719,-173.4848484848));
#1603 = CARTESIAN_POINT('',(-0.636648486435,-170.4545454545));
#1604 = CARTESIAN_POINT('',(-0.537482099,-167.4242424242));
#1605 = CARTESIAN_POINT('',(-0.4383156974,-164.3939393939));
#1606 = CARTESIAN_POINT('',(-0.339149237908,-161.3636363636));
#1607 = CARTESIAN_POINT('',(-0.27303825917,-159.3434343434));
#1608 = CARTESIAN_POINT('',(-0.239982772149,-158.3333333333));
#1609 = ( GEOMETRIC_REPRESENTATION_CONTEXT(2) 
PARAMETRIC_REPRESENTATION_CONTEXT() REPRESENTATION_CONTEXT('2D SPACE',''
  ) );
#1610 = ORIENTED_EDGE('',*,*,#1611,.F.);
#1611 = EDGE_CURVE('',#1467,#1561,#1612,.T.);
#1612 = SURFACE_CURVE('',#1613,(#1616,#1623),.PCURVE_S1.);
#1613 = B_SPLINE_CURVE_WITH_KNOTS('',1,(#1614,#1615),.UNSPECIFIED.,.F.,
  .F.,(2,2),(0.,44.),.PIECEWISE_BEZIER_KNOTS.);
#1614 = CARTESIAN_POINT('',(-212.0659682732,63.297198249607,
    15.410703879419));
#1615 = CARTESIAN_POINT('',(-198.6107330986,34.285982385204,
    45.6316568833));
#1616 = PCURVE('',#1437,#1617);
#1617 = DEFINITIONAL_REPRESENTATION('',(#1618),#1622);
#1618 = LINE('',#1619,#1620);
#1619 = CARTESIAN_POINT('',(0.,66.666666666667));
#1620 = VECTOR('',#1621,1.);
#1621 = DIRECTION('',(1.,0.));
#1622 = ( GEOMETRIC_REPRESENTATION_CONTEXT(2) 
PARAMETRIC_REPRESENTATION_CONTEXT() REPRESENTATION_CONTEXT('2D SPACE',''
  ) );
#1623 = PCURVE('',#1624,#1643);
#1624 = B_SPLINE_SURFACE_WITH_KNOTS('',1,8,(
    (#1625,#1626,#1627,#1628,#1629,#1630,#1631,#1632,#1633)
    ,(#1634,#1635,#1636,#1637,#1638,#1639,#1640,#1641,#1642
  )),.UNSPECIFIED.,.F.,.F.,.F.,(2,2),(9,9),(0.,44.),(0.,66.666666666667)
  ,.PIECEWISE_BEZIER_KNOTS.);
#1625 = CARTESIAN_POINT('',(-212.0659682732,63.297198249607,
    15.410703879419));
#1626 = CARTESIAN_POINT('',(-226.6997857775,43.614078117504,
    3.030889418701));
#1627 = CARTESIAN_POINT('',(-238.8384469504,18.550949428457,
    -3.74471216512));
#1628 = CARTESIAN_POINT('',(-247.6863685915,-9.660419842091,
    -3.129191747313));
#1629 = CARTESIAN_POINT('',(-252.843499928,-37.94060216879,5.77597941954
    ));
#1630 = CARTESIAN_POINT('',(-254.4959109505,-62.86994012381,
    22.552881293887));
#1631 = CARTESIAN_POINT('',(-253.4460948799,-81.61813523709,
    45.399084590806));
#1632 = CARTESIAN_POINT('',(-250.8351876387,-92.57928035055,
    71.751556064202));
#1633 = CARTESIAN_POINT('',(-247.863016171,-95.42940846934,
    98.915440275373));
#1634 = CARTESIAN_POINT('',(-198.6107330986,34.285982385204,
    45.6316568833));
#1635 = CARTESIAN_POINT('',(-210.0266203696,23.624292313648,
    40.479432062159));
#1636 = CARTESIAN_POINT('',(-220.0909646279,10.048430940414,
    38.362822549338));
#1637 = CARTESIAN_POINT('',(-228.3728249731,-5.232727414465,
    40.249737454064));
#1638 = CARTESIAN_POINT('',(-234.6555072367,-20.55115950809,
    46.626879847858));
#1639 = CARTESIAN_POINT('',(-239.0397993301,-34.0545509004,
    57.267876374876));
#1640 = CARTESIAN_POINT('',(-241.9603850815,-44.20982325342,
    71.196411172456));
#1641 = CARTESIAN_POINT('',(-244.0353797821,-50.14711018988,
    87.024174565626));
#1642 = CARTESIAN_POINT('',(-245.9146896934,-51.69092958756,
    103.29145319175));
#1643 = DEFINITIONAL_REPRESENTATION('',(#1644),#1648);
#1644 = LINE('',#1645,#1646);
#1645 = CARTESIAN_POINT('',(0.,0.));
#1646 = VECTOR('',#1647,1.);
#1647 = DIRECTION('',(1.,0.));
#1648 = ( GEOMETRIC_REPRESENTATION_CONTEXT(2) 
PARAMETRIC_REPRESENTATION_CONTEXT() REPRESENTATION_CONTEXT('2D SPACE',''
  ) );
#1649 = ADVANCED_FACE('',(#1650),#1624,.T.);
#1650 = FACE_BOUND('',#1651,.T.);
#1651 = EDGE_LOOP('',(#1652,#1745,#1746,#1797));
#1652 = ORIENTED_EDGE('',*,*,#1653,.F.);
#1653 = EDGE_CURVE('',#1467,#1654,#1656,.T.);
#1654 = VERTEX_POINT('',#1655);
#1655 = CARTESIAN_POINT('',(-247.863016171,-95.42940846934,
    98.915440275373));
#1656 = SURFACE_CURVE('',#1657,(#1667,#1674),.PCURVE_S1.);
#1657 = ( BOUNDED_CURVE() B_SPLINE_CURVE(8,(#1658,#1659,#1660,#1661,
    #1662,#1663,#1664,#1665,#1666),.UNSPECIFIED.,.F.,.F.) 
B_SPLINE_CURVE_WITH_KNOTS((9,9),(0.,66.666666666667),
.PIECEWISE_BEZIER_KNOTS.) CURVE() GEOMETRIC_REPRESENTATION_ITEM() 
RATIONAL_B_SPLINE_CURVE((1.000053547667,1.000053547667,1.000053547667,
    1.000053547667,1.000053547667,1.000053547667,1.000053547667,
1.000053547667,1.000053547667)) REPRESENTATION_ITEM('') );
#1658 = CARTESIAN_POINT('',(-212.0659682732,63.297198249607,
    15.410703879419));
#1659 = CARTESIAN_POINT('',(-226.6997857775,43.614078117504,
    3.030889418701));
#1660 = CARTESIAN_POINT('',(-238.8384469504,18.550949428457,
    -3.74471216512));
#1661 = CARTESIAN_POINT('',(-247.6863685915,-9.66041984209,
    -3.129191747313));
#1662 = CARTESIAN_POINT('',(-252.843499928,-37.94060216879,5.77597941954
    ));
#1663 = CARTESIAN_POINT('',(-254.4959109505,-62.86994012381,
    22.552881293888));
#1664 = CARTESIAN_POINT('',(-253.4460948799,-81.61813523709,
    45.399084590806));
#1665 = CARTESIAN_POINT('',(-250.8351876387,-92.57928035055,
    71.751556064202));
#1666 = CARTESIAN_POINT('',(-247.863016171,-95.42940846934,
    98.915440275373));
#1667 = PCURVE('',#1624,#1668);
#1668 = DEFINITIONAL_REPRESENTATION('',(#1669),#1673);
#1669 = LINE('',#1670,#1671);
#1670 = CARTESIAN_POINT('',(0.,0.));
#1671 = VECTOR('',#1672,1.);
#1672 = DIRECTION('',(0.,1.));
#1673 = ( GEOMETRIC_REPRESENTATION_CONTEXT(2) 
PARAMETRIC_REPRESENTATION_CONTEXT() REPRESENTATION_CONTEXT('2D SPACE',''
  ) );
#1674 = PCURVE('',#1675,#1739);
#1675 = ( BOUNDED_SURFACE() B_SPLINE_SURFACE(6,8,(
    (#1676,#1677,#1678,#1679,#1680,#1681,#1682,#1683,#1684)
    ,(#1685,#1686,#1687,#1688,#1689,#1690,#1691,#1692,#1693)
    ,(#1694,#1695,#1696,#1697,#1698,#1699,#1700,#1701,#1702)
    ,(#1703,#1704,#1705,#1706,#1707,#1708,#1709,#1710,#1711)
    ,(#1712,#1713,#1714,#1715,#1716,#1717,#1718,#1719,#1720)
    ,(#1721,#1722,#1723,#1724,#1725,#1726,#1727,#1728,#1729)
    ,(#1730,#1731,#1732,#1733,#1734,#1735,#1736,#1737,#1738
)),.UNSPECIFIED.,.F.,.F.,.F.) B_SPLINE_SURFACE_WITH_KNOTS((7,7),(9,9),(
    0.,6.544984694977E-02),(0.,66.666666666667),
.PIECEWISE_BEZIER_KNOTS.) GEOMETRIC_REPRESENTATION_ITEM() 
RATIONAL_B_SPLINE_SURFACE((
    (1.000053547667,1.000053547667,1.000053547667,1.000053547667
      ,1.000053547667,1.000053547667,1.000053547667,1.000053547667
      ,1.000053547667)
    ,(1.000017847948,1.000017847948,1.000017847948,1.000017847948
      ,1.000017847948,1.000017847948,1.000017847948,1.000017847948
      ,1.000017847948)
    ,(0.999996430156,0.999996430156,0.999996430156,0.999996430156
      ,0.999996430156,0.999996430156,0.999996430156,0.999996430156
      ,0.999996430156)
    ,(0.999989291231,0.999989291231,0.999989291231,0.999989291231
      ,0.999989291231,0.999989291231,0.999989291231,0.999989291231
      ,0.999989291231)
    ,(0.999996430156,0.999996430156,0.999996430156,0.999996430156
      ,0.999996430156,0.999996430156,0.999996430156,0.999996430156
      ,0.999996430156)
    ,(1.000017847948,1.000017847948,1.000017847948,1.000017847948
      ,1.000017847948,1.000017847948,1.000017847948,1.000017847948
      ,1.000017847948)
    ,(1.000053547667,1.000053547667,1.000053547667,1.000053547667
      ,1.000053547667,1.000053547667,1.000053547667,1.000053547667
,1.000053547667))) REPRESENTATION_ITEM('') SURFACE() );
#1676 = CARTESIAN_POINT('',(-210.3192904222,67.882250993909,
    19.33380656512));
#1677 = CARTESIAN_POINT('',(-225.4616829519,49.370238751582,
    5.81171389495));
#1678 = CARTESIAN_POINT('',(-238.2573796479,25.088516579934,
    -2.439613635683));
#1679 = CARTESIAN_POINT('',(-247.8531315595,-2.863855470223,
    -3.503747505837));
#1680 = CARTESIAN_POINT('',(-253.7678259863,-31.47837120757,
    3.699909101651));
#1681 = CARTESIAN_POINT('',(-256.0961653175,-57.31277495511,
    18.958651138021));
#1682 = CARTESIAN_POINT('',(-255.5636334013,-77.41378746175,
    40.643015201507));
#1683 = CARTESIAN_POINT('',(-253.2662028006,-89.9954456286,
    66.29140661274));
#1684 = CARTESIAN_POINT('',(-250.3925134166,-94.54154428917,
    93.234096442401));
#1685 = CARTESIAN_POINT('',(-210.6001379954,67.094898081852,
    18.703012587704));
#1686 = CARTESIAN_POINT('',(-225.6551971727,48.394583910425,
    5.37707383871));
#1687 = CARTESIAN_POINT('',(-238.3396895964,23.991480028084,
    -2.624484806897));
#1688 = CARTESIAN_POINT('',(-247.8102685964,-3.994015932872,
    -3.407475714597));
#1689 = CARTESIAN_POINT('',(-253.5994847904,-32.54266839927,
    4.07800961809));
#1690 = CARTESIAN_POINT('',(-255.8172134744,-58.2172121006,
    19.585187235787));
#1691 = CARTESIAN_POINT('',(-255.2014964371,-78.08589069439,
    41.456388140264));
#1692 = CARTESIAN_POINT('',(-252.8554315984,-90.39334640461,
    67.214013838551));
#1693 = CARTESIAN_POINT('',(-249.9690962903,-94.6555534838,
    94.185106878811));
#1694 = CARTESIAN_POINT('',(-210.8851656276,66.316617586833,
    18.062830044155));
#1695 = CARTESIAN_POINT('',(-225.8538977669,47.425198851567,
    4.930784997126));
#1696 = CARTESIAN_POINT('',(-238.4278369532,22.897139504722,
    -2.822467011579));
#1697 = CARTESIAN_POINT('',(-247.7734247652,-5.125507462998,
    -3.324723114795));
#1698 = CARTESIAN_POINT('',(-253.4368174272,-33.61233782142,
    4.44336649778));
#1699 = CARTESIAN_POINT('',(-255.5430890623,-59.13058817402,
    20.200880746061));
#1700 = CARTESIAN_POINT('',(-254.8429534558,-78.76962000505,
    42.26168886127));
#1701 = CARTESIAN_POINT('',(-252.4467965308,-90.8044502306,
    68.131823227468));
#1702 = CARTESIAN_POINT('',(-249.5463043209,-94.78318488194,
    95.134713189829));
#1703 = CARTESIAN_POINT('',(-211.1743185987,65.547560021507,
    17.413381837927));
#1704 = CARTESIAN_POINT('',(-226.0577467092,46.462270776278,
    4.472932776305));
#1705 = CARTESIAN_POINT('',(-238.5218050387,21.805706107071,
    -3.033522787283));
#1706 = CARTESIAN_POINT('',(-247.7426074904,-6.258112017499,
    -3.255506382246));
#1707 = CARTESIAN_POINT('',(-253.2798555574,-34.6871735646,
    4.795908629571));
#1708 = CARTESIAN_POINT('',(-255.2738451817,-60.05272758509,
    20.805612402854));
#1709 = CARTESIAN_POINT('',(-254.4880737652,-79.4648442157,
    43.058761696804));
#1710 = CARTESIAN_POINT('',(-252.0403764836,-91.22867856621,
    69.044657599129));
#1711 = CARTESIAN_POINT('',(-249.1242190422,-94.92441460983,
    96.082732247403));
#1712 = CARTESIAN_POINT('',(-211.4675412449,64.787873794583,
    16.754792991674));
#1713 = CARTESIAN_POINT('',(-226.2667047976,45.505985414497,
    4.003605225708));
#1714 = CARTESIAN_POINT('',(-238.6215758436,20.717390272467,
    -3.257611684155));
#1715 = CARTESIAN_POINT('',(-247.7178228199,-7.391611294633,
    -3.199839100879));
#1716 = CARTESIAN_POINT('',(-253.1286295388,-35.76696853496,
    5.135567828432));
#1717 = CARTESIAN_POINT('',(-255.0095338196,-60.98345273806,
    21.399265441973));
#1718 = CARTESIAN_POINT('',(-254.1369258374,-80.17142951968,
    43.847452855681));
#1719 = CARTESIAN_POINT('',(-251.6362498381,-91.66594987121,
    69.952340906148));
#1720 = CARTESIAN_POINT('',(-248.7029218284,-95.07921568671,
    97.028981282402));
#1721 = CARTESIAN_POINT('',(-211.7647769727,64.037705173773,
    16.087190616344));
#1722 = CARTESIAN_POINT('',(-226.4807316625,44.556526978554,
    3.522893016479));
#1723 = CARTESIAN_POINT('',(-238.7271300329,19.632401726005,
    -3.49469027476));
#1724 = CARTESIAN_POINT('',(-247.6990754235,-8.525786788246,
    -3.157731759077));
#1725 = CARTESIAN_POINT('',(-252.983168419,-36.85151450568,
    5.462278852598));
#1726 = CARTESIAN_POINT('',(-254.7502058357,-61.92258407564,
    21.981725630283));
#1727 = CARTESIAN_POINT('',(-253.7895772922,-80.88923951471,
    44.627610461614));
#1728 = CARTESIAN_POINT('',(-251.2344944518,-92.11617962554,
    70.854698277961));
#1729 = CARTESIAN_POINT('',(-248.2824938734,-95.24755803125,
    97.973277930081));
#1730 = CARTESIAN_POINT('',(-212.0659682732,63.297198249607,
    15.410703879419));
#1731 = CARTESIAN_POINT('',(-226.6997857775,43.614078117504,
    3.030889418701));
#1732 = CARTESIAN_POINT('',(-238.8384469504,18.550949428457,
    -3.74471216512));
#1733 = CARTESIAN_POINT('',(-247.6863685915,-9.66041984209,
    -3.129191747313));
#1734 = CARTESIAN_POINT('',(-252.843499928,-37.94060216879,5.77597941954
    ));
#1735 = CARTESIAN_POINT('',(-254.4959109505,-62.86994012381,
    22.552881293888));
#1736 = CARTESIAN_POINT('',(-253.4460948799,-81.61813523709,
    45.399084590806));
#1737 = CARTESIAN_POINT('',(-250.8351876387,-92.57928035055,
    71.751556064202));
#1738 = CARTESIAN_POINT('',(-247.863016171,-95.42940846934,
    98.915440275373));
#1739 = DEFINITIONAL_REPRESENTATION('',(#1740),#1744);
#1740 = LINE('',#1741,#1742);
#1741 = CARTESIAN_POINT('',(6.544984694977E-02,0.));
#1742 = VECTOR('',#1743,1.);
#1743 = DIRECTION('',(0.,1.));
#1744 = ( GEOMETRIC_REPRESENTATION_CONTEXT(2) 
PARAMETRIC_REPRESENTATION_CONTEXT() REPRESENTATION_CONTEXT('2D SPACE',''
  ) );
#1745 = ORIENTED_EDGE('',*,*,#1611,.T.);
#1746 = ORIENTED_EDGE('',*,*,#1747,.F.);
#1747 = EDGE_CURVE('',#1748,#1561,#1750,.T.);
#1748 = VERTEX_POINT('',#1749);
#1749 = CARTESIAN_POINT('',(-245.9146896934,-51.69092958756,
    103.29145319175));
#1750 = SURFACE_CURVE('',#1751,(#1761,#1768),.PCURVE_S1.);
#1751 = B_SPLINE_CURVE_WITH_KNOTS('',8,(#1752,#1753,#1754,#1755,#1756,
    #1757,#1758,#1759,#1760),.UNSPECIFIED.,.F.,.F.,(9,9),(
    57.151721035458,123.81838770213),.PIECEWISE_BEZIER_KNOTS.);
#1752 = CARTESIAN_POINT('',(-245.9146896934,-51.69092958756,
    103.29145319175));
#1753 = CARTESIAN_POINT('',(-244.0353797821,-50.14711018988,
    87.024174565624));
#1754 = CARTESIAN_POINT('',(-241.9603850815,-44.20982325342,
    71.196411172452));
#1755 = CARTESIAN_POINT('',(-239.0397993301,-34.05455090039,
    57.267876374869));
#1756 = CARTESIAN_POINT('',(-234.6555072365,-20.55115950799,
    46.626879847739));
#1757 = CARTESIAN_POINT('',(-228.3728249732,-5.232727414568,
    40.249737454168));
#1758 = CARTESIAN_POINT('',(-220.0909646279,10.048430940432,
    38.362822549323));
#1759 = CARTESIAN_POINT('',(-210.0266203696,23.62429231365,
    40.479432062152));
#1760 = CARTESIAN_POINT('',(-198.6107330986,34.285982385204,
    45.6316568833));
#1761 = PCURVE('',#1624,#1762);
#1762 = DEFINITIONAL_REPRESENTATION('',(#1763),#1767);
#1763 = LINE('',#1764,#1765);
#1764 = CARTESIAN_POINT('',(44.,123.81838770212));
#1765 = VECTOR('',#1766,1.);
#1766 = DIRECTION('',(2.13162820728E-16,-1.));
#1767 = ( GEOMETRIC_REPRESENTATION_CONTEXT(2) 
PARAMETRIC_REPRESENTATION_CONTEXT() REPRESENTATION_CONTEXT('2D SPACE',''
  ) );
#1768 = PCURVE('',#1409,#1769);
#1769 = DEFINITIONAL_REPRESENTATION('',(#1770),#1796);
#1770 = B_SPLINE_CURVE_WITH_KNOTS('',3,(#1771,#1772,#1773,#1774,#1775,
    #1776,#1777,#1778,#1779,#1780,#1781,#1782,#1783,#1784,#1785,#1786,
    #1787,#1788,#1789,#1790,#1791,#1792,#1793,#1794,#1795),
  .UNSPECIFIED.,.F.,.F.,(4,1,1,1,1,1,1,1,1,1,1,1,1,1,1,1,1,1,1,1,1,1,4),
  (57.151721035458,60.182024065761,63.212327096065,66.242630126368,
    69.272933156672,72.303236186975,75.333539217278,78.363842247582,
    81.394145277885,84.424448308189,87.454751338492,90.485054368795,
    93.515357399099,96.545660429402,99.575963459706,102.60626649,
    105.63656952031,108.66687255061,111.69717558091,114.72747861122,
    117.75778164152,120.78808467182,123.81838770213),
  .QUASI_UNIFORM_KNOTS.);
#1771 = CARTESIAN_POINT('',(-4.603305902135,-291.6666666666));
#1772 = CARTESIAN_POINT('',(-4.570250415114,-290.6565656565));
#1773 = CARTESIAN_POINT('',(-4.504139436376,-288.6363636363));
#1774 = CARTESIAN_POINT('',(-4.404972976884,-285.606060606));
#1775 = CARTESIAN_POINT('',(-4.305806575284,-282.5757575757));
#1776 = CARTESIAN_POINT('',(-4.206640187849,-279.5454545454));
#1777 = CARTESIAN_POINT('',(-4.107473778565,-276.5151515151));
#1778 = CARTESIAN_POINT('',(-4.008307332045,-273.4848484848));
#1779 = CARTESIAN_POINT('',(-3.909140859791,-270.4545454545));
#1780 = CARTESIAN_POINT('',(-3.80997438713,-267.4242424242));
#1781 = CARTESIAN_POINT('',(-3.710807936997,-264.3939393939));
#1782 = CARTESIAN_POINT('',(-3.611641517676,-261.3636363635));
#1783 = CARTESIAN_POINT('',(-3.512475119638,-258.3333333333));
#1784 = CARTESIAN_POINT('',(-3.413308721601,-255.303030303));
#1785 = CARTESIAN_POINT('',(-3.31414230228,-252.2727272727));
#1786 = CARTESIAN_POINT('',(-3.214975852147,-249.2424242424));
#1787 = CARTESIAN_POINT('',(-3.115809379486,-246.2121212121));
#1788 = CARTESIAN_POINT('',(-3.016642907232,-243.1818181818));
#1789 = CARTESIAN_POINT('',(-2.917476460712,-240.1515151515));
#1790 = CARTESIAN_POINT('',(-2.818310051428,-237.1212121212));
#1791 = CARTESIAN_POINT('',(-2.719143663993,-234.0909090909));
#1792 = CARTESIAN_POINT('',(-2.619977262393,-231.0606060606));
#1793 = CARTESIAN_POINT('',(-2.520810802901,-228.0303030303));
#1794 = CARTESIAN_POINT('',(-2.454699824163,-226.01010101));
#1795 = CARTESIAN_POINT('',(-2.421644337142,-225.));
#1796 = ( GEOMETRIC_REPRESENTATION_CONTEXT(2) 
PARAMETRIC_REPRESENTATION_CONTEXT() REPRESENTATION_CONTEXT('2D SPACE',''
  ) );
#1797 = ORIENTED_EDGE('',*,*,#1798,.F.);
#1798 = EDGE_CURVE('',#1654,#1748,#1799,.T.);
#1799 = SURFACE_CURVE('',#1800,(#1803,#1810),.PCURVE_S1.);
#1800 = B_SPLINE_CURVE_WITH_KNOTS('',1,(#1801,#1802),.UNSPECIFIED.,.F.,
  .F.,(2,2),(0.,44.),.PIECEWISE_BEZIER_KNOTS.);
#1801 = CARTESIAN_POINT('',(-247.863016171,-95.42940846934,
    98.915440275373));
#1802 = CARTESIAN_POINT('',(-245.9146896934,-51.69092958756,
    103.29145319175));
#1803 = PCURVE('',#1624,#1804);
#1804 = DEFINITIONAL_REPRESENTATION('',(#1805),#1809);
#1805 = LINE('',#1806,#1807);
#1806 = CARTESIAN_POINT('',(0.,66.666666666667));
#1807 = VECTOR('',#1808,1.);
#1808 = DIRECTION('',(1.,0.));
#1809 = ( GEOMETRIC_REPRESENTATION_CONTEXT(2) 
PARAMETRIC_REPRESENTATION_CONTEXT() REPRESENTATION_CONTEXT('2D SPACE',''
  ) );
#1810 = PCURVE('',#1811,#1830);
#1811 = B_SPLINE_SURFACE_WITH_KNOTS('',1,8,(
    (#1812,#1813,#1814,#1815,#1816,#1817,#1818,#1819,#1820)
    ,(#1821,#1822,#1823,#1824,#1825,#1826,#1827,#1828,#1829
  )),.UNSPECIFIED.,.F.,.F.,.F.,(2,2),(9,9),(0.,44.),(0.,66.666666666667)
  ,.PIECEWISE_BEZIER_KNOTS.);
#1812 = CARTESIAN_POINT('',(-247.863016171,-95.42940846934,
    98.915440275373));
#1813 = CARTESIAN_POINT('',(-244.8908447034,-98.27953658812,
    126.07932448654));
#1814 = CARTESIAN_POINT('',(-241.5573294201,-93.01866914239,
    154.05480019565));
#1815 = CARTESIAN_POINT('',(-239.062376661,-79.32462151425,
    180.14683363807));
#1816 = CARTESIAN_POINT('',(-238.6614471765,-58.15799381223,
    201.5356138005));
#1817 = CARTESIAN_POINT('',(-241.3871741686,-31.85495880261,
    215.90180853717));
#1818 = CARTESIAN_POINT('',(-247.7222628814,-3.655099652729,
    222.16124411866));
#1819 = CARTESIAN_POINT('',(-257.5472394253,23.222269025125,
    220.58226329468));
#1820 = CARTESIAN_POINT('',(-270.2818503864,46.174921816261,
    212.46813657121));
#1821 = CARTESIAN_POINT('',(-245.9146896934,-51.69092958756,
    103.29145319175));
#1822 = CARTESIAN_POINT('',(-247.7939996047,-53.23474898523,
    119.55873181789));
#1823 = CARTESIAN_POINT('',(-249.4775816158,-50.38511245212,
    136.2656225054));
#1824 = CARTESIAN_POINT('',(-251.6153849943,-42.96750332022,
    151.95231529846));
#1825 = CARTESIAN_POINT('',(-254.8874509798,-31.50224664829,
    165.09141256486));
#1826 = CARTESIAN_POINT('',(-259.8531225567,-17.25476935141,
    174.4266093923));
#1827 = CARTESIAN_POINT('',(-266.7738650658,-1.979845645228,
    179.37064501069));
#1828 = CARTESIAN_POINT('',(-275.5849634834,12.578729055276,
    180.06887174278));
#1829 = CARTESIAN_POINT('',(-285.9721138769,25.011415983808,
    177.22722777932));
#1830 = DEFINITIONAL_REPRESENTATION('',(#1831),#1835);
#1831 = LINE('',#1832,#1833);
#1832 = CARTESIAN_POINT('',(0.,0.));
#1833 = VECTOR('',#1834,1.);
#1834 = DIRECTION('',(1.,0.));
#1835 = ( GEOMETRIC_REPRESENTATION_CONTEXT(2) 
PARAMETRIC_REPRESENTATION_CONTEXT() REPRESENTATION_CONTEXT('2D SPACE',''
  ) );
#1836 = ADVANCED_FACE('',(#1837),#1811,.T.);
#1837 = FACE_BOUND('',#1838,.T.);
#1838 = EDGE_LOOP('',(#1839,#1932,#1933,#1965,#2011,#2062,#2118));
#1839 = ORIENTED_EDGE('',*,*,#1840,.F.);
#1840 = EDGE_CURVE('',#1654,#1841,#1843,.T.);
#1841 = VERTEX_POINT('',#1842);
#1842 = CARTESIAN_POINT('',(-270.2818503864,46.174921816261,
    212.46813657121));
#1843 = SURFACE_CURVE('',#1844,(#1854,#1861),.PCURVE_S1.);
#1844 = ( BOUNDED_CURVE() B_SPLINE_CURVE(8,(#1845,#1846,#1847,#1848,
    #1849,#1850,#1851,#1852,#1853),.UNSPECIFIED.,.F.,.F.) 
B_SPLINE_CURVE_WITH_KNOTS((9,9),(0.,66.666666666667),
.PIECEWISE_BEZIER_KNOTS.) CURVE() GEOMETRIC_REPRESENTATION_ITEM() 
RATIONAL_B_SPLINE_CURVE((1.000053547667,1.000053547667,1.000053547667,
    1.000053547667,1.000053547667,1.000053547667,1.000053547667,
1.000053547667,1.000053547667)) REPRESENTATION_ITEM('') );
#1845 = CARTESIAN_POINT('',(-247.863016171,-95.42940846934,
    98.915440275373));
#1846 = CARTESIAN_POINT('',(-244.8908447034,-98.27953658812,
    126.07932448654));
#1847 = CARTESIAN_POINT('',(-241.5573294201,-93.01866914239,
    154.05480019565));
#1848 = CARTESIAN_POINT('',(-239.062376661,-79.32462151425,
    180.14683363807));
#1849 = CARTESIAN_POINT('',(-238.6614471765,-58.15799381223,
    201.5356138005));
#1850 = CARTESIAN_POINT('',(-241.3871741686,-31.85495880261,
    215.90180853717));
#1851 = CARTESIAN_POINT('',(-247.7222628814,-3.655099652729,
    222.16124411866));
#1852 = CARTESIAN_POINT('',(-257.5472394253,23.222269025125,
    220.58226329468));
#1853 = CARTESIAN_POINT('',(-270.2818503864,46.174921816261,
    212.46813657121));
#1854 = PCURVE('',#1811,#1855);
#1855 = DEFINITIONAL_REPRESENTATION('',(#1856),#1860);
#1856 = LINE('',#1857,#1858);
#1857 = CARTESIAN_POINT('',(0.,0.));
#1858 = VECTOR('',#1859,1.);
#1859 = DIRECTION('',(0.,1.));
#1860 = ( GEOMETRIC_REPRESENTATION_CONTEXT(2) 
PARAMETRIC_REPRESENTATION_CONTEXT() REPRESENTATION_CONTEXT('2D SPACE',''
  ) );
#1861 = PCURVE('',#1862,#1926);
#1862 = ( BOUNDED_SURFACE() B_SPLINE_SURFACE(6,8,(
    (#1863,#1864,#1865,#1866,#1867,#1868,#1869,#1870,#1871)
    ,(#1872,#1873,#1874,#1875,#1876,#1877,#1878,#1879,#1880)
    ,(#1881,#1882,#1883,#1884,#1885,#1886,#1887,#1888,#1889)
    ,(#1890,#1891,#1892,#1893,#1894,#1895,#1896,#1897,#1898)
    ,(#1899,#1900,#1901,#1902,#1903,#1904,#1905,#1906,#1907)
    ,(#1908,#1909,#1910,#1911,#1912,#1913,#1914,#1915,#1916)
    ,(#1917,#1918,#1919,#1920,#1921,#1922,#1923,#1924,#1925
)),.UNSPECIFIED.,.F.,.F.,.F.) B_SPLINE_SURFACE_WITH_KNOTS((7,7),(9,9),(
    0.,6.544984694977E-02),(0.,66.666666666667),
.PIECEWISE_BEZIER_KNOTS.) GEOMETRIC_REPRESENTATION_ITEM() 
RATIONAL_B_SPLINE_SURFACE((
    (1.000053547667,1.000053547667,1.000053547667,1.000053547667
      ,1.000053547667,1.000053547667,1.000053547667,1.000053547667
      ,1.000053547667)
    ,(1.000017847948,1.000017847948,1.000017847948,1.000017847948
      ,1.000017847948,1.000017847948,1.000017847948,1.000017847948
      ,1.000017847948)
    ,(0.999996430156,0.999996430156,0.999996430156,0.999996430156
      ,0.999996430156,0.999996430156,0.999996430156,0.999996430156
      ,0.999996430156)
    ,(0.999989291231,0.999989291231,0.999989291231,0.999989291231
      ,0.999989291231,0.999989291231,0.999989291231,0.999989291231
      ,0.999989291231)
    ,(0.999996430156,0.999996430156,0.999996430156,0.999996430156
      ,0.999996430156,0.999996430156,0.999996430156,0.999996430156
      ,0.999996430156)
    ,(1.000017847948,1.000017847948,1.000017847948,1.000017847948
      ,1.000017847948,1.000017847948,1.000017847948,1.000017847948
      ,1.000017847948)
    ,(1.000053547667,1.000053547667,1.000053547667,1.000053547667
      ,1.000053547667,1.000053547667,1.000053547667,1.000053547667
,1.000053547667))) REPRESENTATION_ITEM('') SURFACE() );
#1863 = CARTESIAN_POINT('',(-250.3925134166,-94.54154428917,
    93.234096442402));
#1864 = CARTESIAN_POINT('',(-247.5188240326,-99.08764294973,
    120.17678627206));
#1865 = CARTESIAN_POINT('',(-244.0687970167,-95.59821628619,
    148.41395161715));
#1866 = CARTESIAN_POINT('',(-241.2311989106,-83.558824926,
    175.27557910947));
#1867 = CARTESIAN_POINT('',(-240.284356166,-63.72613455006,
    197.89050052948));
#1868 = CARTESIAN_POINT('',(-242.3208375536,-38.26526889274,
    213.80476623992));
#1869 = CARTESIAN_POINT('',(-247.9084937117,-10.33125606784,
    221.74296282531));
#1870 = CARTESIAN_POINT('',(-257.0137462754,16.844270746728,
    221.78050852815));
#1871 = CARTESIAN_POINT('',(-269.1268082058,40.571353127107,
    215.06240378431));
#1872 = CARTESIAN_POINT('',(-249.9690962903,-94.6555534838,
    94.185106878811));
#1873 = CARTESIAN_POINT('',(-247.0827609822,-98.91776056299,
    121.15619991907));
#1874 = CARTESIAN_POINT('',(-243.656076261,-95.13475105875,
    149.34093761187));
#1875 = CARTESIAN_POINT('',(-240.8792381909,-82.82426714697,
    176.06609582894));
#1876 = CARTESIAN_POINT('',(-240.0263110727,-62.77664602907,
    198.47007929837));
#1877 = CARTESIAN_POINT('',(-242.1794981559,-37.18470671389,
    214.12221972473));
#1878 = CARTESIAN_POINT('',(-247.8922761556,-9.216423494164,
    221.77938805283));
#1879 = CARTESIAN_POINT('',(-257.1167827143,17.899774747928,
    221.54908489728));
#1880 = CARTESIAN_POINT('',(-269.3316848053,41.489492014298,
    214.60224340763));
#1881 = CARTESIAN_POINT('',(-249.5463043209,-94.78318488194,
    95.134713189829));
#1882 = CARTESIAN_POINT('',(-246.6458121109,-98.76191953328,
    122.13760315219));
#1883 = CARTESIAN_POINT('',(-243.240905566,-94.68458852658,
    150.27342626036));
#1884 = CARTESIAN_POINT('',(-240.523381555,-82.10106820031,
    176.86536291928));
#1885 = CARTESIAN_POINT('',(-239.7632216875,-61.83550300524,
    199.06098773236));
#1886 = CARTESIAN_POINT('',(-242.0324115931,-36.10873963798,
    214.45258155367));
#1887 = CARTESIAN_POINT('',(-247.8701236087,-8.102160620198,
    221.82914348778));
#1888 = CARTESIAN_POINT('',(-257.2141949357,18.958549614073,
    221.3302934657));
#1889 = CARTESIAN_POINT('',(-269.5316641954,42.414185234343,
    214.15308234356));
#1890 = CARTESIAN_POINT('',(-249.1242190422,-94.92441460983,
    96.082732247403));
#1891 = CARTESIAN_POINT('',(-246.2080616008,-98.62015065346,
    123.12080689567));
#1892 = CARTESIAN_POINT('',(-242.8233648317,-94.2478161785,
    151.2112381041));
#1893 = CARTESIAN_POINT('',(-240.1636973919,-81.38936810318,
    177.67322677658));
#1894 = CARTESIAN_POINT('',(-239.4951384553,-60.90288734682,
    199.66311253037));
#1895 = CARTESIAN_POINT('',(-241.879605911,-35.03757532211,
    214.79578873497));
#1896 = CARTESIAN_POINT('',(-247.8420400236,-6.988682269693,
    221.89222025269));
#1897 = CARTESIAN_POINT('',(-257.3059638607,20.020391423311,
    221.12417708558));
#1898 = CARTESIAN_POINT('',(-269.7267075643,43.345254887733,
    213.71500776452));
#1899 = CARTESIAN_POINT('',(-248.7029218284,-95.07921568671,
    97.028981282402));
#1900 = CARTESIAN_POINT('',(-245.7695938186,-98.49248150221,
    124.10562165865));
#1901 = CARTESIAN_POINT('',(-242.4035345013,-93.82451844608,
    152.15419246487));
#1902 = CARTESIAN_POINT('',(-239.8002549662,-80.68930424866,
    178.48953182994));
#1903 = CARTESIAN_POINT('',(-239.2221129628,-59.9789789777,
    200.27633782665));
#1904 = CARTESIAN_POINT('',(-241.7211104624,-33.97142033039,
    215.15177534113));
#1905 = CARTESIAN_POINT('',(-247.8080307078,-5.876203091491,
    221.96860642666));
#1906 = CARTESIAN_POINT('',(-257.3920716989,21.085095549056,
    220.93077571434));
#1907 = CARTESIAN_POINT('',(-269.9167772272,44.282521614691,
    213.28810431198));
#1908 = CARTESIAN_POINT('',(-248.2824938734,-95.24755803125,
    97.973277930081));
#1909 = CARTESIAN_POINT('',(-245.330493295,-98.37893643697,
    125.0918575822));
#1910 = CARTESIAN_POINT('',(-241.9814955411,-93.41477668247,
    153.10210748961));
#1911 = CARTESIAN_POINT('',(-239.4331244011,-80.00101137137,
    179.31412057997));
#1912 = CARTESIAN_POINT('',(-238.944197926,-59.06395583243,
    200.90054521943));
#1913 = CARTESIAN_POINT('',(-241.5569558999,-32.91048008247,
    215.520472525));
#1914 = CARTESIAN_POINT('',(-247.7681023226,-4.764937506163,
    222.05828704809));
#1915 = CARTESIAN_POINT('',(-257.4725019536,22.152456710787,
    220.7501264045));
#1916 = CARTESIAN_POINT('',(-270.1018366356,45.225804639644,
    212.87245407524));
#1917 = CARTESIAN_POINT('',(-247.863016171,-95.42940846934,
    98.915440275373));
#1918 = CARTESIAN_POINT('',(-244.8908447034,-98.27953658812,
    126.07932448654));
#1919 = CARTESIAN_POINT('',(-241.5573294201,-93.01866914239,
    154.05480019565));
#1920 = CARTESIAN_POINT('',(-239.062376661,-79.32462151425,
    180.14683363807));
#1921 = CARTESIAN_POINT('',(-238.6614471765,-58.15799381223,
    201.5356138005));
#1922 = CARTESIAN_POINT('',(-241.3871741686,-31.85495880261,
    215.90180853717));
#1923 = CARTESIAN_POINT('',(-247.7222628814,-3.655099652729,
    222.16124411866));
#1924 = CARTESIAN_POINT('',(-257.5472394253,23.222269025125,
    220.58226329468));
#1925 = CARTESIAN_POINT('',(-270.2818503864,46.174921816261,
    212.46813657121));
#1926 = DEFINITIONAL_REPRESENTATION('',(#1927),#1931);
#1927 = LINE('',#1928,#1929);
#1928 = CARTESIAN_POINT('',(6.544984694977E-02,0.));
#1929 = VECTOR('',#1930,1.);
#1930 = DIRECTION('',(0.,1.));
#1931 = ( GEOMETRIC_REPRESENTATION_CONTEXT(2) 
PARAMETRIC_REPRESENTATION_CONTEXT() REPRESENTATION_CONTEXT('2D SPACE',''
  ) );
#1932 = ORIENTED_EDGE('',*,*,#1798,.T.);
#1933 = ORIENTED_EDGE('',*,*,#1934,.T.);
#1934 = EDGE_CURVE('',#1748,#1935,#1937,.T.);
#1935 = VERTEX_POINT('',#1936);
#1936 = CARTESIAN_POINT('',(-248.055040026,-50.93961920489,
    121.87769061409));
#1937 = SURFACE_CURVE('',#1938,(#1948,#1955),.PCURVE_S1.);
#1938 = B_SPLINE_CURVE_WITH_KNOTS('',8,(#1939,#1940,#1941,#1942,#1943,
    #1944,#1945,#1946,#1947),.UNSPECIFIED.,.F.,.F.,(9,9),(0.,
    66.666666666667),.PIECEWISE_BEZIER_KNOTS.);
#1939 = CARTESIAN_POINT('',(-245.9146896934,-51.69092958756,
    103.29145319175));
#1940 = CARTESIAN_POINT('',(-247.7939996047,-53.23474898523,
    119.55873181789));
#1941 = CARTESIAN_POINT('',(-249.4775816158,-50.38511245212,
    136.2656225054));
#1942 = CARTESIAN_POINT('',(-251.6153849943,-42.96750332022,
    151.95231529846));
#1943 = CARTESIAN_POINT('',(-254.8874509798,-31.50224664829,
    165.09141256486));
#1944 = CARTESIAN_POINT('',(-259.8531225567,-17.25476935141,
    174.4266093923));
#1945 = CARTESIAN_POINT('',(-266.7738650658,-1.979845645228,
    179.37064501069));
#1946 = CARTESIAN_POINT('',(-275.5849634834,12.578729055276,
    180.06887174278));
#1947 = CARTESIAN_POINT('',(-285.9721138769,25.011415983808,
    177.22722777932));
#1948 = PCURVE('',#1811,#1949);
#1949 = DEFINITIONAL_REPRESENTATION('',(#1950),#1954);
#1950 = LINE('',#1951,#1952);
#1951 = CARTESIAN_POINT('',(44.,0.));
#1952 = VECTOR('',#1953,1.);
#1953 = DIRECTION('',(0.,1.));
#1954 = ( GEOMETRIC_REPRESENTATION_CONTEXT(2) 
PARAMETRIC_REPRESENTATION_CONTEXT() REPRESENTATION_CONTEXT('2D SPACE',''
  ) );
#1955 = PCURVE('',#1409,#1956);
#1956 = DEFINITIONAL_REPRESENTATION('',(#1957),#1964);
#1957 = B_SPLINE_CURVE_WITH_KNOTS('',5,(#1958,#1959,#1960,#1961,#1962,
    #1963),.UNSPECIFIED.,.F.,.F.,(6,6),(0.,9.515011140653),
  .PIECEWISE_BEZIER_KNOTS.);
#1958 = CARTESIAN_POINT('',(-4.603305902135,-291.6666666666));
#1959 = CARTESIAN_POINT('',(-4.665581504423,-293.5696688947));
#1960 = CARTESIAN_POINT('',(-4.727857165292,-295.4726711229));
#1961 = CARTESIAN_POINT('',(-4.790132770728,-297.375673351));
#1962 = CARTESIAN_POINT('',(-4.85240835197,-299.2786755791));
#1963 = CARTESIAN_POINT('',(-4.914683928019,-301.1816778073));
#1964 = ( GEOMETRIC_REPRESENTATION_CONTEXT(2) 
PARAMETRIC_REPRESENTATION_CONTEXT() REPRESENTATION_CONTEXT('2D SPACE',''
  ) );
#1965 = ORIENTED_EDGE('',*,*,#1966,.F.);
#1966 = EDGE_CURVE('',#1967,#1935,#1969,.T.);
#1967 = VERTEX_POINT('',#1968);
#1968 = CARTESIAN_POINT('',(-251.4384909712,-46.70644385765,
    136.91773549837));
#1969 = SURFACE_CURVE('',#1970,(#1978,#1985),.PCURVE_S1.);
#1970 = B_SPLINE_CURVE_WITH_KNOTS('',6,(#1971,#1972,#1973,#1974,#1975,
    #1976,#1977),.UNSPECIFIED.,.F.,.F.,(7,7),(0.,1.),
  .PIECEWISE_BEZIER_KNOTS.);
#1971 = CARTESIAN_POINT('',(-250.5092441453,-45.54350923307,
    139.00444749276));
#1972 = CARTESIAN_POINT('',(-250.0375731324,-46.80387639168,
    136.2906672636));
#1973 = CARTESIAN_POINT('',(-249.5967928636,-47.92640636413,
    133.50746764286));
#1974 = CARTESIAN_POINT('',(-249.1826893819,-48.90534297486,
    130.66439385003));
#1975 = CARTESIAN_POINT('',(-248.7907944858,-49.73603690513,
    127.77143346111));
#1976 = CARTESIAN_POINT('',(-248.4164787097,-50.41493081257,
    124.83893967788));
#1977 = CARTESIAN_POINT('',(-248.0550275009,-50.93963738739,
    121.87758799569));
#1978 = PCURVE('',#1811,#1979);
#1979 = DEFINITIONAL_REPRESENTATION('',(#1980),#1984);
#1980 = B_SPLINE_CURVE_WITH_KNOTS('',2,(#1981,#1982,#1983),
  .UNSPECIFIED.,.F.,.F.,(3,3),(0.161426188765,0.999994224575),
  .PIECEWISE_BEZIER_KNOTS.);
#1981 = CARTESIAN_POINT('',(44.,17.236679353494));
#1982 = CARTESIAN_POINT('',(44.,13.37584124399));
#1983 = CARTESIAN_POINT('',(44.,9.515011140653));
#1984 = ( GEOMETRIC_REPRESENTATION_CONTEXT(2) 
PARAMETRIC_REPRESENTATION_CONTEXT() REPRESENTATION_CONTEXT('2D SPACE',''
  ) );
#1985 = PCURVE('',#1986,#2005);
#1986 = B_SPLINE_SURFACE_WITH_KNOTS('',1,8,(
    (#1987,#1988,#1989,#1990,#1991,#1992,#1993,#1994,#1995)
    ,(#1996,#1997,#1998,#1999,#2000,#2001,#2002,#2003,#2004
  )),.UNSPECIFIED.,.F.,.F.,.F.,(2,2),(9,9),(0.,44.),(0.,66.666666666667)
  ,.PIECEWISE_BEZIER_KNOTS.);
#1987 = CARTESIAN_POINT('',(-247.2848340347,-51.21000315663,
    100.21405861556));
#1988 = CARTESIAN_POINT('',(-249.217488408,-53.67247326444,
    116.36152361838));
#1989 = CARTESIAN_POINT('',(-250.8379598973,-51.78236715502,
    133.21016285872));
#1990 = CARTESIAN_POINT('',(-252.7901637128,-45.26103016825,
    149.31371909547));
#1991 = CARTESIAN_POINT('',(-255.7665266824,-34.51832288128,
    163.11697620972));
#1992 = CARTESIAN_POINT('',(-260.3588568903,-20.72702065023,
    173.29071148129));
#1993 = CARTESIAN_POINT('',(-266.8747400989,-5.596097036747,
    179.14407597679));
#1994 = CARTESIAN_POINT('',(-275.2959880271,9.123979987811,
    180.71792124425));
#1995 = CARTESIAN_POINT('',(-285.3464660291,21.976149610516,
    178.63245585308));
#1996 = CARTESIAN_POINT('',(-250.3925134166,-94.54154428917,
    93.234096442402));
#1997 = CARTESIAN_POINT('',(-247.5188240326,-99.08764294973,
    120.17678627206));
#1998 = CARTESIAN_POINT('',(-244.0687970167,-95.59821628619,
    148.41395161715));
#1999 = CARTESIAN_POINT('',(-241.2311989106,-83.55882492601,
    175.27557910947));
#2000 = CARTESIAN_POINT('',(-240.284356166,-63.72613455006,
    197.89050052948));
#2001 = CARTESIAN_POINT('',(-242.3208375536,-38.26526889274,
    213.80476623992));
#2002 = CARTESIAN_POINT('',(-247.9084937117,-10.33125606784,
    221.74296282531));
#2003 = CARTESIAN_POINT('',(-257.0137462754,16.844270746727,
    221.78050852815));
#2004 = CARTESIAN_POINT('',(-269.1268082058,40.571353127107,
    215.06240378431));
#2005 = DEFINITIONAL_REPRESENTATION('',(#2006),#2010);
#2006 = B_SPLINE_CURVE_WITH_KNOTS('',2,(#2007,#2008,#2009),
  .UNSPECIFIED.,.F.,.F.,(3,3),(0.161426188765,0.999994224575),
  .PIECEWISE_BEZIER_KNOTS.);
#2007 = CARTESIAN_POINT('',(0.,18.723297641869));
#2008 = CARTESIAN_POINT('',(0.,14.862459586144));
#2009 = CARTESIAN_POINT('',(0.,11.001629713184));
#2010 = ( GEOMETRIC_REPRESENTATION_CONTEXT(2) 
PARAMETRIC_REPRESENTATION_CONTEXT() REPRESENTATION_CONTEXT('2D SPACE',''
  ) );
#2011 = ORIENTED_EDGE('',*,*,#2012,.T.);
#2012 = EDGE_CURVE('',#1967,#2013,#2015,.T.);
#2013 = VERTEX_POINT('',#2014);
#2014 = CARTESIAN_POINT('',(-269.3571561033,0.,176.84661897267));
#2015 = SURFACE_CURVE('',#2016,(#2026,#2033),.PCURVE_S1.);
#2016 = B_SPLINE_CURVE_WITH_KNOTS('',8,(#2017,#2018,#2019,#2020,#2021,
    #2022,#2023,#2024,#2025),.UNSPECIFIED.,.F.,.F.,(9,9),(18.72328472776
    ,51.333334013671),.PIECEWISE_BEZIER_KNOTS.);
#2017 = CARTESIAN_POINT('',(-250.5092954599,-45.54337211445,
    139.00474273023));
#2018 = CARTESIAN_POINT('',(-251.7621070095,-42.19570607227,
    146.21273814994));
#2019 = CARTESIAN_POINT('',(-253.2224987505,-37.92185476904,
    152.95450082627));
#2020 = CARTESIAN_POINT('',(-254.957474099,-32.81259393967,
    159.07953862259));
#2021 = CARTESIAN_POINT('',(-257.0261573493,-26.99385990274,
    164.45505619979));
#2022 = CARTESIAN_POINT('',(-259.475973754,-20.62156738882,
    168.97453469641));
#2023 = CARTESIAN_POINT('',(-262.339579759,-13.8730974913,
    172.56462653422));
#2024 = CARTESIAN_POINT('',(-265.6333051583,-6.936545209541,
    175.18865439499));
#2025 = CARTESIAN_POINT('',(-269.3571503517,3.468121968386E-06,
    176.84661738123));
#2026 = PCURVE('',#1811,#2027);
#2027 = DEFINITIONAL_REPRESENTATION('',(#2028),#2032);
#2028 = LINE('',#2029,#2030);
#2029 = CARTESIAN_POINT('',(44.,-2.48689957516E-14));
#2030 = VECTOR('',#2031,1.);
#2031 = DIRECTION('',(-2.17890727343E-16,1.));
#2032 = ( GEOMETRIC_REPRESENTATION_CONTEXT(2) 
PARAMETRIC_REPRESENTATION_CONTEXT() REPRESENTATION_CONTEXT('2D SPACE',''
  ) );
#2033 = PCURVE('',#1409,#2034);
#2034 = DEFINITIONAL_REPRESENTATION('',(#2035),#2061);
#2035 = B_SPLINE_CURVE_WITH_KNOTS('',3,(#2036,#2037,#2038,#2039,#2040,
    #2041,#2042,#2043,#2044,#2045,#2046,#2047,#2048,#2049,#2050,#2051,
    #2052,#2053,#2054,#2055,#2056,#2057,#2058,#2059,#2060),
  .UNSPECIFIED.,.F.,.F.,(4,1,1,1,1,1,1,1,1,1,1,1,1,1,1,1,1,1,1,1,1,1,4),
  (18.72328472776,20.205559695302,21.687834662843,23.170109630384,
    24.652384597926,26.134659565467,27.616934533009,29.09920950055,
    30.581484468091,32.063759435633,33.546034403174,35.028309370716,
    36.510584338257,37.992859305798,39.47513427334,40.957409240881,
    42.439684208423,43.921959175964,45.404234143505,46.886509111047,
    48.368784078588,49.85105904613,51.333334013671),
  .QUASI_UNIFORM_KNOTS.);
#2036 = CARTESIAN_POINT('',(-5.216023932581,-310.3899513944));
#2037 = CARTESIAN_POINT('',(-5.232193048892,-310.8840430502));
#2038 = CARTESIAN_POINT('',(-5.264531283215,-311.8722263619));
#2039 = CARTESIAN_POINT('',(-5.313038636876,-313.3545013295));
#2040 = CARTESIAN_POINT('',(-5.361545989719,-314.836776297));
#2041 = CARTESIAN_POINT('',(-5.410053338997,-316.3190512645));
#2042 = CARTESIAN_POINT('',(-5.458560682615,-317.8013262321));
#2043 = CARTESIAN_POINT('',(-5.507068019369,-319.2836011996));
#2044 = CARTESIAN_POINT('',(-5.555575349077,-320.7658761672));
#2045 = CARTESIAN_POINT('',(-5.604082672559,-322.2481511347));
#2046 = CARTESIAN_POINT('',(-5.652589991504,-323.7304261022));
#2047 = CARTESIAN_POINT('',(-5.701097308219,-325.2127010698));
#2048 = CARTESIAN_POINT('',(-5.749604625314,-326.6949760373));
#2049 = CARTESIAN_POINT('',(-5.798111945347,-328.1772510049));
#2050 = CARTESIAN_POINT('',(-5.846619270478,-329.6595259724));
#2051 = CARTESIAN_POINT('',(-5.895126602166,-331.14180094));
#2052 = CARTESIAN_POINT('',(-5.943633940954,-332.6240759075));
#2053 = CARTESIAN_POINT('',(-5.992141286363,-334.106350875));
#2054 = CARTESIAN_POINT('',(-6.040648636912,-335.5886258426));
#2055 = CARTESIAN_POINT('',(-6.089155990292,-337.0709008101));
#2056 = CARTESIAN_POINT('',(-6.137663343633,-338.5531757777));
#2057 = CARTESIAN_POINT('',(-6.186170693944,-340.0354507452));
#2058 = CARTESIAN_POINT('',(-6.234678038423,-341.5177257128));
#2059 = CARTESIAN_POINT('',(-6.267016263104,-342.5059090244));
#2060 = CARTESIAN_POINT('',(-6.283185373874,-343.0000006803));
#2061 = ( GEOMETRIC_REPRESENTATION_CONTEXT(2) 
PARAMETRIC_REPRESENTATION_CONTEXT() REPRESENTATION_CONTEXT('2D SPACE',''
  ) );
#2062 = ORIENTED_EDGE('',*,*,#2063,.F.);
#2063 = EDGE_CURVE('',#2064,#2013,#2066,.T.);
#2064 = VERTEX_POINT('',#2065);
#2065 = CARTESIAN_POINT('',(-285.9721138769,25.011415983808,
    177.22722777932));
#2066 = SURFACE_CURVE('',#2067,(#2077,#2084),.PCURVE_S1.);
#2067 = B_SPLINE_CURVE_WITH_KNOTS('',8,(#2068,#2069,#2070,#2071,#2072,
    #2073,#2074,#2075,#2076),.UNSPECIFIED.,.F.,.F.,(9,9),(57.15172104061
    ,72.485053693599),.PIECEWISE_BEZIER_KNOTS.);
#2068 = CARTESIAN_POINT('',(-285.9721138769,25.011415983808,
    177.22722777932));
#2069 = CARTESIAN_POINT('',(-283.5830693924,22.151898117123,
    177.88080586192));
#2070 = CARTESIAN_POINT('',(-281.27739805,19.179920797281,
    178.34712480134));
#2071 = CARTESIAN_POINT('',(-279.0589239852,16.112633880167,
    178.61759544875));
#2072 = CARTESIAN_POINT('',(-276.9307728814,12.968122608652,
    178.68519740417));
#2073 = CARTESIAN_POINT('',(-274.8953226733,9.76519953992,
    178.54458973899));
#2074 = CARTESIAN_POINT('',(-272.9541697778,6.523170263321,
    178.19218684198));
#2075 = CARTESIAN_POINT('',(-271.1081123511,3.261587264138,
    177.62619602496));
#2076 = CARTESIAN_POINT('',(-269.3571503517,3.468121970496E-06,
    176.84661738123));
#2077 = PCURVE('',#1811,#2078);
#2078 = DEFINITIONAL_REPRESENTATION('',(#2079),#2083);
#2079 = LINE('',#2080,#2081);
#2080 = CARTESIAN_POINT('',(44.,123.81838770727));
#2081 = VECTOR('',#2082,1.);
#2082 = DIRECTION('',(0.,-1.));
#2083 = ( GEOMETRIC_REPRESENTATION_CONTEXT(2) 
PARAMETRIC_REPRESENTATION_CONTEXT() REPRESENTATION_CONTEXT('2D SPACE',''
  ) );
#2084 = PCURVE('',#2085,#2090);
#2085 = CYLINDRICAL_SURFACE('',#2086,52.);
#2086 = AXIS2_PLACEMENT_3D('',#2087,#2088,#2089);
#2087 = CARTESIAN_POINT('',(22.838636441065,0.,-10.16841607689));
#2088 = DIRECTION('',(0.913545457643,-0.,-0.406736643076));
#2089 = DIRECTION('',(0.406736643076,0.,0.913545457643));
#2090 = DEFINITIONAL_REPRESENTATION('',(#2091),#2117);
#2091 = B_SPLINE_CURVE_WITH_KNOTS('',3,(#2092,#2093,#2094,#2095,#2096,
    #2097,#2098,#2099,#2100,#2101,#2102,#2103,#2104,#2105,#2106,#2107,
    #2108,#2109,#2110,#2111,#2112,#2113,#2114,#2115,#2116),
  .UNSPECIFIED.,.F.,.F.,(4,1,1,1,1,1,1,1,1,1,1,1,1,1,1,1,1,1,1,1,1,1,4),
  (57.15172104061,57.848690706655,58.5456603727,59.242630038745,
    59.93959970479,60.636569370835,61.33353903688,62.030508702925,
    62.72747836897,63.424448035015,64.12141770106,64.818387367105,
    65.51535703315,66.212326699195,66.90929636524,67.606266031284,
    68.303235697329,69.000205363374,69.697175029419,70.394144695464,
    71.091114361509,71.788084027554,72.485053693599),
  .QUASI_UNIFORM_KNOTS.);
#2092 = CARTESIAN_POINT('',(-0.501782159948,-358.3333333333));
#2093 = CARTESIAN_POINT('',(-0.49417940025,-358.1010101113));
#2094 = CARTESIAN_POINT('',(-0.478973878901,-357.6363636672));
#2095 = CARTESIAN_POINT('',(-0.456165592966,-356.9393940012));
#2096 = CARTESIAN_POINT('',(-0.43335730523,-356.2424243351));
#2097 = CARTESIAN_POINT('',(-0.410549017221,-355.5454546691));
#2098 = CARTESIAN_POINT('',(-0.387740730128,-354.8484850031));
#2099 = CARTESIAN_POINT('',(-0.364932444778,-354.151515337));
#2100 = CARTESIAN_POINT('',(-0.342124161699,-353.454545671));
#2101 = CARTESIAN_POINT('',(-0.319315881152,-352.7575760049));
#2102 = CARTESIAN_POINT('',(-0.29650760318,-352.0606063389));
#2103 = CARTESIAN_POINT('',(-0.273699327645,-351.3636366728));
#2104 = CARTESIAN_POINT('',(-0.25089105427,-350.6666670068));
#2105 = CARTESIAN_POINT('',(-0.228082782677,-349.9696973407));
#2106 = CARTESIAN_POINT('',(-0.205274512421,-349.2727276747));
#2107 = CARTESIAN_POINT('',(-0.182466243019,-348.5757580087));
#2108 = CARTESIAN_POINT('',(-0.159657973983,-347.8787883426));
#2109 = CARTESIAN_POINT('',(-0.136849704836,-347.1818186766));
#2110 = CARTESIAN_POINT('',(-0.114041435137,-346.4848490105));
#2111 = CARTESIAN_POINT('',(-9.123316449595E-02,-345.7878793445));
#2112 = CARTESIAN_POINT('',(-6.842489258288E-02,-345.0909096784));
#2113 = CARTESIAN_POINT('',(-4.561661914065E-02,-344.3939400124));
#2114 = CARTESIAN_POINT('',(-2.280834397944E-02,-343.6969703463));
#2115 = CARTESIAN_POINT('',(-7.602826002762E-03,-343.2323239023));
#2116 = CARTESIAN_POINT('',(-6.669465214296E-08,-343.0000006803));
#2117 = ( GEOMETRIC_REPRESENTATION_CONTEXT(2) 
PARAMETRIC_REPRESENTATION_CONTEXT() REPRESENTATION_CONTEXT('2D SPACE',''
  ) );
#2118 = ORIENTED_EDGE('',*,*,#2119,.F.);
#2119 = EDGE_CURVE('',#1841,#2064,#2120,.T.);
#2120 = SURFACE_CURVE('',#2121,(#2124,#2131),.PCURVE_S1.);
#2121 = B_SPLINE_CURVE_WITH_KNOTS('',1,(#2122,#2123),.UNSPECIFIED.,.F.,
  .F.,(2,2),(0.,44.),.PIECEWISE_BEZIER_KNOTS.);
#2122 = CARTESIAN_POINT('',(-270.2818503864,46.174921816261,
    212.46813657121));
#2123 = CARTESIAN_POINT('',(-285.9721138769,25.011415983808,
    177.22722777932));
#2124 = PCURVE('',#1811,#2125);
#2125 = DEFINITIONAL_REPRESENTATION('',(#2126),#2130);
#2126 = LINE('',#2127,#2128);
#2127 = CARTESIAN_POINT('',(0.,66.666666666667));
#2128 = VECTOR('',#2129,1.);
#2129 = DIRECTION('',(1.,0.));
#2130 = ( GEOMETRIC_REPRESENTATION_CONTEXT(2) 
PARAMETRIC_REPRESENTATION_CONTEXT() REPRESENTATION_CONTEXT('2D SPACE',''
  ) );
#2131 = PCURVE('',#2132,#2151);
#2132 = B_SPLINE_SURFACE_WITH_KNOTS('',1,8,(
    (#2133,#2134,#2135,#2136,#2137,#2138,#2139,#2140,#2141)
    ,(#2142,#2143,#2144,#2145,#2146,#2147,#2148,#2149,#2150
  )),.UNSPECIFIED.,.F.,.F.,.F.,(2,2),(9,9),(0.,44.),(0.,66.666666666667)
  ,.PIECEWISE_BEZIER_KNOTS.);
#2133 = CARTESIAN_POINT('',(-270.2818503864,46.174921816261,
    212.46813657121));
#2134 = CARTESIAN_POINT('',(-283.0164613475,69.127574607398,
    204.35400984775));
#2135 = CARTESIAN_POINT('',(-298.660745236,88.155684093162,
    189.70465072907));
#2136 = CARTESIAN_POINT('',(-316.6338092477,100.65788728817,
    169.82476581555));
#2137 = CARTESIAN_POINT('',(-335.8954987492,104.65671184109,
    147.0505806642));
#2138 = CARTESIAN_POINT('',(-355.0751556056,99.412447624043,
    124.46064385028));
#2139 = CARTESIAN_POINT('',(-372.8165498885,85.811093303733,
    105.10109766698));
#2140 = CARTESIAN_POINT('',(-388.1156004911,65.939787727725,
    91.227145204167));
#2141 = CARTESIAN_POINT('',(-400.4381198401,42.459714261024,
    84.038591395697));
#2142 = CARTESIAN_POINT('',(-285.9721138769,25.011415983808,
    177.22722777932));
#2143 = CARTESIAN_POINT('',(-296.3592642704,37.44410291234,
    174.38558381586));
#2144 = CARTESIAN_POINT('',(-308.3224874997,47.750995550462,
    168.00402230499));
#2145 = CARTESIAN_POINT('',(-321.5471332956,54.523022281096,
    158.78925932191));
#2146 = CARTESIAN_POINT('',(-335.4697845652,56.689052247257,
    148.00675037668));
#2147 = CARTESIAN_POINT('',(-349.3480014853,53.84840912969,
    137.32404261422));
#2148 = CARTESIAN_POINT('',(-362.4471595115,46.481008872855,
    128.39112977668));
#2149 = CARTESIAN_POINT('',(-374.2233813775,35.717385019184,
    122.4295802044));
#2150 = CARTESIAN_POINT('',(-384.3873154812,22.999011891388,
    120.08928823656));
#2151 = DEFINITIONAL_REPRESENTATION('',(#2152),#2156);
#2152 = LINE('',#2153,#2154);
#2153 = CARTESIAN_POINT('',(0.,0.));
#2154 = VECTOR('',#2155,1.);
#2155 = DIRECTION('',(1.,0.));
#2156 = ( GEOMETRIC_REPRESENTATION_CONTEXT(2) 
PARAMETRIC_REPRESENTATION_CONTEXT() REPRESENTATION_CONTEXT('2D SPACE',''
  ) );
#2157 = ADVANCED_FACE('',(#2158),#2132,.T.);
#2158 = FACE_BOUND('',#2159,.T.);
#2159 = EDGE_LOOP('',(#2160,#2253,#2254,#2305));
#2160 = ORIENTED_EDGE('',*,*,#2161,.F.);
#2161 = EDGE_CURVE('',#1841,#2162,#2164,.T.);
#2162 = VERTEX_POINT('',#2163);
#2163 = CARTESIAN_POINT('',(-400.4381198401,42.459714261024,
    84.038591395697));
#2164 = SURFACE_CURVE('',#2165,(#2175,#2182),.PCURVE_S1.);
#2165 = ( BOUNDED_CURVE() B_SPLINE_CURVE(8,(#2166,#2167,#2168,#2169,
    #2170,#2171,#2172,#2173,#2174),.UNSPECIFIED.,.F.,.F.) 
B_SPLINE_CURVE_WITH_KNOTS((9,9),(0.,66.666666666667),
.PIECEWISE_BEZIER_KNOTS.) CURVE() GEOMETRIC_REPRESENTATION_ITEM() 
RATIONAL_B_SPLINE_CURVE((1.000053547667,1.000053547667,1.000053547667,
    1.000053547667,1.000053547667,1.000053547667,1.000053547667,
1.000053547667,1.000053547667)) REPRESENTATION_ITEM('') );
#2166 = CARTESIAN_POINT('',(-270.2818503864,46.174921816261,
    212.46813657121));
#2167 = CARTESIAN_POINT('',(-283.0164613475,69.127574607398,
    204.35400984775));
#2168 = CARTESIAN_POINT('',(-298.660745236,88.155684093162,
    189.70465072907));
#2169 = CARTESIAN_POINT('',(-316.6338092477,100.65788728817,
    169.82476581555));
#2170 = CARTESIAN_POINT('',(-335.8954987492,104.65671184109,
    147.0505806642));
#2171 = CARTESIAN_POINT('',(-355.0751556056,99.412447624041,
    124.46064385028));
#2172 = CARTESIAN_POINT('',(-372.8165498885,85.811093303734,
    105.10109766698));
#2173 = CARTESIAN_POINT('',(-388.1156004911,65.939787727724,
    91.227145204167));
#2174 = CARTESIAN_POINT('',(-400.4381198401,42.459714261024,
    84.038591395697));
#2175 = PCURVE('',#2132,#2176);
#2176 = DEFINITIONAL_REPRESENTATION('',(#2177),#2181);
#2177 = LINE('',#2178,#2179);
#2178 = CARTESIAN_POINT('',(0.,0.));
#2179 = VECTOR('',#2180,1.);
#2180 = DIRECTION('',(0.,1.));
#2181 = ( GEOMETRIC_REPRESENTATION_CONTEXT(2) 
PARAMETRIC_REPRESENTATION_CONTEXT() REPRESENTATION_CONTEXT('2D SPACE',''
  ) );
#2182 = PCURVE('',#2183,#2247);
#2183 = ( BOUNDED_SURFACE() B_SPLINE_SURFACE(6,8,(
    (#2184,#2185,#2186,#2187,#2188,#2189,#2190,#2191,#2192)
    ,(#2193,#2194,#2195,#2196,#2197,#2198,#2199,#2200,#2201)
    ,(#2202,#2203,#2204,#2205,#2206,#2207,#2208,#2209,#2210)
    ,(#2211,#2212,#2213,#2214,#2215,#2216,#2217,#2218,#2219)
    ,(#2220,#2221,#2222,#2223,#2224,#2225,#2226,#2227,#2228)
    ,(#2229,#2230,#2231,#2232,#2233,#2234,#2235,#2236,#2237)
    ,(#2238,#2239,#2240,#2241,#2242,#2243,#2244,#2245,#2246
)),.UNSPECIFIED.,.F.,.F.,.F.) B_SPLINE_SURFACE_WITH_KNOTS((7,7),(9,9),(
    0.,6.544984694977E-02),(0.,66.666666666667),
.PIECEWISE_BEZIER_KNOTS.) GEOMETRIC_REPRESENTATION_ITEM() 
RATIONAL_B_SPLINE_SURFACE((
    (1.000053547667,1.000053547667,1.000053547667,1.000053547667
      ,1.000053547667,1.000053547667,1.000053547667,1.000053547667
      ,1.000053547667)
    ,(1.000017847948,1.000017847948,1.000017847948,1.000017847948
      ,1.000017847948,1.000017847948,1.000017847948,1.000017847948
      ,1.000017847948)
    ,(0.999996430156,0.999996430156,0.999996430156,0.999996430156
      ,0.999996430156,0.999996430156,0.999996430156,0.999996430156
      ,0.999996430156)
    ,(0.999989291231,0.999989291231,0.999989291231,0.999989291231
      ,0.999989291231,0.999989291231,0.999989291231,0.999989291231
      ,0.999989291231)
    ,(0.999996430156,0.999996430156,0.999996430156,0.999996430156
      ,0.999996430156,0.999996430156,0.999996430156,0.999996430156
      ,0.999996430156)
    ,(1.000017847948,1.000017847948,1.000017847948,1.000017847948
      ,1.000017847948,1.000017847948,1.000017847948,1.000017847948
      ,1.000017847948)
    ,(1.000053547667,1.000053547667,1.000053547667,1.000053547667
      ,1.000053547667,1.000053547667,1.000053547667,1.000053547667
,1.000053547667))) REPRESENTATION_ITEM('') SURFACE() );
#2184 = CARTESIAN_POINT('',(-269.1268082058,40.571353127107,
    215.06240378431));
#2185 = CARTESIAN_POINT('',(-281.2398701362,64.298435507487,
    208.34429904048));
#2186 = CARTESIAN_POINT('',(-296.3607752703,84.577251857972,
    194.87046785094));
#2187 = CARTESIAN_POINT('',(-313.9790756058,98.718601523705,
    175.78739520022));
#2188 = CARTESIAN_POINT('',(-333.1094479816,104.58198952288,
    153.30815314226));
#2189 = CARTESIAN_POINT('',(-352.4038466043,101.20888809014,
    130.46050210161));
#2190 = CARTESIAN_POINT('',(-370.4853761351,89.265317538599,
    110.33699964355));
#2191 = CARTESIAN_POINT('',(-386.2965835288,70.672492052928,
    95.312724193849));
#2192 = CARTESIAN_POINT('',(-399.2336325501,48.,86.743914142604));
#2193 = CARTESIAN_POINT('',(-269.3316848053,41.489492014298,
    214.60224340763));
#2194 = CARTESIAN_POINT('',(-281.5465868964,65.079209280668,
    207.65540191799));
#2195 = CARTESIAN_POINT('',(-296.7519191224,85.142622942762,
    193.99194437535));
#2196 = CARTESIAN_POINT('',(-314.4256913196,99.006111919972,
    174.78427988332));
#2197 = CARTESIAN_POINT('',(-333.5738063475,104.55707823013,
    152.26518717613));
#2198 = CARTESIAN_POINT('',(-352.8449363435,100.87375522803,
    129.4697983268));
#2199 = CARTESIAN_POINT('',(-370.8661171154,88.658537381762,
    109.48184140039));
#2200 = CARTESIAN_POINT('',(-386.5891561841,69.859568381806,
    94.655595251005));
#2201 = CARTESIAN_POINT('',(-399.4220248967,47.060763532649,
    86.320778004208));
#2202 = CARTESIAN_POINT('',(-269.5316641954,42.414185234343,
    214.15308234356));
#2203 = CARTESIAN_POINT('',(-281.849133455,65.869820854615,
    206.97587122142));
#2204 = CARTESIAN_POINT('',(-297.1400360211,85.720558224167,
    193.12021954816));
#2205 = CARTESIAN_POINT('',(-314.8707571128,99.307983700901,
    173.78464574478));
#2206 = CARTESIAN_POINT('',(-334.0382774547,104.54711272886,
    151.2219679889));
#2207 = CARTESIAN_POINT('',(-353.2877915287,100.55283257938,
    128.47512929542));
#2208 = CARTESIAN_POINT('',(-371.2500724545,88.064036835608,
    108.61946358926));
#2209 = CARTESIAN_POINT('',(-386.8860445421,69.056095578556,
    93.988773081341));
#2210 = CARTESIAN_POINT('',(-399.6154099344,46.127630447049,
    85.886428098145));
#2211 = CARTESIAN_POINT('',(-269.7267075643,43.345254887733,
    213.71500776452));
#2212 = CARTESIAN_POINT('',(-282.1474512679,66.670118352154,
    206.30583844345));
#2213 = CARTESIAN_POINT('',(-297.5250509884,86.310946967996,
    192.25546177327));
#2214 = CARTESIAN_POINT('',(-315.3141871086,99.624159444473,
    172.78868566758));
#2215 = CARTESIAN_POINT('',(-334.5027717745,104.55209574037,
    150.17869666535));
#2216 = CARTESIAN_POINT('',(-353.7323268864,100.24618276837,
    127.47668653466));
#2217 = CARTESIAN_POINT('',(-371.6371683105,87.481931157788,
    107.75003206166));
#2218 = CARTESIAN_POINT('',(-387.1871916034,68.26222903234,
    93.312385707243));
#2219 = CARTESIAN_POINT('',(-399.8137506521,45.20078094737,
    85.44094755238));
#2220 = CARTESIAN_POINT('',(-269.9167772272,44.282521614691,
    213.28810431198));
#2221 = CARTESIAN_POINT('',(-282.4414827555,67.479947680325,
    205.64543290961));
#2222 = CARTESIAN_POINT('',(-297.9068897529,86.913675592847,
    191.39783786634));
#2223 = CARTESIAN_POINT('',(-315.7558958019,99.954578459816,
    171.79659169925));
#2224 = CARTESIAN_POINT('',(-334.9671997711,104.57202657097,
    149.13557430623));
#2225 = CARTESIAN_POINT('',(-354.1784567578,99.953865159847,
    126.47466243765));
#2226 = CARTESIAN_POINT('',(-372.0273301226,86.912332776665,
    106.87371428387));
#2227 = CARTESIAN_POINT('',(-387.4925393948,67.478121940913,
    92.626563338829));
#2228 = CARTESIAN_POINT('',(-400.0170089061,44.280393805927,
    84.984422039326));
#2229 = CARTESIAN_POINT('',(-270.1018366356,45.225804639644,
    212.87245407524));
#2230 = CARTESIAN_POINT('',(-282.7311713176,68.2991525685,
    204.99478174599));
#2231 = CARTESIAN_POINT('',(-298.2854787694,87.528627698118,
    190.54751301324));
#2232 = CARTESIAN_POINT('',(-316.1957980807,100.29917680199,
    170.80855500405));
#2233 = CARTESIAN_POINT('',(-335.4314719237,104.60690111201,
    148.09280197828));
#2234 = CARTESIAN_POINT('',(-354.6260951195,99.675935844263,
    125.46925021571));
#2235 = CARTESIAN_POINT('',(-372.4204826296,86.355351263158,
    105.99067929544));
#2236 = CARTESIAN_POINT('',(-387.8020289834,66.703925272351,
    91.931438341759));
#2237 = CARTESIAN_POINT('',(-400.2251454291,43.366646318627,
    84.51693975476));
#2238 = CARTESIAN_POINT('',(-270.2818503864,46.174921816261,
    212.46813657121));
#2239 = CARTESIAN_POINT('',(-283.0164613475,69.127574607398,
    204.35400984775));
#2240 = CARTESIAN_POINT('',(-298.660745236,88.155684093162,
    189.70465072907));
#2241 = CARTESIAN_POINT('',(-316.6338092477,100.65788728817,
    169.82476581555));
#2242 = CARTESIAN_POINT('',(-335.8954987492,104.65671184109,
    147.0505806642));
#2243 = CARTESIAN_POINT('',(-355.0751556056,99.412447624041,
    124.46064385028));
#2244 = CARTESIAN_POINT('',(-372.8165498885,85.811093303734,
    105.10109766698));
#2245 = CARTESIAN_POINT('',(-388.1156004911,65.939787727724,
    91.227145204167));
#2246 = CARTESIAN_POINT('',(-400.4381198401,42.459714261024,
    84.038591395697));
#2247 = DEFINITIONAL_REPRESENTATION('',(#2248),#2252);
#2248 = LINE('',#2249,#2250);
#2249 = CARTESIAN_POINT('',(6.544984694977E-02,0.));
#2250 = VECTOR('',#2251,1.);
#2251 = DIRECTION('',(0.,1.));
#2252 = ( GEOMETRIC_REPRESENTATION_CONTEXT(2) 
PARAMETRIC_REPRESENTATION_CONTEXT() REPRESENTATION_CONTEXT('2D SPACE',''
  ) );
#2253 = ORIENTED_EDGE('',*,*,#2119,.T.);
#2254 = ORIENTED_EDGE('',*,*,#2255,.F.);
#2255 = EDGE_CURVE('',#2256,#2064,#2258,.T.);
#2256 = VERTEX_POINT('',#2257);
#2257 = CARTESIAN_POINT('',(-384.3873154812,22.999011891388,
    120.08928823656));
#2258 = SURFACE_CURVE('',#2259,(#2269,#2276),.PCURVE_S1.);
#2259 = B_SPLINE_CURVE_WITH_KNOTS('',8,(#2260,#2261,#2262,#2263,#2264,
    #2265,#2266,#2267,#2268),.UNSPECIFIED.,.F.,.F.,(9,9),(
    57.151721081553,123.81838774821),.PIECEWISE_BEZIER_KNOTS.);
#2260 = CARTESIAN_POINT('',(-384.3873154812,22.999011891388,
    120.08928823656));
#2261 = CARTESIAN_POINT('',(-374.2233813775,35.717385019183,
    122.4295802044));
#2262 = CARTESIAN_POINT('',(-362.4471595115,46.481008872853,
    128.39112977668));
#2263 = CARTESIAN_POINT('',(-349.3480014854,53.848409129689,
    137.32404261423));
#2264 = CARTESIAN_POINT('',(-335.4697845652,56.68905224725,
    148.00675037666));
#2265 = CARTESIAN_POINT('',(-321.5471332957,54.523022281118,
    158.78925932191));
#2266 = CARTESIAN_POINT('',(-308.3224874997,47.75099555046,
    168.00402230498));
#2267 = CARTESIAN_POINT('',(-296.3592642704,37.444102912343,
    174.38558381586));
#2268 = CARTESIAN_POINT('',(-285.9721138769,25.011415983808,
    177.22722777932));
#2269 = PCURVE('',#2132,#2270);
#2270 = DEFINITIONAL_REPRESENTATION('',(#2271),#2275);
#2271 = LINE('',#2272,#2273);
#2272 = CARTESIAN_POINT('',(44.,123.81838774821));
#2273 = VECTOR('',#2274,1.);
#2274 = DIRECTION('',(-1.06581410364E-16,-1.));
#2275 = ( GEOMETRIC_REPRESENTATION_CONTEXT(2) 
PARAMETRIC_REPRESENTATION_CONTEXT() REPRESENTATION_CONTEXT('2D SPACE',''
  ) );
#2276 = PCURVE('',#2085,#2277);
#2277 = DEFINITIONAL_REPRESENTATION('',(#2278),#2304);
#2278 = B_SPLINE_CURVE_WITH_KNOTS('',3,(#2279,#2280,#2281,#2282,#2283,
    #2284,#2285,#2286,#2287,#2288,#2289,#2290,#2291,#2292,#2293,#2294,
    #2295,#2296,#2297,#2298,#2299,#2300,#2301,#2302,#2303),
  .UNSPECIFIED.,.F.,.F.,(4,1,1,1,1,1,1,1,1,1,1,1,1,1,1,1,1,1,1,1,1,1,4),
  (57.151721081553,60.182024111855,63.212327142158,66.242630172461,
    69.272933202763,72.303236233066,75.333539263369,78.363842293671,
    81.394145323974,84.424448354277,87.454751384579,90.485054414882,
    93.515357445185,96.545660475487,99.57596350579,102.60626653609,
    105.63656956639,108.66687259669,111.697175627,114.7274786573,
    117.7577816876,120.7880847179,123.81838774821),
  .QUASI_UNIFORM_KNOTS.);
#2279 = CARTESIAN_POINT('',(-2.683443724941,-425.));
#2280 = CARTESIAN_POINT('',(-2.65038823792,-423.9898989898));
#2281 = CARTESIAN_POINT('',(-2.584277259182,-421.9696969696));
#2282 = CARTESIAN_POINT('',(-2.48511079969,-418.9393939393));
#2283 = CARTESIAN_POINT('',(-2.38594439809,-415.909090909));
#2284 = CARTESIAN_POINT('',(-2.286778010655,-412.8787878787));
#2285 = CARTESIAN_POINT('',(-2.187611601371,-409.8484848484));
#2286 = CARTESIAN_POINT('',(-2.088445154851,-406.8181818181));
#2287 = CARTESIAN_POINT('',(-1.989278682597,-403.7878787878));
#2288 = CARTESIAN_POINT('',(-1.890112209937,-400.7575757575));
#2289 = CARTESIAN_POINT('',(-1.790945759804,-397.7272727272));
#2290 = CARTESIAN_POINT('',(-1.691779340483,-394.6969696969));
#2291 = CARTESIAN_POINT('',(-1.592612942445,-391.6666666666));
#2292 = CARTESIAN_POINT('',(-1.493446544407,-388.6363636363));
#2293 = CARTESIAN_POINT('',(-1.394280125087,-385.606060606));
#2294 = CARTESIAN_POINT('',(-1.295113674953,-382.5757575757));
#2295 = CARTESIAN_POINT('',(-1.195947202293,-379.5454545454));
#2296 = CARTESIAN_POINT('',(-1.096780730039,-376.5151515151));
#2297 = CARTESIAN_POINT('',(-0.997614283519,-373.4848484848));
#2298 = CARTESIAN_POINT('',(-0.898447874235,-370.4545454545));
#2299 = CARTESIAN_POINT('',(-0.799281486799,-367.4242424242));
#2300 = CARTESIAN_POINT('',(-0.700115085199,-364.3939393939));
#2301 = CARTESIAN_POINT('',(-0.600948625707,-361.3636363636));
#2302 = CARTESIAN_POINT('',(-0.534837646969,-359.3434343434));
#2303 = CARTESIAN_POINT('',(-0.501782159948,-358.3333333333));
#2304 = ( GEOMETRIC_REPRESENTATION_CONTEXT(2) 
PARAMETRIC_REPRESENTATION_CONTEXT() REPRESENTATION_CONTEXT('2D SPACE',''
  ) );
#2305 = ORIENTED_EDGE('',*,*,#2306,.F.);
#2306 = EDGE_CURVE('',#2162,#2256,#2307,.T.);
#2307 = SURFACE_CURVE('',#2308,(#2311,#2318),.PCURVE_S1.);
#2308 = B_SPLINE_CURVE_WITH_KNOTS('',1,(#2309,#2310),.UNSPECIFIED.,.F.,
  .F.,(2,2),(0.,44.),.PIECEWISE_BEZIER_KNOTS.);
#2309 = CARTESIAN_POINT('',(-400.4381198401,42.459714261024,
    84.038591395697));
#2310 = CARTESIAN_POINT('',(-384.3873154812,22.999011891388,
    120.08928823656));
#2311 = PCURVE('',#2132,#2312);
#2312 = DEFINITIONAL_REPRESENTATION('',(#2313),#2317);
#2313 = LINE('',#2314,#2315);
#2314 = CARTESIAN_POINT('',(0.,66.666666666667));
#2315 = VECTOR('',#2316,1.);
#2316 = DIRECTION('',(1.,0.));
#2317 = ( GEOMETRIC_REPRESENTATION_CONTEXT(2) 
PARAMETRIC_REPRESENTATION_CONTEXT() REPRESENTATION_CONTEXT('2D SPACE',''
  ) );
#2318 = PCURVE('',#2319,#2324);
#2319 = PLANE('',#2320);
#2320 = AXIS2_PLACEMENT_3D('',#2321,#2322,#2323);
#2321 = CARTESIAN_POINT('',(-365.418183057,0.,162.69465723032));
#2322 = DIRECTION('',(-0.913545457643,0.,0.406736643076));
#2323 = DIRECTION('',(0.406736643076,0.,0.913545457643));
#2324 = DEFINITIONAL_REPRESENTATION('',(#2325),#2328);
#2325 = B_SPLINE_CURVE_WITH_KNOTS('',1,(#2326,#2327),.UNSPECIFIED.,.F.,
  .F.,(2,2),(0.,44.),.PIECEWISE_BEZIER_KNOTS.);
#2326 = CARTESIAN_POINT('',(-86.09978318713,42.459714261024));
#2327 = CARTESIAN_POINT('',(-46.6373825597,22.999011891388));
#2328 = ( GEOMETRIC_REPRESENTATION_CONTEXT(2) 
PARAMETRIC_REPRESENTATION_CONTEXT() REPRESENTATION_CONTEXT('2D SPACE',''
  ) );
#2329 = ADVANCED_FACE('',(#2330),#2319,.T.);
#2330 = FACE_BOUND('',#2331,.T.);
#2331 = EDGE_LOOP('',(#2332,#2356,#2396,#2425));
#2332 = ORIENTED_EDGE('',*,*,#2333,.F.);
#2333 = EDGE_CURVE('',#2334,#2256,#2336,.T.);
#2334 = VERTEX_POINT('',#2335);
#2335 = CARTESIAN_POINT('',(-383.7348848658,26.,121.55467139114));
#2336 = SURFACE_CURVE('',#2337,(#2342,#2349),.PCURVE_S1.);
#2337 = CIRCLE('',#2338,52.);
#2338 = AXIS2_PLACEMENT_3D('',#2339,#2340,#2341);
#2339 = CARTESIAN_POINT('',(-365.418183057,-2.84217094304E-14,
    162.69465723032));
#2340 = DIRECTION('',(-0.913545457643,-6.680882032077E-16,0.406736643076
    ));
#2341 = DIRECTION('',(0.406736643076,7.915006950295E-16,0.913545457643)
  );
#2342 = PCURVE('',#2319,#2343);
#2343 = DEFINITIONAL_REPRESENTATION('',(#2344),#2348);
#2344 = CIRCLE('',#2345,52.);
#2345 = AXIS2_PLACEMENT_2D('',#2346,#2347);
#2346 = CARTESIAN_POINT('',(-2.596452354858E-14,-2.84217094304E-14));
#2347 = DIRECTION('',(1.,7.915006950295E-16));
#2348 = ( GEOMETRIC_REPRESENTATION_CONTEXT(2) 
PARAMETRIC_REPRESENTATION_CONTEXT() REPRESENTATION_CONTEXT('2D SPACE',''
  ) );
#2349 = PCURVE('',#2085,#2350);
#2350 = DEFINITIONAL_REPRESENTATION('',(#2351),#2355);
#2351 = LINE('',#2352,#2353);
#2352 = CARTESIAN_POINT('',(-0.,-425.));
#2353 = VECTOR('',#2354,1.);
#2354 = DIRECTION('',(-1.,-0.));
#2355 = ( GEOMETRIC_REPRESENTATION_CONTEXT(2) 
PARAMETRIC_REPRESENTATION_CONTEXT() REPRESENTATION_CONTEXT('2D SPACE',''
  ) );
#2356 = ORIENTED_EDGE('',*,*,#2357,.T.);
#2357 = EDGE_CURVE('',#2334,#2358,#2360,.T.);
#2358 = VERTEX_POINT('',#2359);
#2359 = CARTESIAN_POINT('',(-399.2336325501,48.,86.743914142604));
#2360 = SURFACE_CURVE('',#2361,(#2364,#2370),.PCURVE_S1.);
#2361 = B_SPLINE_CURVE_WITH_KNOTS('',1,(#2362,#2363),.UNSPECIFIED.,.F.,
  .F.,(2,2),(0.,44.),.PIECEWISE_BEZIER_KNOTS.);
#2362 = CARTESIAN_POINT('',(-383.7348848658,26.,121.55467139114));
#2363 = CARTESIAN_POINT('',(-399.2336325501,48.,86.743914142604));
#2364 = PCURVE('',#2319,#2365);
#2365 = DEFINITIONAL_REPRESENTATION('',(#2366),#2369);
#2366 = B_SPLINE_CURVE_WITH_KNOTS('',1,(#2367,#2368),.UNSPECIFIED.,.F.,
  .F.,(2,2),(0.,44.),.PIECEWISE_BEZIER_KNOTS.);
#2367 = CARTESIAN_POINT('',(-45.03332099679,26.));
#2368 = CARTESIAN_POINT('',(-83.1384387633,48.));
#2369 = ( GEOMETRIC_REPRESENTATION_CONTEXT(2) 
PARAMETRIC_REPRESENTATION_CONTEXT() REPRESENTATION_CONTEXT('2D SPACE',''
  ) );
#2370 = PCURVE('',#2371,#2390);
#2371 = B_SPLINE_SURFACE_WITH_KNOTS('',1,8,(
    (#2372,#2373,#2374,#2375,#2376,#2377,#2378,#2379,#2380)
    ,(#2381,#2382,#2383,#2384,#2385,#2386,#2387,#2388,#2389
  )),.UNSPECIFIED.,.F.,.F.,.F.,(2,2),(9,9),(0.,44.),(0.,66.666666666667)
  ,.PIECEWISE_BEZIER_KNOTS.);
#2372 = CARTESIAN_POINT('',(-285.3464660291,21.976149610516,
    178.63245585308));
#2373 = CARTESIAN_POINT('',(-295.396944031,34.828319233222,
    176.54699046192));
#2374 = CARTESIAN_POINT('',(-307.0766704349,45.812678089735,
    170.802173246));
#2375 = CARTESIAN_POINT('',(-320.1091525729,53.47257582534,
    162.01901690527));
#2376 = CARTESIAN_POINT('',(-333.9606737327,56.648577658229,
    151.3962688023));
#2377 = CARTESIAN_POINT('',(-347.901042443,54.821481048828,
    140.57396583369));
#2378 = CARTESIAN_POINT('',(-361.1844403951,48.352047000074,
    131.22724334732));
#2379 = CARTESIAN_POINT('',(-373.238080523,38.280933195336,
    124.64260215715));
#2380 = CARTESIAN_POINT('',(-383.7348848658,26.,121.55467139114));
#2381 = CARTESIAN_POINT('',(-269.1268082058,40.571353127107,
    215.06240378431));
#2382 = CARTESIAN_POINT('',(-281.2398701362,64.298435507487,
    208.34429904048));
#2383 = CARTESIAN_POINT('',(-296.3607752703,84.577251857972,
    194.87046785093));
#2384 = CARTESIAN_POINT('',(-313.9790756058,98.718601523705,
    175.78739520022));
#2385 = CARTESIAN_POINT('',(-333.1094479816,104.58198952288,
    153.30815314226));
#2386 = CARTESIAN_POINT('',(-352.4038466043,101.20888809014,
    130.46050210162));
#2387 = CARTESIAN_POINT('',(-370.4853761351,89.265317538597,
    110.33699964354));
#2388 = CARTESIAN_POINT('',(-386.2965835288,70.672492052928,
    95.312724193849));
#2389 = CARTESIAN_POINT('',(-399.2336325501,48.,86.743914142604));
#2390 = DEFINITIONAL_REPRESENTATION('',(#2391),#2395);
#2391 = LINE('',#2392,#2393);
#2392 = CARTESIAN_POINT('',(0.,66.666666666667));
#2393 = VECTOR('',#2394,1.);
#2394 = DIRECTION('',(1.,0.));
#2395 = ( GEOMETRIC_REPRESENTATION_CONTEXT(2) 
PARAMETRIC_REPRESENTATION_CONTEXT() REPRESENTATION_CONTEXT('2D SPACE',''
  ) );
#2396 = ORIENTED_EDGE('',*,*,#2397,.T.);
#2397 = EDGE_CURVE('',#2358,#2162,#2398,.T.);
#2398 = SURFACE_CURVE('',#2399,(#2407,#2418),.PCURVE_S1.);
#2399 = ( BOUNDED_CURVE() B_SPLINE_CURVE(6,(#2400,#2401,#2402,#2403,
#2404,#2405,#2406),.UNSPECIFIED.,.F.,.F.) B_SPLINE_CURVE_WITH_KNOTS((7,7
),(0.,6.544984694977E-02),.PIECEWISE_BEZIER_KNOTS.) CURVE() 
GEOMETRIC_REPRESENTATION_ITEM() RATIONAL_B_SPLINE_CURVE((1.000053547667,
    1.000017847948,0.999996430156,0.999989291231,0.999996430156,
1.000017847948,1.000053547667)) REPRESENTATION_ITEM('') );
#2400 = CARTESIAN_POINT('',(-399.2336325501,48.,86.743914142604));
#2401 = CARTESIAN_POINT('',(-399.4220248967,47.060763532649,
    86.320778004208));
#2402 = CARTESIAN_POINT('',(-399.6154099344,46.127630447049,
    85.886428098145));
#2403 = CARTESIAN_POINT('',(-399.8137506521,45.20078094737,
    85.44094755238));
#2404 = CARTESIAN_POINT('',(-400.0170089061,44.280393805927,
    84.984422039326));
#2405 = CARTESIAN_POINT('',(-400.2251454291,43.366646318627,
    84.51693975476));
#2406 = CARTESIAN_POINT('',(-400.4381198401,42.459714261024,
    84.038591395697));
#2407 = PCURVE('',#2319,#2408);
#2408 = DEFINITIONAL_REPRESENTATION('',(#2409),#2417);
#2409 = ( BOUNDED_CURVE() B_SPLINE_CURVE(6,(#2410,#2411,#2412,#2413,
#2414,#2415,#2416),.UNSPECIFIED.,.F.,.F.) B_SPLINE_CURVE_WITH_KNOTS((7,7
),(0.,6.544984694977E-02),.PIECEWISE_BEZIER_KNOTS.) CURVE() 
GEOMETRIC_REPRESENTATION_ITEM() RATIONAL_B_SPLINE_CURVE((1.000053547667,
    1.000017847948,0.999996430156,0.999989291231,0.999996430156,
1.000017847948,1.000053547667)) REPRESENTATION_ITEM('') );
#2410 = CARTESIAN_POINT('',(-83.1384387633,48.));
#2411 = CARTESIAN_POINT('',(-83.60161893114,47.060763532649));
#2412 = CARTESIAN_POINT('',(-84.07707409588,46.127630447049));
#2413 = CARTESIAN_POINT('',(-84.56471326264,45.20078094737));
#2414 = CARTESIAN_POINT('',(-85.0644426513,44.280393805927));
#2415 = CARTESIAN_POINT('',(-85.57616571954,43.366646318627));
#2416 = CARTESIAN_POINT('',(-86.09978318713,42.459714261024));
#2417 = ( GEOMETRIC_REPRESENTATION_CONTEXT(2) 
PARAMETRIC_REPRESENTATION_CONTEXT() REPRESENTATION_CONTEXT('2D SPACE',''
  ) );
#2418 = PCURVE('',#2183,#2419);
#2419 = DEFINITIONAL_REPRESENTATION('',(#2420),#2424);
#2420 = LINE('',#2421,#2422);
#2421 = CARTESIAN_POINT('',(0.,66.666666666667));
#2422 = VECTOR('',#2423,1.);
#2423 = DIRECTION('',(1.,0.));
#2424 = ( GEOMETRIC_REPRESENTATION_CONTEXT(2) 
PARAMETRIC_REPRESENTATION_CONTEXT() REPRESENTATION_CONTEXT('2D SPACE',''
  ) );
#2425 = ORIENTED_EDGE('',*,*,#2306,.T.);
#2426 = ADVANCED_FACE('',(#2427),#2371,.T.);
#2427 = FACE_BOUND('',#2428,.T.);
#2428 = EDGE_LOOP('',(#2429,#2480,#2502,#2529));
#2429 = ORIENTED_EDGE('',*,*,#2430,.F.);
#2430 = EDGE_CURVE('',#2431,#2334,#2433,.T.);
#2431 = VERTEX_POINT('',#2432);
#2432 = CARTESIAN_POINT('',(-285.3464660291,21.976149610516,
    178.63245585308));
#2433 = SURFACE_CURVE('',#2434,(#2444,#2451),.PCURVE_S1.);
#2434 = B_SPLINE_CURVE_WITH_KNOTS('',8,(#2435,#2436,#2437,#2438,#2439,
    #2440,#2441,#2442,#2443),.UNSPECIFIED.,.F.,.F.,(9,9),(0.,
    66.666666666648),.PIECEWISE_BEZIER_KNOTS.);
#2435 = CARTESIAN_POINT('',(-285.3464660291,21.976149610516,
    178.63245585308));
#2436 = CARTESIAN_POINT('',(-295.396944031,34.828319233219,
    176.54699046192));
#2437 = CARTESIAN_POINT('',(-307.0766704349,45.812678089729,
    170.802173246));
#2438 = CARTESIAN_POINT('',(-320.1091525729,53.472575825333,
    162.01901690528));
#2439 = CARTESIAN_POINT('',(-333.9606737325,56.648577658207,
    151.39626880231));
#2440 = CARTESIAN_POINT('',(-347.901042443,54.821481048866,
    140.57396583365));
#2441 = CARTESIAN_POINT('',(-361.1844403951,48.352047000066,
    131.22724334734));
#2442 = CARTESIAN_POINT('',(-373.2380805229,38.280933195333,
    124.64260215714));
#2443 = CARTESIAN_POINT('',(-383.7348848658,26.,121.55467139114));
#2444 = PCURVE('',#2371,#2445);
#2445 = DEFINITIONAL_REPRESENTATION('',(#2446),#2450);
#2446 = LINE('',#2447,#2448);
#2447 = CARTESIAN_POINT('',(3.015655913906E-15,-2.610551791692E-14));
#2448 = VECTOR('',#2449,1.);
#2449 = DIRECTION('',(8.417676536212E-16,1.));
#2450 = ( GEOMETRIC_REPRESENTATION_CONTEXT(2) 
PARAMETRIC_REPRESENTATION_CONTEXT() REPRESENTATION_CONTEXT('2D SPACE',''
  ) );
#2451 = PCURVE('',#2085,#2452);
#2452 = DEFINITIONAL_REPRESENTATION('',(#2453),#2479);
#2453 = B_SPLINE_CURVE_WITH_KNOTS('',3,(#2454,#2455,#2456,#2457,#2458,
    #2459,#2460,#2461,#2462,#2463,#2464,#2465,#2466,#2467,#2468,#2469,
    #2470,#2471,#2472,#2473,#2474,#2475,#2476,#2477,#2478),
  .UNSPECIFIED.,.F.,.F.,(4,1,1,1,1,1,1,1,1,1,1,1,1,1,1,1,1,1,1,1,1,1,4),
  (0.,3.030303030302,6.060606060604,9.090909090907,12.121212121209,
    15.151515151511,18.181818181813,21.212121212115,24.242424242417,
    27.27272727272,30.303030303022,33.333333333324,36.363636363626,
    39.393939393928,42.42424242423,45.454545454533,48.484848484835,
    51.515151515137,54.545454545439,57.575757575741,60.606060606043,
    63.636363636346,66.666666666648),.QUASI_UNIFORM_KNOTS.);
#2454 = CARTESIAN_POINT('',(-0.436332312999,-358.3333333333));
#2455 = CARTESIAN_POINT('',(-0.46938780002,-359.3434343434));
#2456 = CARTESIAN_POINT('',(-0.535498778758,-361.3636363636));
#2457 = CARTESIAN_POINT('',(-0.634665238249,-364.3939393939));
#2458 = CARTESIAN_POINT('',(-0.73383163985,-367.4242424242));
#2459 = CARTESIAN_POINT('',(-0.832998027285,-370.4545454545));
#2460 = CARTESIAN_POINT('',(-0.932164436569,-373.4848484848));
#2461 = CARTESIAN_POINT('',(-1.031330883088,-376.5151515151));
#2462 = CARTESIAN_POINT('',(-1.130497355342,-379.5454545454));
#2463 = CARTESIAN_POINT('',(-1.229663828003,-382.5757575757));
#2464 = CARTESIAN_POINT('',(-1.328830278136,-385.606060606));
#2465 = CARTESIAN_POINT('',(-1.427996697457,-388.6363636363));
#2466 = CARTESIAN_POINT('',(-1.527163095495,-391.6666666666));
#2467 = CARTESIAN_POINT('',(-1.626329493532,-394.6969696969));
#2468 = CARTESIAN_POINT('',(-1.725495912853,-397.7272727272));
#2469 = CARTESIAN_POINT('',(-1.824662362986,-400.7575757575));
#2470 = CARTESIAN_POINT('',(-1.923828835647,-403.7878787878));
#2471 = CARTESIAN_POINT('',(-2.022995307901,-406.8181818181));
#2472 = CARTESIAN_POINT('',(-2.122161754421,-409.8484848484));
#2473 = CARTESIAN_POINT('',(-2.221328163705,-412.8787878787));
#2474 = CARTESIAN_POINT('',(-2.32049455114,-415.909090909));
#2475 = CARTESIAN_POINT('',(-2.419660952741,-418.9393939393));
#2476 = CARTESIAN_POINT('',(-2.518827412232,-421.9696969696));
#2477 = CARTESIAN_POINT('',(-2.584938390971,-423.9898989898));
#2478 = CARTESIAN_POINT('',(-2.617993877991,-425.));
#2479 = ( GEOMETRIC_REPRESENTATION_CONTEXT(2) 
PARAMETRIC_REPRESENTATION_CONTEXT() REPRESENTATION_CONTEXT('2D SPACE',''
  ) );
#2480 = ORIENTED_EDGE('',*,*,#2481,.T.);
#2481 = EDGE_CURVE('',#2431,#2482,#2484,.T.);
#2482 = VERTEX_POINT('',#2483);
#2483 = CARTESIAN_POINT('',(-269.1268082058,40.571353127107,
    215.06240378431));
#2484 = SURFACE_CURVE('',#2485,(#2488,#2495),.PCURVE_S1.);
#2485 = B_SPLINE_CURVE_WITH_KNOTS('',1,(#2486,#2487),.UNSPECIFIED.,.F.,
  .F.,(2,2),(0.,44.),.PIECEWISE_BEZIER_KNOTS.);
#2486 = CARTESIAN_POINT('',(-285.3464660291,21.976149610516,
    178.63245585308));
#2487 = CARTESIAN_POINT('',(-269.1268082058,40.571353127107,
    215.06240378431));
#2488 = PCURVE('',#2371,#2489);
#2489 = DEFINITIONAL_REPRESENTATION('',(#2490),#2494);
#2490 = LINE('',#2491,#2492);
#2491 = CARTESIAN_POINT('',(0.,0.));
#2492 = VECTOR('',#2493,1.);
#2493 = DIRECTION('',(1.,0.));
#2494 = ( GEOMETRIC_REPRESENTATION_CONTEXT(2) 
PARAMETRIC_REPRESENTATION_CONTEXT() REPRESENTATION_CONTEXT('2D SPACE',''
  ) );
#2495 = PCURVE('',#1986,#2496);
#2496 = DEFINITIONAL_REPRESENTATION('',(#2497),#2501);
#2497 = LINE('',#2498,#2499);
#2498 = CARTESIAN_POINT('',(0.,66.666666666667));
#2499 = VECTOR('',#2500,1.);
#2500 = DIRECTION('',(1.,0.));
#2501 = ( GEOMETRIC_REPRESENTATION_CONTEXT(2) 
PARAMETRIC_REPRESENTATION_CONTEXT() REPRESENTATION_CONTEXT('2D SPACE',''
  ) );
#2502 = ORIENTED_EDGE('',*,*,#2503,.T.);
#2503 = EDGE_CURVE('',#2482,#2358,#2504,.T.);
#2504 = SURFACE_CURVE('',#2505,(#2515,#2522),.PCURVE_S1.);
#2505 = B_SPLINE_CURVE_WITH_KNOTS('',8,(#2506,#2507,#2508,#2509,#2510,
    #2511,#2512,#2513,#2514),.UNSPECIFIED.,.F.,.F.,(9,9),(0.,
    66.666666666667),.PIECEWISE_BEZIER_KNOTS.);
#2506 = CARTESIAN_POINT('',(-269.1268082058,40.571353127107,
    215.06240378431));
#2507 = CARTESIAN_POINT('',(-281.2398701362,64.298435507487,
    208.34429904048));
#2508 = CARTESIAN_POINT('',(-296.3607752703,84.577251857972,
    194.87046785093));
#2509 = CARTESIAN_POINT('',(-313.9790756058,98.718601523705,
    175.78739520022));
#2510 = CARTESIAN_POINT('',(-333.1094479816,104.58198952288,
    153.30815314226));
#2511 = CARTESIAN_POINT('',(-352.4038466043,101.20888809014,
    130.46050210162));
#2512 = CARTESIAN_POINT('',(-370.4853761351,89.265317538597,
    110.33699964354));
#2513 = CARTESIAN_POINT('',(-386.2965835288,70.672492052928,
    95.312724193849));
#2514 = CARTESIAN_POINT('',(-399.2336325501,48.,86.743914142604));
#2515 = PCURVE('',#2371,#2516);
#2516 = DEFINITIONAL_REPRESENTATION('',(#2517),#2521);
#2517 = LINE('',#2518,#2519);
#2518 = CARTESIAN_POINT('',(44.,0.));
#2519 = VECTOR('',#2520,1.);
#2520 = DIRECTION('',(0.,1.));
#2521 = ( GEOMETRIC_REPRESENTATION_CONTEXT(2) 
PARAMETRIC_REPRESENTATION_CONTEXT() REPRESENTATION_CONTEXT('2D SPACE',''
  ) );
#2522 = PCURVE('',#2183,#2523);
#2523 = DEFINITIONAL_REPRESENTATION('',(#2524),#2528);
#2524 = LINE('',#2525,#2526);
#2525 = CARTESIAN_POINT('',(0.,0.));
#2526 = VECTOR('',#2527,1.);
#2527 = DIRECTION('',(0.,1.));
#2528 = ( GEOMETRIC_REPRESENTATION_CONTEXT(2) 
PARAMETRIC_REPRESENTATION_CONTEXT() REPRESENTATION_CONTEXT('2D SPACE',''
  ) );
#2529 = ORIENTED_EDGE('',*,*,#2357,.F.);
#2530 = ADVANCED_FACE('',(#2531),#2183,.T.);
#2531 = FACE_BOUND('',#2532,.T.);
#2532 = EDGE_LOOP('',(#2533,#2534,#2559,#2560));
#2533 = ORIENTED_EDGE('',*,*,#2503,.F.);
#2534 = ORIENTED_EDGE('',*,*,#2535,.T.);
#2535 = EDGE_CURVE('',#2482,#1841,#2536,.T.);
#2536 = SURFACE_CURVE('',#2537,(#2545,#2552),.PCURVE_S1.);
#2537 = ( BOUNDED_CURVE() B_SPLINE_CURVE(6,(#2538,#2539,#2540,#2541,
#2542,#2543,#2544),.UNSPECIFIED.,.F.,.F.) B_SPLINE_CURVE_WITH_KNOTS((7,7
),(0.,6.544984694977E-02),.PIECEWISE_BEZIER_KNOTS.) CURVE() 
GEOMETRIC_REPRESENTATION_ITEM() RATIONAL_B_SPLINE_CURVE((1.000053547667,
    1.000017847948,0.999996430156,0.999989291231,0.999996430156,
1.000017847948,1.000053547667)) REPRESENTATION_ITEM('') );
#2538 = CARTESIAN_POINT('',(-269.1268082058,40.571353127107,
    215.06240378431));
#2539 = CARTESIAN_POINT('',(-269.3316848053,41.489492014298,
    214.60224340763));
#2540 = CARTESIAN_POINT('',(-269.5316641954,42.414185234343,
    214.15308234356));
#2541 = CARTESIAN_POINT('',(-269.7267075643,43.345254887733,
    213.71500776452));
#2542 = CARTESIAN_POINT('',(-269.9167772272,44.282521614691,
    213.28810431198));
#2543 = CARTESIAN_POINT('',(-270.1018366356,45.225804639644,
    212.87245407524));
#2544 = CARTESIAN_POINT('',(-270.2818503864,46.174921816261,
    212.46813657121));
#2545 = PCURVE('',#2183,#2546);
#2546 = DEFINITIONAL_REPRESENTATION('',(#2547),#2551);
#2547 = LINE('',#2548,#2549);
#2548 = CARTESIAN_POINT('',(0.,0.));
#2549 = VECTOR('',#2550,1.);
#2550 = DIRECTION('',(1.,0.));
#2551 = ( GEOMETRIC_REPRESENTATION_CONTEXT(2) 
PARAMETRIC_REPRESENTATION_CONTEXT() REPRESENTATION_CONTEXT('2D SPACE',''
  ) );
#2552 = PCURVE('',#1862,#2553);
#2553 = DEFINITIONAL_REPRESENTATION('',(#2554),#2558);
#2554 = LINE('',#2555,#2556);
#2555 = CARTESIAN_POINT('',(0.,66.666666666667));
#2556 = VECTOR('',#2557,1.);
#2557 = DIRECTION('',(1.,0.));
#2558 = ( GEOMETRIC_REPRESENTATION_CONTEXT(2) 
PARAMETRIC_REPRESENTATION_CONTEXT() REPRESENTATION_CONTEXT('2D SPACE',''
  ) );
#2559 = ORIENTED_EDGE('',*,*,#2161,.T.);
#2560 = ORIENTED_EDGE('',*,*,#2397,.F.);
#2561 = ADVANCED_FACE('',(#2562),#2085,.T.);
#2562 = FACE_BOUND('',#2563,.F.);
#2563 = EDGE_LOOP('',(#2564,#2565,#2566,#2567,#2618,#2646,#2669,#2696,
    #2697,#2720,#2749,#2819,#2889,#2959,#2980));
#2564 = ORIENTED_EDGE('',*,*,#2255,.F.);
#2565 = ORIENTED_EDGE('',*,*,#2333,.F.);
#2566 = ORIENTED_EDGE('',*,*,#2430,.F.);
#2567 = ORIENTED_EDGE('',*,*,#2568,.F.);
#2568 = EDGE_CURVE('',#2569,#2431,#2571,.T.);
#2569 = VERTEX_POINT('',#2570);
#2570 = CARTESIAN_POINT('',(-271.1842315486,0.,177.66008537111));
#2571 = SURFACE_CURVE('',#2572,(#2582,#2611),.PCURVE_S1.);
#2572 = B_SPLINE_CURVE_WITH_KNOTS('',8,(#2573,#2574,#2575,#2576,#2577,
    #2578,#2579,#2580,#2581),.UNSPECIFIED.,.F.,.F.,(9,9),(
    53.333329905703,66.666666666667),.PIECEWISE_BEZIER_KNOTS.);
#2573 = CARTESIAN_POINT('',(-271.1842374517,-4.069120787431E-06,
    177.66008913671));
#2574 = CARTESIAN_POINT('',(-272.7068135416,2.836155991748,
    178.33798386049));
#2575 = CARTESIAN_POINT('',(-274.3012955024,5.672315530919,
    178.85437535387));
#2576 = CARTESIAN_POINT('',(-275.9676833188,8.495618384956,
    179.20926365143));
#2577 = CARTESIAN_POINT('',(-277.7055205802,11.293208696177,
    179.40367386796));
#2578 = CARTESIAN_POINT('',(-279.5138944659,14.052353346556,
    179.43965623227));
#2579 = CARTESIAN_POINT('',(-281.3914430313,16.760564105373,
    179.32026972235));
#2580 = CARTESIAN_POINT('',(-283.336369912,19.405715025185,
    179.04954903871));
#2581 = CARTESIAN_POINT('',(-285.3464660291,21.976149610516,
    178.63245585308));
#2582 = PCURVE('',#2085,#2583);
#2583 = DEFINITIONAL_REPRESENTATION('',(#2584),#2610);
#2584 = B_SPLINE_CURVE_WITH_KNOTS('',3,(#2585,#2586,#2587,#2588,#2589,
    #2590,#2591,#2592,#2593,#2594,#2595,#2596,#2597,#2598,#2599,#2600,
    #2601,#2602,#2603,#2604,#2605,#2606,#2607,#2608,#2609),
  .UNSPECIFIED.,.F.,.F.,(4,1,1,1,1,1,1,1,1,1,1,1,1,1,1,1,1,1,1,1,1,1,4),
  (53.333329905703,53.939390667565,54.545451429427,55.151512191289,
    55.757572953151,56.363633715013,56.969694476875,57.575755238737,
    58.181816000599,58.787876762461,59.393937524323,59.999998286185,
    60.606059048047,61.212119809909,61.818180571771,62.424241333633,
    63.030302095495,63.636362857357,64.242423619219,64.848484381081,
    65.454545142943,66.060605904805,66.666666666667),
  .QUASI_UNIFORM_KNOTS.);
#2585 = CARTESIAN_POINT('',(7.82523210674E-08,-344.9999965723));
#2586 = CARTESIAN_POINT('',(-6.61101733192E-03,-345.2020168263));
#2587 = CARTESIAN_POINT('',(-1.98332080963E-02,-345.6060573342));
#2588 = CARTESIAN_POINT('',(-3.966649323544E-02,-346.212118096));
#2589 = CARTESIAN_POINT('',(-5.949977755704E-02,-346.8181788579));
#2590 = CARTESIAN_POINT('',(-7.93330613035E-02,-347.4242396198));
#2591 = CARTESIAN_POINT('',(-9.916634474561E-02,-348.0303003816));
#2592 = CARTESIAN_POINT('',(-0.118999628181,-348.6363611435));
#2593 = CARTESIAN_POINT('',(-0.138832911925,-349.2424219054));
#2594 = CARTESIAN_POINT('',(-0.158666196298,-349.8484826672));
#2595 = CARTESIAN_POINT('',(-0.17849948162,-350.4545434291));
#2596 = CARTESIAN_POINT('',(-0.198332768191,-351.0606041909));
#2597 = CARTESIAN_POINT('',(-0.218166056277,-351.6666649528));
#2598 = CARTESIAN_POINT('',(-0.237999346096,-352.2727257147));
#2599 = CARTESIAN_POINT('',(-0.257832637801,-352.8787864765));
#2600 = CARTESIAN_POINT('',(-0.277665931454,-353.4848472384));
#2601 = CARTESIAN_POINT('',(-0.297499227013,-354.0909080003));
#2602 = CARTESIAN_POINT('',(-0.31733252431,-354.6969687621));
#2603 = CARTESIAN_POINT('',(-0.337165823027,-355.303029524));
#2604 = CARTESIAN_POINT('',(-0.356999122675,-355.9090902859));
#2605 = CARTESIAN_POINT('',(-0.376832422579,-356.5151510477));
#2606 = CARTESIAN_POINT('',(-0.396665721846,-357.1212118096));
#2607 = CARTESIAN_POINT('',(-0.416499019381,-357.7272725715));
#2608 = CARTESIAN_POINT('',(-0.429721215626,-358.1313130793));
#2609 = CARTESIAN_POINT('',(-0.436332312999,-358.3333333333));
#2610 = ( GEOMETRIC_REPRESENTATION_CONTEXT(2) 
PARAMETRIC_REPRESENTATION_CONTEXT() REPRESENTATION_CONTEXT('2D SPACE',''
  ) );
#2611 = PCURVE('',#1986,#2612);
#2612 = DEFINITIONAL_REPRESENTATION('',(#2613),#2617);
#2613 = LINE('',#2614,#2615);
#2614 = CARTESIAN_POINT('',(6.333170619512E-15,-2.84217094304E-14));
#2615 = VECTOR('',#2616,1.);
#2616 = DIRECTION('',(-9.500965870091E-16,1.));
#2617 = ( GEOMETRIC_REPRESENTATION_CONTEXT(2) 
PARAMETRIC_REPRESENTATION_CONTEXT() REPRESENTATION_CONTEXT('2D SPACE',''
  ) );
#2618 = ORIENTED_EDGE('',*,*,#2619,.T.);
#2619 = EDGE_CURVE('',#2569,#2620,#2622,.T.);
#2620 = VERTEX_POINT('',#2621);
#2621 = CARTESIAN_POINT('',(-344.267877617,0.,210.19902102773));
#2622 = SURFACE_CURVE('',#2623,(#2627,#2634),.PCURVE_S1.);
#2623 = LINE('',#2624,#2625);
#2624 = CARTESIAN_POINT('',(43.988941881007,0.,37.33594772052));
#2625 = VECTOR('',#2626,1.);
#2626 = DIRECTION('',(-0.913545457643,0.,0.406736643076));
#2627 = PCURVE('',#2085,#2628);
#2628 = DEFINITIONAL_REPRESENTATION('',(#2629),#2633);
#2629 = LINE('',#2630,#2631);
#2630 = CARTESIAN_POINT('',(-0.,0.));
#2631 = VECTOR('',#2632,1.);
#2632 = DIRECTION('',(-0.,-1.));
#2633 = ( GEOMETRIC_REPRESENTATION_CONTEXT(2) 
PARAMETRIC_REPRESENTATION_CONTEXT() REPRESENTATION_CONTEXT('2D SPACE',''
  ) );
#2634 = PCURVE('',#2635,#2640);
#2635 = CYLINDRICAL_SURFACE('',#2636,52.);
#2636 = AXIS2_PLACEMENT_3D('',#2637,#2638,#2639);
#2637 = CARTESIAN_POINT('',(22.838636441065,0.,-10.16841607689));
#2638 = DIRECTION('',(0.913545457643,-0.,-0.406736643076));
#2639 = DIRECTION('',(0.406736643076,0.,0.913545457643));
#2640 = DEFINITIONAL_REPRESENTATION('',(#2641),#2645);
#2641 = LINE('',#2642,#2643);
#2642 = CARTESIAN_POINT('',(-6.28318530718,0.));
#2643 = VECTOR('',#2644,1.);
#2644 = DIRECTION('',(-0.,-1.));
#2645 = ( GEOMETRIC_REPRESENTATION_CONTEXT(2) 
PARAMETRIC_REPRESENTATION_CONTEXT() REPRESENTATION_CONTEXT('2D SPACE',''
  ) );
#2646 = ORIENTED_EDGE('',*,*,#2647,.T.);
#2647 = EDGE_CURVE('',#2620,#2648,#2650,.T.);
#2648 = VERTEX_POINT('',#2649);
#2649 = CARTESIAN_POINT('',(-367.1065140581,0.,220.36743710463));
#2650 = SEAM_CURVE('',#2651,(#2655,#2662),.PCURVE_S1.);
#2651 = LINE('',#2652,#2653);
#2652 = CARTESIAN_POINT('',(43.988941881007,0.,37.33594772052));
#2653 = VECTOR('',#2654,1.);
#2654 = DIRECTION('',(-0.913545457643,0.,0.406736643076));
#2655 = PCURVE('',#2085,#2656);
#2656 = DEFINITIONAL_REPRESENTATION('',(#2657),#2661);
#2657 = LINE('',#2658,#2659);
#2658 = CARTESIAN_POINT('',(-0.,0.));
#2659 = VECTOR('',#2660,1.);
#2660 = DIRECTION('',(-0.,-1.));
#2661 = ( GEOMETRIC_REPRESENTATION_CONTEXT(2) 
PARAMETRIC_REPRESENTATION_CONTEXT() REPRESENTATION_CONTEXT('2D SPACE',''
  ) );
#2662 = PCURVE('',#2085,#2663);
#2663 = DEFINITIONAL_REPRESENTATION('',(#2664),#2668);
#2664 = LINE('',#2665,#2666);
#2665 = CARTESIAN_POINT('',(-6.28318530718,0.));
#2666 = VECTOR('',#2667,1.);
#2667 = DIRECTION('',(-0.,-1.));
#2668 = ( GEOMETRIC_REPRESENTATION_CONTEXT(2) 
PARAMETRIC_REPRESENTATION_CONTEXT() REPRESENTATION_CONTEXT('2D SPACE',''
  ) );
#2669 = ORIENTED_EDGE('',*,*,#2670,.T.);
#2670 = EDGE_CURVE('',#2648,#2648,#2671,.T.);
#2671 = SURFACE_CURVE('',#2672,(#2677,#2684),.PCURVE_S1.);
#2672 = CIRCLE('',#2673,52.);
#2673 = AXIS2_PLACEMENT_3D('',#2674,#2675,#2676);
#2674 = CARTESIAN_POINT('',(-388.2568194981,0.,172.86307330721));
#2675 = DIRECTION('',(-0.913545457643,0.,0.406736643076));
#2676 = DIRECTION('',(0.406736643076,0.,0.913545457643));
#2677 = PCURVE('',#2085,#2678);
#2678 = DEFINITIONAL_REPRESENTATION('',(#2679),#2683);
#2679 = LINE('',#2680,#2681);
#2680 = CARTESIAN_POINT('',(-0.,-450.));
#2681 = VECTOR('',#2682,1.);
#2682 = DIRECTION('',(-1.,0.));
#2683 = ( GEOMETRIC_REPRESENTATION_CONTEXT(2) 
PARAMETRIC_REPRESENTATION_CONTEXT() REPRESENTATION_CONTEXT('2D SPACE',''
  ) );
#2684 = PCURVE('',#2685,#2690);
#2685 = PLANE('',#2686);
#2686 = AXIS2_PLACEMENT_3D('',#2687,#2688,#2689);
#2687 = CARTESIAN_POINT('',(-388.2568194981,4.609291841672E-15,
    172.86307330721));
#2688 = DIRECTION('',(-0.913545457643,0.,0.406736643076));
#2689 = DIRECTION('',(0.406736643076,0.,0.913545457643));
#2690 = DEFINITIONAL_REPRESENTATION('',(#2691),#2695);
#2691 = CIRCLE('',#2692,52.);
#2692 = AXIS2_PLACEMENT_2D('',#2693,#2694);
#2693 = CARTESIAN_POINT('',(0.,-4.609291841672E-15));
#2694 = DIRECTION('',(1.,0.));
#2695 = ( GEOMETRIC_REPRESENTATION_CONTEXT(2) 
PARAMETRIC_REPRESENTATION_CONTEXT() REPRESENTATION_CONTEXT('2D SPACE',''
  ) );
#2696 = ORIENTED_EDGE('',*,*,#2647,.F.);
#2697 = ORIENTED_EDGE('',*,*,#2698,.T.);
#2698 = EDGE_CURVE('',#2620,#2699,#2701,.T.);
#2699 = VERTEX_POINT('',#2700);
#2700 = CARTESIAN_POINT('',(-364.034886897,-51.8886640084,
    165.80159127475));
#2701 = SURFACE_CURVE('',#2702,(#2707,#2713),.PCURVE_S1.);
#2702 = CIRCLE('',#2703,52.);
#2703 = AXIS2_PLACEMENT_3D('',#2704,#2705,#2706);
#2704 = CARTESIAN_POINT('',(-365.418183057,0.,162.69465723032));
#2705 = DIRECTION('',(0.913545457643,0.,-0.406736643076));
#2706 = DIRECTION('',(0.406736643076,0.,0.913545457643));
#2707 = PCURVE('',#2085,#2708);
#2708 = DEFINITIONAL_REPRESENTATION('',(#2709),#2712);
#2709 = B_SPLINE_CURVE_WITH_KNOTS('',1,(#2710,#2711),.UNSPECIFIED.,.F.,
  .F.,(2,2),(0.,1.505346479845),.PIECEWISE_BEZIER_KNOTS.);
#2710 = CARTESIAN_POINT('',(-6.28318530718,-425.));
#2711 = CARTESIAN_POINT('',(-4.777838827334,-425.));
#2712 = ( GEOMETRIC_REPRESENTATION_CONTEXT(2) 
PARAMETRIC_REPRESENTATION_CONTEXT() REPRESENTATION_CONTEXT('2D SPACE',''
  ) );
#2713 = PCURVE('',#2635,#2714);
#2714 = DEFINITIONAL_REPRESENTATION('',(#2715),#2719);
#2715 = LINE('',#2716,#2717);
#2716 = CARTESIAN_POINT('',(-6.28318530718,-425.));
#2717 = VECTOR('',#2718,1.);
#2718 = DIRECTION('',(1.,-0.));
#2719 = ( GEOMETRIC_REPRESENTATION_CONTEXT(2) 
PARAMETRIC_REPRESENTATION_CONTEXT() REPRESENTATION_CONTEXT('2D SPACE',''
  ) );
#2720 = ORIENTED_EDGE('',*,*,#2721,.F.);
#2721 = EDGE_CURVE('',#2722,#2699,#2724,.T.);
#2722 = VERTEX_POINT('',#2723);
#2723 = CARTESIAN_POINT('',(-365.418183057,-52.,162.69465723032));
#2724 = SURFACE_CURVE('',#2725,(#2730,#2737),.PCURVE_S1.);
#2725 = CIRCLE('',#2726,52.);
#2726 = AXIS2_PLACEMENT_3D('',#2727,#2728,#2729);
#2727 = CARTESIAN_POINT('',(-365.418183057,-2.84217094304E-14,
    162.69465723032));
#2728 = DIRECTION('',(-0.913545457643,-6.680882032077E-16,0.406736643076
    ));
#2729 = DIRECTION('',(0.406736643076,7.915006950295E-16,0.913545457643)
  );
#2730 = PCURVE('',#2085,#2731);
#2731 = DEFINITIONAL_REPRESENTATION('',(#2732),#2736);
#2732 = LINE('',#2733,#2734);
#2733 = CARTESIAN_POINT('',(-0.,-425.));
#2734 = VECTOR('',#2735,1.);
#2735 = DIRECTION('',(-1.,-0.));
#2736 = ( GEOMETRIC_REPRESENTATION_CONTEXT(2) 
PARAMETRIC_REPRESENTATION_CONTEXT() REPRESENTATION_CONTEXT('2D SPACE',''
  ) );
#2737 = PCURVE('',#2738,#2743);
#2738 = PLANE('',#2739);
#2739 = AXIS2_PLACEMENT_3D('',#2740,#2741,#2742);
#2740 = CARTESIAN_POINT('',(-365.418183057,0.,162.69465723032));
#2741 = DIRECTION('',(-0.913545457643,0.,0.406736643076));
#2742 = DIRECTION('',(0.406736643076,0.,0.913545457643));
#2743 = DEFINITIONAL_REPRESENTATION('',(#2744),#2748);
#2744 = CIRCLE('',#2745,52.);
#2745 = AXIS2_PLACEMENT_2D('',#2746,#2747);
#2746 = CARTESIAN_POINT('',(-2.596452354858E-14,-2.84217094304E-14));
#2747 = DIRECTION('',(1.,7.915006950295E-16));
#2748 = ( GEOMETRIC_REPRESENTATION_CONTEXT(2) 
PARAMETRIC_REPRESENTATION_CONTEXT() REPRESENTATION_CONTEXT('2D SPACE',''
  ) );
#2749 = ORIENTED_EDGE('',*,*,#2750,.F.);
#2750 = EDGE_CURVE('',#2751,#2722,#2753,.T.);
#2751 = VERTEX_POINT('',#2752);
#2752 = CARTESIAN_POINT('',(-321.8404684859,29.825974690254,
    96.665584307966));
#2753 = SURFACE_CURVE('',#2754,(#2764,#2793),.PCURVE_S1.);
#2754 = B_SPLINE_CURVE_WITH_KNOTS('',8,(#2755,#2756,#2757,#2758,#2759,
    #2760,#2761,#2762,#2763),.UNSPECIFIED.,.F.,.F.,(9,9),(0.,
    66.666666666689),.PIECEWISE_BEZIER_KNOTS.);
#2755 = CARTESIAN_POINT('',(-321.8404684859,29.825974690254,
    96.665584307966));
#2756 = CARTESIAN_POINT('',(-332.761650755,18.209743239331,
    92.624485113516));
#2757 = CARTESIAN_POINT('',(-342.2102831916,4.05841449067,
    91.890786994361));
#2758 = CARTESIAN_POINT('',(-349.8115153952,-11.31097700464,
    95.30641773447));
#2759 = CARTESIAN_POINT('',(-355.423801469,-26.18232194442,
    103.18929462386));
#2760 = CARTESIAN_POINT('',(-359.2293510311,-38.74129224827,
    115.13016815894));
#2761 = CARTESIAN_POINT('',(-361.7281492304,-47.58026887827,
    130.00605330875));
#2762 = CARTESIAN_POINT('',(-363.5731553016,-52.,146.35037962141));
#2763 = CARTESIAN_POINT('',(-365.418183057,-52.,162.69465723032));
#2764 = PCURVE('',#2085,#2765);
#2765 = DEFINITIONAL_REPRESENTATION('',(#2766),#2792);
#2766 = B_SPLINE_CURVE_WITH_KNOTS('',3,(#2767,#2768,#2769,#2770,#2771,
    #2772,#2773,#2774,#2775,#2776,#2777,#2778,#2779,#2780,#2781,#2782,
    #2783,#2784,#2785,#2786,#2787,#2788,#2789,#2790,#2791),
  .UNSPECIFIED.,.F.,.F.,(4,1,1,1,1,1,1,1,1,1,1,1,1,1,1,1,1,1,1,1,1,1,4),
  (0.,3.030303030304,6.060606060608,9.090909090912,12.121212121216,
    15.15151515152,18.181818181824,21.212121212128,24.242424242432,
    27.272727272736,30.30303030304,33.333333333344,36.363636363649,
    39.393939393953,42.424242424257,45.454545454561,48.484848484865,
    51.515151515169,54.545454545473,57.575757575777,60.606060606081,
    63.636363636385,66.666666666689),.QUASI_UNIFORM_KNOTS.);
#2767 = CARTESIAN_POINT('',(-2.530727415392,-358.3333333333));
#2768 = CARTESIAN_POINT('',(-2.563782902413,-359.3434343434));
#2769 = CARTESIAN_POINT('',(-2.629893881151,-361.3636363636));
#2770 = CARTESIAN_POINT('',(-2.729060340643,-364.3939393939));
#2771 = CARTESIAN_POINT('',(-2.828226742243,-367.4242424242));
#2772 = CARTESIAN_POINT('',(-2.927393129678,-370.4545454545));
#2773 = CARTESIAN_POINT('',(-3.026559538962,-373.4848484848));
#2774 = CARTESIAN_POINT('',(-3.125725985482,-376.5151515151));
#2775 = CARTESIAN_POINT('',(-3.224892457736,-379.5454545454));
#2776 = CARTESIAN_POINT('',(-3.324058930397,-382.5757575757));
#2777 = CARTESIAN_POINT('',(-3.42322538053,-385.606060606));
#2778 = CARTESIAN_POINT('',(-3.522391799851,-388.6363636364));
#2779 = CARTESIAN_POINT('',(-3.621558197889,-391.6666666667));
#2780 = CARTESIAN_POINT('',(-3.720724595926,-394.696969697));
#2781 = CARTESIAN_POINT('',(-3.819891015247,-397.7272727273));
#2782 = CARTESIAN_POINT('',(-3.91905746538,-400.7575757576));
#2783 = CARTESIAN_POINT('',(-4.018223938041,-403.7878787879));
#2784 = CARTESIAN_POINT('',(-4.117390410295,-406.8181818181));
#2785 = CARTESIAN_POINT('',(-4.216556856815,-409.8484848484));
#2786 = CARTESIAN_POINT('',(-4.315723266099,-412.8787878787));
#2787 = CARTESIAN_POINT('',(-4.414889653534,-415.909090909));
#2788 = CARTESIAN_POINT('',(-4.514056055134,-418.9393939393));
#2789 = CARTESIAN_POINT('',(-4.613222514626,-421.9696969696));
#2790 = CARTESIAN_POINT('',(-4.679333493364,-423.9898989899));
#2791 = CARTESIAN_POINT('',(-4.712388980385,-425.));
#2792 = ( GEOMETRIC_REPRESENTATION_CONTEXT(2) 
PARAMETRIC_REPRESENTATION_CONTEXT() REPRESENTATION_CONTEXT('2D SPACE',''
  ) );
#2793 = PCURVE('',#2794,#2813);
#2794 = B_SPLINE_SURFACE_WITH_KNOTS('',1,8,(
    (#2795,#2796,#2797,#2798,#2799,#2800,#2801,#2802,#2803)
    ,(#2804,#2805,#2806,#2807,#2808,#2809,#2810,#2811,#2812
  )),.UNSPECIFIED.,.F.,.F.,.F.,(2,2),(9,9),(0.,44.),(0.,66.666666666667)
  ,.PIECEWISE_BEZIER_KNOTS.);
#2795 = CARTESIAN_POINT('',(-321.8404684859,29.825974690254,
    96.665584307966));
#2796 = CARTESIAN_POINT('',(-332.761650755,18.209743239335,
    92.624485113518));
#2797 = CARTESIAN_POINT('',(-342.2102831916,4.058414490679,
    91.890786994361));
#2798 = CARTESIAN_POINT('',(-349.8115153952,-11.31097700463,
    95.306417734468));
#2799 = CARTESIAN_POINT('',(-355.4238014689,-26.18232194438,
    103.18929462382));
#2800 = CARTESIAN_POINT('',(-359.229351031,-38.74129224826,
    115.13016815883));
#2801 = CARTESIAN_POINT('',(-361.7281492304,-47.58026887828,
    130.0060533088));
#2802 = CARTESIAN_POINT('',(-363.5731553016,-52.,146.3503796214));
#2803 = CARTESIAN_POINT('',(-365.418183057,-52.,162.69465723032));
#2804 = CARTESIAN_POINT('',(-336.5003512031,55.0633378897,
    63.738948624096));
#2805 = CARTESIAN_POINT('',(-350.2208671652,33.617987518772,
    53.410443012657));
#2806 = CARTESIAN_POINT('',(-361.2228295904,7.492457521255,
    49.18790861714));
#2807 = CARTESIAN_POINT('',(-368.8142069701,-20.88180370086,
    52.625673654112));
#2808 = CARTESIAN_POINT('',(-372.7336838022,-48.33659435886,
    64.310662351243));
#2809 = CARTESIAN_POINT('',(-373.3176470745,-71.5223856891,
    83.487337163407));
#2810 = CARTESIAN_POINT('',(-371.4891462927,-87.84049639067,
    108.08249495704));
#2811 = CARTESIAN_POINT('',(-368.4536446586,-96.,135.38862105093));
#2812 = CARTESIAN_POINT('',(-365.418183057,-96.,162.69465723032));
#2813 = DEFINITIONAL_REPRESENTATION('',(#2814),#2818);
#2814 = LINE('',#2815,#2816);
#2815 = CARTESIAN_POINT('',(-5.337671107685E-15,-1.068325478839E-14));
#2816 = VECTOR('',#2817,1.);
#2817 = DIRECTION('',(-3.362457930208E-16,1.));
#2818 = ( GEOMETRIC_REPRESENTATION_CONTEXT(2) 
PARAMETRIC_REPRESENTATION_CONTEXT() REPRESENTATION_CONTEXT('2D SPACE',''
  ) );
#2819 = ORIENTED_EDGE('',*,*,#2820,.F.);
#2820 = EDGE_CURVE('',#2821,#2751,#2823,.T.);
#2821 = VERTEX_POINT('',#2822);
#2822 = CARTESIAN_POINT('',(-223.7373360887,17.785047452935,
    153.10260493577));
#2823 = SURFACE_CURVE('',#2824,(#2834,#2863),.PCURVE_S1.);
#2824 = B_SPLINE_CURVE_WITH_KNOTS('',8,(#2825,#2826,#2827,#2828,#2829,
    #2830,#2831,#2832,#2833),.UNSPECIFIED.,.F.,.F.,(9,9),(0.,
    66.666666666644),.PIECEWISE_BEZIER_KNOTS.);
#2825 = CARTESIAN_POINT('',(-223.7373360887,17.785047452935,
    153.10260493577));
#2826 = CARTESIAN_POINT('',(-233.322936148,31.110640731825,
    152.06127249905));
#2827 = CARTESIAN_POINT('',(-244.5977976622,42.924647036674,
    147.22579671395));
#2828 = CARTESIAN_POINT('',(-257.3381175323,51.716712012188,
    139.09884757078));
#2829 = CARTESIAN_POINT('',(-271.0533113061,56.217447776895,
    128.7822957895));
#2830 = CARTESIAN_POINT('',(-285.0343715486,55.753161699476,
    117.8685981441));
#2831 = CARTESIAN_POINT('',(-298.52552924,50.523427636956,
    108.05523964275));
#2832 = CARTESIAN_POINT('',(-310.9192862168,41.442206141174,
    100.70668350241));
#2833 = CARTESIAN_POINT('',(-321.8404684859,29.825974690254,
    96.665584307966));
#2834 = PCURVE('',#2085,#2835);
#2835 = DEFINITIONAL_REPRESENTATION('',(#2836),#2862);
#2836 = B_SPLINE_CURVE_WITH_KNOTS('',3,(#2837,#2838,#2839,#2840,#2841,
    #2842,#2843,#2844,#2845,#2846,#2847,#2848,#2849,#2850,#2851,#2852,
    #2853,#2854,#2855,#2856,#2857,#2858,#2859,#2860,#2861),
  .UNSPECIFIED.,.F.,.F.,(4,1,1,1,1,1,1,1,1,1,1,1,1,1,1,1,1,1,1,1,1,1,4),
  (0.,3.030303030302,6.060606060604,9.090909090906,12.121212121208,
    15.15151515151,18.181818181812,21.212121212114,24.242424242416,
    27.272727272718,30.30303030302,33.333333333322,36.363636363624,
    39.393939393926,42.424242424228,45.45454545453,48.484848484832,
    51.515151515134,54.545454545436,57.575757575738,60.60606060604,
    63.636363636342,66.666666666644),.QUASI_UNIFORM_KNOTS.);
#2837 = CARTESIAN_POINT('',(-0.349065850399,-291.6666666666));
#2838 = CARTESIAN_POINT('',(-0.38212133742,-292.6767676767));
#2839 = CARTESIAN_POINT('',(-0.448232316158,-294.6969696969));
#2840 = CARTESIAN_POINT('',(-0.54739877565,-297.7272727272));
#2841 = CARTESIAN_POINT('',(-0.64656517725,-300.7575757575));
#2842 = CARTESIAN_POINT('',(-0.745731564685,-303.7878787878));
#2843 = CARTESIAN_POINT('',(-0.844897973969,-306.8181818181));
#2844 = CARTESIAN_POINT('',(-0.944064420489,-309.8484848484));
#2845 = CARTESIAN_POINT('',(-1.043230892742,-312.8787878787));
#2846 = CARTESIAN_POINT('',(-1.142397365403,-315.909090909));
#2847 = CARTESIAN_POINT('',(-1.241563815536,-318.9393939393));
#2848 = CARTESIAN_POINT('',(-1.340730234857,-321.9696969696));
#2849 = CARTESIAN_POINT('',(-1.439896632895,-324.9999999999));
#2850 = CARTESIAN_POINT('',(-1.539063030933,-328.0303030302));
#2851 = CARTESIAN_POINT('',(-1.638229450254,-331.0606060605));
#2852 = CARTESIAN_POINT('',(-1.737395900387,-334.0909090909));
#2853 = CARTESIAN_POINT('',(-1.836562373048,-337.1212121212));
#2854 = CARTESIAN_POINT('',(-1.935728845302,-340.1515151515));
#2855 = CARTESIAN_POINT('',(-2.034895291822,-343.1818181818));
#2856 = CARTESIAN_POINT('',(-2.134061701106,-346.2121212121));
#2857 = CARTESIAN_POINT('',(-2.233228088541,-349.2424242424));
#2858 = CARTESIAN_POINT('',(-2.332394490141,-352.2727272727));
#2859 = CARTESIAN_POINT('',(-2.431560949633,-355.303030303));
#2860 = CARTESIAN_POINT('',(-2.497671928371,-357.3232323232));
#2861 = CARTESIAN_POINT('',(-2.530727415392,-358.3333333333));
#2862 = ( GEOMETRIC_REPRESENTATION_CONTEXT(2) 
PARAMETRIC_REPRESENTATION_CONTEXT() REPRESENTATION_CONTEXT('2D SPACE',''
  ) );
#2863 = PCURVE('',#2864,#2883);
#2864 = B_SPLINE_SURFACE_WITH_KNOTS('',1,8,(
    (#2865,#2866,#2867,#2868,#2869,#2870,#2871,#2872,#2873)
    ,(#2874,#2875,#2876,#2877,#2878,#2879,#2880,#2881,#2882
  )),.UNSPECIFIED.,.F.,.F.,.F.,(2,2),(9,9),(0.,44.),(0.,66.666666666667)
  ,.PIECEWISE_BEZIER_KNOTS.);
#2865 = CARTESIAN_POINT('',(-223.7373360887,17.785047452935,
    153.10260493577));
#2866 = CARTESIAN_POINT('',(-233.322936148,31.110640731829,
    152.06127249905));
#2867 = CARTESIAN_POINT('',(-244.5977976622,42.924647036682,
    147.22579671394));
#2868 = CARTESIAN_POINT('',(-257.3381175323,51.716712012196,
    139.09884757078));
#2869 = CARTESIAN_POINT('',(-271.0533113064,56.217447776903,
    128.7822957894));
#2870 = CARTESIAN_POINT('',(-285.0343715484,55.75316169942,
    117.8685981442));
#2871 = CARTESIAN_POINT('',(-298.52552924,50.523427636978,
    108.05523964273));
#2872 = CARTESIAN_POINT('',(-310.9192862169,41.442206141174,
    100.70668350241));
#2873 = CARTESIAN_POINT('',(-321.8404684859,29.825974690254,
    96.665584307966));
#2874 = CARTESIAN_POINT('',(-206.9202095162,32.833933759264,
    190.87448964894));
#2875 = CARTESIAN_POINT('',(-218.1750352449,57.435029043377,
    186.08401497484));
#2876 = CARTESIAN_POINT('',(-232.5484975057,79.245502221566,
    174.28896796527));
#2877 = CARTESIAN_POINT('',(-249.6274213467,95.477006791747,
    156.4173547562));
#2878 = CARTESIAN_POINT('',(-268.506112395,103.78605743428,
    134.50339821504));
#2879 = CARTESIAN_POINT('',(-287.8756338455,102.92891390662,
    111.48701854067));
#2880 = CARTESIAN_POINT('',(-306.3407198184,93.274020252882,
    90.50203420858));
#2881 = CARTESIAN_POINT('',(-322.779835241,76.508688260629,
    74.067454235535));
#2882 = CARTESIAN_POINT('',(-336.5003512031,55.0633378897,
    63.738948624096));
#2883 = DEFINITIONAL_REPRESENTATION('',(#2884),#2888);
#2884 = LINE('',#2885,#2886);
#2885 = CARTESIAN_POINT('',(-3.30901150306E-14,-1.59390161775E-14));
#2886 = VECTOR('',#2887,1.);
#2887 = DIRECTION('',(3.165972255613E-16,1.));
#2888 = ( GEOMETRIC_REPRESENTATION_CONTEXT(2) 
PARAMETRIC_REPRESENTATION_CONTEXT() REPRESENTATION_CONTEXT('2D SPACE',''
  ) );
#2889 = ORIENTED_EDGE('',*,*,#2890,.F.);
#2890 = EDGE_CURVE('',#2891,#2821,#2893,.T.);
#2891 = VERTEX_POINT('',#2892);
#2892 = CARTESIAN_POINT('',(-212.7173277063,0.,151.62894263934));
#2893 = SURFACE_CURVE('',#2894,(#2904,#2933),.PCURVE_S1.);
#2894 = B_SPLINE_CURVE_WITH_KNOTS('',8,(#2895,#2896,#2897,#2898,#2899,
    #2900,#2901,#2902,#2903),.UNSPECIFIED.,.F.,.F.,(9,9),(
    55.999998832202,66.666666666667),.PIECEWISE_BEZIER_KNOTS.);
#2895 = CARTESIAN_POINT('',(-212.717330453,-1.893388919649E-06,
    151.62894439149));
#2896 = CARTESIAN_POINT('',(-213.9353913628,2.268925424828,
    152.17125960173));
#2897 = CARTESIAN_POINT('',(-215.1994719817,4.537852644688,
    152.61021285274));
#2898 = CARTESIAN_POINT('',(-216.5095722595,6.800197556172,
    152.94580425778));
#2899 = CARTESIAN_POINT('',(-217.865505205,9.049378049032,
    153.17845380445));
#2900 = CARTESIAN_POINT('',(-219.266896906,11.278852152828,
    153.30900132777));
#2901 = CARTESIAN_POINT('',(-220.7131884291,13.482157936829,
    153.33870207121));
#2902 = CARTESIAN_POINT('',(-222.2036400331,15.652952296001,
    153.26921846146));
#2903 = CARTESIAN_POINT('',(-223.7373360887,17.785047452935,
    153.10260493577));
#2904 = PCURVE('',#2085,#2905);
#2905 = DEFINITIONAL_REPRESENTATION('',(#2906),#2932);
#2906 = B_SPLINE_CURVE_WITH_KNOTS('',3,(#2907,#2908,#2909,#2910,#2911,
    #2912,#2913,#2914,#2915,#2916,#2917,#2918,#2919,#2920,#2921,#2922,
    #2923,#2924,#2925,#2926,#2927,#2928,#2929,#2930,#2931),
  .UNSPECIFIED.,.F.,.F.,(4,1,1,1,1,1,1,1,1,1,1,1,1,1,1,1,1,1,1,1,1,1,4),
  (55.999998832202,56.484847370132,56.969695908063,57.454544445993,
    57.939392983923,58.424241521853,58.909090059783,59.393938597714,
    59.878787135644,60.363635673574,60.848484211504,61.333332749434,
    61.818181287365,62.303029825295,62.787878363225,63.272726901155,
    63.757575439086,64.242423977016,64.727272514946,65.212121052876,
    65.696969590806,66.181818128737,66.666666666667),
  .QUASI_UNIFORM_KNOTS.);
#2907 = CARTESIAN_POINT('',(3.641132462207E-08,-280.9999988322));
#2908 = CARTESIAN_POINT('',(-5.288838407615E-03,-281.1616150115));
#2909 = CARTESIAN_POINT('',(-1.586658800394E-02,-281.4848473701));
#2910 = CARTESIAN_POINT('',(-3.173321243531E-02,-281.969695908));
#2911 = CARTESIAN_POINT('',(-4.759983706366E-02,-282.4545444459));
#2912 = CARTESIAN_POINT('',(-6.346646205419E-02,-282.9393929839));
#2913 = CARTESIAN_POINT('',(-7.933308757078E-02,-283.4242415218));
#2914 = CARTESIAN_POINT('',(-9.519971377245E-02,-283.9090900597));
#2915 = CARTESIAN_POINT('',(-0.111066340808,-284.3939385977));
#2916 = CARTESIAN_POINT('',(-0.126932968813,-284.8787871358));
#2917 = CARTESIAN_POINT('',(-0.1427995979,-285.3636356742));
#2918 = CARTESIAN_POINT('',(-0.158666228157,-285.8484842131));
#2919 = CARTESIAN_POINT('',(-0.174532859637,-286.3333327529));
#2920 = CARTESIAN_POINT('',(-0.190399492357,-286.8181812941));
#2921 = CARTESIAN_POINT('',(-0.206266126284,-287.3030298373));
#2922 = CARTESIAN_POINT('',(-0.222132761335,-287.7878783829));
#2923 = CARTESIAN_POINT('',(-0.237999397368,-288.2727269315));
#2924 = CARTESIAN_POINT('',(-0.253866034175,-288.757575483));
#2925 = CARTESIAN_POINT('',(-0.269732671481,-289.2424240365));
#2926 = CARTESIAN_POINT('',(-0.285599308939,-289.72727259));
#2927 = CARTESIAN_POINT('',(-0.301465946128,-290.2121211397));
#2928 = CARTESIAN_POINT('',(-0.317332582555,-290.6969696785));
#2929 = CARTESIAN_POINT('',(-0.333199217665,-291.1818181964));
#2930 = CARTESIAN_POINT('',(-0.343776973105,-291.5050505159));
#2931 = CARTESIAN_POINT('',(-0.349065850399,-291.6666666666));
#2932 = ( GEOMETRIC_REPRESENTATION_CONTEXT(2) 
PARAMETRIC_REPRESENTATION_CONTEXT() REPRESENTATION_CONTEXT('2D SPACE',''
  ) );
#2933 = PCURVE('',#2934,#2953);
#2934 = B_SPLINE_SURFACE_WITH_KNOTS('',1,8,(
    (#2935,#2936,#2937,#2938,#2939,#2940,#2941,#2942,#2943)
    ,(#2944,#2945,#2946,#2947,#2948,#2949,#2950,#2951,#2952
  )),.UNSPECIFIED.,.F.,.F.,.F.,(2,2),(9,9),(0.,44.),(0.,66.666666666667)
  ,.PIECEWISE_BEZIER_KNOTS.);
#2935 = CARTESIAN_POINT('',(-188.1831933861,-50.22814296703,
    69.05229453891));
#2936 = CARTESIAN_POINT('',(-190.2247559004,-53.89840412645,
    84.955147851988));
#2937 = CARTESIAN_POINT('',(-191.8010271165,-53.29954664853,
    101.90306253132));
#2938 = CARTESIAN_POINT('',(-193.5435938028,-48.01599774686,
    118.4774714695));
#2939 = CARTESIAN_POINT('',(-196.1567772195,-38.30768476886,
    133.09644321495));
#2940 = CARTESIAN_POINT('',(-200.2717076654,-25.21610735744,
    144.34243590784));
#2941 = CARTESIAN_POINT('',(-206.255382592,-10.37782627423,
    151.39115977611));
#2942 = CARTESIAN_POINT('',(-214.1517360294,4.45945417404,
    154.14393737249));
#2943 = CARTESIAN_POINT('',(-223.7373360887,17.785047452935,
    153.10260493577));
#2944 = CARTESIAN_POINT('',(-192.8151257271,-92.72887932375,
    58.648804166699));
#2945 = CARTESIAN_POINT('',(-190.1424975266,-99.50474607961,
    85.13990318454));
#2946 = CARTESIAN_POINT('',(-186.6108700063,-98.39916304344,
    113.56034626316));
#2947 = CARTESIAN_POINT('',(-183.3862495078,-88.64491891729,
    141.29124028119));
#2948 = CARTESIAN_POINT('',(-181.7689214349,-70.72187957329,
    165.41209640494));
#2949 = CARTESIAN_POINT('',(-182.9240494157,-46.55281358298,
    183.30591427783));
#2950 = CARTESIAN_POINT('',(-187.5291672071,-19.15906389089,
    193.45092816678));
#2951 = CARTESIAN_POINT('',(-195.6653837875,8.232838475151,
    195.66496432303));
#2952 = CARTESIAN_POINT('',(-206.9202095162,32.833933759264,
    190.87448964894));
#2953 = DEFINITIONAL_REPRESENTATION('',(#2954),#2958);
#2954 = LINE('',#2955,#2956);
#2955 = CARTESIAN_POINT('',(-7.173133243671E-14,-1.42108547152E-14));
#2956 = VECTOR('',#2957,1.);
#2957 = DIRECTION('',(1.210918313516E-15,1.));
#2958 = ( GEOMETRIC_REPRESENTATION_CONTEXT(2) 
PARAMETRIC_REPRESENTATION_CONTEXT() REPRESENTATION_CONTEXT('2D SPACE',''
  ) );
#2959 = ORIENTED_EDGE('',*,*,#2960,.T.);
#2960 = EDGE_CURVE('',#2891,#2013,#2961,.T.);
#2961 = SURFACE_CURVE('',#2962,(#2966,#2973),.PCURVE_S1.);
#2962 = LINE('',#2963,#2964);
#2963 = CARTESIAN_POINT('',(43.988941881007,0.,37.33594772052));
#2964 = VECTOR('',#2965,1.);
#2965 = DIRECTION('',(-0.913545457643,0.,0.406736643076));
#2966 = PCURVE('',#2085,#2967);
#2967 = DEFINITIONAL_REPRESENTATION('',(#2968),#2972);
#2968 = LINE('',#2969,#2970);
#2969 = CARTESIAN_POINT('',(-0.,0.));
#2970 = VECTOR('',#2971,1.);
#2971 = DIRECTION('',(-0.,-1.));
#2972 = ( GEOMETRIC_REPRESENTATION_CONTEXT(2) 
PARAMETRIC_REPRESENTATION_CONTEXT() REPRESENTATION_CONTEXT('2D SPACE',''
  ) );
#2973 = PCURVE('',#1409,#2974);
#2974 = DEFINITIONAL_REPRESENTATION('',(#2975),#2979);
#2975 = LINE('',#2976,#2977);
#2976 = CARTESIAN_POINT('',(-6.28318530718,0.));
#2977 = VECTOR('',#2978,1.);
#2978 = DIRECTION('',(-0.,-1.));
#2979 = ( GEOMETRIC_REPRESENTATION_CONTEXT(2) 
PARAMETRIC_REPRESENTATION_CONTEXT() REPRESENTATION_CONTEXT('2D SPACE',''
  ) );
#2980 = ORIENTED_EDGE('',*,*,#2063,.F.);
#2981 = ADVANCED_FACE('',(#2982),#2934,.T.);
#2982 = FACE_BOUND('',#2983,.T.);
#2983 = EDGE_LOOP('',(#2984,#2985,#3036,#3077,#3170));
#2984 = ORIENTED_EDGE('',*,*,#2890,.F.);
#2985 = ORIENTED_EDGE('',*,*,#2986,.F.);
#2986 = EDGE_CURVE('',#2987,#2891,#2989,.T.);
#2987 = VERTEX_POINT('',#2988);
#2988 = CARTESIAN_POINT('',(-188.1831933861,-50.22814296703,
    69.05229453891));
#2989 = SURFACE_CURVE('',#2990,(#3000,#3007),.PCURVE_S1.);
#2990 = B_SPLINE_CURVE_WITH_KNOTS('',8,(#2991,#2992,#2993,#2994,#2995,
    #2996,#2997,#2998,#2999),.UNSPECIFIED.,.F.,.F.,(9,9),(0.,
    55.999998832208),.PIECEWISE_BEZIER_KNOTS.);
#2991 = CARTESIAN_POINT('',(-188.1831933861,-50.22814296703,
    69.05229453891));
#2992 = CARTESIAN_POINT('',(-189.8981058623,-53.31116227665,
    82.410691043328));
#2993 = CARTESIAN_POINT('',(-191.2847088123,-53.3818916014,
    96.506482817021));
#2994 = CARTESIAN_POINT('',(-192.7173462164,-50.19401930389,
    110.49887951376));
#2995 = CARTESIAN_POINT('',(-194.6065744727,-43.83754588899,
    123.46575636586));
#2996 = CARTESIAN_POINT('',(-197.3381346356,-34.78314464396,
    134.54072478021));
#2997 = CARTESIAN_POINT('',(-201.1961104726,-23.82373834057,
    143.08572216759));
#2998 = CARTESIAN_POINT('',(-206.3225115105,-11.91186876149,
    148.78178990883));
#2999 = CARTESIAN_POINT('',(-212.717330453,-1.893388922758E-06,
    151.62894439149));
#3000 = PCURVE('',#2934,#3001);
#3001 = DEFINITIONAL_REPRESENTATION('',(#3002),#3006);
#3002 = LINE('',#3003,#3004);
#3003 = CARTESIAN_POINT('',(2.061076200431E-14,-1.650527249735E-15));
#3004 = VECTOR('',#3005,1.);
#3005 = DIRECTION('',(-4.380474847744E-16,1.));
#3006 = ( GEOMETRIC_REPRESENTATION_CONTEXT(2) 
PARAMETRIC_REPRESENTATION_CONTEXT() REPRESENTATION_CONTEXT('2D SPACE',''
  ) );
#3007 = PCURVE('',#1409,#3008);
#3008 = DEFINITIONAL_REPRESENTATION('',(#3009),#3035);
#3009 = B_SPLINE_CURVE_WITH_KNOTS('',3,(#3010,#3011,#3012,#3013,#3014,
    #3015,#3016,#3017,#3018,#3019,#3020,#3021,#3022,#3023,#3024,#3025,
    #3026,#3027,#3028,#3029,#3030,#3031,#3032,#3033,#3034),
  .UNSPECIFIED.,.F.,.F.,(4,1,1,1,1,1,1,1,1,1,1,1,1,1,1,1,1,1,1,1,1,1,4),
  (0.,2.545454492373,5.090908984746,7.636363477119,10.181817969492,
    12.727272461865,15.272726954238,17.818181446611,20.363635938985,
    22.909090431358,25.454544923731,27.999999416104,30.545453908477,
    33.09090840085,35.636362893223,38.181817385596,40.727271877969,
    43.272726370342,45.818180862715,48.363635355088,50.909089847461,
    53.454544339834,55.999998832208),.QUASI_UNIFORM_KNOTS.);
#3010 = CARTESIAN_POINT('',(-4.450589592586,-225.));
#3011 = CARTESIAN_POINT('',(-4.478356198605,-225.8484848307));
#3012 = CARTESIAN_POINT('',(-4.533889419455,-227.5454544923));
#3013 = CARTESIAN_POINT('',(-4.617189251983,-230.0909089847));
#3014 = CARTESIAN_POINT('',(-4.700489043815,-232.6363634771));
#3015 = CARTESIAN_POINT('',(-4.783788811685,-235.1818179694));
#3016 = CARTESIAN_POINT('',(-4.867088578728,-237.7272724618));
#3017 = CARTESIAN_POINT('',(-4.950388364802,-240.2727269542));
#3018 = CARTESIAN_POINT('',(-5.033688176582,-242.8181814466));
#3019 = CARTESIAN_POINT('',(-5.116988007976,-245.3636359389));
#3020 = CARTESIAN_POINT('',(-5.20028784494,-247.9090904313));
#3021 = CARTESIAN_POINT('',(-5.283587672424,-250.4545449237));
#3022 = CARTESIAN_POINT('',(-5.366887480456,-252.999999416));
#3023 = CARTESIAN_POINT('',(-5.450187267584,-255.5454539084));
#3024 = CARTESIAN_POINT('',(-5.533487040878,-258.0909084008));
#3025 = CARTESIAN_POINT('',(-5.616786812868,-260.6363628932));
#3026 = CARTESIAN_POINT('',(-5.70008659659,-263.1818173855));
#3027 = CARTESIAN_POINT('',(-5.783386400472,-265.7272718779));
#3028 = CARTESIAN_POINT('',(-5.866686224783,-268.2727263703));
#3029 = CARTESIAN_POINT('',(-5.949986061032,-270.8181808627));
#3030 = CARTESIAN_POINT('',(-6.03328589465,-273.363635355));
#3031 = CARTESIAN_POINT('',(-6.116585711144,-275.9090898474));
#3032 = CARTESIAN_POINT('',(-6.199885501372,-278.4545443398));
#3033 = CARTESIAN_POINT('',(-6.25541868266,-280.1515140014));
#3034 = CARTESIAN_POINT('',(-6.283185270768,-280.9999988322));
#3035 = ( GEOMETRIC_REPRESENTATION_CONTEXT(2) 
PARAMETRIC_REPRESENTATION_CONTEXT() REPRESENTATION_CONTEXT('2D SPACE',''
  ) );
#3036 = ORIENTED_EDGE('',*,*,#3037,.T.);
#3037 = EDGE_CURVE('',#2987,#3038,#3040,.T.);
#3038 = VERTEX_POINT('',#3039);
#3039 = CARTESIAN_POINT('',(-192.8151257271,-92.72887932375,
    58.648804166699));
#3040 = SURFACE_CURVE('',#3041,(#3044,#3051),.PCURVE_S1.);
#3041 = B_SPLINE_CURVE_WITH_KNOTS('',1,(#3042,#3043),.UNSPECIFIED.,.F.,
  .F.,(2,2),(0.,44.),.PIECEWISE_BEZIER_KNOTS.);
#3042 = CARTESIAN_POINT('',(-188.1831933861,-50.22814296703,
    69.05229453891));
#3043 = CARTESIAN_POINT('',(-192.8151257271,-92.72887932375,
    58.648804166699));
#3044 = PCURVE('',#2934,#3045);
#3045 = DEFINITIONAL_REPRESENTATION('',(#3046),#3050);
#3046 = LINE('',#3047,#3048);
#3047 = CARTESIAN_POINT('',(0.,0.));
#3048 = VECTOR('',#3049,1.);
#3049 = DIRECTION('',(1.,0.));
#3050 = ( GEOMETRIC_REPRESENTATION_CONTEXT(2) 
PARAMETRIC_REPRESENTATION_CONTEXT() REPRESENTATION_CONTEXT('2D SPACE',''
  ) );
#3051 = PCURVE('',#3052,#3071);
#3052 = B_SPLINE_SURFACE_WITH_KNOTS('',1,8,(
    (#3053,#3054,#3055,#3056,#3057,#3058,#3059,#3060,#3061)
    ,(#3062,#3063,#3064,#3065,#3066,#3067,#3068,#3069,#3070
  )),.UNSPECIFIED.,.F.,.F.,.F.,(2,2),(9,9),(0.,44.),(0.,66.666666666667)
  ,.PIECEWISE_BEZIER_KNOTS.);
#3053 = CARTESIAN_POINT('',(-135.4012152968,39.834311042187,
    23.696335955086));
#3054 = CARTESIAN_POINT('',(-147.4325243625,30.719068395893,
    17.161851151957));
#3055 = CARTESIAN_POINT('',(-158.3083322225,18.218081014901,
    13.222664548767));
#3056 = CARTESIAN_POINT('',(-167.5279154004,3.364977738778,
    13.003419487561));
#3057 = CARTESIAN_POINT('',(-174.773894191,-12.27267714773,
    17.216962457618));
#3058 = CARTESIAN_POINT('',(-180.031273095,-26.82643170595,
    25.896973901182));
#3059 = CARTESIAN_POINT('',(-183.6348189501,-38.61847441408,
    38.291555190706));
#3060 = CARTESIAN_POINT('',(-186.1416308717,-46.5578818076,
    53.149441225832));
#3061 = CARTESIAN_POINT('',(-188.1831933861,-50.22814296703,
    69.05229453891));
#3062 = CARTESIAN_POINT('',(-146.9048073781,73.540266539422,
    -2.141154891469));
#3063 = CARTESIAN_POINT('',(-162.6747881954,56.71212626934,
    -17.07283393431));
#3064 = CARTESIAN_POINT('',(-176.3115360178,33.633380335203,
    -27.21319322343));
#3065 = CARTESIAN_POINT('',(-186.8906382731,6.212266594666,
    -30.48596812735));
#3066 = CARTESIAN_POINT('',(-193.8261631978,-22.65725011888,
    -25.57513435816));
#3067 = CARTESIAN_POINT('',(-197.0904267938,-49.52572007254,
    -12.41851263788));
#3068 = CARTESIAN_POINT('',(-197.3014601454,-71.29564507215,
    7.595776490314));
#3069 = CARTESIAN_POINT('',(-195.4877539276,-85.95301256789,
    32.157705148858));
#3070 = CARTESIAN_POINT('',(-192.8151257271,-92.72887932375,
    58.648804166699));
#3071 = DEFINITIONAL_REPRESENTATION('',(#3072),#3076);
#3072 = LINE('',#3073,#3074);
#3073 = CARTESIAN_POINT('',(0.,66.666666666667));
#3074 = VECTOR('',#3075,1.);
#3075 = DIRECTION('',(1.,0.));
#3076 = ( GEOMETRIC_REPRESENTATION_CONTEXT(2) 
PARAMETRIC_REPRESENTATION_CONTEXT() REPRESENTATION_CONTEXT('2D SPACE',''
  ) );
#3077 = ORIENTED_EDGE('',*,*,#3078,.T.);
#3078 = EDGE_CURVE('',#3038,#3079,#3081,.T.);
#3079 = VERTEX_POINT('',#3080);
#3080 = CARTESIAN_POINT('',(-206.9202095162,32.833933759264,
    190.87448964894));
#3081 = SURFACE_CURVE('',#3082,(#3092,#3099),.PCURVE_S1.);
#3082 = B_SPLINE_CURVE_WITH_KNOTS('',8,(#3083,#3084,#3085,#3086,#3087,
    #3088,#3089,#3090,#3091),.UNSPECIFIED.,.F.,.F.,(9,9),(0.,
    66.666666666667),.PIECEWISE_BEZIER_KNOTS.);
#3083 = CARTESIAN_POINT('',(-192.8151257271,-92.72887932375,
    58.648804166699));
#3084 = CARTESIAN_POINT('',(-190.1424975266,-99.50474607961,
    85.13990318454));
#3085 = CARTESIAN_POINT('',(-186.6108700063,-98.39916304344,
    113.56034626316));
#3086 = CARTESIAN_POINT('',(-183.3862495078,-88.64491891729,
    141.29124028119));
#3087 = CARTESIAN_POINT('',(-181.7689214349,-70.72187957329,
    165.41209640494));
#3088 = CARTESIAN_POINT('',(-182.9240494157,-46.55281358298,
    183.30591427783));
#3089 = CARTESIAN_POINT('',(-187.5291672071,-19.15906389089,
    193.45092816678));
#3090 = CARTESIAN_POINT('',(-195.6653837875,8.232838475151,
    195.66496432303));
#3091 = CARTESIAN_POINT('',(-206.9202095162,32.833933759264,
    190.87448964894));
#3092 = PCURVE('',#2934,#3093);
#3093 = DEFINITIONAL_REPRESENTATION('',(#3094),#3098);
#3094 = LINE('',#3095,#3096);
#3095 = CARTESIAN_POINT('',(44.,0.));
#3096 = VECTOR('',#3097,1.);
#3097 = DIRECTION('',(0.,1.));
#3098 = ( GEOMETRIC_REPRESENTATION_CONTEXT(2) 
PARAMETRIC_REPRESENTATION_CONTEXT() REPRESENTATION_CONTEXT('2D SPACE',''
  ) );
#3099 = PCURVE('',#3100,#3164);
#3100 = ( BOUNDED_SURFACE() B_SPLINE_SURFACE(6,8,(
    (#3101,#3102,#3103,#3104,#3105,#3106,#3107,#3108,#3109)
    ,(#3110,#3111,#3112,#3113,#3114,#3115,#3116,#3117,#3118)
    ,(#3119,#3120,#3121,#3122,#3123,#3124,#3125,#3126,#3127)
    ,(#3128,#3129,#3130,#3131,#3132,#3133,#3134,#3135,#3136)
    ,(#3137,#3138,#3139,#3140,#3141,#3142,#3143,#3144,#3145)
    ,(#3146,#3147,#3148,#3149,#3150,#3151,#3152,#3153,#3154)
    ,(#3155,#3156,#3157,#3158,#3159,#3160,#3161,#3162,#3163
)),.UNSPECIFIED.,.F.,.F.,.F.) B_SPLINE_SURFACE_WITH_KNOTS((7,7),(9,9),(
    0.,6.544984694977E-02),(0.,66.666666666667),
.PIECEWISE_BEZIER_KNOTS.) GEOMETRIC_REPRESENTATION_ITEM() 
RATIONAL_B_SPLINE_SURFACE((
    (1.000053547667,1.000053547667,1.000053547667,1.000053547667
      ,1.000053547667,1.000053547667,1.000053547667,1.000053547667
      ,1.000053547667)
    ,(1.000017847948,1.000017847948,1.000017847948,1.000017847948
      ,1.000017847948,1.000017847948,1.000017847948,1.000017847948
      ,1.000017847948)
    ,(0.999996430156,0.999996430156,0.999996430156,0.999996430156
      ,0.999996430156,0.999996430156,0.999996430156,0.999996430156
      ,0.999996430156)
    ,(0.999989291231,0.999989291231,0.999989291231,0.999989291231
      ,0.999989291231,0.999989291231,0.999989291231,0.999989291231
      ,0.999989291231)
    ,(0.999996430156,0.999996430156,0.999996430156,0.999996430156
      ,0.999996430156,0.999996430156,0.999996430156,0.999996430156
      ,0.999996430156)
    ,(1.000017847948,1.000017847948,1.000017847948,1.000017847948
      ,1.000017847948,1.000017847948,1.000017847948,1.000017847948
      ,1.000017847948)
    ,(1.000053547667,1.000053547667,1.000053547667,1.000053547667
      ,1.000053547667,1.000053547667,1.000053547667,1.000053547667
,1.000053547667))) REPRESENTATION_ITEM('') SURFACE() );
#3101 = CARTESIAN_POINT('',(-192.8151257271,-92.72887932375,
    58.648804166699));
#3102 = CARTESIAN_POINT('',(-190.1424975266,-99.50474607961,
    85.13990318454));
#3103 = CARTESIAN_POINT('',(-186.6108700063,-98.39916304344,
    113.56034626316));
#3104 = CARTESIAN_POINT('',(-183.3862495078,-88.64491891728,
    141.29124028119));
#3105 = CARTESIAN_POINT('',(-181.7689214349,-70.72187957329,
    165.41209640494));
#3106 = CARTESIAN_POINT('',(-182.9240494157,-46.55281358298,
    183.30591427783));
#3107 = CARTESIAN_POINT('',(-187.5291672071,-19.15906389089,
    193.45092816678));
#3108 = CARTESIAN_POINT('',(-195.6653837875,8.232838475151,
    195.66496432303));
#3109 = CARTESIAN_POINT('',(-206.9202095162,32.833933759264,
    190.87448964894));
#3110 = CARTESIAN_POINT('',(-192.3973613922,-92.93318472448,
    59.587118225646));
#3111 = CARTESIAN_POINT('',(-189.7020715932,-99.42894996744,
    86.129116027067));
#3112 = CARTESIAN_POINT('',(-186.1832901976,-98.02589946268,
    114.52070623738));
#3113 = CARTESIAN_POINT('',(-183.0095884472,-87.98857468133,
    142.1372348746));
#3114 = CARTESIAN_POINT('',(-181.4781994502,-69.8312981817,
    166.06506867355));
#3115 = CARTESIAN_POINT('',(-182.7449425392,-45.50664955025,
    183.70819490892));
#3116 = CARTESIAN_POINT('',(-187.4734911796,-18.05194869824,
    193.57597857189));
#3117 = CARTESIAN_POINT('',(-195.730611122,9.306404667526,
    195.51846133109));
#3118 = CARTESIAN_POINT('',(-207.0917589944,33.792479916777,
    190.48918321251));
#3119 = CARTESIAN_POINT('',(-191.9807027348,-93.15092653318,
    60.522948892497));
#3120 = CARTESIAN_POINT('',(-189.261260968,-99.36733159486,
    87.119192901591));
#3121 = CARTESIAN_POINT('',(-185.7537413453,-97.66641293071,
    115.48548875577));
#3122 = CARTESIAN_POINT('',(-182.6294489598,-87.34438087292,
    142.99104214251));
#3123 = CARTESIAN_POINT('',(-181.1827482118,-68.95011142365,
    166.72866301986));
#3124 = CARTESIAN_POINT('',(-182.5602732611,-44.46629464028,
    184.12296889851));
#3125 = CARTESIAN_POINT('',(-187.4119229414,-16.94667279036,
    193.71426309905));
#3126 = CARTESIAN_POINT('',(-195.7901196906,10.382024117922,
    195.38480289778));
#3127 = CARTESIAN_POINT('',(-207.258197551,34.756506089291,
    190.11535609378));
#3128 = CARTESIAN_POINT('',(-191.565230132,-93.3820634958,61.4561156369)
  );
#3129 = CARTESIAN_POINT('',(-188.8201506042,-99.31990359898,
    88.109943000108));
#3130 = CARTESIAN_POINT('',(-185.322306147,-97.32077348239,
    116.45450807677));
#3131 = CARTESIAN_POINT('',(-182.2459041377,-86.712462322,
    143.85249791727));
#3132 = CARTESIAN_POINT('',(-180.8826244198,-68.078489666,
    167.40275209346));
#3133 = CARTESIAN_POINT('',(-182.3700768818,-43.43194971032,
    184.55015696075));
#3134 = CARTESIAN_POINT('',(-187.3444740452,-15.8434493266,
    193.86575580015));
#3135 = CARTESIAN_POINT('',(-195.8438977157,11.459489592213,
    195.26401547578));
#3136 = CARTESIAN_POINT('',(-207.4194928285,35.725826737675,
    189.75308096894));
#3137 = CARTESIAN_POINT('',(-191.1510236918,-93.62655129738,
    62.386438533447));
#3138 = CARTESIAN_POINT('',(-188.3788255251,-99.2866753754,
    89.101175356981));
#3139 = CARTESIAN_POINT('',(-184.8890677327,-96.98904799062,
    117.42757748721));
#3140 = CARTESIAN_POINT('',(-181.8590278526,-86.09294105678,
    144.72143628063));
#3141 = CARTESIAN_POINT('',(-180.5778858428,-67.21660109391,
    168.08720614383));
#3142 = CARTESIAN_POINT('',(-182.1743899649,-42.40381424869,
    184.98967697222));
#3143 = CARTESIAN_POINT('',(-187.2711573877,-14.7424910017,
    194.03042770916));
#3144 = CARTESIAN_POINT('',(-195.8919347287,12.538593430387,
    195.15612257796));
#3145 = CARTESIAN_POINT('',(-207.5756136438,36.70025510955,
    189.40242787665));
#3146 = CARTESIAN_POINT('',(-190.738163233,-93.88434257278,
    63.313738306441));
#3147 = CARTESIAN_POINT('',(-187.9373708032,-99.26765307559,
    90.092698896396));
#3148 = CARTESIAN_POINT('',(-184.4541096444,-96.67130014948,
    118.40450934861));
#3149 = CARTESIAN_POINT('',(-181.4688947371,-85.48593627313,
    145.59768960485));
#3150 = CARTESIAN_POINT('',(-180.2685913037,-66.36461166888,
    168.78189305247));
#3151 = CARTESIAN_POINT('',(-181.9732503286,-41.38208632508,
    185.44144399208));
#3152 = CARTESIAN_POINT('',(-187.1919872058,-13.64400999289,
    194.2082468491));
#3153 = CARTESIAN_POINT('',(-195.9342215727,13.619127598124,
    195.06114477123));
#3154 = CARTESIAN_POINT('',(-207.7265299958,37.679603285613,
    189.06346420032));
#3155 = CARTESIAN_POINT('',(-190.3267282651,-94.15538691871,
    64.237836374405));
#3156 = CARTESIAN_POINT('',(-187.4958715388,-99.26283960564,
    91.084322479857));
#3157 = CARTESIAN_POINT('',(-184.0175158153,-96.36759045866,
    119.38511514392));
#3158 = CARTESIAN_POINT('',(-181.0755801663,-84.89156430523,
    146.4810885945));
#3159 = CARTESIAN_POINT('',(-179.9548006652,-65.52268508764,
    169.48667836588));
#3160 = CARTESIAN_POINT('',(-181.7666970358,-40.36696254144,
    185.90537028348));
#3161 = CARTESIAN_POINT('',(-187.1069790735,-12.54821790723,
    194.39917824022));
#3162 = CARTESIAN_POINT('',(-195.9707504045,14.700883738538,
    194.97909967175));
#3163 = CARTESIAN_POINT('',(-207.8722130729,38.663682226439,
    188.73625465167));
#3164 = DEFINITIONAL_REPRESENTATION('',(#3165),#3169);
#3165 = LINE('',#3166,#3167);
#3166 = CARTESIAN_POINT('',(0.,0.));
#3167 = VECTOR('',#3168,1.);
#3168 = DIRECTION('',(0.,1.));
#3169 = ( GEOMETRIC_REPRESENTATION_CONTEXT(2) 
PARAMETRIC_REPRESENTATION_CONTEXT() REPRESENTATION_CONTEXT('2D SPACE',''
  ) );
#3170 = ORIENTED_EDGE('',*,*,#3171,.F.);
#3171 = EDGE_CURVE('',#2821,#3079,#3172,.T.);
#3172 = SURFACE_CURVE('',#3173,(#3176,#3183),.PCURVE_S1.);
#3173 = B_SPLINE_CURVE_WITH_KNOTS('',1,(#3174,#3175),.UNSPECIFIED.,.F.,
  .F.,(2,2),(0.,44.),.PIECEWISE_BEZIER_KNOTS.);
#3174 = CARTESIAN_POINT('',(-223.7373360887,17.785047452935,
    153.10260493577));
#3175 = CARTESIAN_POINT('',(-206.9202095162,32.833933759264,
    190.87448964894));
#3176 = PCURVE('',#2934,#3177);
#3177 = DEFINITIONAL_REPRESENTATION('',(#3178),#3182);
#3178 = LINE('',#3179,#3180);
#3179 = CARTESIAN_POINT('',(0.,66.666666666667));
#3180 = VECTOR('',#3181,1.);
#3181 = DIRECTION('',(1.,0.));
#3182 = ( GEOMETRIC_REPRESENTATION_CONTEXT(2) 
PARAMETRIC_REPRESENTATION_CONTEXT() REPRESENTATION_CONTEXT('2D SPACE',''
  ) );
#3183 = PCURVE('',#2864,#3184);
#3184 = DEFINITIONAL_REPRESENTATION('',(#3185),#3189);
#3185 = LINE('',#3186,#3187);
#3186 = CARTESIAN_POINT('',(0.,0.));
#3187 = VECTOR('',#3188,1.);
#3188 = DIRECTION('',(1.,0.));
#3189 = ( GEOMETRIC_REPRESENTATION_CONTEXT(2) 
PARAMETRIC_REPRESENTATION_CONTEXT() REPRESENTATION_CONTEXT('2D SPACE',''
  ) );
#3190 = ADVANCED_FACE('',(#3191),#3100,.T.);
#3191 = FACE_BOUND('',#3192,.T.);
#3192 = EDGE_LOOP('',(#3193,#3194,#3285,#3333));
#3193 = ORIENTED_EDGE('',*,*,#3078,.F.);
#3194 = ORIENTED_EDGE('',*,*,#3195,.T.);
#3195 = EDGE_CURVE('',#3038,#3196,#3198,.T.);
#3196 = VERTEX_POINT('',#3197);
#3197 = CARTESIAN_POINT('',(-190.3267282651,-94.15538691871,
    64.237836374405));
#3198 = SURFACE_CURVE('',#3199,(#3207,#3214),.PCURVE_S1.);
#3199 = ( BOUNDED_CURVE() B_SPLINE_CURVE(6,(#3200,#3201,#3202,#3203,
#3204,#3205,#3206),.UNSPECIFIED.,.F.,.F.) B_SPLINE_CURVE_WITH_KNOTS((7,7
),(0.,6.544984694977E-02),.PIECEWISE_BEZIER_KNOTS.) CURVE() 
GEOMETRIC_REPRESENTATION_ITEM() RATIONAL_B_SPLINE_CURVE((1.000053547667,
    1.000017847948,0.999996430156,0.999989291231,0.999996430156,
1.000017847948,1.000053547667)) REPRESENTATION_ITEM('') );
#3200 = CARTESIAN_POINT('',(-192.8151257271,-92.72887932375,
    58.648804166699));
#3201 = CARTESIAN_POINT('',(-192.3973613922,-92.93318472448,
    59.587118225646));
#3202 = CARTESIAN_POINT('',(-191.9807027348,-93.15092653318,
    60.522948892497));
#3203 = CARTESIAN_POINT('',(-191.565230132,-93.3820634958,
    61.456115636901));
#3204 = CARTESIAN_POINT('',(-191.1510236918,-93.62655129738,
    62.386438533447));
#3205 = CARTESIAN_POINT('',(-190.738163233,-93.88434257278,
    63.313738306441));
#3206 = CARTESIAN_POINT('',(-190.3267282651,-94.15538691871,
    64.237836374405));
#3207 = PCURVE('',#3100,#3208);
#3208 = DEFINITIONAL_REPRESENTATION('',(#3209),#3213);
#3209 = LINE('',#3210,#3211);
#3210 = CARTESIAN_POINT('',(0.,0.));
#3211 = VECTOR('',#3212,1.);
#3212 = DIRECTION('',(1.,0.));
#3213 = ( GEOMETRIC_REPRESENTATION_CONTEXT(2) 
PARAMETRIC_REPRESENTATION_CONTEXT() REPRESENTATION_CONTEXT('2D SPACE',''
  ) );
#3214 = PCURVE('',#3215,#3279);
#3215 = ( BOUNDED_SURFACE() B_SPLINE_SURFACE(6,8,(
    (#3216,#3217,#3218,#3219,#3220,#3221,#3222,#3223,#3224)
    ,(#3225,#3226,#3227,#3228,#3229,#3230,#3231,#3232,#3233)
    ,(#3234,#3235,#3236,#3237,#3238,#3239,#3240,#3241,#3242)
    ,(#3243,#3244,#3245,#3246,#3247,#3248,#3249,#3250,#3251)
    ,(#3252,#3253,#3254,#3255,#3256,#3257,#3258,#3259,#3260)
    ,(#3261,#3262,#3263,#3264,#3265,#3266,#3267,#3268,#3269)
    ,(#3270,#3271,#3272,#3273,#3274,#3275,#3276,#3277,#3278
)),.UNSPECIFIED.,.F.,.F.,.F.) B_SPLINE_SURFACE_WITH_KNOTS((7,7),(9,9),(
    0.,6.544984694977E-02),(0.,66.666666666667),
.PIECEWISE_BEZIER_KNOTS.) GEOMETRIC_REPRESENTATION_ITEM() 
RATIONAL_B_SPLINE_SURFACE((
    (1.000053547667,1.000053547667,1.000053547667,1.000053547667
      ,1.000053547667,1.000053547667,1.000053547667,1.000053547667
      ,1.000053547667)
    ,(1.000017847948,1.000017847948,1.000017847948,1.000017847948
      ,1.000017847948,1.000017847948,1.000017847948,1.000017847948
      ,1.000017847948)
    ,(0.999996430156,0.999996430156,0.999996430156,0.999996430156
      ,0.999996430156,0.999996430156,0.999996430156,0.999996430156
      ,0.999996430156)
    ,(0.999989291231,0.999989291231,0.999989291231,0.999989291231
      ,0.999989291231,0.999989291231,0.999989291231,0.999989291231
      ,0.999989291231)
    ,(0.999996430156,0.999996430156,0.999996430156,0.999996430156
      ,0.999996430156,0.999996430156,0.999996430156,0.999996430156
      ,0.999996430156)
    ,(1.000017847948,1.000017847948,1.000017847948,1.000017847948
      ,1.000017847948,1.000017847948,1.000017847948,1.000017847948
      ,1.000017847948)
    ,(1.000053547667,1.000053547667,1.000053547667,1.000053547667
      ,1.000053547667,1.000053547667,1.000053547667,1.000053547667
,1.000053547667))) REPRESENTATION_ITEM('') SURFACE() );
#3216 = CARTESIAN_POINT('',(-146.9048073781,73.540266539422,
    -2.141154891469));
#3217 = CARTESIAN_POINT('',(-162.6747881954,56.71212626934,
    -17.07283393431));
#3218 = CARTESIAN_POINT('',(-176.3115360178,33.633380335204,
    -27.21319322343));
#3219 = CARTESIAN_POINT('',(-186.8906382731,6.212266594665,
    -30.48596812735));
#3220 = CARTESIAN_POINT('',(-193.8261631978,-22.65725011888,
    -25.57513435816));
#3221 = CARTESIAN_POINT('',(-197.0904267938,-49.52572007254,
    -12.41851263788));
#3222 = CARTESIAN_POINT('',(-197.3014601454,-71.29564507215,
    7.595776490313));
#3223 = CARTESIAN_POINT('',(-195.4877539276,-85.95301256789,
    32.157705148858));
#3224 = CARTESIAN_POINT('',(-192.8151257271,-92.72887932375,
    58.648804166699));
#3225 = CARTESIAN_POINT('',(-147.2124974569,72.816089909268,
    -2.832238123264));
#3226 = CARTESIAN_POINT('',(-162.9021524483,55.781650418879,
    -17.58350240742));
#3227 = CARTESIAN_POINT('',(-176.4324220772,32.558155757888,
    -27.48470775829));
#3228 = CARTESIAN_POINT('',(-186.8880019656,5.077222035416,
    -30.48004688366));
#3229 = CARTESIAN_POINT('',(-193.6961913244,-23.75356957882,
    -25.28321275076));
#3230 = CARTESIAN_POINT('',(-196.8445982317,-50.48648950994,
    -11.86637264751));
#3231 = CARTESIAN_POINT('',(-196.964526901,-72.04278964907,8.35254094751
    ));
#3232 = CARTESIAN_POINT('',(-195.0926511913,-86.43741948152,
    33.045120424227));
#3233 = CARTESIAN_POINT('',(-192.3973613922,-92.93318472448,
    59.587118225646));
#3234 = CARTESIAN_POINT('',(-147.5240300761,72.101846878109,
    -3.531951842369));
#3235 = CARTESIAN_POINT('',(-163.1344610786,54.858531831131,
    -18.10527613407));
#3236 = CARTESIAN_POINT('',(-176.559027759,31.486867792769,
    -27.76906877542));
#3237 = CARTESIAN_POINT('',(-186.8914090708,3.942141256552,
    -30.48769936738));
#3238 = CARTESIAN_POINT('',(-193.5720621354,-24.85402503441,
    -25.00441402765));
#3239 = CARTESIAN_POINT('',(-196.6038956108,-51.45512943549,
    -11.3257457093));
#3240 = CARTESIAN_POINT('',(-196.6315861012,-72.80074594273,
    9.100338227329));
#3241 = CARTESIAN_POINT('',(-194.7001445015,-86.93452147149,
    33.926704883404));
#3242 = CARTESIAN_POINT('',(-191.9807027348,-93.15092653318,
    60.522948892497));
#3243 = CARTESIAN_POINT('',(-147.8393453884,71.397675660389,
    -4.240161629088));
#3244 = CARTESIAN_POINT('',(-163.3716695697,53.942948846937,
    -18.63805512804));
#3245 = CARTESIAN_POINT('',(-176.691328964,30.419723159719,
    -28.06622214721));
#3246 = CARTESIAN_POINT('',(-186.9008592557,2.807243062392,
    -30.5089248301));
#3247 = CARTESIAN_POINT('',(-193.4537998718,-25.95840457547,
    -24.73879263471));
#3248 = CARTESIAN_POINT('',(-196.3683656049,-52.43145354865,
    -10.79673665477));
#3249 = CARTESIAN_POINT('',(-196.3027021399,-73.56936842295,
    9.839023698903));
#3250 = CARTESIAN_POINT('',(-194.3103096598,-87.44422339262,
    34.802288273693));
#3251 = CARTESIAN_POINT('',(-191.565230132,-93.3820634958,
    61.456115636901));
#3252 = CARTESIAN_POINT('',(-148.1583826808,70.70371217244,
    -4.956731120105));
#3253 = CARTESIAN_POINT('',(-163.6137322844,53.035078089224,
    -19.18173688698));
#3254 = CARTESIAN_POINT('',(-176.8293002916,29.356927636228,
    -28.37611082254));
#3255 = CARTESIAN_POINT('',(-186.9163508064,1.672746219933,
    -30.54371942273));
#3256 = CARTESIAN_POINT('',(-193.3414274347,-27.06649539112,
    -24.48640000857));
#3257 = CARTESIAN_POINT('',(-196.1380537074,-53.41527378972,
    -10.2794476635));
#3258 = CARTESIAN_POINT('',(-195.9779384852,-74.34850911999,
    10.568454810054));
#3259 = CARTESIAN_POINT('',(-193.9232218586,-87.96642721937,
    35.671701709913));
#3260 = CARTESIAN_POINT('',(-191.1510236918,-93.62655129738,
    62.386438533447));
#3261 = CARTESIAN_POINT('',(-148.4810803902,70.020089998506,
    -5.681522042226));
#3262 = CARTESIAN_POINT('',(-163.8606024769,52.13509441896,
    -19.73621641764));
#3263 = CARTESIAN_POINT('',(-176.9729150453,28.298686006178,
    -28.69867484079));
#3264 = CARTESIAN_POINT('',(-186.9378806291,0.538869404478,
    -30.59207619611));
#3265 = CARTESIAN_POINT('',(-193.2349663795,-28.17808382257,
    -24.24728456353));
#3266 = CARTESIAN_POINT('',(-195.9130042194,-54.40640038642,
    -9.773978237441));
#3267 = CARTESIAN_POINT('',(-195.6573576643,-75.13801766105,
    11.288491122876));
#3268 = CARTESIAN_POINT('',(-193.5389556629,-88.50103206997,
    36.534777716487));
#3269 = CARTESIAN_POINT('',(-190.738163233,-93.88434257278,
    63.313738306441));
#3270 = CARTESIAN_POINT('',(-148.8073761184,69.346940357737,
    -6.414394246896));
#3271 = CARTESIAN_POINT('',(-164.1122323038,51.243170891845,
    -20.30138626222));
#3272 = CARTESIAN_POINT('',(-177.1221452405,27.245202009019,
    -29.03385134689));
#3273 = CARTESIAN_POINT('',(-186.9654442503,-0.594168854697,
    -30.65398510302));
#3274 = CARTESIAN_POINT('',(-193.1344369108,-29.29295541635,
    -24.02149167988));
#3275 = CARTESIAN_POINT('',(-195.6932602389,-55.40464190115,
    -9.280425176441));
#3276 = CARTESIAN_POINT('',(-195.3410212473,-75.9377413079,
    11.998994348472));
#3277 = CARTESIAN_POINT('',(-193.1575849915,-89.04793423177,
    37.391350268953));
#3278 = CARTESIAN_POINT('',(-190.3267282651,-94.15538691871,
    64.237836374405));
#3279 = DEFINITIONAL_REPRESENTATION('',(#3280),#3284);
#3280 = LINE('',#3281,#3282);
#3281 = CARTESIAN_POINT('',(0.,66.666666666667));
#3282 = VECTOR('',#3283,1.);
#3283 = DIRECTION('',(1.,0.));
#3284 = ( GEOMETRIC_REPRESENTATION_CONTEXT(2) 
PARAMETRIC_REPRESENTATION_CONTEXT() REPRESENTATION_CONTEXT('2D SPACE',''
  ) );
#3285 = ORIENTED_EDGE('',*,*,#3286,.T.);
#3286 = EDGE_CURVE('',#3196,#3287,#3289,.T.);
#3287 = VERTEX_POINT('',#3288);
#3288 = CARTESIAN_POINT('',(-207.8722130729,38.663682226439,
    188.73625465167));
#3289 = SURFACE_CURVE('',#3290,(#3300,#3307),.PCURVE_S1.);
#3290 = ( BOUNDED_CURVE() B_SPLINE_CURVE(8,(#3291,#3292,#3293,#3294,
    #3295,#3296,#3297,#3298,#3299),.UNSPECIFIED.,.F.,.F.) 
B_SPLINE_CURVE_WITH_KNOTS((9,9),(0.,66.666666666667),
.PIECEWISE_BEZIER_KNOTS.) CURVE() GEOMETRIC_REPRESENTATION_ITEM() 
RATIONAL_B_SPLINE_CURVE((1.000053547667,1.000053547667,1.000053547667,
    1.000053547667,1.000053547667,1.000053547667,1.000053547667,
1.000053547667,1.000053547667)) REPRESENTATION_ITEM('') );
#3291 = CARTESIAN_POINT('',(-190.3267282651,-94.15538691871,
    64.237836374405));
#3292 = CARTESIAN_POINT('',(-187.4958715388,-99.26283960564,
    91.084322479857));
#3293 = CARTESIAN_POINT('',(-184.0175158153,-96.36759045866,
    119.38511514392));
#3294 = CARTESIAN_POINT('',(-181.0755801663,-84.89156430523,
    146.4810885945));
#3295 = CARTESIAN_POINT('',(-179.9548006652,-65.52268508764,
    169.48667836588));
#3296 = CARTESIAN_POINT('',(-181.7666970358,-40.36696254144,
    185.90537028348));
#3297 = CARTESIAN_POINT('',(-187.1069790735,-12.54821790723,
    194.39917824022));
#3298 = CARTESIAN_POINT('',(-195.9707504045,14.700883738538,
    194.97909967175));
#3299 = CARTESIAN_POINT('',(-207.8722130729,38.663682226439,
    188.73625465167));
#3300 = PCURVE('',#3100,#3301);
#3301 = DEFINITIONAL_REPRESENTATION('',(#3302),#3306);
#3302 = LINE('',#3303,#3304);
#3303 = CARTESIAN_POINT('',(6.544984694977E-02,0.));
#3304 = VECTOR('',#3305,1.);
#3305 = DIRECTION('',(0.,1.));
#3306 = ( GEOMETRIC_REPRESENTATION_CONTEXT(2) 
PARAMETRIC_REPRESENTATION_CONTEXT() REPRESENTATION_CONTEXT('2D SPACE',''
  ) );
#3307 = PCURVE('',#3308,#3327);
#3308 = B_SPLINE_SURFACE_WITH_KNOTS('',1,8,(
    (#3309,#3310,#3311,#3312,#3313,#3314,#3315,#3316,#3317)
    ,(#3318,#3319,#3320,#3321,#3322,#3323,#3324,#3325,#3326
  )),.UNSPECIFIED.,.F.,.F.,.F.,(2,2),(9,9),(0.,44.),(0.,66.666666666667)
  ,.PIECEWISE_BEZIER_KNOTS.);
#3309 = CARTESIAN_POINT('',(-190.3267282651,-94.15538691871,
    64.237836374405));
#3310 = CARTESIAN_POINT('',(-187.4958715388,-99.26283960564,
    91.084322479857));
#3311 = CARTESIAN_POINT('',(-184.0175158153,-96.36759045866,
    119.38511514392));
#3312 = CARTESIAN_POINT('',(-181.0755801663,-84.89156430523,
    146.4810885945));
#3313 = CARTESIAN_POINT('',(-179.9548006652,-65.52268508764,
    169.48667836588));
#3314 = CARTESIAN_POINT('',(-181.7666970358,-40.36696254144,
    185.90537028348));
#3315 = CARTESIAN_POINT('',(-187.1069790735,-12.54821790723,
    194.39917824022));
#3316 = CARTESIAN_POINT('',(-195.9707504045,14.700883738538,
    194.97909967175));
#3317 = CARTESIAN_POINT('',(-207.8722130729,38.663682226439,
    188.73625465167));
#3318 = CARTESIAN_POINT('',(-186.8353114275,-51.00083458096,
    72.079686984751));
#3319 = CARTESIAN_POINT('',(-188.7911668237,-53.76737145305,
    88.175041636952));
#3320 = CARTESIAN_POINT('',(-190.3962935964,-52.19911149844,
    105.05814567507));
#3321 = CARTESIAN_POINT('',(-192.2919812428,-45.98293066533,
    121.28863930588));
#3322 = CARTESIAN_POINT('',(-195.1741284693,-35.49145442247,
    135.30350844379));
#3323 = CARTESIAN_POINT('',(-199.6448084596,-21.86543804328,
    145.75047457757));
#3324 = CARTESIAN_POINT('',(-206.026697353,-6.796951366418,
    151.90479523255));
#3325 = CARTESIAN_POINT('',(-214.3171429469,7.962978691708,
    153.77242735305));
#3326 = CARTESIAN_POINT('',(-224.2530046819,20.942827872654,
    151.94439431225));
#3327 = DEFINITIONAL_REPRESENTATION('',(#3328),#3332);
#3328 = LINE('',#3329,#3330);
#3329 = CARTESIAN_POINT('',(0.,0.));
#3330 = VECTOR('',#3331,1.);
#3331 = DIRECTION('',(0.,1.));
#3332 = ( GEOMETRIC_REPRESENTATION_CONTEXT(2) 
PARAMETRIC_REPRESENTATION_CONTEXT() REPRESENTATION_CONTEXT('2D SPACE',''
  ) );
#3333 = ORIENTED_EDGE('',*,*,#3334,.F.);
#3334 = EDGE_CURVE('',#3079,#3287,#3335,.T.);
#3335 = SURFACE_CURVE('',#3336,(#3344,#3351),.PCURVE_S1.);
#3336 = ( BOUNDED_CURVE() B_SPLINE_CURVE(6,(#3337,#3338,#3339,#3340,
#3341,#3342,#3343),.UNSPECIFIED.,.F.,.F.) B_SPLINE_CURVE_WITH_KNOTS((7,7
),(0.,6.544984694977E-02),.PIECEWISE_BEZIER_KNOTS.) CURVE() 
GEOMETRIC_REPRESENTATION_ITEM() RATIONAL_B_SPLINE_CURVE((1.000053547667,
    1.000017847948,0.999996430156,0.999989291231,0.999996430156,
1.000017847948,1.000053547667)) REPRESENTATION_ITEM('') );
#3337 = CARTESIAN_POINT('',(-206.9202095162,32.833933759264,
    190.87448964894));
#3338 = CARTESIAN_POINT('',(-207.0917589944,33.792479916777,
    190.48918321251));
#3339 = CARTESIAN_POINT('',(-207.258197551,34.756506089291,
    190.11535609378));
#3340 = CARTESIAN_POINT('',(-207.4194928285,35.725826737675,
    189.75308096894));
#3341 = CARTESIAN_POINT('',(-207.5756136438,36.70025510955,
    189.40242787665));
#3342 = CARTESIAN_POINT('',(-207.7265299958,37.679603285613,
    189.06346420032));
#3343 = CARTESIAN_POINT('',(-207.8722130729,38.663682226439,
    188.73625465167));
#3344 = PCURVE('',#3100,#3345);
#3345 = DEFINITIONAL_REPRESENTATION('',(#3346),#3350);
#3346 = LINE('',#3347,#3348);
#3347 = CARTESIAN_POINT('',(0.,66.666666666667));
#3348 = VECTOR('',#3349,1.);
#3349 = DIRECTION('',(1.,0.));
#3350 = ( GEOMETRIC_REPRESENTATION_CONTEXT(2) 
PARAMETRIC_REPRESENTATION_CONTEXT() REPRESENTATION_CONTEXT('2D SPACE',''
  ) );
#3351 = PCURVE('',#3352,#3416);
#3352 = ( BOUNDED_SURFACE() B_SPLINE_SURFACE(6,8,(
    (#3353,#3354,#3355,#3356,#3357,#3358,#3359,#3360,#3361)
    ,(#3362,#3363,#3364,#3365,#3366,#3367,#3368,#3369,#3370)
    ,(#3371,#3372,#3373,#3374,#3375,#3376,#3377,#3378,#3379)
    ,(#3380,#3381,#3382,#3383,#3384,#3385,#3386,#3387,#3388)
    ,(#3389,#3390,#3391,#3392,#3393,#3394,#3395,#3396,#3397)
    ,(#3398,#3399,#3400,#3401,#3402,#3403,#3404,#3405,#3406)
    ,(#3407,#3408,#3409,#3410,#3411,#3412,#3413,#3414,#3415
)),.UNSPECIFIED.,.F.,.F.,.F.) B_SPLINE_SURFACE_WITH_KNOTS((7,7),(9,9),(
    0.,6.544984694977E-02),(0.,66.666666666667),
.PIECEWISE_BEZIER_KNOTS.) GEOMETRIC_REPRESENTATION_ITEM() 
RATIONAL_B_SPLINE_SURFACE((
    (1.000053547667,1.000053547667,1.000053547667,1.000053547667
      ,1.000053547667,1.000053547667,1.000053547667,1.000053547667
      ,1.000053547667)
    ,(1.000017847948,1.000017847948,1.000017847948,1.000017847948
      ,1.000017847948,1.000017847948,1.000017847948,1.000017847948
      ,1.000017847948)
    ,(0.999996430156,0.999996430156,0.999996430156,0.999996430156
      ,0.999996430156,0.999996430156,0.999996430156,0.999996430156
      ,0.999996430156)
    ,(0.999989291231,0.999989291231,0.999989291231,0.999989291231
      ,0.999989291231,0.999989291231,0.999989291231,0.999989291231
      ,0.999989291231)
    ,(0.999996430156,0.999996430156,0.999996430156,0.999996430156
      ,0.999996430156,0.999996430156,0.999996430156,0.999996430156
      ,0.999996430156)
    ,(1.000017847948,1.000017847948,1.000017847948,1.000017847948
      ,1.000017847948,1.000017847948,1.000017847948,1.000017847948
      ,1.000017847948)
    ,(1.000053547667,1.000053547667,1.000053547667,1.000053547667
      ,1.000053547667,1.000053547667,1.000053547667,1.000053547667
,1.000053547667))) REPRESENTATION_ITEM('') SURFACE() );
#3353 = CARTESIAN_POINT('',(-206.9202095162,32.833933759264,
    190.87448964894));
#3354 = CARTESIAN_POINT('',(-218.1750352449,57.435029043377,
    186.08401497484));
#3355 = CARTESIAN_POINT('',(-232.5484975057,79.245502221566,
    174.28896796527));
#3356 = CARTESIAN_POINT('',(-249.6274213467,95.477006791747,
    156.41735475619));
#3357 = CARTESIAN_POINT('',(-268.506112395,103.78605743428,
    134.50339821505));
#3358 = CARTESIAN_POINT('',(-287.8756338455,102.92891390662,
    111.48701854066));
#3359 = CARTESIAN_POINT('',(-306.3407198184,93.274020252883,
    90.502034208581));
#3360 = CARTESIAN_POINT('',(-322.779835241,76.508688260628,
    74.067454235535));
#3361 = CARTESIAN_POINT('',(-336.5003512031,55.0633378897,
    63.738948624096));
#3362 = CARTESIAN_POINT('',(-207.0917589944,33.792479916777,
    190.48918321251));
#3363 = CARTESIAN_POINT('',(-218.4529068667,58.278555166027,
    185.45990509394));
#3364 = CARTESIAN_POINT('',(-232.9181108522,79.892536409937,
    173.45880279687));
#3365 = CARTESIAN_POINT('',(-250.0621454719,95.859124175235,
    155.4409483844));
#3366 = CARTESIAN_POINT('',(-268.9695868283,103.86074389248,
    133.46241759391));
#3367 = CARTESIAN_POINT('',(-288.3269253754,102.68957326856,
    110.47340116871));
#3368 = CARTESIAN_POINT('',(-306.7415219776,92.751134456137,
    89.60181781993));
#3369 = CARTESIAN_POINT('',(-323.1001122532,75.761550632641,
    73.34810028823));
#3370 = CARTESIAN_POINT('',(-336.7213220613,54.168044312225,
    63.242639950563));
#3371 = CARTESIAN_POINT('',(-207.258197551,34.756506089291,
    190.11535609378));
#3372 = CARTESIAN_POINT('',(-218.7262754114,59.130988060661,
    184.84590928977));
#3373 = CARTESIAN_POINT('',(-233.2842633703,80.551438367212,
    172.6364107765));
#3374 = CARTESIAN_POINT('',(-250.4948164716,96.255216176204,
    154.46915340798));
#3375 = CARTESIAN_POINT('',(-269.4326437542,103.95034342718,
    132.42237471013));
#3376 = CARTESIAN_POINT('',(-288.7794718892,102.46476707051,
    109.45696505681));
#3377 = CARTESIAN_POINT('',(-307.1450909588,92.241170316941,
    88.695387047531));
#3378 = CARTESIAN_POINT('',(-323.4243535176,75.024752680159,
    72.619842484785));
#3379 = CARTESIAN_POINT('',(-336.9470502505,53.279900727762,
    62.735646136863));
#3380 = CARTESIAN_POINT('',(-207.4194928285,35.725826737675,
    189.75308096894));
#3381 = CARTESIAN_POINT('',(-218.9950879414,59.992163883137,
    184.2421464621));
#3382 = CARTESIAN_POINT('',(-233.6468842924,81.222081714199,
    171.82195085049));
#3383 = CARTESIAN_POINT('',(-250.9253508312,96.665207189368,
    153.50215740399));
#3384 = CARTESIAN_POINT('',(-269.8951938879,104.05483956505,
    131.38347009996));
#3385 = CARTESIAN_POINT('',(-289.233186218,102.2545394259,108.4379059895
    ));
#3386 = CARTESIAN_POINT('',(-307.5513491151,91.744226831484,
    87.782916288693));
#3387 = CARTESIAN_POINT('',(-323.7524967434,74.298436987217,
    71.882820732622));
#3388 = CARTESIAN_POINT('',(-337.1774925123,52.399078724025,
    62.218064342621));
#3389 = CARTESIAN_POINT('',(-207.5756136438,36.70025510955,
    189.40242787665));
#3390 = CARTESIAN_POINT('',(-219.2592925589,60.861916788713,
    183.64873317533));
#3391 = CARTESIAN_POINT('',(-234.0059036564,81.904337386853,
    171.0155801563));
#3392 = CARTESIAN_POINT('',(-251.3536655223,97.08901843273,
    152.5401468569));
#3393 = CARTESIAN_POINT('',(-270.357148059,104.17421242927,
    130.34590404369));
#3394 = CARTESIAN_POINT('',(-289.6879809243,102.05893111864,
    107.41642035447));
#3395 = CARTESIAN_POINT('',(-307.9602181841,91.260400023381,
    86.86458132406));
#3396 = CARTESIAN_POINT('',(-324.084478747,73.58274374606,
    71.137176944088));
#3397 = CARTESIAN_POINT('',(-337.4126045107,51.525748219569,
    61.689994148225));
#3398 = CARTESIAN_POINT('',(-207.7265299958,37.679603285614,
    189.06346420032));
#3399 = CARTESIAN_POINT('',(-219.5188384188,61.740078973103,
    183.06578362941));
#3400 = CARTESIAN_POINT('',(-234.3612523231,82.598073668143,
    170.21745398331));
#3401 = CARTESIAN_POINT('',(-251.7796780239,97.52656796688,
    151.58330711218));
#3402 = CARTESIAN_POINT('',(-270.8184172332,104.30843874429,
    129.30987651578));
#3403 = CARTESIAN_POINT('',(-290.143768324,101.87797959264,
    106.39270509377));
#3404 = CARTESIAN_POINT('',(-308.3716193066,90.78978291958,
    85.940559274037));
#3405 = CARTESIAN_POINT('',(-324.4202354682,72.877810722094,
    70.38305500134));
#3406 = CARTESIAN_POINT('',(-337.6523408428,50.66007742142,
    61.151537530269));
#3407 = CARTESIAN_POINT('',(-207.8722130729,38.663682226439,
    188.73625465167));
#3408 = CARTESIAN_POINT('',(-219.7736757414,62.62648071434,
    182.49340963158));
#3409 = CARTESIAN_POINT('',(-234.7128619932,83.303156221016,
    169.42772573433));
#3410 = CARTESIAN_POINT('',(-252.2033063424,97.977770715622,
    150.63182233036));
#3411 = CARTESIAN_POINT('',(-271.2789125344,104.4574918418,
    128.27558713521));
#3412 = CARTESIAN_POINT('',(-290.6004605077,101.71171894283,
    105.36695765487));
#3413 = CARTESIAN_POINT('',(-308.7854730468,90.33246552748,
    85.011028554638));
#3414 = CARTESIAN_POINT('',(-324.7597019853,72.18377321985,
    69.620600720434));
#3415 = CARTESIAN_POINT('',(-337.8966550502,49.80223278341,
    60.602798836018));
#3416 = DEFINITIONAL_REPRESENTATION('',(#3417),#3421);
#3417 = LINE('',#3418,#3419);
#3418 = CARTESIAN_POINT('',(0.,0.));
#3419 = VECTOR('',#3420,1.);
#3420 = DIRECTION('',(1.,0.));
#3421 = ( GEOMETRIC_REPRESENTATION_CONTEXT(2) 
PARAMETRIC_REPRESENTATION_CONTEXT() REPRESENTATION_CONTEXT('2D SPACE',''
  ) );
#3422 = ADVANCED_FACE('',(#3423),#3352,.T.);
#3423 = FACE_BOUND('',#3424,.T.);
#3424 = EDGE_LOOP('',(#3425,#3454,#3455,#3503));
#3425 = ORIENTED_EDGE('',*,*,#3426,.F.);
#3426 = EDGE_CURVE('',#3079,#3427,#3429,.T.);
#3427 = VERTEX_POINT('',#3428);
#3428 = CARTESIAN_POINT('',(-336.5003512031,55.0633378897,
    63.738948624096));
#3429 = SURFACE_CURVE('',#3430,(#3440,#3447),.PCURVE_S1.);
#3430 = B_SPLINE_CURVE_WITH_KNOTS('',8,(#3431,#3432,#3433,#3434,#3435,
    #3436,#3437,#3438,#3439),.UNSPECIFIED.,.F.,.F.,(9,9),(0.,
    66.666666666667),.PIECEWISE_BEZIER_KNOTS.);
#3431 = CARTESIAN_POINT('',(-206.9202095162,32.833933759264,
    190.87448964894));
#3432 = CARTESIAN_POINT('',(-218.1750352449,57.435029043377,
    186.08401497484));
#3433 = CARTESIAN_POINT('',(-232.5484975057,79.245502221566,
    174.28896796527));
#3434 = CARTESIAN_POINT('',(-249.6274213467,95.477006791747,
    156.4173547562));
#3435 = CARTESIAN_POINT('',(-268.506112395,103.78605743428,
    134.50339821504));
#3436 = CARTESIAN_POINT('',(-287.8756338455,102.92891390662,
    111.48701854067));
#3437 = CARTESIAN_POINT('',(-306.3407198184,93.274020252882,
    90.50203420858));
#3438 = CARTESIAN_POINT('',(-322.779835241,76.508688260629,
    74.067454235535));
#3439 = CARTESIAN_POINT('',(-336.5003512031,55.0633378897,
    63.738948624096));
#3440 = PCURVE('',#3352,#3441);
#3441 = DEFINITIONAL_REPRESENTATION('',(#3442),#3446);
#3442 = LINE('',#3443,#3444);
#3443 = CARTESIAN_POINT('',(0.,0.));
#3444 = VECTOR('',#3445,1.);
#3445 = DIRECTION('',(0.,1.));
#3446 = ( GEOMETRIC_REPRESENTATION_CONTEXT(2) 
PARAMETRIC_REPRESENTATION_CONTEXT() REPRESENTATION_CONTEXT('2D SPACE',''
  ) );
#3447 = PCURVE('',#2864,#3448);
#3448 = DEFINITIONAL_REPRESENTATION('',(#3449),#3453);
#3449 = LINE('',#3450,#3451);
#3450 = CARTESIAN_POINT('',(44.,0.));
#3451 = VECTOR('',#3452,1.);
#3452 = DIRECTION('',(0.,1.));
#3453 = ( GEOMETRIC_REPRESENTATION_CONTEXT(2) 
PARAMETRIC_REPRESENTATION_CONTEXT() REPRESENTATION_CONTEXT('2D SPACE',''
  ) );
#3454 = ORIENTED_EDGE('',*,*,#3334,.T.);
#3455 = ORIENTED_EDGE('',*,*,#3456,.T.);
#3456 = EDGE_CURVE('',#3287,#3457,#3459,.T.);
#3457 = VERTEX_POINT('',#3458);
#3458 = CARTESIAN_POINT('',(-337.8966550502,49.80223278341,
    60.602798836018));
#3459 = SURFACE_CURVE('',#3460,(#3470,#3477),.PCURVE_S1.);
#3460 = ( BOUNDED_CURVE() B_SPLINE_CURVE(8,(#3461,#3462,#3463,#3464,
    #3465,#3466,#3467,#3468,#3469),.UNSPECIFIED.,.F.,.F.) 
B_SPLINE_CURVE_WITH_KNOTS((9,9),(0.,66.666666666667),
.PIECEWISE_BEZIER_KNOTS.) CURVE() GEOMETRIC_REPRESENTATION_ITEM() 
RATIONAL_B_SPLINE_CURVE((1.000053547667,1.000053547667,1.000053547667,
    1.000053547667,1.000053547667,1.000053547667,1.000053547667,
1.000053547667,1.000053547667)) REPRESENTATION_ITEM('') );
#3461 = CARTESIAN_POINT('',(-207.8722130729,38.663682226439,
    188.73625465167));
#3462 = CARTESIAN_POINT('',(-219.7736757414,62.62648071434,
    182.49340963158));
#3463 = CARTESIAN_POINT('',(-234.7128619932,83.303156221016,
    169.42772573433));
#3464 = CARTESIAN_POINT('',(-252.2033063424,97.977770715622,
    150.63182233036));
#3465 = CARTESIAN_POINT('',(-271.2789125344,104.4574918418,
    128.27558713521));
#3466 = CARTESIAN_POINT('',(-290.6004605077,101.71171894283,
    105.36695765487));
#3467 = CARTESIAN_POINT('',(-308.7854730468,90.33246552748,
    85.011028554638));
#3468 = CARTESIAN_POINT('',(-324.7597019853,72.18377321985,
    69.620600720434));
#3469 = CARTESIAN_POINT('',(-337.8966550502,49.80223278341,
    60.602798836018));
#3470 = PCURVE('',#3352,#3471);
#3471 = DEFINITIONAL_REPRESENTATION('',(#3472),#3476);
#3472 = LINE('',#3473,#3474);
#3473 = CARTESIAN_POINT('',(6.544984694977E-02,0.));
#3474 = VECTOR('',#3475,1.);
#3475 = DIRECTION('',(0.,1.));
#3476 = ( GEOMETRIC_REPRESENTATION_CONTEXT(2) 
PARAMETRIC_REPRESENTATION_CONTEXT() REPRESENTATION_CONTEXT('2D SPACE',''
  ) );
#3477 = PCURVE('',#3478,#3497);
#3478 = B_SPLINE_SURFACE_WITH_KNOTS('',1,8,(
    (#3479,#3480,#3481,#3482,#3483,#3484,#3485,#3486,#3487)
    ,(#3488,#3489,#3490,#3491,#3492,#3493,#3494,#3495,#3496
  )),.UNSPECIFIED.,.F.,.F.,.F.,(2,2),(9,9),(0.,44.),(0.,66.666666666667)
  ,.PIECEWISE_BEZIER_KNOTS.);
#3479 = CARTESIAN_POINT('',(-207.8722130729,38.663682226439,
    188.73625465167));
#3480 = CARTESIAN_POINT('',(-219.7736757414,62.62648071434,
    182.49340963158));
#3481 = CARTESIAN_POINT('',(-234.7128619932,83.303156221015,
    169.42772573433));
#3482 = CARTESIAN_POINT('',(-252.2033063424,97.977770715623,
    150.63182233037));
#3483 = CARTESIAN_POINT('',(-271.2789125344,104.4574918418,
    128.27558713521));
#3484 = CARTESIAN_POINT('',(-290.6004605077,101.71171894283,
    105.36695765487));
#3485 = CARTESIAN_POINT('',(-308.7854730468,90.332465527479,
    85.011028554638));
#3486 = CARTESIAN_POINT('',(-324.7597019853,72.183773219851,
    69.620600720434));
#3487 = CARTESIAN_POINT('',(-337.8966550502,49.80223278341,
    60.602798836018));
#3488 = CARTESIAN_POINT('',(-224.2530046819,20.942827872654,
    151.94439431225));
#3489 = CARTESIAN_POINT('',(-234.1888664169,33.922677053601,
    150.11636127145));
#3490 = CARTESIAN_POINT('',(-245.7701617596,45.12254295305,
    144.59262383885));
#3491 = CARTESIAN_POINT('',(-258.7333885717,53.071292470962,
    135.96501750679));
#3492 = CARTESIAN_POINT('',(-272.5552447153,56.58114141431,
    125.40889812116));
#3493 = CARTESIAN_POINT('',(-286.5103193238,55.093847760704,
    114.55356516439));
#3494 = CARTESIAN_POINT('',(-299.849770572,48.930085494051,
    105.08094491351));
#3495 = CARTESIAN_POINT('',(-311.9917140367,39.099543827419,
    98.297971181734));
#3496 = CARTESIAN_POINT('',(-322.5967997364,26.976209424347,
    94.96683650609));
#3497 = DEFINITIONAL_REPRESENTATION('',(#3498),#3502);
#3498 = LINE('',#3499,#3500);
#3499 = CARTESIAN_POINT('',(0.,0.));
#3500 = VECTOR('',#3501,1.);
#3501 = DIRECTION('',(0.,1.));
#3502 = ( GEOMETRIC_REPRESENTATION_CONTEXT(2) 
PARAMETRIC_REPRESENTATION_CONTEXT() REPRESENTATION_CONTEXT('2D SPACE',''
  ) );
#3503 = ORIENTED_EDGE('',*,*,#3504,.F.);
#3504 = EDGE_CURVE('',#3427,#3457,#3505,.T.);
#3505 = SURFACE_CURVE('',#3506,(#3514,#3521),.PCURVE_S1.);
#3506 = ( BOUNDED_CURVE() B_SPLINE_CURVE(6,(#3507,#3508,#3509,#3510,
#3511,#3512,#3513),.UNSPECIFIED.,.F.,.F.) B_SPLINE_CURVE_WITH_KNOTS((7,7
),(0.,6.544984694977E-02),.PIECEWISE_BEZIER_KNOTS.) CURVE() 
GEOMETRIC_REPRESENTATION_ITEM() RATIONAL_B_SPLINE_CURVE((1.000053547667,
    1.000017847948,0.999996430156,0.999989291231,0.999996430156,
1.000017847948,1.000053547667)) REPRESENTATION_ITEM('') );
#3507 = CARTESIAN_POINT('',(-336.5003512031,55.0633378897,
    63.738948624096));
#3508 = CARTESIAN_POINT('',(-336.7213220613,54.168044312225,
    63.242639950563));
#3509 = CARTESIAN_POINT('',(-336.9470502505,53.279900727762,
    62.735646136863));
#3510 = CARTESIAN_POINT('',(-337.1774925123,52.399078724025,
    62.218064342621));
#3511 = CARTESIAN_POINT('',(-337.4126045107,51.525748219569,
    61.689994148225));
#3512 = CARTESIAN_POINT('',(-337.6523408428,50.66007742142,
    61.151537530269));
#3513 = CARTESIAN_POINT('',(-337.8966550502,49.80223278341,
    60.602798836018));
#3514 = PCURVE('',#3352,#3515);
#3515 = DEFINITIONAL_REPRESENTATION('',(#3516),#3520);
#3516 = LINE('',#3517,#3518);
#3517 = CARTESIAN_POINT('',(0.,66.666666666667));
#3518 = VECTOR('',#3519,1.);
#3519 = DIRECTION('',(1.,0.));
#3520 = ( GEOMETRIC_REPRESENTATION_CONTEXT(2) 
PARAMETRIC_REPRESENTATION_CONTEXT() REPRESENTATION_CONTEXT('2D SPACE',''
  ) );
#3521 = PCURVE('',#3522,#3586);
#3522 = ( BOUNDED_SURFACE() B_SPLINE_SURFACE(6,8,(
    (#3523,#3524,#3525,#3526,#3527,#3528,#3529,#3530,#3531)
    ,(#3532,#3533,#3534,#3535,#3536,#3537,#3538,#3539,#3540)
    ,(#3541,#3542,#3543,#3544,#3545,#3546,#3547,#3548,#3549)
    ,(#3550,#3551,#3552,#3553,#3554,#3555,#3556,#3557,#3558)
    ,(#3559,#3560,#3561,#3562,#3563,#3564,#3565,#3566,#3567)
    ,(#3568,#3569,#3570,#3571,#3572,#3573,#3574,#3575,#3576)
    ,(#3577,#3578,#3579,#3580,#3581,#3582,#3583,#3584,#3585
)),.UNSPECIFIED.,.F.,.F.,.F.) B_SPLINE_SURFACE_WITH_KNOTS((7,7),(9,9),(
    0.,6.544984694977E-02),(0.,66.666666666667),
.PIECEWISE_BEZIER_KNOTS.) GEOMETRIC_REPRESENTATION_ITEM() 
RATIONAL_B_SPLINE_SURFACE((
    (1.000053547667,1.000053547667,1.000053547667,1.000053547667
      ,1.000053547667,1.000053547667,1.000053547667,1.000053547667
      ,1.000053547667)
    ,(1.000017847948,1.000017847948,1.000017847948,1.000017847948
      ,1.000017847948,1.000017847948,1.000017847948,1.000017847948
      ,1.000017847948)
    ,(0.999996430156,0.999996430156,0.999996430156,0.999996430156
      ,0.999996430156,0.999996430156,0.999996430156,0.999996430156
      ,0.999996430156)
    ,(0.999989291231,0.999989291231,0.999989291231,0.999989291231
      ,0.999989291231,0.999989291231,0.999989291231,0.999989291231
      ,0.999989291231)
    ,(0.999996430156,0.999996430156,0.999996430156,0.999996430156
      ,0.999996430156,0.999996430156,0.999996430156,0.999996430156
      ,0.999996430156)
    ,(1.000017847948,1.000017847948,1.000017847948,1.000017847948
      ,1.000017847948,1.000017847948,1.000017847948,1.000017847948
      ,1.000017847948)
    ,(1.000053547667,1.000053547667,1.000053547667,1.000053547667
      ,1.000053547667,1.000053547667,1.000053547667,1.000053547667
,1.000053547667))) REPRESENTATION_ITEM('') SURFACE() );
#3523 = CARTESIAN_POINT('',(-336.5003512031,55.0633378897,
    63.738948624096));
#3524 = CARTESIAN_POINT('',(-350.2208671652,33.617987518772,
    53.410443012657));
#3525 = CARTESIAN_POINT('',(-361.2228295904,7.492457521256,
    49.187908617141));
#3526 = CARTESIAN_POINT('',(-368.8142069701,-20.88180370086,
    52.625673654112));
#3527 = CARTESIAN_POINT('',(-372.7336838022,-48.33659435886,
    64.310662351242));
#3528 = CARTESIAN_POINT('',(-373.3176470745,-71.5223856891,
    83.487337163408));
#3529 = CARTESIAN_POINT('',(-371.4891462927,-87.84049639067,
    108.08249495704));
#3530 = CARTESIAN_POINT('',(-368.4536446586,-96.,135.38862105093));
#3531 = CARTESIAN_POINT('',(-365.418183057,-96.,162.69465723032));
#3532 = CARTESIAN_POINT('',(-336.7213220613,54.168044312225,
    63.242639950563));
#3533 = CARTESIAN_POINT('',(-350.3425318695,32.574537991808,
    53.137179612896));
#3534 = CARTESIAN_POINT('',(-361.2264063869,6.376946812568,
    49.179875000659));
#3535 = CARTESIAN_POINT('',(-368.6921730016,-21.97649499099,
    52.899766435042));
#3536 = CARTESIAN_POINT('',(-372.4927297592,-49.31285253553,
    64.851853992591));
#3537 = CARTESIAN_POINT('',(-372.9790535761,-72.29398942133,
    84.247830612384));
#3538 = CARTESIAN_POINT('',(-371.0850409718,-88.34778163949,
    108.99013036823));
#3539 = CARTESIAN_POINT('',(-368.0210106294,-96.21648511612,
    136.36033299001));
#3540 = CARTESIAN_POINT('',(-364.9931462241,-95.9315075582,
    163.64930558733));
#3541 = CARTESIAN_POINT('',(-336.9470502505,53.279900727762,
    62.735646136863));
#3542 = CARTESIAN_POINT('',(-350.4697469833,31.535048775365,
    52.851449788941));
#3543 = CARTESIAN_POINT('',(-361.2359223262,5.261599007484,
    49.158501850931));
#3544 = CARTESIAN_POINT('',(-368.5759727087,-23.07506687617,
    53.160756565989));
#3545 = CARTESIAN_POINT('',(-372.256983915,-50.2968236572,
    65.381347828154));
#3546 = CARTESIAN_POINT('',(-372.6445828208,-73.0764572554,
    84.999064228471));
#3547 = CARTESIAN_POINT('',(-370.683653894,-88.86805072011,
    109.89166050553));
#3548 = CARTESIAN_POINT('',(-367.589547763,-96.44688467873,
    137.32941445461));
#3549 = CARTESIAN_POINT('',(-364.5677629268,-95.87669726642,
    164.60473211589));
#3550 = CARTESIAN_POINT('',(-337.1774925123,52.399078724025,
    62.218064342621));
#3551 = CARTESIAN_POINT('',(-350.6024882812,30.499720460833,
    52.553307952621));
#3552 = CARTESIAN_POINT('',(-361.2513758921,4.146629117107,
    49.123792573748));
#3553 = CARTESIAN_POINT('',(-368.4656288034,-24.17730779562,
    53.408593035104));
#3554 = CARTESIAN_POINT('',(-372.0264919923,-51.28831845959,
    65.899041162573));
#3555 = CARTESIAN_POINT('',(-372.3142995045,-73.86963893893,
    85.740892702746));
#3556 = CARTESIAN_POINT('',(-370.2850625791,-89.40120403696,
    110.78691125669));
#3557 = CARTESIAN_POINT('',(-367.1593392938,-96.69115501937,
    138.29567849684));
#3558 = CARTESIAN_POINT('',(-364.1421151467,-95.83558042288,
    165.56075268285));
#3559 = CARTESIAN_POINT('',(-337.4126045107,51.525748219569,
    61.689994148225));
#3560 = CARTESIAN_POINT('',(-350.7407302743,29.468752693078,
    52.242811352362));
#3561 = CARTESIAN_POINT('',(-361.2727642116,3.032252070531,
    49.075753621607));
#3562 = CARTESIAN_POINT('',(-368.3611626602,-25.28300534614,
    53.643227834422));
#3563 = CARTESIAN_POINT('',(-371.8012985148,-52.2871459558,
    66.404833994263));
#3564 = CARTESIAN_POINT('',(-371.9882673675,-74.67338176896,
    86.473172871936));
#3565 = CARTESIAN_POINT('',(-369.8893439096,-89.94713904906,
    111.67570994045));
#3566 = CARTESIAN_POINT('',(-366.7304681716,-96.94924929998,
    139.2589388087));
#3567 = CARTESIAN_POINT('',(-363.716284927,-95.80816519775,
    166.51718301564));
#3568 = CARTESIAN_POINT('',(-337.6523408428,50.66007742142,
    61.151537530269));
#3569 = CARTESIAN_POINT('',(-350.8844462174,28.442344120746,
    51.920020059198));
#3570 = CARTESIAN_POINT('',(-361.3000830561,1.91868266141,
    49.014394492339));
#3571 = CARTESIAN_POINT('',(-368.2625943107,-26.39194633484,
    53.864615972069));
#3572 = CARTESIAN_POINT('',(-371.5814467955,-53.2931134837,
    66.898629040462));
#3573 = CARTESIAN_POINT('',(-371.666549179,-75.4875306297,
    87.195763754203));
#3574 = CARTESIAN_POINT('',(-369.4965741119,-90.50575029529,
    112.55788534964));
#3575 = CARTESIAN_POINT('',(-366.3030170404,-97.22111752421,
    140.21900976841));
#3576 = CARTESIAN_POINT('',(-363.290354353,-95.7944566309,
    167.47383874808));
#3577 = CARTESIAN_POINT('',(-337.8966550502,49.80223278341,
    60.602798836018));
#3578 = CARTESIAN_POINT('',(-351.0336081151,27.420692346969,
    51.584996951602));
#3579 = CARTESIAN_POINT('',(-361.333326842,0.806135494574,
    48.939727726493));
#3580 = CARTESIAN_POINT('',(-368.169942439,-27.50391683213,
    54.072715483204));
#3581 = CARTESIAN_POINT('',(-371.3669789265,-54.30602675393,
    67.380331761178));
#3582 = CARTESIAN_POINT('',(-371.3492067213,-76.31192803129,
    87.908526584007));
#3583 = CARTESIAN_POINT('',(-369.1068287373,-91.07692942087,
    113.43326779355));
#3584 = CARTESIAN_POINT('',(-365.8770682183,-97.50670655016,
    141.17570648654));
#3585 = CARTESIAN_POINT('',(-362.8644055309,-95.7944566309,
    168.4305354662));
#3586 = DEFINITIONAL_REPRESENTATION('',(#3587),#3591);
#3587 = LINE('',#3588,#3589);
#3588 = CARTESIAN_POINT('',(0.,0.));
#3589 = VECTOR('',#3590,1.);
#3590 = DIRECTION('',(1.,0.));
#3591 = ( GEOMETRIC_REPRESENTATION_CONTEXT(2) 
PARAMETRIC_REPRESENTATION_CONTEXT() REPRESENTATION_CONTEXT('2D SPACE',''
  ) );
#3592 = ADVANCED_FACE('',(#3593),#3522,.T.);
#3593 = FACE_BOUND('',#3594,.T.);
#3594 = EDGE_LOOP('',(#3595,#3624,#3625,#3673));
#3595 = ORIENTED_EDGE('',*,*,#3596,.F.);
#3596 = EDGE_CURVE('',#3427,#3597,#3599,.T.);
#3597 = VERTEX_POINT('',#3598);
#3598 = CARTESIAN_POINT('',(-365.418183057,-96.,162.69465723032));
#3599 = SURFACE_CURVE('',#3600,(#3610,#3617),.PCURVE_S1.);
#3600 = B_SPLINE_CURVE_WITH_KNOTS('',8,(#3601,#3602,#3603,#3604,#3605,
    #3606,#3607,#3608,#3609),.UNSPECIFIED.,.F.,.F.,(9,9),(0.,
    66.666666666667),.PIECEWISE_BEZIER_KNOTS.);
#3601 = CARTESIAN_POINT('',(-336.5003512031,55.0633378897,
    63.738948624096));
#3602 = CARTESIAN_POINT('',(-350.2208671652,33.617987518772,
    53.410443012657));
#3603 = CARTESIAN_POINT('',(-361.2228295904,7.492457521255,
    49.18790861714));
#3604 = CARTESIAN_POINT('',(-368.8142069701,-20.88180370086,
    52.625673654112));
#3605 = CARTESIAN_POINT('',(-372.7336838022,-48.33659435886,
    64.310662351243));
#3606 = CARTESIAN_POINT('',(-373.3176470745,-71.5223856891,
    83.487337163407));
#3607 = CARTESIAN_POINT('',(-371.4891462927,-87.84049639067,
    108.08249495704));
#3608 = CARTESIAN_POINT('',(-368.4536446586,-96.,135.38862105093));
#3609 = CARTESIAN_POINT('',(-365.418183057,-96.,162.69465723032));
#3610 = PCURVE('',#3522,#3611);
#3611 = DEFINITIONAL_REPRESENTATION('',(#3612),#3616);
#3612 = LINE('',#3613,#3614);
#3613 = CARTESIAN_POINT('',(0.,0.));
#3614 = VECTOR('',#3615,1.);
#3615 = DIRECTION('',(0.,1.));
#3616 = ( GEOMETRIC_REPRESENTATION_CONTEXT(2) 
PARAMETRIC_REPRESENTATION_CONTEXT() REPRESENTATION_CONTEXT('2D SPACE',''
  ) );
#3617 = PCURVE('',#2794,#3618);
#3618 = DEFINITIONAL_REPRESENTATION('',(#3619),#3623);
#3619 = LINE('',#3620,#3621);
#3620 = CARTESIAN_POINT('',(44.,0.));
#3621 = VECTOR('',#3622,1.);
#3622 = DIRECTION('',(0.,1.));
#3623 = ( GEOMETRIC_REPRESENTATION_CONTEXT(2) 
PARAMETRIC_REPRESENTATION_CONTEXT() REPRESENTATION_CONTEXT('2D SPACE',''
  ) );
#3624 = ORIENTED_EDGE('',*,*,#3504,.T.);
#3625 = ORIENTED_EDGE('',*,*,#3626,.T.);
#3626 = EDGE_CURVE('',#3457,#3627,#3629,.T.);
#3627 = VERTEX_POINT('',#3628);
#3628 = CARTESIAN_POINT('',(-362.8644055309,-95.7944566309,
    168.4305354662));
#3629 = SURFACE_CURVE('',#3630,(#3640,#3647),.PCURVE_S1.);
#3630 = ( BOUNDED_CURVE() B_SPLINE_CURVE(8,(#3631,#3632,#3633,#3634,
    #3635,#3636,#3637,#3638,#3639),.UNSPECIFIED.,.F.,.F.) 
B_SPLINE_CURVE_WITH_KNOTS((9,9),(0.,66.666666666667),
.PIECEWISE_BEZIER_KNOTS.) CURVE() GEOMETRIC_REPRESENTATION_ITEM() 
RATIONAL_B_SPLINE_CURVE((1.000053547667,1.000053547667,1.000053547667,
    1.000053547667,1.000053547667,1.000053547667,1.000053547667,
1.000053547667,1.000053547667)) REPRESENTATION_ITEM('') );
#3631 = CARTESIAN_POINT('',(-337.8966550502,49.80223278341,
    60.602798836018));
#3632 = CARTESIAN_POINT('',(-351.0336081151,27.420692346969,
    51.584996951602));
#3633 = CARTESIAN_POINT('',(-361.333326842,0.806135494574,
    48.939727726493));
#3634 = CARTESIAN_POINT('',(-368.169942439,-27.50391683213,
    54.072715483204));
#3635 = CARTESIAN_POINT('',(-371.3669789265,-54.30602675393,
    67.380331761178));
#3636 = CARTESIAN_POINT('',(-371.3492067213,-76.31192803129,
    87.908526584007));
#3637 = CARTESIAN_POINT('',(-369.1068287373,-91.07692942087,
    113.43326779355));
#3638 = CARTESIAN_POINT('',(-365.8770682183,-97.50670655016,
    141.17570648654));
#3639 = CARTESIAN_POINT('',(-362.8644055309,-95.7944566309,
    168.4305354662));
#3640 = PCURVE('',#3522,#3641);
#3641 = DEFINITIONAL_REPRESENTATION('',(#3642),#3646);
#3642 = LINE('',#3643,#3644);
#3643 = CARTESIAN_POINT('',(6.544984694977E-02,0.));
#3644 = VECTOR('',#3645,1.);
#3645 = DIRECTION('',(0.,1.));
#3646 = ( GEOMETRIC_REPRESENTATION_CONTEXT(2) 
PARAMETRIC_REPRESENTATION_CONTEXT() REPRESENTATION_CONTEXT('2D SPACE',''
  ) );
#3647 = PCURVE('',#3648,#3667);
#3648 = B_SPLINE_SURFACE_WITH_KNOTS('',1,8,(
    (#3649,#3650,#3651,#3652,#3653,#3654,#3655,#3656,#3657)
    ,(#3658,#3659,#3660,#3661,#3662,#3663,#3664,#3665,#3666
  )),.UNSPECIFIED.,.F.,.F.,.F.,(2,2),(9,9),(0.,44.),(0.,66.666666666667)
  ,.PIECEWISE_BEZIER_KNOTS.);
#3649 = CARTESIAN_POINT('',(-337.8966550502,49.80223278341,
    60.602798836018));
#3650 = CARTESIAN_POINT('',(-351.0336081151,27.420692346969,
    51.584996951602));
#3651 = CARTESIAN_POINT('',(-361.333326842,0.806135494575,
    48.939727726493));
#3652 = CARTESIAN_POINT('',(-368.169942439,-27.50391683213,
    54.072715483204));
#3653 = CARTESIAN_POINT('',(-371.3669789265,-54.30602675393,
    67.380331761178));
#3654 = CARTESIAN_POINT('',(-371.3492067213,-76.31192803129,
    87.908526584006));
#3655 = CARTESIAN_POINT('',(-369.1068287373,-91.07692942087,
    113.43326779355));
#3656 = CARTESIAN_POINT('',(-365.8770682183,-97.50670655016,
    141.17570648654));
#3657 = CARTESIAN_POINT('',(-362.8644055309,-95.7944566309,
    168.4305354662));
#3658 = CARTESIAN_POINT('',(-322.5967997364,26.976209424347,
    94.96683650609));
#3659 = CARTESIAN_POINT('',(-333.2018854362,14.852875021275,
    91.635701830446));
#3660 = CARTESIAN_POINT('',(-342.2701358696,0.436656726227,
    91.756355678594));
#3661 = CARTESIAN_POINT('',(-349.4625387742,-14.89795495074,
    96.090232058559));
#3662 = CARTESIAN_POINT('',(-354.6835029945,-29.41576449171,
    104.85203222087));
#3663 = CARTESIAN_POINT('',(-358.1631125063,-41.33562768361,
    117.52497909498));
#3664 = CARTESIAN_POINT('',(-360.4377272213,-49.33333676964,
    132.90438859524));
#3665 = CARTESIAN_POINT('',(-362.1775097298,-52.81613271467,
    149.48505089902));
#3666 = CARTESIAN_POINT('',(-364.034886897,-51.8886640084,
    165.80159127475));
#3667 = DEFINITIONAL_REPRESENTATION('',(#3668),#3672);
#3668 = LINE('',#3669,#3670);
#3669 = CARTESIAN_POINT('',(0.,0.));
#3670 = VECTOR('',#3671,1.);
#3671 = DIRECTION('',(0.,1.));
#3672 = ( GEOMETRIC_REPRESENTATION_CONTEXT(2) 
PARAMETRIC_REPRESENTATION_CONTEXT() REPRESENTATION_CONTEXT('2D SPACE',''
  ) );
#3673 = ORIENTED_EDGE('',*,*,#3674,.F.);
#3674 = EDGE_CURVE('',#3597,#3627,#3675,.T.);
#3675 = SURFACE_CURVE('',#3676,(#3684,#3691),.PCURVE_S1.);
#3676 = ( BOUNDED_CURVE() B_SPLINE_CURVE(6,(#3677,#3678,#3679,#3680,
#3681,#3682,#3683),.UNSPECIFIED.,.F.,.F.) B_SPLINE_CURVE_WITH_KNOTS((7,7
),(0.,6.544984694977E-02),.PIECEWISE_BEZIER_KNOTS.) CURVE() 
GEOMETRIC_REPRESENTATION_ITEM() RATIONAL_B_SPLINE_CURVE((1.000053547667,
    1.000017847948,0.999996430156,0.999989291231,0.999996430156,
1.000017847948,1.000053547667)) REPRESENTATION_ITEM('') );
#3677 = CARTESIAN_POINT('',(-365.418183057,-96.,162.69465723032));
#3678 = CARTESIAN_POINT('',(-364.9931462241,-95.9315075582,
    163.64930558733));
#3679 = CARTESIAN_POINT('',(-364.5677629268,-95.87669726642,
    164.60473211589));
#3680 = CARTESIAN_POINT('',(-364.1421151467,-95.83558042288,
    165.56075268285));
#3681 = CARTESIAN_POINT('',(-363.716284927,-95.80816519775,
    166.51718301564));
#3682 = CARTESIAN_POINT('',(-363.290354353,-95.7944566309,
    167.47383874808));
#3683 = CARTESIAN_POINT('',(-362.8644055309,-95.7944566309,
    168.4305354662));
#3684 = PCURVE('',#3522,#3685);
#3685 = DEFINITIONAL_REPRESENTATION('',(#3686),#3690);
#3686 = LINE('',#3687,#3688);
#3687 = CARTESIAN_POINT('',(0.,66.666666666667));
#3688 = VECTOR('',#3689,1.);
#3689 = DIRECTION('',(1.,0.));
#3690 = ( GEOMETRIC_REPRESENTATION_CONTEXT(2) 
PARAMETRIC_REPRESENTATION_CONTEXT() REPRESENTATION_CONTEXT('2D SPACE',''
  ) );
#3691 = PCURVE('',#2738,#3692);
#3692 = DEFINITIONAL_REPRESENTATION('',(#3693),#3701);
#3693 = ( BOUNDED_CURVE() B_SPLINE_CURVE(6,(#3694,#3695,#3696,#3697,
#3698,#3699,#3700),.UNSPECIFIED.,.F.,.F.) B_SPLINE_CURVE_WITH_KNOTS((7,7
),(0.,6.544984694977E-02),.PIECEWISE_BEZIER_KNOTS.) CURVE() 
GEOMETRIC_REPRESENTATION_ITEM() RATIONAL_B_SPLINE_CURVE((1.000053547667,
    1.000017847948,0.999996430156,0.999989291231,0.999996430156,
1.000017847948,1.000053547667)) REPRESENTATION_ITEM('') );
#3694 = CARTESIAN_POINT('',(5.684341886081E-14,-96.));
#3695 = CARTESIAN_POINT('',(1.044992724805,-95.9315075582));
#3696 = CARTESIAN_POINT('',(2.090837264417,-95.87669726642));
#3697 = CARTESIAN_POINT('',(3.137332060005,-95.83558042288));
#3698 = CARTESIAN_POINT('',(4.184275400138,-95.80816519775));
#3699 = CARTESIAN_POINT('',(5.231465470906,-95.7944566309));
#3700 = CARTESIAN_POINT('',(6.278700406094,-95.7944566309));
#3701 = ( GEOMETRIC_REPRESENTATION_CONTEXT(2) 
PARAMETRIC_REPRESENTATION_CONTEXT() REPRESENTATION_CONTEXT('2D SPACE',''
  ) );
#3702 = ADVANCED_FACE('',(#3703),#3648,.T.);
#3703 = FACE_BOUND('',#3704,.T.);
#3704 = EDGE_LOOP('',(#3705,#3706,#3728,#3777));
#3705 = ORIENTED_EDGE('',*,*,#3626,.F.);
#3706 = ORIENTED_EDGE('',*,*,#3707,.T.);
#3707 = EDGE_CURVE('',#3457,#3708,#3710,.T.);
#3708 = VERTEX_POINT('',#3709);
#3709 = CARTESIAN_POINT('',(-322.5967997364,26.976209424347,
    94.96683650609));
#3710 = SURFACE_CURVE('',#3711,(#3714,#3721),.PCURVE_S1.);
#3711 = B_SPLINE_CURVE_WITH_KNOTS('',1,(#3712,#3713),.UNSPECIFIED.,.F.,
  .F.,(2,2),(0.,44.),.PIECEWISE_BEZIER_KNOTS.);
#3712 = CARTESIAN_POINT('',(-337.8966550502,49.80223278341,
    60.602798836018));
#3713 = CARTESIAN_POINT('',(-322.5967997364,26.976209424347,
    94.96683650609));
#3714 = PCURVE('',#3648,#3715);
#3715 = DEFINITIONAL_REPRESENTATION('',(#3716),#3720);
#3716 = LINE('',#3717,#3718);
#3717 = CARTESIAN_POINT('',(0.,0.));
#3718 = VECTOR('',#3719,1.);
#3719 = DIRECTION('',(1.,0.));
#3720 = ( GEOMETRIC_REPRESENTATION_CONTEXT(2) 
PARAMETRIC_REPRESENTATION_CONTEXT() REPRESENTATION_CONTEXT('2D SPACE',''
  ) );
#3721 = PCURVE('',#3478,#3722);
#3722 = DEFINITIONAL_REPRESENTATION('',(#3723),#3727);
#3723 = LINE('',#3724,#3725);
#3724 = CARTESIAN_POINT('',(0.,66.666666666667));
#3725 = VECTOR('',#3726,1.);
#3726 = DIRECTION('',(1.,0.));
#3727 = ( GEOMETRIC_REPRESENTATION_CONTEXT(2) 
PARAMETRIC_REPRESENTATION_CONTEXT() REPRESENTATION_CONTEXT('2D SPACE',''
  ) );
#3728 = ORIENTED_EDGE('',*,*,#3729,.F.);
#3729 = EDGE_CURVE('',#2699,#3708,#3730,.T.);
#3730 = SURFACE_CURVE('',#3731,(#3741,#3748),.PCURVE_S1.);
#3731 = B_SPLINE_CURVE_WITH_KNOTS('',8,(#3732,#3733,#3734,#3735,#3736,
    #3737,#3738,#3739,#3740),.UNSPECIFIED.,.F.,.F.,(9,9),(
    57.125125036105,123.79179170277),.PIECEWISE_BEZIER_KNOTS.);
#3732 = CARTESIAN_POINT('',(-364.034886897,-51.8886640084,
    165.80159127475));
#3733 = CARTESIAN_POINT('',(-362.1775097298,-52.81613271467,
    149.48505089902));
#3734 = CARTESIAN_POINT('',(-360.4377272213,-49.33333676964,
    132.90438859524));
#3735 = CARTESIAN_POINT('',(-358.1631125064,-41.33562768361,
    117.52497909499));
#3736 = CARTESIAN_POINT('',(-354.6835029944,-29.41576449161,
    104.8520322208));
#3737 = CARTESIAN_POINT('',(-349.4625387742,-14.89795495083,
    96.090232058648));
#3738 = CARTESIAN_POINT('',(-342.2701358696,0.436656726232,
    91.756355678576));
#3739 = CARTESIAN_POINT('',(-333.2018854362,14.852875021277,
    91.635701830443));
#3740 = CARTESIAN_POINT('',(-322.5967997364,26.976209424347,
    94.96683650609));
#3741 = PCURVE('',#3648,#3742);
#3742 = DEFINITIONAL_REPRESENTATION('',(#3743),#3747);
#3743 = LINE('',#3744,#3745);
#3744 = CARTESIAN_POINT('',(44.,123.79179170277));
#3745 = VECTOR('',#3746,1.);
#3746 = DIRECTION('',(-2.13162820728E-16,-1.));
#3747 = ( GEOMETRIC_REPRESENTATION_CONTEXT(2) 
PARAMETRIC_REPRESENTATION_CONTEXT() REPRESENTATION_CONTEXT('2D SPACE',''
  ) );
#3748 = PCURVE('',#2635,#3749);
#3749 = DEFINITIONAL_REPRESENTATION('',(#3750),#3776);
#3750 = B_SPLINE_CURVE_WITH_KNOTS('',3,(#3751,#3752,#3753,#3754,#3755,
    #3756,#3757,#3758,#3759,#3760,#3761,#3762,#3763,#3764,#3765,#3766,
    #3767,#3768,#3769,#3770,#3771,#3772,#3773,#3774,#3775),
  .UNSPECIFIED.,.F.,.F.,(4,1,1,1,1,1,1,1,1,1,1,1,1,1,1,1,1,1,1,1,1,1,4),
  (57.125125036105,60.155428066408,63.185731096712,66.216034127015,
    69.246337157318,72.276640187621,75.306943217924,78.337246248227,
    81.36754927853,84.397852308833,87.428155339136,90.45845836944,
    93.488761399743,96.519064430046,99.549367460349,102.57967049065,
    105.60997352095,108.64027655125,111.67057958156,114.70088261186,
    117.73118564216,120.76148867247,123.79179170277),
  .QUASI_UNIFORM_KNOTS.);
#3751 = CARTESIAN_POINT('',(-4.777838827334,-425.));
#3752 = CARTESIAN_POINT('',(-4.744783340314,-423.9898989898));
#3753 = CARTESIAN_POINT('',(-4.678672361575,-421.9696969696));
#3754 = CARTESIAN_POINT('',(-4.579505902084,-418.9393939393));
#3755 = CARTESIAN_POINT('',(-4.480339500483,-415.909090909));
#3756 = CARTESIAN_POINT('',(-4.381173113048,-412.8787878787));
#3757 = CARTESIAN_POINT('',(-4.282006703764,-409.8484848484));
#3758 = CARTESIAN_POINT('',(-4.182840257244,-406.8181818181));
#3759 = CARTESIAN_POINT('',(-4.08367378499,-403.7878787878));
#3760 = CARTESIAN_POINT('',(-3.984507312329,-400.7575757575));
#3761 = CARTESIAN_POINT('',(-3.885340862196,-397.7272727272));
#3762 = CARTESIAN_POINT('',(-3.786174442875,-394.6969696969));
#3763 = CARTESIAN_POINT('',(-3.687008044838,-391.6666666666));
#3764 = CARTESIAN_POINT('',(-3.5878416468,-388.6363636363));
#3765 = CARTESIAN_POINT('',(-3.48867522748,-385.606060606));
#3766 = CARTESIAN_POINT('',(-3.389508777347,-382.5757575757));
#3767 = CARTESIAN_POINT('',(-3.290342304686,-379.5454545454));
#3768 = CARTESIAN_POINT('',(-3.191175832432,-376.5151515151));
#3769 = CARTESIAN_POINT('',(-3.092009385912,-373.4848484848));
#3770 = CARTESIAN_POINT('',(-2.992842976628,-370.4545454545));
#3771 = CARTESIAN_POINT('',(-2.893676589193,-367.4242424242));
#3772 = CARTESIAN_POINT('',(-2.794510187592,-364.3939393939));
#3773 = CARTESIAN_POINT('',(-2.695343728101,-361.3636363636));
#3774 = CARTESIAN_POINT('',(-2.629232749363,-359.3434343434));
#3775 = CARTESIAN_POINT('',(-2.596177262342,-358.3333333333));
#3776 = ( GEOMETRIC_REPRESENTATION_CONTEXT(2) 
PARAMETRIC_REPRESENTATION_CONTEXT() REPRESENTATION_CONTEXT('2D SPACE',''
  ) );
#3777 = ORIENTED_EDGE('',*,*,#3778,.F.);
#3778 = EDGE_CURVE('',#3627,#2699,#3779,.T.);
#3779 = SURFACE_CURVE('',#3780,(#3783,#3790),.PCURVE_S1.);
#3780 = B_SPLINE_CURVE_WITH_KNOTS('',1,(#3781,#3782),.UNSPECIFIED.,.F.,
  .F.,(2,2),(0.,44.),.PIECEWISE_BEZIER_KNOTS.);
#3781 = CARTESIAN_POINT('',(-362.8644055309,-95.7944566309,
    168.4305354662));
#3782 = CARTESIAN_POINT('',(-364.034886897,-51.8886640084,
    165.80159127475));
#3783 = PCURVE('',#3648,#3784);
#3784 = DEFINITIONAL_REPRESENTATION('',(#3785),#3789);
#3785 = LINE('',#3786,#3787);
#3786 = CARTESIAN_POINT('',(0.,66.666666666667));
#3787 = VECTOR('',#3788,1.);
#3788 = DIRECTION('',(1.,0.));
#3789 = ( GEOMETRIC_REPRESENTATION_CONTEXT(2) 
PARAMETRIC_REPRESENTATION_CONTEXT() REPRESENTATION_CONTEXT('2D SPACE',''
  ) );
#3790 = PCURVE('',#2738,#3791);
#3791 = DEFINITIONAL_REPRESENTATION('',(#3792),#3795);
#3792 = B_SPLINE_CURVE_WITH_KNOTS('',1,(#3793,#3794),.UNSPECIFIED.,.F.,
  .F.,(2,2),(0.,44.),.PIECEWISE_BEZIER_KNOTS.);
#3793 = CARTESIAN_POINT('',(6.278700406094,-95.7944566309));
#3794 = CARTESIAN_POINT('',(3.400962719967,-51.8886640084));
#3795 = ( GEOMETRIC_REPRESENTATION_CONTEXT(2) 
PARAMETRIC_REPRESENTATION_CONTEXT() REPRESENTATION_CONTEXT('2D SPACE',''
  ) );
#3796 = ADVANCED_FACE('',(#3797),#3478,.T.);
#3797 = FACE_BOUND('',#3798,.T.);
#3798 = EDGE_LOOP('',(#3799,#3800,#3822,#3871));
#3799 = ORIENTED_EDGE('',*,*,#3456,.F.);
#3800 = ORIENTED_EDGE('',*,*,#3801,.T.);
#3801 = EDGE_CURVE('',#3287,#3802,#3804,.T.);
#3802 = VERTEX_POINT('',#3803);
#3803 = CARTESIAN_POINT('',(-224.2530046819,20.942827872654,
    151.94439431225));
#3804 = SURFACE_CURVE('',#3805,(#3808,#3815),.PCURVE_S1.);
#3805 = B_SPLINE_CURVE_WITH_KNOTS('',1,(#3806,#3807),.UNSPECIFIED.,.F.,
  .F.,(2,2),(0.,44.),.PIECEWISE_BEZIER_KNOTS.);
#3806 = CARTESIAN_POINT('',(-207.8722130729,38.663682226439,
    188.73625465167));
#3807 = CARTESIAN_POINT('',(-224.2530046819,20.942827872654,
    151.94439431225));
#3808 = PCURVE('',#3478,#3809);
#3809 = DEFINITIONAL_REPRESENTATION('',(#3810),#3814);
#3810 = LINE('',#3811,#3812);
#3811 = CARTESIAN_POINT('',(0.,0.));
#3812 = VECTOR('',#3813,1.);
#3813 = DIRECTION('',(1.,0.));
#3814 = ( GEOMETRIC_REPRESENTATION_CONTEXT(2) 
PARAMETRIC_REPRESENTATION_CONTEXT() REPRESENTATION_CONTEXT('2D SPACE',''
  ) );
#3815 = PCURVE('',#3308,#3816);
#3816 = DEFINITIONAL_REPRESENTATION('',(#3817),#3821);
#3817 = LINE('',#3818,#3819);
#3818 = CARTESIAN_POINT('',(0.,66.666666666667));
#3819 = VECTOR('',#3820,1.);
#3820 = DIRECTION('',(1.,0.));
#3821 = ( GEOMETRIC_REPRESENTATION_CONTEXT(2) 
PARAMETRIC_REPRESENTATION_CONTEXT() REPRESENTATION_CONTEXT('2D SPACE',''
  ) );
#3822 = ORIENTED_EDGE('',*,*,#3823,.F.);
#3823 = EDGE_CURVE('',#3708,#3802,#3824,.T.);
#3824 = SURFACE_CURVE('',#3825,(#3835,#3842),.PCURVE_S1.);
#3825 = B_SPLINE_CURVE_WITH_KNOTS('',8,(#3826,#3827,#3828,#3829,#3830,
    #3831,#3832,#3833,#3834),.UNSPECIFIED.,.F.,.F.,(9,9),(
    57.125125045733,123.7917917124),.PIECEWISE_BEZIER_KNOTS.);
#3826 = CARTESIAN_POINT('',(-322.5967997364,26.976209424347,
    94.96683650609));
#3827 = CARTESIAN_POINT('',(-311.9917140367,39.09954382742,
    98.297971181735));
#3828 = CARTESIAN_POINT('',(-299.849770572,48.930085494052,
    105.08094491351));
#3829 = CARTESIAN_POINT('',(-286.5103193237,55.093847760702,
    114.55356516439));
#3830 = CARTESIAN_POINT('',(-272.5552447154,56.581141414341,
    125.40889812118));
#3831 = CARTESIAN_POINT('',(-258.7333885716,53.071292470959,
    135.96501750683));
#3832 = CARTESIAN_POINT('',(-245.7701617596,45.122542953038,
    144.59262383883));
#3833 = CARTESIAN_POINT('',(-234.1888664169,33.9226770536,
    150.11636127146));
#3834 = CARTESIAN_POINT('',(-224.2530046819,20.942827872654,
    151.94439431225));
#3835 = PCURVE('',#3478,#3836);
#3836 = DEFINITIONAL_REPRESENTATION('',(#3837),#3841);
#3837 = LINE('',#3838,#3839);
#3838 = CARTESIAN_POINT('',(44.,123.79179171239));
#3839 = VECTOR('',#3840,1.);
#3840 = DIRECTION('',(-3.19744231092E-16,-1.));
#3841 = ( GEOMETRIC_REPRESENTATION_CONTEXT(2) 
PARAMETRIC_REPRESENTATION_CONTEXT() REPRESENTATION_CONTEXT('2D SPACE',''
  ) );
#3842 = PCURVE('',#2635,#3843);
#3843 = DEFINITIONAL_REPRESENTATION('',(#3844),#3870);
#3844 = B_SPLINE_CURVE_WITH_KNOTS('',3,(#3845,#3846,#3847,#3848,#3849,
    #3850,#3851,#3852,#3853,#3854,#3855,#3856,#3857,#3858,#3859,#3860,
    #3861,#3862,#3863,#3864,#3865,#3866,#3867,#3868,#3869),
  .UNSPECIFIED.,.F.,.F.,(4,1,1,1,1,1,1,1,1,1,1,1,1,1,1,1,1,1,1,1,1,1,4),
  (57.125125045733,60.155428076036,63.185731106339,66.216034136642,
    69.246337166946,72.276640197249,75.306943227552,78.337246257855,
    81.367549288158,84.397852318462,87.428155348765,90.458458379068,
    93.488761409371,96.519064439675,99.549367469978,102.57967050028,
    105.60997353058,108.64027656088,111.67057959119,114.70088262149,
    117.73118565179,120.7614886821,123.7917917124),
  .QUASI_UNIFORM_KNOTS.);
#3845 = CARTESIAN_POINT('',(-2.596177262342,-358.3333333333));
#3846 = CARTESIAN_POINT('',(-2.563121775321,-357.3232323232));
#3847 = CARTESIAN_POINT('',(-2.497010796582,-355.303030303));
#3848 = CARTESIAN_POINT('',(-2.397844337091,-352.2727272727));
#3849 = CARTESIAN_POINT('',(-2.29867793549,-349.2424242424));
#3850 = CARTESIAN_POINT('',(-2.199511548055,-346.2121212121));
#3851 = CARTESIAN_POINT('',(-2.100345138771,-343.1818181818));
#3852 = CARTESIAN_POINT('',(-2.001178692251,-340.1515151515));
#3853 = CARTESIAN_POINT('',(-1.902012219998,-337.1212121212));
#3854 = CARTESIAN_POINT('',(-1.802845747337,-334.0909090909));
#3855 = CARTESIAN_POINT('',(-1.703679297204,-331.0606060606));
#3856 = CARTESIAN_POINT('',(-1.604512877883,-328.0303030303));
#3857 = CARTESIAN_POINT('',(-1.505346479845,-325.));
#3858 = CARTESIAN_POINT('',(-1.406180081807,-321.9696969697));
#3859 = CARTESIAN_POINT('',(-1.307013662486,-318.9393939394));
#3860 = CARTESIAN_POINT('',(-1.207847212353,-315.909090909));
#3861 = CARTESIAN_POINT('',(-1.108680739692,-312.8787878787));
#3862 = CARTESIAN_POINT('',(-1.009514267439,-309.8484848484));
#3863 = CARTESIAN_POINT('',(-0.910347820919,-306.8181818181));
#3864 = CARTESIAN_POINT('',(-0.811181411635,-303.7878787878));
#3865 = CARTESIAN_POINT('',(-0.7120150242,-300.7575757575));
#3866 = CARTESIAN_POINT('',(-0.612848622599,-297.7272727272));
#3867 = CARTESIAN_POINT('',(-0.513682163108,-294.6969696969));
#3868 = CARTESIAN_POINT('',(-0.44757118437,-292.6767676767));
#3869 = CARTESIAN_POINT('',(-0.414515697349,-291.6666666666));
#3870 = ( GEOMETRIC_REPRESENTATION_CONTEXT(2) 
PARAMETRIC_REPRESENTATION_CONTEXT() REPRESENTATION_CONTEXT('2D SPACE',''
  ) );
#3871 = ORIENTED_EDGE('',*,*,#3707,.F.);
#3872 = ADVANCED_FACE('',(#3873),#3308,.T.);
#3873 = FACE_BOUND('',#3874,.T.);
#3874 = EDGE_LOOP('',(#3875,#3876,#3917,#3968,#4017));
#3875 = ORIENTED_EDGE('',*,*,#3286,.F.);
#3876 = ORIENTED_EDGE('',*,*,#3877,.T.);
#3877 = EDGE_CURVE('',#3196,#3878,#3880,.T.);
#3878 = VERTEX_POINT('',#3879);
#3879 = CARTESIAN_POINT('',(-186.8353114275,-51.00083458096,
    72.079686984751));
#3880 = SURFACE_CURVE('',#3881,(#3884,#3891),.PCURVE_S1.);
#3881 = B_SPLINE_CURVE_WITH_KNOTS('',1,(#3882,#3883),.UNSPECIFIED.,.F.,
  .F.,(2,2),(0.,44.),.PIECEWISE_BEZIER_KNOTS.);
#3882 = CARTESIAN_POINT('',(-190.3267282651,-94.15538691871,
    64.237836374405));
#3883 = CARTESIAN_POINT('',(-186.8353114275,-51.00083458096,
    72.079686984751));
#3884 = PCURVE('',#3308,#3885);
#3885 = DEFINITIONAL_REPRESENTATION('',(#3886),#3890);
#3886 = LINE('',#3887,#3888);
#3887 = CARTESIAN_POINT('',(0.,0.));
#3888 = VECTOR('',#3889,1.);
#3889 = DIRECTION('',(1.,0.));
#3890 = ( GEOMETRIC_REPRESENTATION_CONTEXT(2) 
PARAMETRIC_REPRESENTATION_CONTEXT() REPRESENTATION_CONTEXT('2D SPACE',''
  ) );
#3891 = PCURVE('',#3892,#3911);
#3892 = B_SPLINE_SURFACE_WITH_KNOTS('',1,8,(
    (#3893,#3894,#3895,#3896,#3897,#3898,#3899,#3900,#3901)
    ,(#3902,#3903,#3904,#3905,#3906,#3907,#3908,#3909,#3910
  )),.UNSPECIFIED.,.F.,.F.,.F.,(2,2),(9,9),(0.,44.),(0.,66.666666666667)
  ,.PIECEWISE_BEZIER_KNOTS.);
#3893 = CARTESIAN_POINT('',(-148.8073761184,69.346940357737,
    -6.414394246896));
#3894 = CARTESIAN_POINT('',(-164.1122323038,51.243170891845,
    -20.30138626222));
#3895 = CARTESIAN_POINT('',(-177.1221452405,27.245202009019,
    -29.03385134689));
#3896 = CARTESIAN_POINT('',(-186.9654442503,-0.594168854697,
    -30.65398510302));
#3897 = CARTESIAN_POINT('',(-193.1344369108,-29.29295541635,
    -24.02149167988));
#3898 = CARTESIAN_POINT('',(-195.6932602389,-55.40464190116,
    -9.280425176442));
#3899 = CARTESIAN_POINT('',(-195.3410212473,-75.9377413079,
    11.998994348473));
#3900 = CARTESIAN_POINT('',(-193.1575849915,-89.04793423177,
    37.391350268953));
#3901 = CARTESIAN_POINT('',(-190.3267282651,-94.15538691871,
    64.237836374405));
#3902 = CARTESIAN_POINT('',(-136.4317733645,37.562926027107,
    21.381664637563));
#3903 = CARTESIAN_POINT('',(-148.2111399212,27.756717566416,
    15.413051974341));
#3904 = CARTESIAN_POINT('',(-158.7474122182,14.757817754885,
    12.236474731893));
#3905 = CARTESIAN_POINT('',(-167.5684353048,-0.32184146296,
    12.912410292404));
#3906 = CARTESIAN_POINT('',(-174.3992091188,-15.86701751719,
    18.058518908355));
#3907 = CARTESIAN_POINT('',(-179.2744745445,-30.01084769646,
    27.596771276132));
#3908 = CARTESIAN_POINT('',(-182.5729145469,-41.13294320844,
    40.676631530542));
#3909 = CARTESIAN_POINT('',(-184.8794560313,-48.23429770887,
    55.98433233255));
#3910 = CARTESIAN_POINT('',(-186.8353114275,-51.00083458096,
    72.079686984751));
#3911 = DEFINITIONAL_REPRESENTATION('',(#3912),#3916);
#3912 = LINE('',#3913,#3914);
#3913 = CARTESIAN_POINT('',(0.,66.666666666667));
#3914 = VECTOR('',#3915,1.);
#3915 = DIRECTION('',(1.,0.));
#3916 = ( GEOMETRIC_REPRESENTATION_CONTEXT(2) 
PARAMETRIC_REPRESENTATION_CONTEXT() REPRESENTATION_CONTEXT('2D SPACE',''
  ) );
#3917 = ORIENTED_EDGE('',*,*,#3918,.T.);
#3918 = EDGE_CURVE('',#3878,#3919,#3921,.T.);
#3919 = VERTEX_POINT('',#3920);
#3920 = CARTESIAN_POINT('',(-210.8902481044,0.,150.81547439027));
#3921 = SURFACE_CURVE('',#3922,(#3932,#3939),.PCURVE_S1.);
#3922 = B_SPLINE_CURVE_WITH_KNOTS('',8,(#3923,#3924,#3925,#3926,#3927,
    #3928,#3929,#3930,#3931),.UNSPECIFIED.,.F.,.F.,(9,9),(0.,
    54.000001429743),.PIECEWISE_BEZIER_KNOTS.);
#3923 = CARTESIAN_POINT('',(-186.8353114275,-51.00083458096,
    72.079686984751));
#3924 = CARTESIAN_POINT('',(-188.4195543403,-53.24172950669,
    85.116924598217));
#3925 = CARTESIAN_POINT('',(-189.7736841912,-52.63856408381,
    98.671004611152));
#3926 = CARTESIAN_POINT('',(-191.2385085387,-49.0249313399,
    111.97646071388));
#3927 = CARTESIAN_POINT('',(-193.178342418,-42.52961701667,
    124.21502794011));
#3928 = CARTESIAN_POINT('',(-195.9292523432,-33.6053238027,
    134.63188854101));
#3929 = CARTESIAN_POINT('',(-199.7368117813,-22.97289389982,
    142.67547547875));
#3930 = CARTESIAN_POINT('',(-204.723809017,-11.48644103461,
    148.0700017504));
#3931 = CARTESIAN_POINT('',(-210.8902417067,3.857699512833E-06,
    150.81547262006));
#3932 = PCURVE('',#3308,#3933);
#3933 = DEFINITIONAL_REPRESENTATION('',(#3934),#3938);
#3934 = LINE('',#3935,#3936);
#3935 = CARTESIAN_POINT('',(44.,4.531661301857E-15));
#3936 = VECTOR('',#3937,1.);
#3937 = DIRECTION('',(-5.263279384795E-16,1.));
#3938 = ( GEOMETRIC_REPRESENTATION_CONTEXT(2) 
PARAMETRIC_REPRESENTATION_CONTEXT() REPRESENTATION_CONTEXT('2D SPACE',''
  ) );
#3939 = PCURVE('',#1144,#3940);
#3940 = DEFINITIONAL_REPRESENTATION('',(#3941),#3967);
#3941 = B_SPLINE_CURVE_WITH_KNOTS('',3,(#3942,#3943,#3944,#3945,#3946,
    #3947,#3948,#3949,#3950,#3951,#3952,#3953,#3954,#3955,#3956,#3957,
    #3958,#3959,#3960,#3961,#3962,#3963,#3964,#3965,#3966),
  .UNSPECIFIED.,.F.,.F.,(4,1,1,1,1,1,1,1,1,1,1,1,1,1,1,1,1,1,1,1,1,1,4),
  (0.,2.454545519534,4.909091039068,7.363636558601,9.818182078135,
    12.272727597669,14.727273117203,17.181818636736,19.63636415627,
    22.090909675804,24.545455195338,27.000000714871,29.454546234405,
    31.909091753939,34.363637273473,36.818182793007,39.27272831254,
    41.727273832074,44.181819351608,46.636364871142,49.090910390675,
    51.545455910209,54.000001429743),.QUASI_UNIFORM_KNOTS.);
#3942 = CARTESIAN_POINT('',(-4.516039439535,-225.));
#3943 = CARTESIAN_POINT('',(-4.542814381917,-225.8181818398));
#3944 = CARTESIAN_POINT('',(-4.596364275839,-227.4545455195));
#3945 = CARTESIAN_POINT('',(-4.676689119377,-229.909091039));
#3946 = CARTESIAN_POINT('',(-4.757013925666,-232.3636365586));
#3947 = CARTESIAN_POINT('',(-4.837338707592,-234.8181820781));
#3948 = CARTESIAN_POINT('',(-4.917663485506,-237.2727275976));
#3949 = CARTESIAN_POINT('',(-4.997988278566,-239.7272731172));
#3950 = CARTESIAN_POINT('',(-5.078313095203,-242.1818186367));
#3951 = CARTESIAN_POINT('',(-5.158637932371,-244.6363641562));
#3952 = CARTESIAN_POINT('',(-5.238962778814,-247.0909096758));
#3953 = CARTESIAN_POINT('',(-5.319287620679,-249.5454551953));
#3954 = CARTESIAN_POINT('',(-5.399612447001,-252.0000007148));
#3955 = CARTESIAN_POINT('',(-5.47993725345,-254.4545462344));
#3956 = CARTESIAN_POINT('',(-5.560262043414,-256.9090917539));
#3957 = CARTESIAN_POINT('',(-5.640586826411,-259.3636372734));
#3958 = CARTESIAN_POINT('',(-5.720911614499,-261.818182793));
#3959 = CARTESIAN_POINT('',(-5.801236417882,-264.2727283125));
#3960 = CARTESIAN_POINT('',(-5.881561241102,-266.727273832));
#3961 = CARTESIAN_POINT('',(-5.96188608108,-269.1818193516));
#3962 = CARTESIAN_POINT('',(-6.04221092767,-271.6363648711));
#3963 = CARTESIAN_POINT('',(-6.122535767359,-274.0909103906));
#3964 = CARTESIAN_POINT('',(-6.202860587261,-276.5454559102));
#3965 = CARTESIAN_POINT('',(-6.256410452916,-278.1818195898));
#3966 = CARTESIAN_POINT('',(-6.283185381366,-279.0000014297));
#3967 = ( GEOMETRIC_REPRESENTATION_CONTEXT(2) 
PARAMETRIC_REPRESENTATION_CONTEXT() REPRESENTATION_CONTEXT('2D SPACE',''
  ) );
#3968 = ORIENTED_EDGE('',*,*,#3969,.F.);
#3969 = EDGE_CURVE('',#3802,#3919,#3970,.T.);
#3970 = SURFACE_CURVE('',#3971,(#3981,#3988),.PCURVE_S1.);
#3971 = B_SPLINE_CURVE_WITH_KNOTS('',8,(#3972,#3973,#3974,#3975,#3976,
    #3977,#3978,#3979,#3980),.UNSPECIFIED.,.F.,.F.,(9,9),(
    57.125125034118,69.791790271046),.PIECEWISE_BEZIER_KNOTS.);
#3972 = CARTESIAN_POINT('',(-224.2530046819,20.942827872654,
    151.94439431225));
#3973 = CARTESIAN_POINT('',(-222.3651911654,18.476656806641,
    152.2917205508));
#3974 = CARTESIAN_POINT('',(-220.5367771581,15.946224835469,
    152.50563330714));
#3975 = CARTESIAN_POINT('',(-218.7695675406,13.361625140609,
    152.58207875333));
#3976 = CARTESIAN_POINT('',(-217.0650277224,10.733315154025,
    152.51776552551));
#3977 = CARTESIAN_POINT('',(-215.4242675874,8.072032752243,
    152.31020078403));
#3978 = CARTESIAN_POINT('',(-213.8480306496,5.388705210166,
    151.95771456879));
#3979 = CARTESIAN_POINT('',(-212.3366886793,2.694354753275,
    151.45947187012));
#3980 = CARTESIAN_POINT('',(-210.8902417067,3.857699511389E-06,
    150.81547262006));
#3981 = PCURVE('',#3308,#3982);
#3982 = DEFINITIONAL_REPRESENTATION('',(#3983),#3987);
#3983 = LINE('',#3984,#3985);
#3984 = CARTESIAN_POINT('',(44.,123.79179170078));
#3985 = VECTOR('',#3986,1.);
#3986 = DIRECTION('',(2.243819418827E-15,-1.));
#3987 = ( GEOMETRIC_REPRESENTATION_CONTEXT(2) 
PARAMETRIC_REPRESENTATION_CONTEXT() REPRESENTATION_CONTEXT('2D SPACE',''
  ) );
#3988 = PCURVE('',#2635,#3989);
#3989 = DEFINITIONAL_REPRESENTATION('',(#3990),#4016);
#3990 = B_SPLINE_CURVE_WITH_KNOTS('',3,(#3991,#3992,#3993,#3994,#3995,
    #3996,#3997,#3998,#3999,#4000,#4001,#4002,#4003,#4004,#4005,#4006,
    #4007,#4008,#4009,#4010,#4011,#4012,#4013,#4014,#4015),
  .UNSPECIFIED.,.F.,.F.,(4,1,1,1,1,1,1,1,1,1,1,1,1,1,1,1,1,1,1,1,1,1,4),
  (57.125125034118,57.700882544888,58.276640055657,58.852397566427,
    59.428155077196,60.003912587965,60.579670098735,61.155427609504,
    61.731185120274,62.306942631043,62.882700141813,63.458457652582,
    64.034215163351,64.609972674121,65.18573018489,65.76148769566,
    66.337245206429,66.913002717199,67.488760227968,68.064517738737,
    68.640275249507,69.216032760276,69.791790271046),
  .QUASI_UNIFORM_KNOTS.);
#3991 = CARTESIAN_POINT('',(-0.414515697349,-291.6666666666));
#3992 = CARTESIAN_POINT('',(-0.408235157171,-291.4747474964));
#3993 = CARTESIAN_POINT('',(-0.395674075455,-291.0909091558));
#3994 = CARTESIAN_POINT('',(-0.376832449959,-290.5151516451));
#3995 = CARTESIAN_POINT('',(-0.357990822784,-289.9393941343));
#3996 = CARTESIAN_POINT('',(-0.339149194895,-289.3636366235));
#3997 = CARTESIAN_POINT('',(-0.32030756709,-288.7878791128));
#3998 = CARTESIAN_POINT('',(-0.301465939989,-288.212121602));
#3999 = CARTESIAN_POINT('',(-0.282624314052,-287.6363640912));
#4000 = CARTESIAN_POINT('',(-0.263782689599,-287.0606065805));
#4001 = CARTESIAN_POINT('',(-0.244941066818,-286.4848490697));
#4002 = CARTESIAN_POINT('',(-0.226099445792,-285.9090915589));
#4003 = CARTESIAN_POINT('',(-0.207257826506,-285.3333340482));
#4004 = CARTESIAN_POINT('',(-0.188416208867,-284.7575765374));
#4005 = CARTESIAN_POINT('',(-0.16957459272,-284.1818190266));
#4006 = CARTESIAN_POINT('',(-0.15073297786,-283.6060615158));
#4007 = CARTESIAN_POINT('',(-0.131891364048,-283.0303040051));
#4008 = CARTESIAN_POINT('',(-0.113049751021,-282.4545464943));
#4009 = CARTESIAN_POINT('',(-9.420813850478E-02,-281.8787889835));
#4010 = CARTESIAN_POINT('',(-7.536652622323E-02,-281.3030314728));
#4011 = CARTESIAN_POINT('',(-5.652491390791E-02,-280.727273962));
#4012 = CARTESIAN_POINT('',(-3.768330130589E-02,-280.1515164512));
#4013 = CARTESIAN_POINT('',(-1.884168818261E-02,-279.5757589405));
#4014 = CARTESIAN_POINT('',(-6.280612288143E-03,-279.1919205999));
#4015 = CARTESIAN_POINT('',(-7.418652765987E-08,-279.0000014297));
#4016 = ( GEOMETRIC_REPRESENTATION_CONTEXT(2) 
PARAMETRIC_REPRESENTATION_CONTEXT() REPRESENTATION_CONTEXT('2D SPACE',''
  ) );
#4017 = ORIENTED_EDGE('',*,*,#3801,.F.);
#4018 = ADVANCED_FACE('',(#4019),#3892,.T.);
#4019 = FACE_BOUND('',#4020,.T.);
#4020 = EDGE_LOOP('',(#4021,#4050,#4091,#4140));
#4021 = ORIENTED_EDGE('',*,*,#4022,.F.);
#4022 = EDGE_CURVE('',#4023,#3196,#4025,.T.);
#4023 = VERTEX_POINT('',#4024);
#4024 = CARTESIAN_POINT('',(-148.8073761184,69.346940357737,
    -6.414394246896));
#4025 = SURFACE_CURVE('',#4026,(#4036,#4043),.PCURVE_S1.);
#4026 = ( BOUNDED_CURVE() B_SPLINE_CURVE(8,(#4027,#4028,#4029,#4030,
    #4031,#4032,#4033,#4034,#4035),.UNSPECIFIED.,.F.,.F.) 
B_SPLINE_CURVE_WITH_KNOTS((9,9),(0.,66.666666666667),
.PIECEWISE_BEZIER_KNOTS.) CURVE() GEOMETRIC_REPRESENTATION_ITEM() 
RATIONAL_B_SPLINE_CURVE((1.000053547667,1.000053547667,1.000053547667,
    1.000053547667,1.000053547667,1.000053547667,1.000053547667,
1.000053547667,1.000053547667)) REPRESENTATION_ITEM('') );
#4027 = CARTESIAN_POINT('',(-148.8073761184,69.346940357737,
    -6.414394246896));
#4028 = CARTESIAN_POINT('',(-164.1122323038,51.243170891845,
    -20.30138626222));
#4029 = CARTESIAN_POINT('',(-177.1221452405,27.245202009019,
    -29.03385134689));
#4030 = CARTESIAN_POINT('',(-186.9654442503,-0.594168854697,
    -30.65398510302));
#4031 = CARTESIAN_POINT('',(-193.1344369108,-29.29295541635,
    -24.02149167988));
#4032 = CARTESIAN_POINT('',(-195.6932602389,-55.40464190115,
    -9.280425176441));
#4033 = CARTESIAN_POINT('',(-195.3410212473,-75.9377413079,
    11.998994348472));
#4034 = CARTESIAN_POINT('',(-193.1575849915,-89.04793423177,
    37.391350268953));
#4035 = CARTESIAN_POINT('',(-190.3267282651,-94.15538691871,
    64.237836374405));
#4036 = PCURVE('',#3892,#4037);
#4037 = DEFINITIONAL_REPRESENTATION('',(#4038),#4042);
#4038 = LINE('',#4039,#4040);
#4039 = CARTESIAN_POINT('',(0.,0.));
#4040 = VECTOR('',#4041,1.);
#4041 = DIRECTION('',(0.,1.));
#4042 = ( GEOMETRIC_REPRESENTATION_CONTEXT(2) 
PARAMETRIC_REPRESENTATION_CONTEXT() REPRESENTATION_CONTEXT('2D SPACE',''
  ) );
#4043 = PCURVE('',#3215,#4044);
#4044 = DEFINITIONAL_REPRESENTATION('',(#4045),#4049);
#4045 = LINE('',#4046,#4047);
#4046 = CARTESIAN_POINT('',(6.544984694977E-02,0.));
#4047 = VECTOR('',#4048,1.);
#4048 = DIRECTION('',(0.,1.));
#4049 = ( GEOMETRIC_REPRESENTATION_CONTEXT(2) 
PARAMETRIC_REPRESENTATION_CONTEXT() REPRESENTATION_CONTEXT('2D SPACE',''
  ) );
#4050 = ORIENTED_EDGE('',*,*,#4051,.T.);
#4051 = EDGE_CURVE('',#4023,#4052,#4054,.T.);
#4052 = VERTEX_POINT('',#4053);
#4053 = CARTESIAN_POINT('',(-136.4317733645,37.562926027107,
    21.381664637563));
#4054 = SURFACE_CURVE('',#4055,(#4058,#4065),.PCURVE_S1.);
#4055 = B_SPLINE_CURVE_WITH_KNOTS('',1,(#4056,#4057),.UNSPECIFIED.,.F.,
  .F.,(2,2),(0.,44.),.PIECEWISE_BEZIER_KNOTS.);
#4056 = CARTESIAN_POINT('',(-148.8073761184,69.346940357737,
    -6.414394246896));
#4057 = CARTESIAN_POINT('',(-136.4317733645,37.562926027107,
    21.381664637564));
#4058 = PCURVE('',#3892,#4059);
#4059 = DEFINITIONAL_REPRESENTATION('',(#4060),#4064);
#4060 = LINE('',#4061,#4062);
#4061 = CARTESIAN_POINT('',(0.,0.));
#4062 = VECTOR('',#4063,1.);
#4063 = DIRECTION('',(1.,0.));
#4064 = ( GEOMETRIC_REPRESENTATION_CONTEXT(2) 
PARAMETRIC_REPRESENTATION_CONTEXT() REPRESENTATION_CONTEXT('2D SPACE',''
  ) );
#4065 = PCURVE('',#4066,#4085);
#4066 = B_SPLINE_SURFACE_WITH_KNOTS('',1,8,(
    (#4067,#4068,#4069,#4070,#4071,#4072,#4073,#4074,#4075)
    ,(#4076,#4077,#4078,#4079,#4080,#4081,#4082,#4083,#4084
  )),.UNSPECIFIED.,.F.,.F.,.F.,(2,2),(9,9),(0.,44.),(0.,66.666666666667)
  ,.PIECEWISE_BEZIER_KNOTS.);
#4067 = CARTESIAN_POINT('',(-22.31075758986,14.603845074232,
    113.79544037112));
#4068 = CARTESIAN_POINT('',(-31.54349800482,40.479088910703,
    113.54664367166));
#4069 = CARTESIAN_POINT('',(-44.05638815737,65.113178706668,
    105.93051003765));
#4070 = CARTESIAN_POINT('',(-59.66544849843,85.573166813772,
    91.360264301978));
#4071 = CARTESIAN_POINT('',(-77.66834377547,99.126183043452,
    71.413377269496));
#4072 = CARTESIAN_POINT('',(-96.87997930125,103.92455665939,
    48.751615188167));
#4073 = CARTESIAN_POINT('',(-115.9026626627,99.660415995104,
    26.514246616418));
#4074 = CARTESIAN_POINT('',(-133.5025199329,87.450709823629,
    7.472597768433));
#4075 = CARTESIAN_POINT('',(-148.8073761184,69.346940357737,
    -6.414394246896));
#4076 = CARTESIAN_POINT('',(-39.99888267803,7.910416081876,
    74.067260961677));
#4077 = CARTESIAN_POINT('',(-48.48918652574,21.926173159964,
    75.486004094547));
#4078 = CARTESIAN_POINT('',(-58.75623814798,35.269638466112,
    72.914106387875));
#4079 = CARTESIAN_POINT('',(-70.70038195566,46.352132024126,
    66.575397959465));
#4080 = CARTESIAN_POINT('',(-83.94118635366,53.693349148537,
    57.32434216195));
#4081 = CARTESIAN_POINT('',(-97.83672505307,56.292468190504,
    46.602729046313));
#4082 = CARTESIAN_POINT('',(-111.6299146634,53.982725330681,
    36.110995748363));
#4083 = CARTESIAN_POINT('',(-124.6524068078,47.369134487799,
    27.350277300786));
#4084 = CARTESIAN_POINT('',(-136.4317733645,37.562926027107,
    21.381664637564));
#4085 = DEFINITIONAL_REPRESENTATION('',(#4086),#4090);
#4086 = LINE('',#4087,#4088);
#4087 = CARTESIAN_POINT('',(0.,66.666666666667));
#4088 = VECTOR('',#4089,1.);
#4089 = DIRECTION('',(1.,0.));
#4090 = ( GEOMETRIC_REPRESENTATION_CONTEXT(2) 
PARAMETRIC_REPRESENTATION_CONTEXT() REPRESENTATION_CONTEXT('2D SPACE',''
  ) );
#4091 = ORIENTED_EDGE('',*,*,#4092,.F.);
#4092 = EDGE_CURVE('',#3878,#4052,#4093,.T.);
#4093 = SURFACE_CURVE('',#4094,(#4104,#4111),.PCURVE_S1.);
#4094 = B_SPLINE_CURVE_WITH_KNOTS('',8,(#4095,#4096,#4097,#4098,#4099,
    #4100,#4101,#4102,#4103),.UNSPECIFIED.,.F.,.F.,(9,9),(
    57.125125040385,123.79179170704),.PIECEWISE_BEZIER_KNOTS.);
#4095 = CARTESIAN_POINT('',(-186.8353114275,-51.00083458096,
    72.079686984751));
#4096 = CARTESIAN_POINT('',(-184.8794560313,-48.23429770887,
    55.984332332551));
#4097 = CARTESIAN_POINT('',(-182.5729145469,-41.13294320844,
    40.676631530543));
#4098 = CARTESIAN_POINT('',(-179.2744745445,-30.01084769646,
    27.596771276133));
#4099 = CARTESIAN_POINT('',(-174.3992091188,-15.86701751726,
    18.058518908366));
#4100 = CARTESIAN_POINT('',(-167.5684353047,-0.321841462908,
    12.91241029237));
#4101 = CARTESIAN_POINT('',(-158.7474122182,14.757817754881,
    12.236474731906));
#4102 = CARTESIAN_POINT('',(-148.2111399212,27.756717566412,
    15.41305197434));
#4103 = CARTESIAN_POINT('',(-136.4317733645,37.562926027107,
    21.381664637563));
#4104 = PCURVE('',#3892,#4105);
#4105 = DEFINITIONAL_REPRESENTATION('',(#4106),#4110);
#4106 = LINE('',#4107,#4108);
#4107 = CARTESIAN_POINT('',(44.,123.79179170705));
#4108 = VECTOR('',#4109,1.);
#4109 = DIRECTION('',(1.06581410364E-16,-1.));
#4110 = ( GEOMETRIC_REPRESENTATION_CONTEXT(2) 
PARAMETRIC_REPRESENTATION_CONTEXT() REPRESENTATION_CONTEXT('2D SPACE',''
  ) );
#4111 = PCURVE('',#1144,#4112);
#4112 = DEFINITIONAL_REPRESENTATION('',(#4113),#4139);
#4113 = B_SPLINE_CURVE_WITH_KNOTS('',3,(#4114,#4115,#4116,#4117,#4118,
    #4119,#4120,#4121,#4122,#4123,#4124,#4125,#4126,#4127,#4128,#4129,
    #4130,#4131,#4132,#4133,#4134,#4135,#4136,#4137,#4138),
  .UNSPECIFIED.,.F.,.F.,(4,1,1,1,1,1,1,1,1,1,1,1,1,1,1,1,1,1,1,1,1,1,4),
  (57.125125040385,60.155428070688,63.185731100991,66.216034131294,
    69.246337161596,72.276640191899,75.306943222202,78.337246252505,
    81.367549282808,84.397852313111,87.428155343414,90.458458373717,
    93.488761404019,96.519064434322,99.549367464625,102.57967049492,
    105.60997352523,108.64027655553,111.67057958583,114.70088261614,
    117.73118564644,120.76148867674,123.79179170704),
  .QUASI_UNIFORM_KNOTS.);
#4114 = CARTESIAN_POINT('',(-4.516039439535,-225.));
#4115 = CARTESIAN_POINT('',(-4.482983952514,-223.9898989898));
#4116 = CARTESIAN_POINT('',(-4.416872973776,-221.9696969696));
#4117 = CARTESIAN_POINT('',(-4.317706514285,-218.9393939393));
#4118 = CARTESIAN_POINT('',(-4.218540112684,-215.909090909));
#4119 = CARTESIAN_POINT('',(-4.119373725249,-212.8787878787));
#4120 = CARTESIAN_POINT('',(-4.020207315965,-209.8484848484));
#4121 = CARTESIAN_POINT('',(-3.921040869445,-206.8181818181));
#4122 = CARTESIAN_POINT('',(-3.821874397191,-203.7878787878));
#4123 = CARTESIAN_POINT('',(-3.722707924531,-200.7575757575));
#4124 = CARTESIAN_POINT('',(-3.623541474398,-197.7272727272));
#4125 = CARTESIAN_POINT('',(-3.524375055077,-194.6969696969));
#4126 = CARTESIAN_POINT('',(-3.425208657039,-191.6666666666));
#4127 = CARTESIAN_POINT('',(-3.326042259001,-188.6363636363));
#4128 = CARTESIAN_POINT('',(-3.22687583968,-185.606060606));
#4129 = CARTESIAN_POINT('',(-3.127709389547,-182.5757575757));
#4130 = CARTESIAN_POINT('',(-3.028542916886,-179.5454545454));
#4131 = CARTESIAN_POINT('',(-2.929376444632,-176.5151515151));
#4132 = CARTESIAN_POINT('',(-2.830209998113,-173.4848484848));
#4133 = CARTESIAN_POINT('',(-2.731043588829,-170.4545454545));
#4134 = CARTESIAN_POINT('',(-2.631877201393,-167.4242424242));
#4135 = CARTESIAN_POINT('',(-2.532710799793,-164.3939393939));
#4136 = CARTESIAN_POINT('',(-2.433544340301,-161.3636363636));
#4137 = CARTESIAN_POINT('',(-2.367433361563,-159.3434343434));
#4138 = CARTESIAN_POINT('',(-2.334377874542,-158.3333333333));
#4139 = ( GEOMETRIC_REPRESENTATION_CONTEXT(2) 
PARAMETRIC_REPRESENTATION_CONTEXT() REPRESENTATION_CONTEXT('2D SPACE',''
  ) );
#4140 = ORIENTED_EDGE('',*,*,#3877,.F.);
#4141 = ADVANCED_FACE('',(#4142),#4066,.T.);
#4142 = FACE_BOUND('',#4143,.T.);
#4143 = EDGE_LOOP('',(#4144,#4237,#4278,#4327));
#4144 = ORIENTED_EDGE('',*,*,#4145,.F.);
#4145 = EDGE_CURVE('',#4146,#4023,#4148,.T.);
#4146 = VERTEX_POINT('',#4147);
#4147 = CARTESIAN_POINT('',(-22.31075758986,14.603845074232,
    113.79544037112));
#4148 = SURFACE_CURVE('',#4149,(#4159,#4166),.PCURVE_S1.);
#4149 = ( BOUNDED_CURVE() B_SPLINE_CURVE(8,(#4150,#4151,#4152,#4153,
    #4154,#4155,#4156,#4157,#4158),.UNSPECIFIED.,.F.,.F.) 
B_SPLINE_CURVE_WITH_KNOTS((9,9),(0.,66.666666666667),
.PIECEWISE_BEZIER_KNOTS.) CURVE() GEOMETRIC_REPRESENTATION_ITEM() 
RATIONAL_B_SPLINE_CURVE((1.000053547667,1.000053547667,1.000053547667,
    1.000053547667,1.000053547667,1.000053547667,1.000053547667,
1.000053547667,1.000053547667)) REPRESENTATION_ITEM('') );
#4150 = CARTESIAN_POINT('',(-22.31075758986,14.603845074232,
    113.79544037112));
#4151 = CARTESIAN_POINT('',(-31.54349800482,40.479088910703,
    113.54664367166));
#4152 = CARTESIAN_POINT('',(-44.05638815737,65.113178706668,
    105.93051003765));
#4153 = CARTESIAN_POINT('',(-59.66544849843,85.573166813771,
    91.360264301977));
#4154 = CARTESIAN_POINT('',(-77.66834377547,99.126183043454,
    71.413377269497));
#4155 = CARTESIAN_POINT('',(-96.87997930125,103.92455665939,
    48.751615188166));
#4156 = CARTESIAN_POINT('',(-115.9026626627,99.660415995105,
    26.514246616418));
#4157 = CARTESIAN_POINT('',(-133.5025199329,87.450709823628,
    7.472597768433));
#4158 = CARTESIAN_POINT('',(-148.8073761184,69.346940357737,
    -6.414394246896));
#4159 = PCURVE('',#4066,#4160);
#4160 = DEFINITIONAL_REPRESENTATION('',(#4161),#4165);
#4161 = LINE('',#4162,#4163);
#4162 = CARTESIAN_POINT('',(0.,0.));
#4163 = VECTOR('',#4164,1.);
#4164 = DIRECTION('',(0.,1.));
#4165 = ( GEOMETRIC_REPRESENTATION_CONTEXT(2) 
PARAMETRIC_REPRESENTATION_CONTEXT() REPRESENTATION_CONTEXT('2D SPACE',''
  ) );
#4166 = PCURVE('',#4167,#4231);
#4167 = ( BOUNDED_SURFACE() B_SPLINE_SURFACE(6,8,(
    (#4168,#4169,#4170,#4171,#4172,#4173,#4174,#4175,#4176)
    ,(#4177,#4178,#4179,#4180,#4181,#4182,#4183,#4184,#4185)
    ,(#4186,#4187,#4188,#4189,#4190,#4191,#4192,#4193,#4194)
    ,(#4195,#4196,#4197,#4198,#4199,#4200,#4201,#4202,#4203)
    ,(#4204,#4205,#4206,#4207,#4208,#4209,#4210,#4211,#4212)
    ,(#4213,#4214,#4215,#4216,#4217,#4218,#4219,#4220,#4221)
    ,(#4222,#4223,#4224,#4225,#4226,#4227,#4228,#4229,#4230
)),.UNSPECIFIED.,.F.,.F.,.F.) B_SPLINE_SURFACE_WITH_KNOTS((7,7),(9,9),(
    0.,6.544984694977E-02),(0.,66.666666666667),
.PIECEWISE_BEZIER_KNOTS.) GEOMETRIC_REPRESENTATION_ITEM() 
RATIONAL_B_SPLINE_SURFACE((
    (1.000053547667,1.000053547667,1.000053547667,1.000053547667
      ,1.000053547667,1.000053547667,1.000053547667,1.000053547667
      ,1.000053547667)
    ,(1.000017847948,1.000017847948,1.000017847948,1.000017847948
      ,1.000017847948,1.000017847948,1.000017847948,1.000017847948
      ,1.000017847948)
    ,(0.999996430156,0.999996430156,0.999996430156,0.999996430156
      ,0.999996430156,0.999996430156,0.999996430156,0.999996430156
      ,0.999996430156)
    ,(0.999989291231,0.999989291231,0.999989291231,0.999989291231
      ,0.999989291231,0.999989291231,0.999989291231,0.999989291231
      ,0.999989291231)
    ,(0.999996430156,0.999996430156,0.999996430156,0.999996430156
      ,0.999996430156,0.999996430156,0.999996430156,0.999996430156
      ,0.999996430156)
    ,(1.000017847948,1.000017847948,1.000017847948,1.000017847948
      ,1.000017847948,1.000017847948,1.000017847948,1.000017847948
      ,1.000017847948)
    ,(1.000053547667,1.000053547667,1.000053547667,1.000053547667
      ,1.000053547667,1.000053547667,1.000053547667,1.000053547667
,1.000053547667))) REPRESENTATION_ITEM('') SURFACE() );
#4168 = CARTESIAN_POINT('',(-22.00489732373,8.366951303775,
    114.48241377651));
#4169 = CARTESIAN_POINT('',(-30.54584015535,34.447267512693,
    115.78741988935));
#4170 = CARTESIAN_POINT('',(-42.39292666483,59.816534173234,
    109.66670572188));
#4171 = CARTESIAN_POINT('',(-57.44059304857,81.518499447228,
    96.357371458981));
#4172 = CARTESIAN_POINT('',(-75.06070720846,96.713209134704,
    77.270224891979));
#4173 = CARTESIAN_POINT('',(-94.1198632943,103.36638563683,
    54.950937240008));
#4174 = CARTESIAN_POINT('',(-113.2315514154,100.94606794657,
    32.513660704976));
#4175 = CARTESIAN_POINT('',(-131.1348265609,90.368406809503,
    12.79052415138));
#4176 = CARTESIAN_POINT('',(-146.9048073781,73.540266539422,
    -2.141154891469));
#4177 = CARTESIAN_POINT('',(-22.06969410089,9.401998006132,
    114.33687783219));
#4178 = CARTESIAN_POINT('',(-30.72544453284,35.438869445364,
    115.38402185275));
#4179 = CARTESIAN_POINT('',(-42.68183168326,60.676717555141,
    109.0178144263));
#4180 = CARTESIAN_POINT('',(-57.82027835695,82.164224838057,
    95.504584293876));
#4181 = CARTESIAN_POINT('',(-75.50052680118,97.080273760981,
    76.282373912831));
#4182 = CARTESIAN_POINT('',(-94.58097311192,103.42237102423,
    53.915267632837));
#4183 = CARTESIAN_POINT('',(-113.6737413821,100.69604180165,
    31.520485778833));
#4184 = CARTESIAN_POINT('',(-131.5228424654,89.850529399657,
    11.919026160901));
#4185 = CARTESIAN_POINT('',(-147.2124974569,72.816089909268,
    -2.832238123264));
#4186 = CARTESIAN_POINT('',(-22.12897721925,10.439085759832,
    114.20372576828));
#4187 = CARTESIAN_POINT('',(-30.89976164538,36.436209212565,
    114.99249920764));
#4188 = CARTESIAN_POINT('',(-42.96614446395,61.546162089851,
    108.3792374656));
#4189 = CARTESIAN_POINT('',(-58.19650937375,82.822142205869,
    94.659555594632));
#4190 = CARTESIAN_POINT('',(-75.93837319527,97.461477640086,
    75.298954810403));
#4191 = CARTESIAN_POINT('',(-95.04176509309,103.49319418746,
    52.880311898005));
#4192 = CARTESIAN_POINT('',(-114.1172436152,100.46025763342,
    30.524363453933));
#4193 = CARTESIAN_POINT('',(-131.9135990736,89.345161925086,
    11.041372449336));
#4194 = CARTESIAN_POINT('',(-147.5240300761,72.101846878109,
    -3.531951842369));
#4195 = CARTESIAN_POINT('',(-22.18273495576,11.47801475774,
    114.08298391519));
#4196 = CARTESIAN_POINT('',(-31.06875760728,37.439094867202,
    114.61292806258));
#4197 = CARTESIAN_POINT('',(-43.24580995484,62.42470067292,
    107.75109848867));
#4198 = CARTESIAN_POINT('',(-58.56921338908,83.492125378609,
    93.822448670416));
#4199 = CARTESIAN_POINT('',(-76.37416188267,97.856748045523,
    74.320157392852));
#4200 = CARTESIAN_POINT('',(-95.50215039525,103.5788422686,
    51.846269579181));
#4201 = CARTESIAN_POINT('',(-114.5619726924,100.23876165588,
    29.52548559209));
#4202 = CARTESIAN_POINT('',(-132.3070212071,88.85240247384,
    10.157731869869));
#4203 = CARTESIAN_POINT('',(-147.8393453884,71.397675660389,
    -4.240161629088));
#4204 = CARTESIAN_POINT('',(-22.23095684941,12.518584768073,
    113.97467576875));
#4205 = CARTESIAN_POINT('',(-31.23239974776,38.447333191373,
    114.2453817973));
#4206 = CARTESIAN_POINT('',(-43.52077416445,63.312164119013,
    107.13351876237));
#4207 = CARTESIAN_POINT('',(-58.9383184973,84.174045425287,
    92.99342502395));
#4208 = CARTESIAN_POINT('',(-76.80780882372,98.26600903582,
    73.346170416338));
#4209 = CARTESIAN_POINT('',(-95.96204026697,103.67929902274,
    50.813340015364));
#4210 = CARTESIAN_POINT('',(-115.0078429093,100.03159681982,
    28.524044688478));
#4211 = CARTESIAN_POINT('',(-132.7030330771,88.372346255655,
    9.26827464677));
#4212 = CARTESIAN_POINT('',(-148.1583826808,70.70371217244,
    -4.956731120105));
#4213 = CARTESIAN_POINT('',(-22.2736337039,13.560595184141,
    113.87882198418));
#4214 = CARTESIAN_POINT('',(-31.39065661919,39.460729744289,
    113.88993104434));
#4215 = CARTESIAN_POINT('',(-43.79098417539,64.208381203798,
    106.52661714112));
#4216 = CARTESIAN_POINT('',(-59.30375361495,84.86777068778,
    92.172644311222));
#4217 = CARTESIAN_POINT('',(-77.2392304681,98.689181473191,
    72.377181538025));
#4218 = CARTESIAN_POINT('',(-96.42134606998,103.79454482174,
    49.781722291324));
#4219 = CARTESIAN_POINT('',(-115.4547683009,99.838802801914,
    27.520233823837));
#4220 = CARTESIAN_POINT('',(-133.1015583034,87.905085578051,
    8.373172333193));
#4221 = CARTESIAN_POINT('',(-148.4810803902,70.020089998506,
    -5.681522042226));
#4222 = CARTESIAN_POINT('',(-22.31075758986,14.603845074232,
    113.79544037112));
#4223 = CARTESIAN_POINT('',(-31.54349800482,40.479088910703,
    113.54664367166));
#4224 = CARTESIAN_POINT('',(-44.05638815737,65.113178706668,
    105.93051003765));
#4225 = CARTESIAN_POINT('',(-59.66544849843,85.573166813771,
    91.360264301977));
#4226 = CARTESIAN_POINT('',(-77.66834377547,99.126183043454,
    71.413377269497));
#4227 = CARTESIAN_POINT('',(-96.87997930125,103.92455665939,
    48.751615188166));
#4228 = CARTESIAN_POINT('',(-115.9026626627,99.660415995105,
    26.514246616418));
#4229 = CARTESIAN_POINT('',(-133.5025199329,87.450709823628,
    7.472597768433));
#4230 = CARTESIAN_POINT('',(-148.8073761184,69.346940357737,
    -6.414394246896));
#4231 = DEFINITIONAL_REPRESENTATION('',(#4232),#4236);
#4232 = LINE('',#4233,#4234);
#4233 = CARTESIAN_POINT('',(6.544984694977E-02,0.));
#4234 = VECTOR('',#4235,1.);
#4235 = DIRECTION('',(0.,1.));
#4236 = ( GEOMETRIC_REPRESENTATION_CONTEXT(2) 
PARAMETRIC_REPRESENTATION_CONTEXT() REPRESENTATION_CONTEXT('2D SPACE',''
  ) );
#4237 = ORIENTED_EDGE('',*,*,#4238,.T.);
#4238 = EDGE_CURVE('',#4146,#4239,#4241,.T.);
#4239 = VERTEX_POINT('',#4240);
#4240 = CARTESIAN_POINT('',(-39.99888267803,7.910416081876,
    74.067260961677));
#4241 = SURFACE_CURVE('',#4242,(#4245,#4252),.PCURVE_S1.);
#4242 = B_SPLINE_CURVE_WITH_KNOTS('',1,(#4243,#4244),.UNSPECIFIED.,.F.,
  .F.,(2,2),(0.,44.),.PIECEWISE_BEZIER_KNOTS.);
#4243 = CARTESIAN_POINT('',(-22.31075758986,14.603845074232,
    113.79544037112));
#4244 = CARTESIAN_POINT('',(-39.99888267803,7.910416081876,
    74.067260961677));
#4245 = PCURVE('',#4066,#4246);
#4246 = DEFINITIONAL_REPRESENTATION('',(#4247),#4251);
#4247 = LINE('',#4248,#4249);
#4248 = CARTESIAN_POINT('',(0.,0.));
#4249 = VECTOR('',#4250,1.);
#4250 = DIRECTION('',(1.,0.));
#4251 = ( GEOMETRIC_REPRESENTATION_CONTEXT(2) 
PARAMETRIC_REPRESENTATION_CONTEXT() REPRESENTATION_CONTEXT('2D SPACE',''
  ) );
#4252 = PCURVE('',#4253,#4272);
#4253 = B_SPLINE_SURFACE_WITH_KNOTS('',1,8,(
    (#4254,#4255,#4256,#4257,#4258,#4259,#4260,#4261,#4262)
    ,(#4263,#4264,#4265,#4266,#4267,#4268,#4269,#4270,#4271
  )),.UNSPECIFIED.,.F.,.F.,.F.,(2,2),(9,9),(0.,44.),(0.,66.666666666667)
  ,.PIECEWISE_BEZIER_KNOTS.);
#4254 = CARTESIAN_POINT('',(-17.26992164448,-86.09978318713,
    -38.78887909596));
#4255 = CARTESIAN_POINT('',(-15.33259419715,-97.67887402012,
    -13.94929260971));
#4256 = CARTESIAN_POINT('',(-11.92737680418,-101.9399720131,
    14.187228674504));
#4257 = CARTESIAN_POINT('',(-8.136992811958,-97.57133528193,
    43.188848304692));
#4258 = CARTESIAN_POINT('',(-5.27482054556,-84.41993022193,
    70.105670264753));
#4259 = CARTESIAN_POINT('',(-4.636207762686,-63.81271181495,
    92.028295855793));
#4260 = CARTESIAN_POINT('',(-7.125414317764,-38.38799119556,
    106.92572419171));
#4261 = CARTESIAN_POINT('',(-13.07801717489,-11.27139876223,
    114.04423707059));
#4262 = CARTESIAN_POINT('',(-22.31075758986,14.603845074232,
    113.79544037112));
#4263 = CARTESIAN_POINT('',(-9.354540890764,-46.6373825597,
    -21.01064284364));
#4264 = CARTESIAN_POINT('',(-11.79439131306,-52.90939009423,
    -6.002358818512));
#4265 = CARTESIAN_POINT('',(-13.43913468147,-55.21748484045,
    10.791764888853));
#4266 = CARTESIAN_POINT('',(-14.87524614196,-52.85113994438,
    28.054483533618));
#4267 = CARTESIAN_POINT('',(-16.81413895394,-45.72746220354,
    44.187936773734));
#4268 = CARTESIAN_POINT('',(-19.95745981949,-34.56521889976,
    57.61620031396));
#4269 = CARTESIAN_POINT('',(-24.79501615976,-20.79349523093,
    67.239148674333));
#4270 = CARTESIAN_POINT('',(-31.50857883032,-6.105340996213,
    72.648517828806));
#4271 = CARTESIAN_POINT('',(-39.99888267803,7.910416081876,
    74.067260961677));
#4272 = DEFINITIONAL_REPRESENTATION('',(#4273),#4277);
#4273 = LINE('',#4274,#4275);
#4274 = CARTESIAN_POINT('',(0.,66.666666666667));
#4275 = VECTOR('',#4276,1.);
#4276 = DIRECTION('',(1.,0.));
#4277 = ( GEOMETRIC_REPRESENTATION_CONTEXT(2) 
PARAMETRIC_REPRESENTATION_CONTEXT() REPRESENTATION_CONTEXT('2D SPACE',''
  ) );
#4278 = ORIENTED_EDGE('',*,*,#4279,.F.);
#4279 = EDGE_CURVE('',#4052,#4239,#4280,.T.);
#4280 = SURFACE_CURVE('',#4281,(#4291,#4298),.PCURVE_S1.);
#4281 = B_SPLINE_CURVE_WITH_KNOTS('',8,(#4282,#4283,#4284,#4285,#4286,
    #4287,#4288,#4289,#4290),.UNSPECIFIED.,.F.,.F.,(9,9),(
    57.125125013583,123.79179168024),.PIECEWISE_BEZIER_KNOTS.);
#4282 = CARTESIAN_POINT('',(-136.4317733645,37.562926027107,
    21.381664637564));
#4283 = CARTESIAN_POINT('',(-124.6524068078,47.369134487799,
    27.350277300786));
#4284 = CARTESIAN_POINT('',(-111.6299146634,53.982725330681,
    36.110995748362));
#4285 = CARTESIAN_POINT('',(-97.83672505307,56.292468190506,
    46.602729046312));
#4286 = CARTESIAN_POINT('',(-83.94118635372,53.693349148539,
    57.324342161967));
#4287 = CARTESIAN_POINT('',(-70.70038195566,46.352132024149,
    66.57539795947));
#4288 = CARTESIAN_POINT('',(-58.75623814796,35.269638466099,
    72.914106387867));
#4289 = CARTESIAN_POINT('',(-48.48918652574,21.926173159963,
    75.486004094549));
#4290 = CARTESIAN_POINT('',(-39.99888267803,7.910416081876,
    74.067260961677));
#4291 = PCURVE('',#4066,#4292);
#4292 = DEFINITIONAL_REPRESENTATION('',(#4293),#4297);
#4293 = LINE('',#4294,#4295);
#4294 = CARTESIAN_POINT('',(44.,123.79179168024));
#4295 = VECTOR('',#4296,1.);
#4296 = DIRECTION('',(-5.329070518201E-16,-1.));
#4297 = ( GEOMETRIC_REPRESENTATION_CONTEXT(2) 
PARAMETRIC_REPRESENTATION_CONTEXT() REPRESENTATION_CONTEXT('2D SPACE',''
  ) );
#4298 = PCURVE('',#1144,#4299);
#4299 = DEFINITIONAL_REPRESENTATION('',(#4300),#4326);
#4300 = B_SPLINE_CURVE_WITH_KNOTS('',3,(#4301,#4302,#4303,#4304,#4305,
    #4306,#4307,#4308,#4309,#4310,#4311,#4312,#4313,#4314,#4315,#4316,
    #4317,#4318,#4319,#4320,#4321,#4322,#4323,#4324,#4325),
  .UNSPECIFIED.,.F.,.F.,(4,1,1,1,1,1,1,1,1,1,1,1,1,1,1,1,1,1,1,1,1,1,4),
  (57.125125013583,60.155428043886,63.185731074189,66.216034104492,
    69.246337134795,72.276640165098,75.306943195401,78.337246225704,
    81.367549256007,84.39785228631,87.428155316613,90.458458346916,
    93.488761377219,96.519064407522,99.549367437825,102.57967046812,
    105.60997349843,108.64027652873,111.67057955903,114.70088258934,
    117.73118561964,120.76148864994,123.79179168024),
  .QUASI_UNIFORM_KNOTS.);
#4301 = CARTESIAN_POINT('',(-2.334377874542,-158.3333333333));
#4302 = CARTESIAN_POINT('',(-2.301322387521,-157.3232323232));
#4303 = CARTESIAN_POINT('',(-2.235211408783,-155.303030303));
#4304 = CARTESIAN_POINT('',(-2.136044949292,-152.2727272727));
#4305 = CARTESIAN_POINT('',(-2.036878547691,-149.2424242424));
#4306 = CARTESIAN_POINT('',(-1.937712160256,-146.2121212121));
#4307 = CARTESIAN_POINT('',(-1.838545750972,-143.1818181818));
#4308 = CARTESIAN_POINT('',(-1.739379304452,-140.1515151515));
#4309 = CARTESIAN_POINT('',(-1.640212832198,-137.1212121212));
#4310 = CARTESIAN_POINT('',(-1.541046359538,-134.0909090909));
#4311 = CARTESIAN_POINT('',(-1.441879909405,-131.0606060606));
#4312 = CARTESIAN_POINT('',(-1.342713490084,-128.0303030303));
#4313 = CARTESIAN_POINT('',(-1.243547092046,-125.));
#4314 = CARTESIAN_POINT('',(-1.144380694008,-121.9696969697));
#4315 = CARTESIAN_POINT('',(-1.045214274687,-118.9393939394));
#4316 = CARTESIAN_POINT('',(-0.946047824554,-115.909090909));
#4317 = CARTESIAN_POINT('',(-0.846881351894,-112.8787878787));
#4318 = CARTESIAN_POINT('',(-0.74771487964,-109.8484848484));
#4319 = CARTESIAN_POINT('',(-0.64854843312,-106.8181818181));
#4320 = CARTESIAN_POINT('',(-0.549382023836,-103.7878787878));
#4321 = CARTESIAN_POINT('',(-0.450215636401,-100.7575757575));
#4322 = CARTESIAN_POINT('',(-0.3510492348,-97.72727272727));
#4323 = CARTESIAN_POINT('',(-0.251882775309,-94.69696969697));
#4324 = CARTESIAN_POINT('',(-0.18577179657,-92.67676767676));
#4325 = CARTESIAN_POINT('',(-0.15271630955,-91.66666666666));
#4326 = ( GEOMETRIC_REPRESENTATION_CONTEXT(2) 
PARAMETRIC_REPRESENTATION_CONTEXT() REPRESENTATION_CONTEXT('2D SPACE',''
  ) );
#4327 = ORIENTED_EDGE('',*,*,#4051,.F.);
#4328 = ADVANCED_FACE('',(#4329),#4253,.T.);
#4329 = FACE_BOUND('',#4330,.T.);
#4330 = EDGE_LOOP('',(#4331,#4424,#4450,#4501,#4531));
#4331 = ORIENTED_EDGE('',*,*,#4332,.F.);
#4332 = EDGE_CURVE('',#4333,#4146,#4335,.T.);
#4333 = VERTEX_POINT('',#4334);
#4334 = CARTESIAN_POINT('',(-17.26992164448,-86.09978318713,
    -38.78887909596));
#4335 = SURFACE_CURVE('',#4336,(#4346,#4353),.PCURVE_S1.);
#4336 = ( BOUNDED_CURVE() B_SPLINE_CURVE(8,(#4337,#4338,#4339,#4340,
    #4341,#4342,#4343,#4344,#4345),.UNSPECIFIED.,.F.,.F.) 
B_SPLINE_CURVE_WITH_KNOTS((9,9),(0.,66.666666666667),
.PIECEWISE_BEZIER_KNOTS.) CURVE() GEOMETRIC_REPRESENTATION_ITEM() 
RATIONAL_B_SPLINE_CURVE((1.000053547667,1.000053547667,1.000053547667,
    1.000053547667,1.000053547667,1.000053547667,1.000053547667,
1.000053547667,1.000053547667)) REPRESENTATION_ITEM('') );
#4337 = CARTESIAN_POINT('',(-17.26992164448,-86.09978318713,
    -38.78887909596));
#4338 = CARTESIAN_POINT('',(-15.33259419715,-97.67887402012,
    -13.94929260971));
#4339 = CARTESIAN_POINT('',(-11.92737680418,-101.9399720131,
    14.187228674505));
#4340 = CARTESIAN_POINT('',(-8.136992811956,-97.57133528193,
    43.18884830469));
#4341 = CARTESIAN_POINT('',(-5.274820545561,-84.41993022193,
    70.105670264755));
#4342 = CARTESIAN_POINT('',(-4.636207762685,-63.81271181495,
    92.028295855791));
#4343 = CARTESIAN_POINT('',(-7.125414317764,-38.38799119556,
    106.92572419171));
#4344 = CARTESIAN_POINT('',(-13.07801717489,-11.27139876223,
    114.04423707059));
#4345 = CARTESIAN_POINT('',(-22.31075758986,14.603845074232,
    113.79544037112));
#4346 = PCURVE('',#4253,#4347);
#4347 = DEFINITIONAL_REPRESENTATION('',(#4348),#4352);
#4348 = LINE('',#4349,#4350);
#4349 = CARTESIAN_POINT('',(0.,0.));
#4350 = VECTOR('',#4351,1.);
#4351 = DIRECTION('',(0.,1.));
#4352 = ( GEOMETRIC_REPRESENTATION_CONTEXT(2) 
PARAMETRIC_REPRESENTATION_CONTEXT() REPRESENTATION_CONTEXT('2D SPACE',''
  ) );
#4353 = PCURVE('',#4354,#4418);
#4354 = ( BOUNDED_SURFACE() B_SPLINE_SURFACE(6,8,(
    (#4355,#4356,#4357,#4358,#4359,#4360,#4361,#4362,#4363)
    ,(#4364,#4365,#4366,#4367,#4368,#4369,#4370,#4371,#4372)
    ,(#4373,#4374,#4375,#4376,#4377,#4378,#4379,#4380,#4381)
    ,(#4382,#4383,#4384,#4385,#4386,#4387,#4388,#4389,#4390)
    ,(#4391,#4392,#4393,#4394,#4395,#4396,#4397,#4398,#4399)
    ,(#4400,#4401,#4402,#4403,#4404,#4405,#4406,#4407,#4408)
    ,(#4409,#4410,#4411,#4412,#4413,#4414,#4415,#4416,#4417
)),.UNSPECIFIED.,.F.,.F.,.F.) B_SPLINE_SURFACE_WITH_KNOTS((7,7),(9,9),(
    0.,6.544984694977E-02),(0.,66.666666666667),
.PIECEWISE_BEZIER_KNOTS.) GEOMETRIC_REPRESENTATION_ITEM() 
RATIONAL_B_SPLINE_SURFACE((
    (1.000053547667,1.000053547667,1.000053547667,1.000053547667
      ,1.000053547667,1.000053547667,1.000053547667,1.000053547667
      ,1.000053547667)
    ,(1.000017847948,1.000017847948,1.000017847948,1.000017847948
      ,1.000017847948,1.000017847948,1.000017847948,1.000017847948
      ,1.000017847948)
    ,(0.999996430156,0.999996430156,0.999996430156,0.999996430156
      ,0.999996430156,0.999996430156,0.999996430156,0.999996430156
      ,0.999996430156)
    ,(0.999989291231,0.999989291231,0.999989291231,0.999989291231
      ,0.999989291231,0.999989291231,0.999989291231,0.999989291231
      ,0.999989291231)
    ,(0.999996430156,0.999996430156,0.999996430156,0.999996430156
      ,0.999996430156,0.999996430156,0.999996430156,0.999996430156
      ,0.999996430156)
    ,(1.000017847948,1.000017847948,1.000017847948,1.000017847948
      ,1.000017847948,1.000017847948,1.000017847948,1.000017847948
      ,1.000017847948)
    ,(1.000053547667,1.000053547667,1.000053547667,1.000053547667
      ,1.000053547667,1.000053547667,1.000053547667,1.000053547667
,1.000053547667))) REPRESENTATION_ITEM('') SURFACE() );
#4355 = CARTESIAN_POINT('',(-19.52335886763,-83.1384387633,
    -43.85018196684));
#4356 = CARTESIAN_POINT('',(-17.91450437355,-96.22840815326,
    -19.74835781282));
#4357 = CARTESIAN_POINT('',(-14.64623065668,-102.2520893471,
    8.080582938904));
#4358 = CARTESIAN_POINT('',(-10.76404810979,-99.72644741391,
    37.288385498661));
#4359 = CARTESIAN_POINT('',(-7.57445203728,-88.28758556822,
    64.940613367926));
#4360 = CARTESIAN_POINT('',(-6.405316214201,-69.05132615158,
    88.054813216663));
#4361 = CARTESIAN_POINT('',(-8.229148360261,-44.50492676073,
    104.44669694365));
#4362 = CARTESIAN_POINT('',(-13.46395449212,-17.71336490514,
    113.17740766367));
#4363 = CARTESIAN_POINT('',(-22.00489732373,8.366951303775,
    114.48241377651));
#4364 = CARTESIAN_POINT('',(-19.14133697985,-83.60161893114,
    -42.99214675844));
#4365 = CARTESIAN_POINT('',(-17.48110644305,-96.43545130844,
    -18.77493012318));
#4366 = CARTESIAN_POINT('',(-14.19392637544,-102.1636266074,
    9.096474987558));
#4367 = CARTESIAN_POINT('',(-10.33112732512,-99.33214859173,
    38.260741501238));
#4368 = CARTESIAN_POINT('',(-7.199883601487,-87.61234534878,
    65.781907849048));
#4369 = CARTESIAN_POINT('',(-6.122181324317,-68.15478051216,
    88.69074459133));
#4370 = CARTESIAN_POINT('',(-8.058822114106,-43.47096397341,
    104.82925595607));
#4371 = CARTESIAN_POINT('',(-13.41394366894,-16.63487343309,
    113.28973381163));
#4372 = CARTESIAN_POINT('',(-22.06969410089,9.401998006132,
    114.33687783219));
#4373 = CARTESIAN_POINT('',(-18.76179756107,-84.07707409588,
    -42.13968726671));
#4374 = CARTESIAN_POINT('',(-17.04882943629,-96.65643389969,
    -17.80402006948));
#4375 = CARTESIAN_POINT('',(-13.74117047053,-102.0897244379,
    10.1133813996));
#4376 = CARTESIAN_POINT('',(-9.89612572812,-98.95179961135,
    39.237771084797));
#4377 = CARTESIAN_POINT('',(-6.821736041675,-86.9491890182,
    66.631241174367));
#4378 = CARTESIAN_POINT('',(-5.834285100337,-67.26738558177,
    89.337370097442));
#4379 = CARTESIAN_POINT('',(-7.882998053103,-42.44252719384,
    105.22416326283));
#4380 = CARTESIAN_POINT('',(-13.35819279311,-15.5580376929,
    113.41495232891));
#4381 = CARTESIAN_POINT('',(-22.12897721925,10.439085759832,
    114.20372576828));
#4382 = CARTESIAN_POINT('',(-18.38481390693,-84.56471326264,
    -41.29296811636));
#4383 = CARTESIAN_POINT('',(-16.61775674207,-96.89131407521,
    -16.83581494605));
#4384 = CARTESIAN_POINT('',(-13.28805019421,-102.0303978642,
    11.131106203222));
#4385 = CARTESIAN_POINT('',(-9.459127061401,-98.58547453846,
    40.219286160395));
#4386 = CARTESIAN_POINT('',(-6.440082060598,-86.29824505823,
    67.488450050773));
#4387 = CARTESIAN_POINT('',(-5.541682784271,-66.38931291093,
    89.994565659452));
#4388 = CARTESIAN_POINT('',(-7.701709775971,-41.41981496668,
    105.63134339995));
#4389 = CARTESIAN_POINT('',(-13.29671230424,-14.48306535172,
    113.5530397678));
#4390 = CARTESIAN_POINT('',(-22.18273495576,11.47801475774,
    114.08298391519));
#4391 = CARTESIAN_POINT('',(-18.01045873069,-85.06444265129,
    -40.45215262403));
#4392 = CARTESIAN_POINT('',(-16.18797147577,-97.14004680744,
    -15.87050143305));
#4393 = CARTESIAN_POINT('',(-12.83465288374,-101.9856585823,
    12.149453235714));
#4394 = CARTESIAN_POINT('',(-9.020215525466,-98.2332442365,
    41.20509761061));
#4395 = CARTESIAN_POINT('',(-6.054995163539,-85.65963916329,
    68.353369382699));
#4396 = CARTESIAN_POINT('',(-5.24443069432,-65.52073192395,
    90.662204784617));
#4397 = CARTESIAN_POINT('',(-7.514992130407,-40.40302453284,
    106.05071809821));
#4398 = CARTESIAN_POINT('',(-13.22951395106,-13.41016365522,
    113.7039697402));
#4399 = CARTESIAN_POINT('',(-22.23095684941,12.518584768073,
    113.97467576875));
#4400 = CARTESIAN_POINT('',(-17.63880414509,-85.57616571954,
    -39.61740275757));
#4401 = CARTESIAN_POINT('',(-15.75955645862,-97.40258390404,
    -14.90826555003));
#4402 = CARTESIAN_POINT('',(-12.38106593969,-101.9555149556,
    13.168226192214));
#4403 = CARTESIAN_POINT('',(-8.579475757823,-97.89517634878,
    42.19501533645));
#4404 = CARTESIAN_POINT('',(-5.666549640087,-85.03349420901,
    69.225832313042));
#4405 = CARTESIAN_POINT('',(-4.94258621097,-64.66180987665,
    91.340158594214));
#4406 = CARTESIAN_POINT('',(-7.322881204525,-39.3923517803,
    106.48220630242));
#4407 = CARTESIAN_POINT('',(-13.1566107886,-12.339539376,113.86771292401
    ));
#4408 = CARTESIAN_POINT('',(-22.2736337039,13.560595184141,
    113.87882198418));
#4409 = CARTESIAN_POINT('',(-17.26992164448,-86.09978318713,
    -38.78887909596));
#4410 = CARTESIAN_POINT('',(-15.33259419715,-97.67887402012,
    -13.94929260971));
#4411 = CARTESIAN_POINT('',(-11.92737680418,-101.9399720131,
    14.187228674505));
#4412 = CARTESIAN_POINT('',(-8.136992811956,-97.57133528193,
    43.18884830469));
#4413 = CARTESIAN_POINT('',(-5.274820545561,-84.41993022193,
    70.105670264755));
#4414 = CARTESIAN_POINT('',(-4.636207762685,-63.81271181495,
    92.028295855791));
#4415 = CARTESIAN_POINT('',(-7.125414317764,-38.38799119556,
    106.92572419171));
#4416 = CARTESIAN_POINT('',(-13.07801717489,-11.27139876223,
    114.04423707059));
#4417 = CARTESIAN_POINT('',(-22.31075758986,14.603845074232,
    113.79544037112));
#4418 = DEFINITIONAL_REPRESENTATION('',(#4419),#4423);
#4419 = LINE('',#4420,#4421);
#4420 = CARTESIAN_POINT('',(6.544984694977E-02,0.));
#4421 = VECTOR('',#4422,1.);
#4422 = DIRECTION('',(0.,1.));
#4423 = ( GEOMETRIC_REPRESENTATION_CONTEXT(2) 
PARAMETRIC_REPRESENTATION_CONTEXT() REPRESENTATION_CONTEXT('2D SPACE',''
  ) );
#4424 = ORIENTED_EDGE('',*,*,#4425,.T.);
#4425 = EDGE_CURVE('',#4333,#4426,#4428,.T.);
#4426 = VERTEX_POINT('',#4427);
#4427 = CARTESIAN_POINT('',(-9.354540890764,-46.6373825597,
    -21.01064284364));
#4428 = SURFACE_CURVE('',#4429,(#4432,#4439),.PCURVE_S1.);
#4429 = B_SPLINE_CURVE_WITH_KNOTS('',1,(#4430,#4431),.UNSPECIFIED.,.F.,
  .F.,(2,2),(0.,44.),.PIECEWISE_BEZIER_KNOTS.);
#4430 = CARTESIAN_POINT('',(-17.26992164448,-86.09978318713,
    -38.78887909596));
#4431 = CARTESIAN_POINT('',(-9.354540890764,-46.6373825597,
    -21.01064284364));
#4432 = PCURVE('',#4253,#4433);
#4433 = DEFINITIONAL_REPRESENTATION('',(#4434),#4438);
#4434 = LINE('',#4435,#4436);
#4435 = CARTESIAN_POINT('',(0.,0.));
#4436 = VECTOR('',#4437,1.);
#4437 = DIRECTION('',(1.,0.));
#4438 = ( GEOMETRIC_REPRESENTATION_CONTEXT(2) 
PARAMETRIC_REPRESENTATION_CONTEXT() REPRESENTATION_CONTEXT('2D SPACE',''
  ) );
#4439 = PCURVE('',#4440,#4445);
#4440 = PLANE('',#4441);
#4441 = AXIS2_PLACEMENT_3D('',#4442,#4443,#4444);
#4442 = CARTESIAN_POINT('',(0.,0.,0.));
#4443 = DIRECTION('',(-0.913545457643,0.,0.406736643076));
#4444 = DIRECTION('',(0.406736643076,0.,0.913545457643));
#4445 = DEFINITIONAL_REPRESENTATION('',(#4446),#4449);
#4446 = B_SPLINE_CURVE_WITH_KNOTS('',1,(#4447,#4448),.UNSPECIFIED.,.F.,
  .F.,(2,2),(0.,44.),.PIECEWISE_BEZIER_KNOTS.);
#4447 = CARTESIAN_POINT('',(-42.45971426102,-86.09978318713));
#4448 = CARTESIAN_POINT('',(-22.99901189138,-46.6373825597));
#4449 = ( GEOMETRIC_REPRESENTATION_CONTEXT(2) 
PARAMETRIC_REPRESENTATION_CONTEXT() REPRESENTATION_CONTEXT('2D SPACE',''
  ) );
#4450 = ORIENTED_EDGE('',*,*,#4451,.F.);
#4451 = EDGE_CURVE('',#4452,#4426,#4454,.T.);
#4452 = VERTEX_POINT('',#4453);
#4453 = CARTESIAN_POINT('',(-35.48951416085,0.,72.722036214391));
#4454 = SURFACE_CURVE('',#4455,(#4465,#4472),.PCURVE_S1.);
#4455 = B_SPLINE_CURVE_WITH_KNOTS('',8,(#4456,#4457,#4458,#4459,#4460,
    #4461,#4462,#4463,#4464),.UNSPECIFIED.,.F.,.F.,(9,9),(
    57.125125010717,119.12512635382),.PIECEWISE_BEZIER_KNOTS.);
#4456 = CARTESIAN_POINT('',(-35.48951485094,1.931788062848E-14,
    72.722034664415));
#4457 = CARTESIAN_POINT('',(-28.40953747432,-13.18814608828,
    69.56982544725));
#4458 = CARTESIAN_POINT('',(-22.88433497727,-26.37627400535,
    62.925534675415));
#4459 = CARTESIAN_POINT('',(-18.91390718164,-38.27174391015,
    52.78916274906));
#4460 = CARTESIAN_POINT('',(-16.28505782857,-47.58235469061,
    39.639556308382));
#4461 = CARTESIAN_POINT('',(-14.5703947733,-53.2796017174,
    24.436653816121));
#4462 = CARTESIAN_POINT('',(-13.20497465385,-54.87492850722,
    8.449338856383));
#4463 = CARTESIAN_POINT('',(-11.62360183273,-52.47034969318,
    -7.052938397919));
#4464 = CARTESIAN_POINT('',(-9.354540890764,-46.6373825597,
    -21.01064284364));
#4465 = PCURVE('',#4253,#4466);
#4466 = DEFINITIONAL_REPRESENTATION('',(#4467),#4471);
#4467 = LINE('',#4468,#4469);
#4468 = CARTESIAN_POINT('',(44.,119.12512635378));
#4469 = VECTOR('',#4470,1.);
#4470 = DIRECTION('',(0.,-1.));
#4471 = ( GEOMETRIC_REPRESENTATION_CONTEXT(2) 
PARAMETRIC_REPRESENTATION_CONTEXT() REPRESENTATION_CONTEXT('2D SPACE',''
  ) );
#4472 = PCURVE('',#1144,#4473);
#4473 = DEFINITIONAL_REPRESENTATION('',(#4474),#4500);
#4474 = B_SPLINE_CURVE_WITH_KNOTS('',3,(#4475,#4476,#4477,#4478,#4479,
    #4480,#4481,#4482,#4483,#4484,#4485,#4486,#4487,#4488,#4489,#4490,
    #4491,#4492,#4493,#4494,#4495,#4496,#4497,#4498,#4499),
  .UNSPECIFIED.,.F.,.F.,(4,1,1,1,1,1,1,1,1,1,1,1,1,1,1,1,1,1,1,1,1,1,4),
  (57.125125010717,59.943306889949,62.761488769181,65.579670648413,
    68.397852527646,71.216034406878,74.03421628611,76.852398165343,
    79.670580044575,82.488761923807,85.306943803039,88.125125682272,
    90.943307561504,93.761489440736,96.579671319968,99.397853199201,
    102.21603507843,105.03421695766,107.85239883689,110.67058071613,
    113.48876259536,116.30694447459,119.12512635382),
  .QUASI_UNIFORM_KNOTS.);
#4475 = CARTESIAN_POINT('',(-6.28318530718,-87.00000134307));
#4476 = CARTESIAN_POINT('',(-6.25244370565,-86.06060738332));
#4477 = CARTESIAN_POINT('',(-6.190960521757,-84.18181946383));
#4478 = CARTESIAN_POINT('',(-6.098735775102,-81.3636375846));
#4479 = CARTESIAN_POINT('',(-6.006511028476,-78.54545570538));
#4480 = CARTESIAN_POINT('',(-5.914286255652,-75.72727382617));
#4481 = CARTESIAN_POINT('',(-5.822061451679,-72.90909194696));
#4482 = CARTESIAN_POINT('',(-5.729836629183,-70.09091006775));
#4483 = CARTESIAN_POINT('',(-5.637611809059,-67.27272818854));
#4484 = CARTESIAN_POINT('',(-5.545387008981,-64.45454630932));
#4485 = CARTESIAN_POINT('',(-5.453162235386,-61.63636443009));
#4486 = CARTESIAN_POINT('',(-5.360937481357,-58.81818255084));
#4487 = CARTESIAN_POINT('',(-5.268712730544,-56.00000067157));
#4488 = CARTESIAN_POINT('',(-5.176487965073,-53.1818187923));
#4489 = CARTESIAN_POINT('',(-5.084263174076,-50.36363691302));
#4490 = CARTESIAN_POINT('',(-4.992038359307,-47.54545503376));
#4491 = CARTESIAN_POINT('',(-4.899813535212,-44.72727315451));
#4492 = CARTESIAN_POINT('',(-4.807588722773,-41.90909127528));
#4493 = CARTESIAN_POINT('',(-4.715363938777,-39.09090939607));
#4494 = CARTESIAN_POINT('',(-4.623139185032,-36.27272751688));
#4495 = CARTESIAN_POINT('',(-4.530914442255,-33.45454563769));
#4496 = CARTESIAN_POINT('',(-4.438689679365,-30.63636375848));
#4497 = CARTESIAN_POINT('',(-4.346464865712,-27.81818187925));
#4498 = CARTESIAN_POINT('',(-4.284981654066,-25.93939395975));
#4499 = CARTESIAN_POINT('',(-4.254240051736,-25.));
#4500 = ( GEOMETRIC_REPRESENTATION_CONTEXT(2) 
PARAMETRIC_REPRESENTATION_CONTEXT() REPRESENTATION_CONTEXT('2D SPACE',''
  ) );
#4501 = ORIENTED_EDGE('',*,*,#4502,.T.);
#4502 = EDGE_CURVE('',#4452,#4239,#4503,.T.);
#4503 = SURFACE_CURVE('',#4504,(#4514,#4521),.PCURVE_S1.);
#4504 = B_SPLINE_CURVE_WITH_KNOTS('',8,(#4505,#4506,#4507,#4508,#4509,
    #4510,#4511,#4512,#4513),.UNSPECIFIED.,.F.,.F.,(9,9),(0.,
    66.666666666667),.PIECEWISE_BEZIER_KNOTS.);
#4505 = CARTESIAN_POINT('',(-9.354540890764,-46.6373825597,
    -21.01064284364));
#4506 = CARTESIAN_POINT('',(-11.79439131306,-52.90939009423,
    -6.002358818512));
#4507 = CARTESIAN_POINT('',(-13.43913468147,-55.21748484045,
    10.791764888853));
#4508 = CARTESIAN_POINT('',(-14.87524614196,-52.85113994438,
    28.054483533618));
#4509 = CARTESIAN_POINT('',(-16.81413895394,-45.72746220354,
    44.187936773734));
#4510 = CARTESIAN_POINT('',(-19.95745981949,-34.56521889976,
    57.61620031396));
#4511 = CARTESIAN_POINT('',(-24.79501615976,-20.79349523093,
    67.239148674333));
#4512 = CARTESIAN_POINT('',(-31.50857883032,-6.105340996213,
    72.648517828806));
#4513 = CARTESIAN_POINT('',(-39.99888267803,7.910416081876,
    74.067260961677));
#4514 = PCURVE('',#4253,#4515);
#4515 = DEFINITIONAL_REPRESENTATION('',(#4516),#4520);
#4516 = LINE('',#4517,#4518);
#4517 = CARTESIAN_POINT('',(44.,0.));
#4518 = VECTOR('',#4519,1.);
#4519 = DIRECTION('',(0.,1.));
#4520 = ( GEOMETRIC_REPRESENTATION_CONTEXT(2) 
PARAMETRIC_REPRESENTATION_CONTEXT() REPRESENTATION_CONTEXT('2D SPACE',''
  ) );
#4521 = PCURVE('',#1144,#4522);
#4522 = DEFINITIONAL_REPRESENTATION('',(#4523),#4530);
#4523 = B_SPLINE_CURVE_WITH_KNOTS('',5,(#4524,#4525,#4526,#4527,#4528,
    #4529),.UNSPECIFIED.,.F.,.F.,(6,6),(62.00000134307,66.666666666667),
  .PIECEWISE_BEZIER_KNOTS.);
#4524 = CARTESIAN_POINT('',(-3.885780712974E-16,-87.00000134307));
#4525 = CARTESIAN_POINT('',(-3.054325692283E-02,-87.93333440778));
#4526 = CARTESIAN_POINT('',(-6.108652319376E-02,-88.8666674725));
#4527 = CARTESIAN_POINT('',(-9.162978827879E-02,-89.80000053722));
#4528 = CARTESIAN_POINT('',(-0.12217305643,-90.73333360194));
#4529 = CARTESIAN_POINT('',(-0.15271630955,-91.66666666666));
#4530 = ( GEOMETRIC_REPRESENTATION_CONTEXT(2) 
PARAMETRIC_REPRESENTATION_CONTEXT() REPRESENTATION_CONTEXT('2D SPACE',''
  ) );
#4531 = ORIENTED_EDGE('',*,*,#4238,.F.);
#4532 = ADVANCED_FACE('',(#4533),#4440,.F.);
#4533 = FACE_BOUND('',#4534,.F.);
#4534 = EDGE_LOOP('',(#4535,#4536,#4564,#4604));
#4535 = ORIENTED_EDGE('',*,*,#4425,.T.);
#4536 = ORIENTED_EDGE('',*,*,#4537,.T.);
#4537 = EDGE_CURVE('',#4426,#4538,#4540,.T.);
#4538 = VERTEX_POINT('',#4539);
#4539 = CARTESIAN_POINT('',(-10.57515271997,-45.03332099679,
    -23.7521818987));
#4540 = SURFACE_CURVE('',#4541,(#4546,#4557),.PCURVE_S1.);
#4541 = CIRCLE('',#4542,52.);
#4542 = AXIS2_PLACEMENT_3D('',#4543,#4544,#4545);
#4543 = CARTESIAN_POINT('',(-3.552713678801E-15,0.,1.7763568394E-15));
#4544 = DIRECTION('',(0.913545457643,0.,-0.406736643076));
#4545 = DIRECTION('',(0.406736643076,0.,0.913545457643));
#4546 = PCURVE('',#4440,#4547);
#4547 = DEFINITIONAL_REPRESENTATION('',(#4548),#4556);
#4548 = ( BOUNDED_CURVE() B_SPLINE_CURVE(2,(#4549,#4550,#4551,#4552,
#4553,#4554,#4555),.UNSPECIFIED.,.T.,.F.) B_SPLINE_CURVE_WITH_KNOTS((1,2
    ,2,2,2,1),(-2.094395102393,0.,2.094395102393,4.188790204786,
6.28318530718,8.377580409573),.UNSPECIFIED.) CURVE() 
GEOMETRIC_REPRESENTATION_ITEM() RATIONAL_B_SPLINE_CURVE((1.,0.5,1.,0.5,
1.,0.5,1.)) REPRESENTATION_ITEM('') );
#4549 = CARTESIAN_POINT('',(52.,0.));
#4550 = CARTESIAN_POINT('',(52.,-90.06664199358));
#4551 = CARTESIAN_POINT('',(-26.,-45.03332099679));
#4552 = CARTESIAN_POINT('',(-104.,-1.273632671113E-14));
#4553 = CARTESIAN_POINT('',(-26.,45.033320996791));
#4554 = CARTESIAN_POINT('',(52.,90.066641993582));
#4555 = CARTESIAN_POINT('',(52.,0.));
#4556 = ( GEOMETRIC_REPRESENTATION_CONTEXT(2) 
PARAMETRIC_REPRESENTATION_CONTEXT() REPRESENTATION_CONTEXT('2D SPACE',''
  ) );
#4557 = PCURVE('',#1144,#4558);
#4558 = DEFINITIONAL_REPRESENTATION('',(#4559),#4563);
#4559 = LINE('',#4560,#4561);
#4560 = CARTESIAN_POINT('',(-6.28318530718,-25.));
#4561 = VECTOR('',#4562,1.);
#4562 = DIRECTION('',(1.,-0.));
#4563 = ( GEOMETRIC_REPRESENTATION_CONTEXT(2) 
PARAMETRIC_REPRESENTATION_CONTEXT() REPRESENTATION_CONTEXT('2D SPACE',''
  ) );
#4564 = ORIENTED_EDGE('',*,*,#4565,.T.);
#4565 = EDGE_CURVE('',#4538,#4566,#4568,.T.);
#4566 = VERTEX_POINT('',#4567);
#4567 = CARTESIAN_POINT('',(-19.52335886763,-83.1384387633,
    -43.85018196684));
#4568 = SURFACE_CURVE('',#4569,(#4572,#4578),.PCURVE_S1.);
#4569 = B_SPLINE_CURVE_WITH_KNOTS('',1,(#4570,#4571),.UNSPECIFIED.,.F.,
  .F.,(2,2),(0.,44.),.PIECEWISE_BEZIER_KNOTS.);
#4570 = CARTESIAN_POINT('',(-10.57515271997,-45.03332099679,
    -23.7521818987));
#4571 = CARTESIAN_POINT('',(-19.52335886763,-83.1384387633,
    -43.85018196684));
#4572 = PCURVE('',#4440,#4573);
#4573 = DEFINITIONAL_REPRESENTATION('',(#4574),#4577);
#4574 = B_SPLINE_CURVE_WITH_KNOTS('',1,(#4575,#4576),.UNSPECIFIED.,.F.,
  .F.,(2,2),(0.,44.),.PIECEWISE_BEZIER_KNOTS.);
#4575 = CARTESIAN_POINT('',(-26.,-45.03332099679));
#4576 = CARTESIAN_POINT('',(-48.,-83.1384387633));
#4577 = ( GEOMETRIC_REPRESENTATION_CONTEXT(2) 
PARAMETRIC_REPRESENTATION_CONTEXT() REPRESENTATION_CONTEXT('2D SPACE',''
  ) );
#4578 = PCURVE('',#4579,#4598);
#4579 = B_SPLINE_SURFACE_WITH_KNOTS('',1,8,(
    (#4580,#4581,#4582,#4583,#4584,#4585,#4586,#4587,#4588)
    ,(#4589,#4590,#4591,#4592,#4593,#4594,#4595,#4596,#4597
  )),.UNSPECIFIED.,.F.,.F.,.F.,(2,2),(9,9),(0.,44.),(0.,66.666666666667)
  ,.PIECEWISE_BEZIER_KNOTS.);
#4580 = CARTESIAN_POINT('',(-10.57515271997,-45.03332099679,
    -23.7521818987));
#4581 = CARTESIAN_POINT('',(-13.19292599195,-52.12372108301,
    -9.143519136865));
#4582 = CARTESIAN_POINT('',(-14.91184718492,-55.38654839635,
    7.483998448736));
#4583 = CARTESIAN_POINT('',(-16.29823442829,-54.0184923492,
    24.858399513684));
#4584 = CARTESIAN_POINT('',(-18.05977267862,-47.82244218279,
    41.390197621285));
#4585 = CARTESIAN_POINT('',(-20.91572689739,-37.40280166544,
    55.463897217765));
#4586 = CARTESIAN_POINT('',(-25.39287209945,-24.10683532873,
    65.896342248302));
#4587 = CARTESIAN_POINT('',(-31.71762821048,-9.594739323619,
    72.178985233391));
#4588 = CARTESIAN_POINT('',(-39.83320836721,4.532098622878,
    74.43937155626));
#4589 = CARTESIAN_POINT('',(-19.52335886763,-83.1384387633,
    -43.85018196684));
#4590 = CARTESIAN_POINT('',(-17.91450437355,-96.22840815326,
    -19.74835781282));
#4591 = CARTESIAN_POINT('',(-14.64623065668,-102.2520893471,
    8.080582938905));
#4592 = CARTESIAN_POINT('',(-10.76404810979,-99.72644741391,
    37.28838549866));
#4593 = CARTESIAN_POINT('',(-7.574452037278,-88.28758556822,
    64.940613367926));
#4594 = CARTESIAN_POINT('',(-6.405316214202,-69.05132615159,
    88.054813216663));
#4595 = CARTESIAN_POINT('',(-8.229148360261,-44.50492676073,
    104.44669694365));
#4596 = CARTESIAN_POINT('',(-13.46395449212,-17.71336490514,
    113.17740766367));
#4597 = CARTESIAN_POINT('',(-22.00489732373,8.366951303775,
    114.48241377651));
#4598 = DEFINITIONAL_REPRESENTATION('',(#4599),#4603);
#4599 = LINE('',#4600,#4601);
#4600 = CARTESIAN_POINT('',(0.,0.));
#4601 = VECTOR('',#4602,1.);
#4602 = DIRECTION('',(1.,0.));
#4603 = ( GEOMETRIC_REPRESENTATION_CONTEXT(2) 
PARAMETRIC_REPRESENTATION_CONTEXT() REPRESENTATION_CONTEXT('2D SPACE',''
  ) );
#4604 = ORIENTED_EDGE('',*,*,#4605,.T.);
#4605 = EDGE_CURVE('',#4566,#4333,#4606,.T.);
#4606 = SURFACE_CURVE('',#4607,(#4615,#4626),.PCURVE_S1.);
#4607 = ( BOUNDED_CURVE() B_SPLINE_CURVE(6,(#4608,#4609,#4610,#4611,
#4612,#4613,#4614),.UNSPECIFIED.,.F.,.F.) B_SPLINE_CURVE_WITH_KNOTS((7,7
),(0.,6.544984694977E-02),.PIECEWISE_BEZIER_KNOTS.) CURVE() 
GEOMETRIC_REPRESENTATION_ITEM() RATIONAL_B_SPLINE_CURVE((1.000053547667,
    1.000017847948,0.999996430156,0.999989291231,0.999996430156,
1.000017847948,1.000053547667)) REPRESENTATION_ITEM('') );
#4608 = CARTESIAN_POINT('',(-19.52335886763,-83.1384387633,
    -43.85018196684));
#4609 = CARTESIAN_POINT('',(-19.14133697985,-83.60161893114,
    -42.99214675844));
#4610 = CARTESIAN_POINT('',(-18.76179756107,-84.07707409588,
    -42.13968726671));
#4611 = CARTESIAN_POINT('',(-18.38481390693,-84.56471326264,
    -41.29296811636));
#4612 = CARTESIAN_POINT('',(-18.01045873069,-85.06444265129,
    -40.45215262403));
#4613 = CARTESIAN_POINT('',(-17.63880414509,-85.57616571954,
    -39.61740275757));
#4614 = CARTESIAN_POINT('',(-17.26992164448,-86.09978318713,
    -38.78887909596));
#4615 = PCURVE('',#4440,#4616);
#4616 = DEFINITIONAL_REPRESENTATION('',(#4617),#4625);
#4617 = ( BOUNDED_CURVE() B_SPLINE_CURVE(6,(#4618,#4619,#4620,#4621,
#4622,#4623,#4624),.UNSPECIFIED.,.F.,.F.) B_SPLINE_CURVE_WITH_KNOTS((7,7
),(0.,6.544984694977E-02),.PIECEWISE_BEZIER_KNOTS.) CURVE() 
GEOMETRIC_REPRESENTATION_ITEM() RATIONAL_B_SPLINE_CURVE((1.000053547667,
    1.000017847948,0.999996430156,0.999989291231,0.999996430156,
1.000017847948,1.000053547667)) REPRESENTATION_ITEM('') );
#4618 = CARTESIAN_POINT('',(-48.,-83.1384387633));
#4619 = CARTESIAN_POINT('',(-47.06076353264,-83.60161893114));
#4620 = CARTESIAN_POINT('',(-46.12763044704,-84.07707409588));
#4621 = CARTESIAN_POINT('',(-45.20078094737,-84.56471326264));
#4622 = CARTESIAN_POINT('',(-44.28039380592,-85.06444265129));
#4623 = CARTESIAN_POINT('',(-43.36664631862,-85.57616571954));
#4624 = CARTESIAN_POINT('',(-42.45971426102,-86.09978318713));
#4625 = ( GEOMETRIC_REPRESENTATION_CONTEXT(2) 
PARAMETRIC_REPRESENTATION_CONTEXT() REPRESENTATION_CONTEXT('2D SPACE',''
  ) );
#4626 = PCURVE('',#4354,#4627);
#4627 = DEFINITIONAL_REPRESENTATION('',(#4628),#4632);
#4628 = LINE('',#4629,#4630);
#4629 = CARTESIAN_POINT('',(0.,0.));
#4630 = VECTOR('',#4631,1.);
#4631 = DIRECTION('',(1.,0.));
#4632 = ( GEOMETRIC_REPRESENTATION_CONTEXT(2) 
PARAMETRIC_REPRESENTATION_CONTEXT() REPRESENTATION_CONTEXT('2D SPACE',''
  ) );
#4633 = ADVANCED_FACE('',(#4634),#4579,.T.);
#4634 = FACE_BOUND('',#4635,.T.);
#4635 = EDGE_LOOP('',(#4636,#4670,#4719,#4720,#4749));
#4636 = ORIENTED_EDGE('',*,*,#4637,.F.);
#4637 = EDGE_CURVE('',#4638,#4640,#4642,.T.);
#4638 = VERTEX_POINT('',#4639);
#4639 = CARTESIAN_POINT('',(-37.31660455071,0.,73.535509266607));
#4640 = VERTEX_POINT('',#4641);
#4641 = CARTESIAN_POINT('',(-39.83320836721,4.532098622878,
    74.43937155626));
#4642 = SURFACE_CURVE('',#4643,(#4653,#4660),.PCURVE_S1.);
#4643 = B_SPLINE_CURVE_WITH_KNOTS('',8,(#4644,#4645,#4646,#4647,#4648,
    #4649,#4650,#4651,#4652),.UNSPECIFIED.,.F.,.F.,(9,9),(0.,
    66.666666666667),.PIECEWISE_BEZIER_KNOTS.);
#4644 = CARTESIAN_POINT('',(-10.57515271997,-45.03332099679,
    -23.7521818987));
#4645 = CARTESIAN_POINT('',(-13.19292599195,-52.12372108301,
    -9.143519136865));
#4646 = CARTESIAN_POINT('',(-14.91184718492,-55.38654839635,
    7.483998448736));
#4647 = CARTESIAN_POINT('',(-16.29823442829,-54.0184923492,
    24.858399513684));
#4648 = CARTESIAN_POINT('',(-18.05977267862,-47.82244218279,
    41.390197621285));
#4649 = CARTESIAN_POINT('',(-20.91572689739,-37.40280166544,
    55.463897217765));
#4650 = CARTESIAN_POINT('',(-25.39287209945,-24.10683532873,
    65.896342248302));
#4651 = CARTESIAN_POINT('',(-31.71762821048,-9.594739323619,
    72.178985233391));
#4652 = CARTESIAN_POINT('',(-39.83320836721,4.532098622878,
    74.43937155626));
#4653 = PCURVE('',#4579,#4654);
#4654 = DEFINITIONAL_REPRESENTATION('',(#4655),#4659);
#4655 = LINE('',#4656,#4657);
#4656 = CARTESIAN_POINT('',(0.,0.));
#4657 = VECTOR('',#4658,1.);
#4658 = DIRECTION('',(0.,1.));
#4659 = ( GEOMETRIC_REPRESENTATION_CONTEXT(2) 
PARAMETRIC_REPRESENTATION_CONTEXT() REPRESENTATION_CONTEXT('2D SPACE',''
  ) );
#4660 = PCURVE('',#1409,#4661);
#4661 = DEFINITIONAL_REPRESENTATION('',(#4662),#4669);
#4662 = B_SPLINE_CURVE_WITH_KNOTS('',5,(#4663,#4664,#4665,#4666,#4667,
    #4668),.UNSPECIFIED.,.F.,.F.,(6,6),(64.000000767918,66.666666666667)
  ,.PIECEWISE_BEZIER_KNOTS.);
#4663 = CARTESIAN_POINT('',(-4.415271666229E-15,-89.00000076791));
#4664 = CARTESIAN_POINT('',(-1.745329376196E-02,-89.53333394766));
#4665 = CARTESIAN_POINT('',(-3.490658955037E-02,-90.06666712741));
#4666 = CARTESIAN_POINT('',(-5.235988264381E-02,-90.60000030716));
#4667 = CARTESIAN_POINT('',(-6.981317510579E-02,-91.13333348691));
#4668 = CARTESIAN_POINT('',(-8.726646259972E-02,-91.66666666666));
#4669 = ( GEOMETRIC_REPRESENTATION_CONTEXT(2) 
PARAMETRIC_REPRESENTATION_CONTEXT() REPRESENTATION_CONTEXT('2D SPACE',''
  ) );
#4670 = ORIENTED_EDGE('',*,*,#4671,.F.);
#4671 = EDGE_CURVE('',#4538,#4638,#4672,.T.);
#4672 = SURFACE_CURVE('',#4673,(#4683,#4690),.PCURVE_S1.);
#4673 = B_SPLINE_CURVE_WITH_KNOTS('',8,(#4674,#4675,#4676,#4677,#4678,
    #4679,#4680,#4681,#4682),.UNSPECIFIED.,.F.,.F.,(9,9),(0.,
    64.000000767915),.PIECEWISE_BEZIER_KNOTS.);
#4674 = CARTESIAN_POINT('',(-10.57515271997,-45.03332099679,
    -23.7521818987));
#4675 = CARTESIAN_POINT('',(-13.08821509122,-51.84010516124,
    -9.727865479065));
#4676 = CARTESIAN_POINT('',(-14.77289536658,-55.11939817354,
    6.157027590801));
#4677 = CARTESIAN_POINT('',(-16.13023560063,-54.16048221209,
    22.777138431013));
#4678 = CARTESIAN_POINT('',(-17.78134728204,-48.76751321927,
    38.737427797389));
#4679 = CARTESIAN_POINT('',(-20.36158669586,-39.41877518343,
    52.610862108967));
#4680 = CARTESIAN_POINT('',(-24.35658458361,-27.22713861441,
    63.306696862076));
#4681 = CARTESIAN_POINT('',(-30.00824284286,-13.61357321796,
    70.281611498844));
#4682 = CARTESIAN_POINT('',(-37.31660502526,2.297051437949E-13,
    73.535508200751));
#4683 = PCURVE('',#4579,#4684);
#4684 = DEFINITIONAL_REPRESENTATION('',(#4685),#4689);
#4685 = LINE('',#4686,#4687);
#4686 = CARTESIAN_POINT('',(1.451606968785E-14,-1.560704338278E-15));
#4687 = VECTOR('',#4688,1.);
#4688 = DIRECTION('',(-4.324476513715E-17,1.));
#4689 = ( GEOMETRIC_REPRESENTATION_CONTEXT(2) 
PARAMETRIC_REPRESENTATION_CONTEXT() REPRESENTATION_CONTEXT('2D SPACE',''
  ) );
#4690 = PCURVE('',#1144,#4691);
#4691 = DEFINITIONAL_REPRESENTATION('',(#4692),#4718);
#4692 = B_SPLINE_CURVE_WITH_KNOTS('',3,(#4693,#4694,#4695,#4696,#4697,
    #4698,#4699,#4700,#4701,#4702,#4703,#4704,#4705,#4706,#4707,#4708,
    #4709,#4710,#4711,#4712,#4713,#4714,#4715,#4716,#4717),
  .UNSPECIFIED.,.F.,.F.,(4,1,1,1,1,1,1,1,1,1,1,1,1,1,1,1,1,1,1,1,1,1,4),
  (0.,2.909090943996,5.818181887992,8.727272831988,11.636363775985,
    14.545454719981,17.454545663977,20.363636607973,23.272727551969,
    26.181818495965,29.090909439961,32.000000383958,34.909091327954,
    37.81818227195,40.727273215946,43.636364159942,46.545455103938,
    49.454546047935,52.363636991931,55.272727935927,58.181818879923,
    61.090909823919,64.000000767915),.QUASI_UNIFORM_KNOTS.);
#4693 = CARTESIAN_POINT('',(-4.188790204786,-25.));
#4694 = CARTESIAN_POINT('',(-4.220523471951,-25.96969698133));
#4695 = CARTESIAN_POINT('',(-4.283990012381,-27.90909094399));
#4696 = CARTESIAN_POINT('',(-4.379189817244,-30.81818188799));
#4697 = CARTESIAN_POINT('',(-4.474389568184,-33.72727283198));
#4698 = CARTESIAN_POINT('',(-4.569589301236,-36.63636377598));
#4699 = CARTESIAN_POINT('',(-4.664789049786,-39.54545471998));
#4700 = CARTESIAN_POINT('',(-4.759988831855,-42.45454566397));
#4701 = CARTESIAN_POINT('',(-4.855188641778,-45.36363660797));
#4702 = CARTESIAN_POINT('',(-4.950388459019,-48.27272755197));
#4703 = CARTESIAN_POINT('',(-5.045588261258,-51.18181849596));
#4704 = CARTESIAN_POINT('',(-5.140788036025,-54.09090943996));
#4705 = CARTESIAN_POINT('',(-5.235987785979,-57.00000038396));
#4706 = CARTESIAN_POINT('',(-5.331187526632,-59.90909132795));
#4707 = CARTESIAN_POINT('',(-5.426387278197,-62.81818227195));
#4708 = CARTESIAN_POINT('',(-5.521587055364,-65.72727321594));
#4709 = CARTESIAN_POINT('',(-5.616786859523,-68.63636415994));
#4710 = CARTESIAN_POINT('',(-5.711986677068,-71.54545510393));
#4711 = CARTESIAN_POINT('',(-5.807186485347,-74.45454604793));
#4712 = CARTESIAN_POINT('',(-5.902386264487,-77.36363699193));
#4713 = CARTESIAN_POINT('',(-5.997586010958,-80.27272793592));
#4714 = CARTESIAN_POINT('',(-6.092785743245,-83.18181887992));
#4715 = CARTESIAN_POINT('',(-6.187985500838,-86.09090982392));
#4716 = CARTESIAN_POINT('',(-6.251452031764,-88.03030378658));
#4717 = CARTESIAN_POINT('',(-6.28318530718,-89.00000076791));
#4718 = ( GEOMETRIC_REPRESENTATION_CONTEXT(2) 
PARAMETRIC_REPRESENTATION_CONTEXT() REPRESENTATION_CONTEXT('2D SPACE',''
  ) );
#4719 = ORIENTED_EDGE('',*,*,#4565,.T.);
#4720 = ORIENTED_EDGE('',*,*,#4721,.T.);
#4721 = EDGE_CURVE('',#4566,#4722,#4724,.T.);
#4722 = VERTEX_POINT('',#4723);
#4723 = CARTESIAN_POINT('',(-22.00489732373,8.366951303775,
    114.48241377651));
#4724 = SURFACE_CURVE('',#4725,(#4735,#4742),.PCURVE_S1.);
#4725 = B_SPLINE_CURVE_WITH_KNOTS('',8,(#4726,#4727,#4728,#4729,#4730,
    #4731,#4732,#4733,#4734),.UNSPECIFIED.,.F.,.F.,(9,9),(0.,
    66.666666666667),.PIECEWISE_BEZIER_KNOTS.);
#4726 = CARTESIAN_POINT('',(-19.52335886763,-83.1384387633,
    -43.85018196684));
#4727 = CARTESIAN_POINT('',(-17.91450437355,-96.22840815326,
    -19.74835781282));
#4728 = CARTESIAN_POINT('',(-14.64623065668,-102.2520893471,
    8.080582938905));
#4729 = CARTESIAN_POINT('',(-10.76404810979,-99.72644741391,
    37.28838549866));
#4730 = CARTESIAN_POINT('',(-7.574452037278,-88.28758556822,
    64.940613367926));
#4731 = CARTESIAN_POINT('',(-6.405316214202,-69.05132615159,
    88.054813216663));
#4732 = CARTESIAN_POINT('',(-8.229148360261,-44.50492676073,
    104.44669694365));
#4733 = CARTESIAN_POINT('',(-13.46395449212,-17.71336490514,
    113.17740766367));
#4734 = CARTESIAN_POINT('',(-22.00489732373,8.366951303775,
    114.48241377651));
#4735 = PCURVE('',#4579,#4736);
#4736 = DEFINITIONAL_REPRESENTATION('',(#4737),#4741);
#4737 = LINE('',#4738,#4739);
#4738 = CARTESIAN_POINT('',(44.,0.));
#4739 = VECTOR('',#4740,1.);
#4740 = DIRECTION('',(0.,1.));
#4741 = ( GEOMETRIC_REPRESENTATION_CONTEXT(2) 
PARAMETRIC_REPRESENTATION_CONTEXT() REPRESENTATION_CONTEXT('2D SPACE',''
  ) );
#4742 = PCURVE('',#4354,#4743);
#4743 = DEFINITIONAL_REPRESENTATION('',(#4744),#4748);
#4744 = LINE('',#4745,#4746);
#4745 = CARTESIAN_POINT('',(0.,0.));
#4746 = VECTOR('',#4747,1.);
#4747 = DIRECTION('',(0.,1.));
#4748 = ( GEOMETRIC_REPRESENTATION_CONTEXT(2) 
PARAMETRIC_REPRESENTATION_CONTEXT() REPRESENTATION_CONTEXT('2D SPACE',''
  ) );
#4749 = ORIENTED_EDGE('',*,*,#4750,.F.);
#4750 = EDGE_CURVE('',#4640,#4722,#4751,.T.);
#4751 = SURFACE_CURVE('',#4752,(#4755,#4762),.PCURVE_S1.);
#4752 = B_SPLINE_CURVE_WITH_KNOTS('',1,(#4753,#4754),.UNSPECIFIED.,.F.,
  .F.,(2,2),(0.,44.),.PIECEWISE_BEZIER_KNOTS.);
#4753 = CARTESIAN_POINT('',(-39.83320836721,4.532098622878,
    74.43937155626));
#4754 = CARTESIAN_POINT('',(-22.00489732373,8.366951303775,
    114.48241377651));
#4755 = PCURVE('',#4579,#4756);
#4756 = DEFINITIONAL_REPRESENTATION('',(#4757),#4761);
#4757 = LINE('',#4758,#4759);
#4758 = CARTESIAN_POINT('',(0.,66.666666666667));
#4759 = VECTOR('',#4760,1.);
#4760 = DIRECTION('',(1.,0.));
#4761 = ( GEOMETRIC_REPRESENTATION_CONTEXT(2) 
PARAMETRIC_REPRESENTATION_CONTEXT() REPRESENTATION_CONTEXT('2D SPACE',''
  ) );
#4762 = PCURVE('',#4763,#4782);
#4763 = B_SPLINE_SURFACE_WITH_KNOTS('',1,8,(
    (#4764,#4765,#4766,#4767,#4768,#4769,#4770,#4771,#4772)
    ,(#4773,#4774,#4775,#4776,#4777,#4778,#4779,#4780,#4781
  )),.UNSPECIFIED.,.F.,.F.,.F.,(2,2),(9,9),(0.,44.),(0.,66.666666666667)
  ,.PIECEWISE_BEZIER_KNOTS.);
#4764 = CARTESIAN_POINT('',(-39.83320836721,4.532098622878,
    74.43937155626));
#4765 = CARTESIAN_POINT('',(-47.94878852394,18.658936569375,
    76.699757879129));
#4766 = CARTESIAN_POINT('',(-57.85519650619,32.400622677169,
    74.937879050166));
#4767 = CARTESIAN_POINT('',(-69.49525192032,44.155853867248,
    69.282164336176));
#4768 = CARTESIAN_POINT('',(-82.52871654653,52.386321614632,
    60.496801290795));
#4769 = CARTESIAN_POINT('',(-96.34166221597,55.990125553286,
    49.960695157727));
#4770 = CARTESIAN_POINT('',(-110.1830627378,54.679120137726,
    39.360678379665));
#4771 = CARTESIAN_POINT('',(-123.3699062312,48.949553688481,
    30.230820758215));
#4772 = CARTESIAN_POINT('',(-135.4012152968,39.834311042187,
    23.696335955086));
#4773 = CARTESIAN_POINT('',(-22.00489732373,8.366951303775,
    114.48241377651));
#4774 = CARTESIAN_POINT('',(-30.54584015535,34.447267512693,
    115.78741988935));
#4775 = CARTESIAN_POINT('',(-42.39292666483,59.816534173235,
    109.66670572188));
#4776 = CARTESIAN_POINT('',(-57.44059304857,81.518499447227,
    96.357371458984));
#4777 = CARTESIAN_POINT('',(-75.06070720846,96.713209134704,
    77.270224891976));
#4778 = CARTESIAN_POINT('',(-94.1198632943,103.36638563683,
    54.95093724001));
#4779 = CARTESIAN_POINT('',(-113.2315514154,100.94606794657,
    32.513660704975));
#4780 = CARTESIAN_POINT('',(-131.1348265609,90.368406809504,
    12.79052415138));
#4781 = CARTESIAN_POINT('',(-146.9048073781,73.540266539422,
    -2.141154891469));
#4782 = DEFINITIONAL_REPRESENTATION('',(#4783),#4787);
#4783 = LINE('',#4784,#4785);
#4784 = CARTESIAN_POINT('',(0.,0.));
#4785 = VECTOR('',#4786,1.);
#4786 = DIRECTION('',(1.,0.));
#4787 = ( GEOMETRIC_REPRESENTATION_CONTEXT(2) 
PARAMETRIC_REPRESENTATION_CONTEXT() REPRESENTATION_CONTEXT('2D SPACE',''
  ) );
#4788 = ADVANCED_FACE('',(#4789),#4763,.T.);
#4789 = FACE_BOUND('',#4790,.T.);
#4790 = EDGE_LOOP('',(#4791,#4842,#4843,#4872));
#4791 = ORIENTED_EDGE('',*,*,#4792,.F.);
#4792 = EDGE_CURVE('',#4640,#4793,#4795,.T.);
#4793 = VERTEX_POINT('',#4794);
#4794 = CARTESIAN_POINT('',(-135.4012152968,39.834311042187,
    23.696335955086));
#4795 = SURFACE_CURVE('',#4796,(#4806,#4813),.PCURVE_S1.);
#4796 = B_SPLINE_CURVE_WITH_KNOTS('',8,(#4797,#4798,#4799,#4800,#4801,
    #4802,#4803,#4804,#4805),.UNSPECIFIED.,.F.,.F.,(9,9),(0.,
    66.666666666676),.PIECEWISE_BEZIER_KNOTS.);
#4797 = CARTESIAN_POINT('',(-39.83320836721,4.532098622878,
    74.43937155626));
#4798 = CARTESIAN_POINT('',(-47.94878852394,18.658936569377,
    76.699757879129));
#4799 = CARTESIAN_POINT('',(-57.85519650619,32.400622677173,
    74.937879050165));
#4800 = CARTESIAN_POINT('',(-69.49525192033,44.155853867253,
    69.282164336174));
#4801 = CARTESIAN_POINT('',(-82.52871654656,52.386321614637,
    60.496801290772));
#4802 = CARTESIAN_POINT('',(-96.34166221595,55.990125553275,
    49.960695157734));
#4803 = CARTESIAN_POINT('',(-110.1830627378,54.679120137729,
    39.360678379662));
#4804 = CARTESIAN_POINT('',(-123.3699062312,48.949553688479,
    30.230820758213));
#4805 = CARTESIAN_POINT('',(-135.4012152968,39.834311042187,
    23.696335955086));
#4806 = PCURVE('',#4763,#4807);
#4807 = DEFINITIONAL_REPRESENTATION('',(#4808),#4812);
#4808 = LINE('',#4809,#4810);
#4809 = CARTESIAN_POINT('',(1.479425296293E-14,-8.577865235383E-15));
#4810 = VECTOR('',#4811,1.);
#4811 = DIRECTION('',(-4.158546649099E-16,1.));
#4812 = ( GEOMETRIC_REPRESENTATION_CONTEXT(2) 
PARAMETRIC_REPRESENTATION_CONTEXT() REPRESENTATION_CONTEXT('2D SPACE',''
  ) );
#4813 = PCURVE('',#1409,#4814);
#4814 = DEFINITIONAL_REPRESENTATION('',(#4815),#4841);
#4815 = B_SPLINE_CURVE_WITH_KNOTS('',3,(#4816,#4817,#4818,#4819,#4820,
    #4821,#4822,#4823,#4824,#4825,#4826,#4827,#4828,#4829,#4830,#4831,
    #4832,#4833,#4834,#4835,#4836,#4837,#4838,#4839,#4840),
  .UNSPECIFIED.,.F.,.F.,(4,1,1,1,1,1,1,1,1,1,1,1,1,1,1,1,1,1,1,1,1,1,4),
  (0.,3.030303030303,6.060606060607,9.09090909091,12.121212121214,
    15.151515151517,18.181818181821,21.212121212124,24.242424242428,
    27.272727272731,30.303030303035,33.333333333338,36.363636363642,
    39.393939393945,42.424242424249,45.454545454552,48.484848484856,
    51.515151515159,54.545454545462,57.575757575766,60.606060606069,
    63.636363636373,66.666666666676),.QUASI_UNIFORM_KNOTS.);
#4816 = CARTESIAN_POINT('',(-8.726646259972E-02,-91.66666666666));
#4817 = CARTESIAN_POINT('',(-0.120321949621,-92.67676767676));
#4818 = CARTESIAN_POINT('',(-0.186432928359,-94.69696969697));
#4819 = CARTESIAN_POINT('',(-0.285599387851,-97.72727272727));
#4820 = CARTESIAN_POINT('',(-0.384765789451,-100.7575757575));
#4821 = CARTESIAN_POINT('',(-0.483932176886,-103.7878787878));
#4822 = CARTESIAN_POINT('',(-0.58309858617,-106.8181818181));
#4823 = CARTESIAN_POINT('',(-0.68226503269,-109.8484848484));
#4824 = CARTESIAN_POINT('',(-0.781431504944,-112.8787878787));
#4825 = CARTESIAN_POINT('',(-0.880597977605,-115.909090909));
#4826 = CARTESIAN_POINT('',(-0.979764427738,-118.9393939393));
#4827 = CARTESIAN_POINT('',(-1.078930847059,-121.9696969697));
#4828 = CARTESIAN_POINT('',(-1.178097245096,-125.));
#4829 = CARTESIAN_POINT('',(-1.277263643134,-128.0303030303));
#4830 = CARTESIAN_POINT('',(-1.376430062455,-131.0606060606));
#4831 = CARTESIAN_POINT('',(-1.475596512588,-134.0909090909));
#4832 = CARTESIAN_POINT('',(-1.574762985249,-137.1212121212));
#4833 = CARTESIAN_POINT('',(-1.673929457503,-140.1515151515));
#4834 = CARTESIAN_POINT('',(-1.773095904022,-143.1818181818));
#4835 = CARTESIAN_POINT('',(-1.872262313306,-146.2121212121));
#4836 = CARTESIAN_POINT('',(-1.971428700742,-149.2424242424));
#4837 = CARTESIAN_POINT('',(-2.070595102342,-152.2727272727));
#4838 = CARTESIAN_POINT('',(-2.169761561834,-155.303030303));
#4839 = CARTESIAN_POINT('',(-2.235872540572,-157.3232323232));
#4840 = CARTESIAN_POINT('',(-2.268928027593,-158.3333333333));
#4841 = ( GEOMETRIC_REPRESENTATION_CONTEXT(2) 
PARAMETRIC_REPRESENTATION_CONTEXT() REPRESENTATION_CONTEXT('2D SPACE',''
  ) );
#4842 = ORIENTED_EDGE('',*,*,#4750,.T.);
#4843 = ORIENTED_EDGE('',*,*,#4844,.T.);
#4844 = EDGE_CURVE('',#4722,#4845,#4847,.T.);
#4845 = VERTEX_POINT('',#4846);
#4846 = CARTESIAN_POINT('',(-146.9048073781,73.540266539422,
    -2.141154891469));
#4847 = SURFACE_CURVE('',#4848,(#4858,#4865),.PCURVE_S1.);
#4848 = B_SPLINE_CURVE_WITH_KNOTS('',8,(#4849,#4850,#4851,#4852,#4853,
    #4854,#4855,#4856,#4857),.UNSPECIFIED.,.F.,.F.,(9,9),(0.,
    66.666666666667),.PIECEWISE_BEZIER_KNOTS.);
#4849 = CARTESIAN_POINT('',(-22.00489732373,8.366951303775,
    114.48241377651));
#4850 = CARTESIAN_POINT('',(-30.54584015535,34.447267512693,
    115.78741988935));
#4851 = CARTESIAN_POINT('',(-42.39292666483,59.816534173235,
    109.66670572188));
#4852 = CARTESIAN_POINT('',(-57.44059304857,81.518499447227,
    96.357371458984));
#4853 = CARTESIAN_POINT('',(-75.06070720846,96.713209134704,
    77.270224891976));
#4854 = CARTESIAN_POINT('',(-94.1198632943,103.36638563683,
    54.95093724001));
#4855 = CARTESIAN_POINT('',(-113.2315514154,100.94606794657,
    32.513660704975));
#4856 = CARTESIAN_POINT('',(-131.1348265609,90.368406809504,
    12.79052415138));
#4857 = CARTESIAN_POINT('',(-146.9048073781,73.540266539422,
    -2.141154891469));
#4858 = PCURVE('',#4763,#4859);
#4859 = DEFINITIONAL_REPRESENTATION('',(#4860),#4864);
#4860 = LINE('',#4861,#4862);
#4861 = CARTESIAN_POINT('',(44.,0.));
#4862 = VECTOR('',#4863,1.);
#4863 = DIRECTION('',(0.,1.));
#4864 = ( GEOMETRIC_REPRESENTATION_CONTEXT(2) 
PARAMETRIC_REPRESENTATION_CONTEXT() REPRESENTATION_CONTEXT('2D SPACE',''
  ) );
#4865 = PCURVE('',#4167,#4866);
#4866 = DEFINITIONAL_REPRESENTATION('',(#4867),#4871);
#4867 = LINE('',#4868,#4869);
#4868 = CARTESIAN_POINT('',(0.,0.));
#4869 = VECTOR('',#4870,1.);
#4870 = DIRECTION('',(0.,1.));
#4871 = ( GEOMETRIC_REPRESENTATION_CONTEXT(2) 
PARAMETRIC_REPRESENTATION_CONTEXT() REPRESENTATION_CONTEXT('2D SPACE',''
  ) );
#4872 = ORIENTED_EDGE('',*,*,#4873,.F.);
#4873 = EDGE_CURVE('',#4793,#4845,#4874,.T.);
#4874 = SURFACE_CURVE('',#4875,(#4878,#4885),.PCURVE_S1.);
#4875 = B_SPLINE_CURVE_WITH_KNOTS('',1,(#4876,#4877),.UNSPECIFIED.,.F.,
  .F.,(2,2),(0.,44.),.PIECEWISE_BEZIER_KNOTS.);
#4876 = CARTESIAN_POINT('',(-135.4012152968,39.834311042187,
    23.696335955086));
#4877 = CARTESIAN_POINT('',(-146.9048073781,73.540266539422,
    -2.141154891469));
#4878 = PCURVE('',#4763,#4879);
#4879 = DEFINITIONAL_REPRESENTATION('',(#4880),#4884);
#4880 = LINE('',#4881,#4882);
#4881 = CARTESIAN_POINT('',(0.,66.666666666667));
#4882 = VECTOR('',#4883,1.);
#4883 = DIRECTION('',(1.,0.));
#4884 = ( GEOMETRIC_REPRESENTATION_CONTEXT(2) 
PARAMETRIC_REPRESENTATION_CONTEXT() REPRESENTATION_CONTEXT('2D SPACE',''
  ) );
#4885 = PCURVE('',#3052,#4886);
#4886 = DEFINITIONAL_REPRESENTATION('',(#4887),#4891);
#4887 = LINE('',#4888,#4889);
#4888 = CARTESIAN_POINT('',(0.,0.));
#4889 = VECTOR('',#4890,1.);
#4890 = DIRECTION('',(1.,0.));
#4891 = ( GEOMETRIC_REPRESENTATION_CONTEXT(2) 
PARAMETRIC_REPRESENTATION_CONTEXT() REPRESENTATION_CONTEXT('2D SPACE',''
  ) );
#4892 = ADVANCED_FACE('',(#4893),#4354,.T.);
#4893 = FACE_BOUND('',#4894,.T.);
#4894 = EDGE_LOOP('',(#4895,#4896,#4897,#4898));
#4895 = ORIENTED_EDGE('',*,*,#4721,.F.);
#4896 = ORIENTED_EDGE('',*,*,#4605,.T.);
#4897 = ORIENTED_EDGE('',*,*,#4332,.T.);
#4898 = ORIENTED_EDGE('',*,*,#4899,.F.);
#4899 = EDGE_CURVE('',#4722,#4146,#4900,.T.);
#4900 = SURFACE_CURVE('',#4901,(#4909,#4916),.PCURVE_S1.);
#4901 = ( BOUNDED_CURVE() B_SPLINE_CURVE(6,(#4902,#4903,#4904,#4905,
#4906,#4907,#4908),.UNSPECIFIED.,.F.,.F.) B_SPLINE_CURVE_WITH_KNOTS((7,7
),(0.,6.544984694977E-02),.PIECEWISE_BEZIER_KNOTS.) CURVE() 
GEOMETRIC_REPRESENTATION_ITEM() RATIONAL_B_SPLINE_CURVE((1.000053547667,
    1.000017847948,0.999996430156,0.999989291231,0.999996430156,
1.000017847948,1.000053547667)) REPRESENTATION_ITEM('') );
#4902 = CARTESIAN_POINT('',(-22.00489732373,8.366951303775,
    114.48241377651));
#4903 = CARTESIAN_POINT('',(-22.06969410089,9.401998006132,
    114.33687783219));
#4904 = CARTESIAN_POINT('',(-22.12897721925,10.439085759832,
    114.20372576828));
#4905 = CARTESIAN_POINT('',(-22.18273495576,11.47801475774,
    114.08298391519));
#4906 = CARTESIAN_POINT('',(-22.23095684941,12.518584768073,
    113.97467576875));
#4907 = CARTESIAN_POINT('',(-22.2736337039,13.560595184141,
    113.87882198418));
#4908 = CARTESIAN_POINT('',(-22.31075758986,14.603845074232,
    113.79544037112));
#4909 = PCURVE('',#4354,#4910);
#4910 = DEFINITIONAL_REPRESENTATION('',(#4911),#4915);
#4911 = LINE('',#4912,#4913);
#4912 = CARTESIAN_POINT('',(0.,66.666666666667));
#4913 = VECTOR('',#4914,1.);
#4914 = DIRECTION('',(1.,0.));
#4915 = ( GEOMETRIC_REPRESENTATION_CONTEXT(2) 
PARAMETRIC_REPRESENTATION_CONTEXT() REPRESENTATION_CONTEXT('2D SPACE',''
  ) );
#4916 = PCURVE('',#4167,#4917);
#4917 = DEFINITIONAL_REPRESENTATION('',(#4918),#4922);
#4918 = LINE('',#4919,#4920);
#4919 = CARTESIAN_POINT('',(0.,0.));
#4920 = VECTOR('',#4921,1.);
#4921 = DIRECTION('',(1.,0.));
#4922 = ( GEOMETRIC_REPRESENTATION_CONTEXT(2) 
PARAMETRIC_REPRESENTATION_CONTEXT() REPRESENTATION_CONTEXT('2D SPACE',''
  ) );
#4923 = ADVANCED_FACE('',(#4924),#4167,.T.);
#4924 = FACE_BOUND('',#4925,.T.);
#4925 = EDGE_LOOP('',(#4926,#4927,#4928,#4929));
#4926 = ORIENTED_EDGE('',*,*,#4844,.F.);
#4927 = ORIENTED_EDGE('',*,*,#4899,.T.);
#4928 = ORIENTED_EDGE('',*,*,#4145,.T.);
#4929 = ORIENTED_EDGE('',*,*,#4930,.F.);
#4930 = EDGE_CURVE('',#4845,#4023,#4931,.T.);
#4931 = SURFACE_CURVE('',#4932,(#4940,#4947),.PCURVE_S1.);
#4932 = ( BOUNDED_CURVE() B_SPLINE_CURVE(6,(#4933,#4934,#4935,#4936,
#4937,#4938,#4939),.UNSPECIFIED.,.F.,.F.) B_SPLINE_CURVE_WITH_KNOTS((7,7
),(0.,6.544984694977E-02),.PIECEWISE_BEZIER_KNOTS.) CURVE() 
GEOMETRIC_REPRESENTATION_ITEM() RATIONAL_B_SPLINE_CURVE((1.000053547667,
    1.000017847948,0.999996430156,0.999989291231,0.999996430156,
1.000017847948,1.000053547667)) REPRESENTATION_ITEM('') );
#4933 = CARTESIAN_POINT('',(-146.9048073781,73.540266539422,
    -2.141154891469));
#4934 = CARTESIAN_POINT('',(-147.2124974569,72.816089909268,
    -2.832238123264));
#4935 = CARTESIAN_POINT('',(-147.5240300761,72.101846878109,
    -3.531951842369));
#4936 = CARTESIAN_POINT('',(-147.8393453884,71.397675660389,
    -4.240161629088));
#4937 = CARTESIAN_POINT('',(-148.1583826808,70.70371217244,
    -4.956731120105));
#4938 = CARTESIAN_POINT('',(-148.4810803902,70.020089998506,
    -5.681522042226));
#4939 = CARTESIAN_POINT('',(-148.8073761184,69.346940357737,
    -6.414394246896));
#4940 = PCURVE('',#4167,#4941);
#4941 = DEFINITIONAL_REPRESENTATION('',(#4942),#4946);
#4942 = LINE('',#4943,#4944);
#4943 = CARTESIAN_POINT('',(0.,66.666666666667));
#4944 = VECTOR('',#4945,1.);
#4945 = DIRECTION('',(1.,0.));
#4946 = ( GEOMETRIC_REPRESENTATION_CONTEXT(2) 
PARAMETRIC_REPRESENTATION_CONTEXT() REPRESENTATION_CONTEXT('2D SPACE',''
  ) );
#4947 = PCURVE('',#3215,#4948);
#4948 = DEFINITIONAL_REPRESENTATION('',(#4949),#4953);
#4949 = LINE('',#4950,#4951);
#4950 = CARTESIAN_POINT('',(0.,0.));
#4951 = VECTOR('',#4952,1.);
#4952 = DIRECTION('',(1.,0.));
#4953 = ( GEOMETRIC_REPRESENTATION_CONTEXT(2) 
PARAMETRIC_REPRESENTATION_CONTEXT() REPRESENTATION_CONTEXT('2D SPACE',''
  ) );
#4954 = ADVANCED_FACE('',(#4955),#3215,.T.);
#4955 = FACE_BOUND('',#4956,.T.);
#4956 = EDGE_LOOP('',(#4957,#4984,#4985,#4986));
#4957 = ORIENTED_EDGE('',*,*,#4958,.F.);
#4958 = EDGE_CURVE('',#4845,#3038,#4959,.T.);
#4959 = SURFACE_CURVE('',#4960,(#4970,#4977),.PCURVE_S1.);
#4960 = B_SPLINE_CURVE_WITH_KNOTS('',8,(#4961,#4962,#4963,#4964,#4965,
    #4966,#4967,#4968,#4969),.UNSPECIFIED.,.F.,.F.,(9,9),(0.,
    66.666666666667),.PIECEWISE_BEZIER_KNOTS.);
#4961 = CARTESIAN_POINT('',(-146.9048073781,73.540266539422,
    -2.141154891469));
#4962 = CARTESIAN_POINT('',(-162.6747881954,56.71212626934,
    -17.07283393431));
#4963 = CARTESIAN_POINT('',(-176.3115360178,33.633380335203,
    -27.21319322343));
#4964 = CARTESIAN_POINT('',(-186.8906382731,6.212266594666,
    -30.48596812735));
#4965 = CARTESIAN_POINT('',(-193.8261631978,-22.65725011888,
    -25.57513435816));
#4966 = CARTESIAN_POINT('',(-197.0904267938,-49.52572007254,
    -12.41851263788));
#4967 = CARTESIAN_POINT('',(-197.3014601454,-71.29564507215,
    7.595776490314));
#4968 = CARTESIAN_POINT('',(-195.4877539276,-85.95301256789,
    32.157705148858));
#4969 = CARTESIAN_POINT('',(-192.8151257271,-92.72887932375,
    58.648804166699));
#4970 = PCURVE('',#3215,#4971);
#4971 = DEFINITIONAL_REPRESENTATION('',(#4972),#4976);
#4972 = LINE('',#4973,#4974);
#4973 = CARTESIAN_POINT('',(0.,0.));
#4974 = VECTOR('',#4975,1.);
#4975 = DIRECTION('',(0.,1.));
#4976 = ( GEOMETRIC_REPRESENTATION_CONTEXT(2) 
PARAMETRIC_REPRESENTATION_CONTEXT() REPRESENTATION_CONTEXT('2D SPACE',''
  ) );
#4977 = PCURVE('',#3052,#4978);
#4978 = DEFINITIONAL_REPRESENTATION('',(#4979),#4983);
#4979 = LINE('',#4980,#4981);
#4980 = CARTESIAN_POINT('',(44.,0.));
#4981 = VECTOR('',#4982,1.);
#4982 = DIRECTION('',(0.,1.));
#4983 = ( GEOMETRIC_REPRESENTATION_CONTEXT(2) 
PARAMETRIC_REPRESENTATION_CONTEXT() REPRESENTATION_CONTEXT('2D SPACE',''
  ) );
#4984 = ORIENTED_EDGE('',*,*,#4930,.T.);
#4985 = ORIENTED_EDGE('',*,*,#4022,.T.);
#4986 = ORIENTED_EDGE('',*,*,#3195,.F.);
#4987 = ADVANCED_FACE('',(#4988),#3052,.T.);
#4988 = FACE_BOUND('',#4989,.T.);
#4989 = EDGE_LOOP('',(#4990,#5039,#5040,#5041));
#4990 = ORIENTED_EDGE('',*,*,#4991,.F.);
#4991 = EDGE_CURVE('',#4793,#2987,#4992,.T.);
#4992 = SURFACE_CURVE('',#4993,(#5003,#5010),.PCURVE_S1.);
#4993 = B_SPLINE_CURVE_WITH_KNOTS('',8,(#4994,#4995,#4996,#4997,#4998,
    #4999,#5000,#5001,#5002),.UNSPECIFIED.,.F.,.F.,(9,9),(0.,
    66.666666666674),.PIECEWISE_BEZIER_KNOTS.);
#4994 = CARTESIAN_POINT('',(-135.4012152968,39.834311042187,
    23.696335955086));
#4995 = CARTESIAN_POINT('',(-147.4325243625,30.719068395892,
    17.161851151957));
#4996 = CARTESIAN_POINT('',(-158.3083322225,18.218081014898,
    13.222664548766));
#4997 = CARTESIAN_POINT('',(-167.5279154005,3.364977738775,
    13.003419487563));
#4998 = CARTESIAN_POINT('',(-174.773894191,-12.27267714779,
    17.216962457659));
#4999 = CARTESIAN_POINT('',(-180.031273095,-26.82643170588,
    25.896973901149));
#5000 = CARTESIAN_POINT('',(-183.6348189501,-38.6184744141,
    38.291555190711));
#5001 = CARTESIAN_POINT('',(-186.1416308718,-46.5578818076,
    53.149441225834));
#5002 = CARTESIAN_POINT('',(-188.1831933861,-50.22814296703,
    69.05229453891));
#5003 = PCURVE('',#3052,#5004);
#5004 = DEFINITIONAL_REPRESENTATION('',(#5005),#5009);
#5005 = LINE('',#5006,#5007);
#5006 = CARTESIAN_POINT('',(7.703154316499E-15,-6.466604489448E-15));
#5007 = VECTOR('',#5008,1.);
#5008 = DIRECTION('',(-9.751405998069E-17,1.));
#5009 = ( GEOMETRIC_REPRESENTATION_CONTEXT(2) 
PARAMETRIC_REPRESENTATION_CONTEXT() REPRESENTATION_CONTEXT('2D SPACE',''
  ) );
#5010 = PCURVE('',#1409,#5011);
#5011 = DEFINITIONAL_REPRESENTATION('',(#5012),#5038);
#5012 = B_SPLINE_CURVE_WITH_KNOTS('',3,(#5013,#5014,#5015,#5016,#5017,
    #5018,#5019,#5020,#5021,#5022,#5023,#5024,#5025,#5026,#5027,#5028,
    #5029,#5030,#5031,#5032,#5033,#5034,#5035,#5036,#5037),
  .UNSPECIFIED.,.F.,.F.,(4,1,1,1,1,1,1,1,1,1,1,1,1,1,1,1,1,1,1,1,1,1,4),
  (0.,3.030303030303,6.060606060607,9.09090909091,12.121212121213,
    15.151515151517,18.18181818182,21.212121212123,24.242424242427,
    27.27272727273,30.303030303033,33.333333333337,36.36363636364,
    39.393939393943,42.424242424247,45.45454545455,48.484848484854,
    51.515151515157,54.54545454546,57.575757575764,60.606060606067,
    63.63636363637,66.666666666674),.QUASI_UNIFORM_KNOTS.);
#5013 = CARTESIAN_POINT('',(-2.268928027593,-158.3333333333));
#5014 = CARTESIAN_POINT('',(-2.301983514614,-159.3434343434));
#5015 = CARTESIAN_POINT('',(-2.368094493352,-161.3636363636));
#5016 = CARTESIAN_POINT('',(-2.467260952843,-164.3939393939));
#5017 = CARTESIAN_POINT('',(-2.566427354444,-167.4242424242));
#5018 = CARTESIAN_POINT('',(-2.665593741879,-170.4545454545));
#5019 = CARTESIAN_POINT('',(-2.764760151163,-173.4848484848));
#5020 = CARTESIAN_POINT('',(-2.863926597683,-176.5151515151));
#5021 = CARTESIAN_POINT('',(-2.963093069937,-179.5454545454));
#5022 = CARTESIAN_POINT('',(-3.062259542598,-182.5757575757));
#5023 = CARTESIAN_POINT('',(-3.161425992731,-185.606060606));
#5024 = CARTESIAN_POINT('',(-3.260592412052,-188.6363636363));
#5025 = CARTESIAN_POINT('',(-3.359758810089,-191.6666666666));
#5026 = CARTESIAN_POINT('',(-3.458925208127,-194.6969696969));
#5027 = CARTESIAN_POINT('',(-3.558091627448,-197.7272727272));
#5028 = CARTESIAN_POINT('',(-3.657258077581,-200.7575757575));
#5029 = CARTESIAN_POINT('',(-3.756424550241,-203.7878787878));
#5030 = CARTESIAN_POINT('',(-3.855591022495,-206.8181818181));
#5031 = CARTESIAN_POINT('',(-3.954757469015,-209.8484848484));
#5032 = CARTESIAN_POINT('',(-4.053923878299,-212.8787878787));
#5033 = CARTESIAN_POINT('',(-4.153090265734,-215.909090909));
#5034 = CARTESIAN_POINT('',(-4.252256667335,-218.9393939393));
#5035 = CARTESIAN_POINT('',(-4.351423126826,-221.9696969696));
#5036 = CARTESIAN_POINT('',(-4.417534105565,-223.9898989899));
#5037 = CARTESIAN_POINT('',(-4.450589592586,-225.));
#5038 = ( GEOMETRIC_REPRESENTATION_CONTEXT(2) 
PARAMETRIC_REPRESENTATION_CONTEXT() REPRESENTATION_CONTEXT('2D SPACE',''
  ) );
#5039 = ORIENTED_EDGE('',*,*,#4873,.T.);
#5040 = ORIENTED_EDGE('',*,*,#4958,.T.);
#5041 = ORIENTED_EDGE('',*,*,#3037,.F.);
#5042 = ADVANCED_FACE('',(#5043),#2864,.T.);
#5043 = FACE_BOUND('',#5044,.T.);
#5044 = EDGE_LOOP('',(#5045,#5046,#5047,#5048));
#5045 = ORIENTED_EDGE('',*,*,#2820,.F.);
#5046 = ORIENTED_EDGE('',*,*,#3171,.T.);
#5047 = ORIENTED_EDGE('',*,*,#3426,.T.);
#5048 = ORIENTED_EDGE('',*,*,#5049,.F.);
#5049 = EDGE_CURVE('',#2751,#3427,#5050,.T.);
#5050 = SURFACE_CURVE('',#5051,(#5054,#5061),.PCURVE_S1.);
#5051 = B_SPLINE_CURVE_WITH_KNOTS('',1,(#5052,#5053),.UNSPECIFIED.,.F.,
  .F.,(2,2),(0.,44.),.PIECEWISE_BEZIER_KNOTS.);
#5052 = CARTESIAN_POINT('',(-321.8404684859,29.825974690254,
    96.665584307966));
#5053 = CARTESIAN_POINT('',(-336.5003512031,55.0633378897,
    63.738948624096));
#5054 = PCURVE('',#2864,#5055);
#5055 = DEFINITIONAL_REPRESENTATION('',(#5056),#5060);
#5056 = LINE('',#5057,#5058);
#5057 = CARTESIAN_POINT('',(0.,66.666666666667));
#5058 = VECTOR('',#5059,1.);
#5059 = DIRECTION('',(1.,0.));
#5060 = ( GEOMETRIC_REPRESENTATION_CONTEXT(2) 
PARAMETRIC_REPRESENTATION_CONTEXT() REPRESENTATION_CONTEXT('2D SPACE',''
  ) );
#5061 = PCURVE('',#2794,#5062);
#5062 = DEFINITIONAL_REPRESENTATION('',(#5063),#5067);
#5063 = LINE('',#5064,#5065);
#5064 = CARTESIAN_POINT('',(0.,0.));
#5065 = VECTOR('',#5066,1.);
#5066 = DIRECTION('',(1.,0.));
#5067 = ( GEOMETRIC_REPRESENTATION_CONTEXT(2) 
PARAMETRIC_REPRESENTATION_CONTEXT() REPRESENTATION_CONTEXT('2D SPACE',''
  ) );
#5068 = ADVANCED_FACE('',(#5069),#2794,.T.);
#5069 = FACE_BOUND('',#5070,.T.);
#5070 = EDGE_LOOP('',(#5071,#5072,#5073,#5074));
#5071 = ORIENTED_EDGE('',*,*,#2750,.F.);
#5072 = ORIENTED_EDGE('',*,*,#5049,.T.);
#5073 = ORIENTED_EDGE('',*,*,#3596,.T.);
#5074 = ORIENTED_EDGE('',*,*,#5075,.F.);
#5075 = EDGE_CURVE('',#2722,#3597,#5076,.T.);
#5076 = SURFACE_CURVE('',#5077,(#5080,#5087),.PCURVE_S1.);
#5077 = B_SPLINE_CURVE_WITH_KNOTS('',1,(#5078,#5079),.UNSPECIFIED.,.F.,
  .F.,(2,2),(0.,44.),.PIECEWISE_BEZIER_KNOTS.);
#5078 = CARTESIAN_POINT('',(-365.418183057,-52.,162.69465723032));
#5079 = CARTESIAN_POINT('',(-365.418183057,-96.,162.69465723032));
#5080 = PCURVE('',#2794,#5081);
#5081 = DEFINITIONAL_REPRESENTATION('',(#5082),#5086);
#5082 = LINE('',#5083,#5084);
#5083 = CARTESIAN_POINT('',(0.,66.666666666667));
#5084 = VECTOR('',#5085,1.);
#5085 = DIRECTION('',(1.,0.));
#5086 = ( GEOMETRIC_REPRESENTATION_CONTEXT(2) 
PARAMETRIC_REPRESENTATION_CONTEXT() REPRESENTATION_CONTEXT('2D SPACE',''
  ) );
#5087 = PCURVE('',#2738,#5088);
#5088 = DEFINITIONAL_REPRESENTATION('',(#5089),#5092);
#5089 = B_SPLINE_CURVE_WITH_KNOTS('',1,(#5090,#5091),.UNSPECIFIED.,.F.,
  .F.,(2,2),(0.,44.),.PIECEWISE_BEZIER_KNOTS.);
#5090 = CARTESIAN_POINT('',(2.84217094304E-14,-52.));
#5091 = CARTESIAN_POINT('',(5.684341886081E-14,-96.));
#5092 = ( GEOMETRIC_REPRESENTATION_CONTEXT(2) 
PARAMETRIC_REPRESENTATION_CONTEXT() REPRESENTATION_CONTEXT('2D SPACE',''
  ) );
#5093 = ADVANCED_FACE('',(#5094),#2738,.T.);
#5094 = FACE_BOUND('',#5095,.T.);
#5095 = EDGE_LOOP('',(#5096,#5097,#5098,#5099));
#5096 = ORIENTED_EDGE('',*,*,#3778,.T.);
#5097 = ORIENTED_EDGE('',*,*,#2721,.F.);
#5098 = ORIENTED_EDGE('',*,*,#5075,.T.);
#5099 = ORIENTED_EDGE('',*,*,#3674,.T.);
#5100 = ADVANCED_FACE('',(#5101),#2685,.T.);
#5101 = FACE_BOUND('',#5102,.T.);
#5102 = EDGE_LOOP('',(#5103));
#5103 = ORIENTED_EDGE('',*,*,#2670,.T.);
#5104 = ADVANCED_FACE('',(#5105),#1986,.T.);
#5105 = FACE_BOUND('',#5106,.T.);
#5106 = EDGE_LOOP('',(#5107,#5108,#5157,#5158,#5209,#5250,#5277));
#5107 = ORIENTED_EDGE('',*,*,#2568,.F.);
#5108 = ORIENTED_EDGE('',*,*,#5109,.F.);
#5109 = EDGE_CURVE('',#1967,#2569,#5110,.T.);
#5110 = SURFACE_CURVE('',#5111,(#5121,#5128),.PCURVE_S1.);
#5111 = B_SPLINE_CURVE_WITH_KNOTS('',8,(#5112,#5113,#5114,#5115,#5116,
    #5117,#5118,#5119,#5120),.UNSPECIFIED.,.F.,.F.,(9,9),(
    18.723284758374,53.333329905703),.PIECEWISE_BEZIER_KNOTS.);
#5112 = CARTESIAN_POINT('',(-251.7426882104,-47.08720679603,
    136.23449733129));
#5113 = CARTESIAN_POINT('',(-252.9834348199,-43.96354407725,
    144.08423811206));
#5114 = CARTESIAN_POINT('',(-254.4297507758,-39.76124024876,
    151.4722625813));
#5115 = CARTESIAN_POINT('',(-256.1644545391,-34.57570543632,
    158.21255743004));
#5116 = CARTESIAN_POINT('',(-258.2615755046,-28.54847454366,
    164.13884991522));
#5117 = CARTESIAN_POINT('',(-260.7810352914,-21.86107080843,
    169.11655387648));
#5118 = CARTESIAN_POINT('',(-263.7642722838,-14.72394796193,
    173.0525971793));
#5119 = CARTESIAN_POINT('',(-267.232006427,-7.361974257942,
    175.90044206442));
#5120 = CARTESIAN_POINT('',(-271.1842374517,-4.069120787986E-06,
    177.66008913671));
#5121 = PCURVE('',#1986,#5122);
#5122 = DEFINITIONAL_REPRESENTATION('',(#5123),#5127);
#5123 = LINE('',#5124,#5125);
#5124 = CARTESIAN_POINT('',(6.924734919879E-14,-1.06581410364E-14));
#5125 = VECTOR('',#5126,1.);
#5126 = DIRECTION('',(-2.262964294252E-15,1.));
#5127 = ( GEOMETRIC_REPRESENTATION_CONTEXT(2) 
PARAMETRIC_REPRESENTATION_CONTEXT() REPRESENTATION_CONTEXT('2D SPACE',''
  ) );
#5128 = PCURVE('',#2635,#5129);
#5129 = DEFINITIONAL_REPRESENTATION('',(#5130),#5156);
#5130 = B_SPLINE_CURVE_WITH_KNOTS('',3,(#5131,#5132,#5133,#5134,#5135,
    #5136,#5137,#5138,#5139,#5140,#5141,#5142,#5143,#5144,#5145,#5146,
    #5147,#5148,#5149,#5150,#5151,#5152,#5153,#5154,#5155),
  .UNSPECIFIED.,.F.,.F.,(4,1,1,1,1,1,1,1,1,1,1,1,1,1,1,1,1,1,1,1,1,1,4),
  (18.723284758374,20.296468628707,21.86965249904,23.442836369373,
    25.016020239706,26.589204110039,28.162387980373,29.735571850706,
    31.308755721039,32.881939591372,34.455123461705,36.028307332038,
    37.601491202371,39.174675072705,40.747858943038,42.321042813371,
    43.894226683704,45.467410554037,47.04059442437,48.613778294703,
    50.186962165037,51.76014603537,53.333329905703),
  .QUASI_UNIFORM_KNOTS.);
#5131 = CARTESIAN_POINT('',(-5.150574086633,-310.389951425));
#5132 = CARTESIAN_POINT('',(-5.167734865529,-310.9143460484));
#5133 = CARTESIAN_POINT('',(-5.20205642523,-311.9631352953));
#5134 = CARTESIAN_POINT('',(-5.253538767035,-313.5363191657));
#5135 = CARTESIAN_POINT('',(-5.305021107507,-315.109503036));
#5136 = CARTESIAN_POINT('',(-5.356503443457,-316.6826869063));
#5137 = CARTESIAN_POINT('',(-5.407985772585,-318.2558707767));
#5138 = CARTESIAN_POINT('',(-5.459468093783,-319.829054647));
#5139 = CARTESIAN_POINT('',(-5.510950407245,-321.4022385173));
#5140 = CARTESIAN_POINT('',(-5.562432714397,-322.9754223877));
#5141 = CARTESIAN_POINT('',(-5.613915017641,-324.548606258));
#5142 = CARTESIAN_POINT('',(-5.665397319977,-326.1217901283));
#5143 = CARTESIAN_POINT('',(-5.716879624545,-327.6949739987));
#5144 = CARTESIAN_POINT('',(-5.768361934141,-329.268157869));
#5145 = CARTESIAN_POINT('',(-5.819844250794,-330.8413417393));
#5146 = CARTESIAN_POINT('',(-5.871326575423,-332.4145256097));
#5147 = CARTESIAN_POINT('',(-5.922808907668,-333.98770948));
#5148 = CARTESIAN_POINT('',(-5.974291245887,-335.5608933503));
#5149 = CARTESIAN_POINT('',(-6.025773587353,-337.1340772207));
#5150 = CARTESIAN_POINT('',(-6.077255928641,-338.707261091));
#5151 = CARTESIAN_POINT('',(-6.12873826614,-340.2804449613));
#5152 = CARTESIAN_POINT('',(-6.180220596731,-341.8536288317));
#5153 = CARTESIAN_POINT('',(-6.231702918179,-343.426812702));
#5154 = CARTESIAN_POINT('',(-6.266024459754,-344.4756019489));
#5155 = CARTESIAN_POINT('',(-6.283185228927,-344.9999965723));
#5156 = ( GEOMETRIC_REPRESENTATION_CONTEXT(2) 
PARAMETRIC_REPRESENTATION_CONTEXT() REPRESENTATION_CONTEXT('2D SPACE',''
  ) );
#5157 = ORIENTED_EDGE('',*,*,#1966,.T.);
#5158 = ORIENTED_EDGE('',*,*,#5159,.F.);
#5159 = EDGE_CURVE('',#5160,#1935,#5162,.T.);
#5160 = VERTEX_POINT('',#5161);
#5161 = CARTESIAN_POINT('',(-247.2848340347,-51.21000315663,
    100.21405861556));
#5162 = SURFACE_CURVE('',#5163,(#5173,#5180),.PCURVE_S1.);
#5163 = B_SPLINE_CURVE_WITH_KNOTS('',8,(#5164,#5165,#5166,#5167,#5168,
    #5169,#5170,#5171,#5172),.UNSPECIFIED.,.F.,.F.,(9,9),(0.,
    11.001616089827),.PIECEWISE_BEZIER_KNOTS.);
#5164 = CARTESIAN_POINT('',(-247.2848340347,-51.21000315663,
    100.21405861556));
#5165 = CARTESIAN_POINT('',(-247.6037688565,-51.61637041801,
    102.87878177733));
#5166 = CARTESIAN_POINT('',(-247.9142020016,-51.90420397026,
    105.56260001728));
#5167 = CARTESIAN_POINT('',(-248.219027293,-52.07225151001,
    108.25901370321));
#5168 = CARTESIAN_POINT('',(-248.5211745311,-52.11977136181,
    110.96144239506));
#5169 = CARTESIAN_POINT('',(-248.823591243,-52.04654158369,
    113.66326583907));
#5170 = CARTESIAN_POINT('',(-249.1292237336,-51.85286299117,
    116.35786652566));
#5171 = CARTESIAN_POINT('',(-249.4409980304,-51.53955620999,
    119.03867248975));
#5172 = CARTESIAN_POINT('',(-249.7618011925,-51.10795308514,
    121.69919929037));
#5173 = PCURVE('',#1986,#5174);
#5174 = DEFINITIONAL_REPRESENTATION('',(#5175),#5179);
#5175 = LINE('',#5176,#5177);
#5176 = CARTESIAN_POINT('',(1.574015826874E-14,6.841232259054E-15));
#5177 = VECTOR('',#5178,1.);
#5178 = DIRECTION('',(9.909476868611E-16,1.));
#5179 = ( GEOMETRIC_REPRESENTATION_CONTEXT(2) 
PARAMETRIC_REPRESENTATION_CONTEXT() REPRESENTATION_CONTEXT('2D SPACE',''
  ) );
#5180 = PCURVE('',#2635,#5181);
#5181 = DEFINITIONAL_REPRESENTATION('',(#5182),#5208);
#5182 = B_SPLINE_CURVE_WITH_KNOTS('',3,(#5183,#5184,#5185,#5186,#5187,
    #5188,#5189,#5190,#5191,#5192,#5193,#5194,#5195,#5196,#5197,#5198,
    #5199,#5200,#5201,#5202,#5203,#5204,#5205,#5206,#5207),
  .UNSPECIFIED.,.F.,.F.,(4,1,1,1,1,1,1,1,1,1,1,1,1,1,1,1,1,1,1,1,1,1,4),
  (0.,0.500073458629,1.000146917257,1.500220375886,2.000293834514,
    2.500367293143,3.000440751771,3.5005142104,4.000587669028,
    4.500661127657,5.000734586285,5.500808044914,6.000881503542,
    6.500954962171,7.001028420799,7.501101879428,8.001175338056,
    8.501248796685,9.001322255313,9.501395713942,10.00146917257,
    10.501542631199,11.001616089827),.QUASI_UNIFORM_KNOTS.);
#5183 = CARTESIAN_POINT('',(-4.537856055185,-291.6666666666));
#5184 = CARTESIAN_POINT('',(-4.543311010417,-291.8333578195));
#5185 = CARTESIAN_POINT('',(-4.55422092192,-292.1667401252));
#5186 = CARTESIAN_POINT('',(-4.570585791501,-292.6668135839));
#5187 = CARTESIAN_POINT('',(-4.586950662574,-293.1668870425));
#5188 = CARTESIAN_POINT('',(-4.603315534462,-293.6669605011));
#5189 = CARTESIAN_POINT('',(-4.619680406588,-294.1670339598));
#5190 = CARTESIAN_POINT('',(-4.636045278478,-294.6671074184));
#5191 = CARTESIAN_POINT('',(-4.652410149757,-295.167180877));
#5192 = CARTESIAN_POINT('',(-4.668775020137,-295.6672543356));
#5193 = CARTESIAN_POINT('',(-4.68513988941,-296.1673277943));
#5194 = CARTESIAN_POINT('',(-4.701504757442,-296.6674012529));
#5195 = CARTESIAN_POINT('',(-4.717869624163,-297.1674747115));
#5196 = CARTESIAN_POINT('',(-4.734234489561,-297.6675481702));
#5197 = CARTESIAN_POINT('',(-4.75059935367,-298.1676216288));
#5198 = CARTESIAN_POINT('',(-4.766964216566,-298.6676950874));
#5199 = CARTESIAN_POINT('',(-4.783329078361,-299.167768546));
#5200 = CARTESIAN_POINT('',(-4.799693939189,-299.6678420047));
#5201 = CARTESIAN_POINT('',(-4.816058799208,-300.1679154633));
#5202 = CARTESIAN_POINT('',(-4.832423658588,-300.6679889219));
#5203 = CARTESIAN_POINT('',(-4.848788517506,-301.1680623806));
#5204 = CARTESIAN_POINT('',(-4.865153376143,-301.6681358392));
#5205 = CARTESIAN_POINT('',(-4.88151823468,-302.1682092978));
#5206 = CARTESIAN_POINT('',(-4.892428140418,-302.5015916036));
#5207 = CARTESIAN_POINT('',(-4.897883093328,-302.6682827564));
#5208 = ( GEOMETRIC_REPRESENTATION_CONTEXT(2) 
PARAMETRIC_REPRESENTATION_CONTEXT() REPRESENTATION_CONTEXT('2D SPACE',''
  ) );
#5209 = ORIENTED_EDGE('',*,*,#5210,.T.);
#5210 = EDGE_CURVE('',#5160,#5211,#5213,.T.);
#5211 = VERTEX_POINT('',#5212);
#5212 = CARTESIAN_POINT('',(-250.3925134166,-94.54154428917,
    93.234096442402));
#5213 = SURFACE_CURVE('',#5214,(#5217,#5224),.PCURVE_S1.);
#5214 = B_SPLINE_CURVE_WITH_KNOTS('',1,(#5215,#5216),.UNSPECIFIED.,.F.,
  .F.,(2,2),(0.,44.),.PIECEWISE_BEZIER_KNOTS.);
#5215 = CARTESIAN_POINT('',(-247.2848340347,-51.21000315663,
    100.21405861556));
#5216 = CARTESIAN_POINT('',(-250.3925134166,-94.54154428917,
    93.234096442401));
#5217 = PCURVE('',#1986,#5218);
#5218 = DEFINITIONAL_REPRESENTATION('',(#5219),#5223);
#5219 = LINE('',#5220,#5221);
#5220 = CARTESIAN_POINT('',(0.,0.));
#5221 = VECTOR('',#5222,1.);
#5222 = DIRECTION('',(1.,0.));
#5223 = ( GEOMETRIC_REPRESENTATION_CONTEXT(2) 
PARAMETRIC_REPRESENTATION_CONTEXT() REPRESENTATION_CONTEXT('2D SPACE',''
  ) );
#5224 = PCURVE('',#5225,#5244);
#5225 = B_SPLINE_SURFACE_WITH_KNOTS('',1,8,(
    (#5226,#5227,#5228,#5229,#5230,#5231,#5232,#5233,#5234)
    ,(#5235,#5236,#5237,#5238,#5239,#5240,#5241,#5242,#5243
  )),.UNSPECIFIED.,.F.,.F.,.F.,(2,2),(9,9),(0.,44.),(0.,66.666666666667)
  ,.PIECEWISE_BEZIER_KNOTS.);
#5226 = CARTESIAN_POINT('',(-197.6646159292,36.7695526217,
    47.756670838055));
#5227 = CARTESIAN_POINT('',(-209.3559813391,26.742212657107,
    41.985711986794));
#5228 = CARTESIAN_POINT('',(-219.7762198391,13.589613147463,
    39.069750919449));
#5229 = CARTESIAN_POINT('',(-228.4631549141,-1.551255046369,
    40.046853084864));
#5230 = CARTESIAN_POINT('',(-235.1561838515,-17.0507844041,
    45.502341759001));
#5231 = CARTESIAN_POINT('',(-239.9066037789,-31.04441976735,
    55.321001707115));
#5232 = CARTESIAN_POINT('',(-243.1073851139,-41.93246820845,
    68.620206919919));
#5233 = CARTESIAN_POINT('',(-245.3521796614,-48.74753304882,
    84.066593612751));
#5234 = CARTESIAN_POINT('',(-247.2848340347,-51.21000315663,
    100.21405861556));
#5235 = CARTESIAN_POINT('',(-210.3192904222,67.882250993909,
    19.33380656512));
#5236 = CARTESIAN_POINT('',(-225.4616829519,49.370238751582,
    5.81171389495));
#5237 = CARTESIAN_POINT('',(-238.2573796479,25.088516579933,
    -2.439613635683));
#5238 = CARTESIAN_POINT('',(-247.8531315595,-2.863855470221,
    -3.503747505837));
#5239 = CARTESIAN_POINT('',(-253.7678259863,-31.47837120757,
    3.699909101651));
#5240 = CARTESIAN_POINT('',(-256.0961653175,-57.31277495511,
    18.95865113802));
#5241 = CARTESIAN_POINT('',(-255.5636334013,-77.41378746175,
    40.643015201508));
#5242 = CARTESIAN_POINT('',(-253.2662028006,-89.9954456286,
    66.29140661274));
#5243 = CARTESIAN_POINT('',(-250.3925134166,-94.54154428917,
    93.234096442401));
#5244 = DEFINITIONAL_REPRESENTATION('',(#5245),#5249);
#5245 = LINE('',#5246,#5247);
#5246 = CARTESIAN_POINT('',(0.,66.666666666667));
#5247 = VECTOR('',#5248,1.);
#5248 = DIRECTION('',(1.,0.));
#5249 = ( GEOMETRIC_REPRESENTATION_CONTEXT(2) 
PARAMETRIC_REPRESENTATION_CONTEXT() REPRESENTATION_CONTEXT('2D SPACE',''
  ) );
#5250 = ORIENTED_EDGE('',*,*,#5251,.T.);
#5251 = EDGE_CURVE('',#5211,#2482,#5252,.T.);
#5252 = SURFACE_CURVE('',#5253,(#5263,#5270),.PCURVE_S1.);
#5253 = B_SPLINE_CURVE_WITH_KNOTS('',8,(#5254,#5255,#5256,#5257,#5258,
    #5259,#5260,#5261,#5262),.UNSPECIFIED.,.F.,.F.,(9,9),(0.,
    66.666666666667),.PIECEWISE_BEZIER_KNOTS.);
#5254 = CARTESIAN_POINT('',(-250.3925134166,-94.54154428917,
    93.234096442402));
#5255 = CARTESIAN_POINT('',(-247.5188240326,-99.08764294973,
    120.17678627206));
#5256 = CARTESIAN_POINT('',(-244.0687970167,-95.59821628619,
    148.41395161715));
#5257 = CARTESIAN_POINT('',(-241.2311989106,-83.55882492601,
    175.27557910947));
#5258 = CARTESIAN_POINT('',(-240.284356166,-63.72613455006,
    197.89050052948));
#5259 = CARTESIAN_POINT('',(-242.3208375536,-38.26526889274,
    213.80476623992));
#5260 = CARTESIAN_POINT('',(-247.9084937117,-10.33125606784,
    221.74296282531));
#5261 = CARTESIAN_POINT('',(-257.0137462754,16.844270746727,
    221.78050852815));
#5262 = CARTESIAN_POINT('',(-269.1268082058,40.571353127107,
    215.06240378431));
#5263 = PCURVE('',#1986,#5264);
#5264 = DEFINITIONAL_REPRESENTATION('',(#5265),#5269);
#5265 = LINE('',#5266,#5267);
#5266 = CARTESIAN_POINT('',(44.,0.));
#5267 = VECTOR('',#5268,1.);
#5268 = DIRECTION('',(0.,1.));
#5269 = ( GEOMETRIC_REPRESENTATION_CONTEXT(2) 
PARAMETRIC_REPRESENTATION_CONTEXT() REPRESENTATION_CONTEXT('2D SPACE',''
  ) );
#5270 = PCURVE('',#1862,#5271);
#5271 = DEFINITIONAL_REPRESENTATION('',(#5272),#5276);
#5272 = LINE('',#5273,#5274);
#5273 = CARTESIAN_POINT('',(0.,0.));
#5274 = VECTOR('',#5275,1.);
#5275 = DIRECTION('',(0.,1.));
#5276 = ( GEOMETRIC_REPRESENTATION_CONTEXT(2) 
PARAMETRIC_REPRESENTATION_CONTEXT() REPRESENTATION_CONTEXT('2D SPACE',''
  ) );
#5277 = ORIENTED_EDGE('',*,*,#2481,.F.);
#5278 = ADVANCED_FACE('',(#5279),#5225,.T.);
#5279 = FACE_BOUND('',#5280,.T.);
#5280 = EDGE_LOOP('',(#5281,#5332,#5373,#5400));
#5281 = ORIENTED_EDGE('',*,*,#5282,.F.);
#5282 = EDGE_CURVE('',#5283,#5160,#5285,.T.);
#5283 = VERTEX_POINT('',#5284);
#5284 = CARTESIAN_POINT('',(-197.6646159292,36.7695526217,
    47.756670838055));
#5285 = SURFACE_CURVE('',#5286,(#5296,#5303),.PCURVE_S1.);
#5286 = B_SPLINE_CURVE_WITH_KNOTS('',8,(#5287,#5288,#5289,#5290,#5291,
    #5292,#5293,#5294,#5295),.UNSPECIFIED.,.F.,.F.,(9,9),(0.,
    66.666666666679),.PIECEWISE_BEZIER_KNOTS.);
#5287 = CARTESIAN_POINT('',(-197.6646159292,36.7695526217,
    47.756670838055));
#5288 = CARTESIAN_POINT('',(-209.3559813391,26.742212657105,
    41.985711986793));
#5289 = CARTESIAN_POINT('',(-219.7762198391,13.589613147458,
    39.069750919448));
#5290 = CARTESIAN_POINT('',(-228.4631549141,-1.551255046378,
    40.04685308487));
#5291 = CARTESIAN_POINT('',(-235.1561838516,-17.05078440414,
    45.502341759048));
#5292 = CARTESIAN_POINT('',(-239.9066037789,-31.04441976732,
    55.32100170709));
#5293 = CARTESIAN_POINT('',(-243.1073851139,-41.93246820846,
    68.620206919925));
#5294 = CARTESIAN_POINT('',(-245.3521796614,-48.74753304883,
    84.066593612756));
#5295 = CARTESIAN_POINT('',(-247.2848340347,-51.21000315663,
    100.21405861556));
#5296 = PCURVE('',#5225,#5297);
#5297 = DEFINITIONAL_REPRESENTATION('',(#5298),#5302);
#5298 = LINE('',#5299,#5300);
#5299 = CARTESIAN_POINT('',(5.510774034235E-15,-1.27780327633E-14));
#5300 = VECTOR('',#5301,1.);
#5301 = DIRECTION('',(3.418348517053E-16,1.));
#5302 = ( GEOMETRIC_REPRESENTATION_CONTEXT(2) 
PARAMETRIC_REPRESENTATION_CONTEXT() REPRESENTATION_CONTEXT('2D SPACE',''
  ) );
#5303 = PCURVE('',#2635,#5304);
#5304 = DEFINITIONAL_REPRESENTATION('',(#5305),#5331);
#5305 = B_SPLINE_CURVE_WITH_KNOTS('',3,(#5306,#5307,#5308,#5309,#5310,
    #5311,#5312,#5313,#5314,#5315,#5316,#5317,#5318,#5319,#5320,#5321,
    #5322,#5323,#5324,#5325,#5326,#5327,#5328,#5329,#5330),
  .UNSPECIFIED.,.F.,.F.,(4,1,1,1,1,1,1,1,1,1,1,1,1,1,1,1,1,1,1,1,1,1,4),
  (0.,3.030303030304,6.060606060607,9.090909090911,12.121212121214,
    15.151515151518,18.181818181821,21.212121212125,24.242424242429,
    27.272727272732,30.303030303036,33.333333333339,36.363636363643,
    39.393939393947,42.42424242425,45.454545454554,48.484848484857,
    51.515151515161,54.545454545464,57.575757575768,60.606060606072,
    63.636363636375,66.666666666679),.QUASI_UNIFORM_KNOTS.);
#5306 = CARTESIAN_POINT('',(-2.356194490192,-225.));
#5307 = CARTESIAN_POINT('',(-2.389249977213,-226.0101010101));
#5308 = CARTESIAN_POINT('',(-2.455360955951,-228.0303030303));
#5309 = CARTESIAN_POINT('',(-2.554527415443,-231.0606060606));
#5310 = CARTESIAN_POINT('',(-2.653693817043,-234.0909090909));
#5311 = CARTESIAN_POINT('',(-2.752860204479,-237.1212121212));
#5312 = CARTESIAN_POINT('',(-2.852026613763,-240.1515151515));
#5313 = CARTESIAN_POINT('',(-2.951193060283,-243.1818181818));
#5314 = CARTESIAN_POINT('',(-3.050359532536,-246.2121212121));
#5315 = CARTESIAN_POINT('',(-3.149526005197,-249.2424242424));
#5316 = CARTESIAN_POINT('',(-3.24869245533,-252.2727272727));
#5317 = CARTESIAN_POINT('',(-3.347858874651,-255.303030303));
#5318 = CARTESIAN_POINT('',(-3.447025272689,-258.3333333333));
#5319 = CARTESIAN_POINT('',(-3.546191670727,-261.3636363636));
#5320 = CARTESIAN_POINT('',(-3.645358090047,-264.3939393939));
#5321 = CARTESIAN_POINT('',(-3.74452454018,-267.4242424242));
#5322 = CARTESIAN_POINT('',(-3.843691012841,-270.4545454545));
#5323 = CARTESIAN_POINT('',(-3.942857485095,-273.4848484848));
#5324 = CARTESIAN_POINT('',(-4.042023931615,-276.5151515151));
#5325 = CARTESIAN_POINT('',(-4.141190340899,-279.5454545454));
#5326 = CARTESIAN_POINT('',(-4.240356728334,-282.5757575757));
#5327 = CARTESIAN_POINT('',(-4.339523129934,-285.606060606));
#5328 = CARTESIAN_POINT('',(-4.438689589426,-288.6363636363));
#5329 = CARTESIAN_POINT('',(-4.504800568164,-290.6565656565));
#5330 = CARTESIAN_POINT('',(-4.537856055185,-291.6666666666));
#5331 = ( GEOMETRIC_REPRESENTATION_CONTEXT(2) 
PARAMETRIC_REPRESENTATION_CONTEXT() REPRESENTATION_CONTEXT('2D SPACE',''
  ) );
#5332 = ORIENTED_EDGE('',*,*,#5333,.T.);
#5333 = EDGE_CURVE('',#5283,#5334,#5336,.T.);
#5334 = VERTEX_POINT('',#5335);
#5335 = CARTESIAN_POINT('',(-210.3192904222,67.882250993909,
    19.33380656512));
#5336 = SURFACE_CURVE('',#5337,(#5340,#5347),.PCURVE_S1.);
#5337 = B_SPLINE_CURVE_WITH_KNOTS('',1,(#5338,#5339),.UNSPECIFIED.,.F.,
  .F.,(2,2),(0.,44.),.PIECEWISE_BEZIER_KNOTS.);
#5338 = CARTESIAN_POINT('',(-197.6646159292,36.7695526217,
    47.756670838055));
#5339 = CARTESIAN_POINT('',(-210.3192904222,67.882250993909,
    19.33380656512));
#5340 = PCURVE('',#5225,#5341);
#5341 = DEFINITIONAL_REPRESENTATION('',(#5342),#5346);
#5342 = LINE('',#5343,#5344);
#5343 = CARTESIAN_POINT('',(0.,0.));
#5344 = VECTOR('',#5345,1.);
#5345 = DIRECTION('',(1.,0.));
#5346 = ( GEOMETRIC_REPRESENTATION_CONTEXT(2) 
PARAMETRIC_REPRESENTATION_CONTEXT() REPRESENTATION_CONTEXT('2D SPACE',''
  ) );
#5347 = PCURVE('',#5348,#5367);
#5348 = B_SPLINE_SURFACE_WITH_KNOTS('',1,8,(
    (#5349,#5350,#5351,#5352,#5353,#5354,#5355,#5356,#5357)
    ,(#5358,#5359,#5360,#5361,#5362,#5363,#5364,#5365,#5366
  )),.UNSPECIFIED.,.F.,.F.,.F.,(2,2),(9,9),(0.,44.),(0.,66.666666666667)
  ,.PIECEWISE_BEZIER_KNOTS.);
#5349 = CARTESIAN_POINT('',(-100.9770762431,9.02970523868,
    101.01421817971));
#5350 = CARTESIAN_POINT('',(-109.5915318821,22.99506719243,
    102.15411182377));
#5351 = CARTESIAN_POINT('',(-119.9763472914,36.193003394,99.317712320943
    ));
#5352 = CARTESIAN_POINT('',(-132.0177943776,47.040556850992,
    92.760457150614));
#5353 = CARTESIAN_POINT('',(-145.3223974634,54.078179192277,
    83.36610715425));
#5354 = CARTESIAN_POINT('',(-159.2395028173,56.339715967726,
    72.596054539519));
#5355 = CARTESIAN_POINT('',(-173.0107275334,53.69904840156,
    62.153655201912));
#5356 = CARTESIAN_POINT('',(-185.9732505194,46.796892586294,
    53.527629689316));
#5357 = CARTESIAN_POINT('',(-197.6646159292,36.7695526217,
    47.756670838055));
#5358 = CARTESIAN_POINT('',(-83.35255066363,16.670225056025,
    140.59955075399));
#5359 = CARTESIAN_POINT('',(-92.81449438561,42.452431739871,
    139.83595499827));
#5360 = CARTESIAN_POINT('',(-105.5447946064,66.817852419691,
    131.73151035596));
#5361 = CARTESIAN_POINT('',(-121.3334917694,86.844104955678,
    116.75779371213));
#5362 = CARTESIAN_POINT('',(-139.4541692393,99.836638508819,
    96.54636354331));
#5363 = CARTESIAN_POINT('',(-158.7056201272,104.01178332503,
    73.795174694426));
#5364 = CARTESIAN_POINT('',(-177.6877529146,99.13670474134,
    51.64888420331));
#5365 = CARTESIAN_POINT('',(-195.1768978925,86.394263236236,
    32.85589923529));
#5366 = CARTESIAN_POINT('',(-210.3192904222,67.882250993909,
    19.33380656512));
#5367 = DEFINITIONAL_REPRESENTATION('',(#5368),#5372);
#5368 = LINE('',#5369,#5370);
#5369 = CARTESIAN_POINT('',(0.,66.666666666667));
#5370 = VECTOR('',#5371,1.);
#5371 = DIRECTION('',(1.,0.));
#5372 = ( GEOMETRIC_REPRESENTATION_CONTEXT(2) 
PARAMETRIC_REPRESENTATION_CONTEXT() REPRESENTATION_CONTEXT('2D SPACE',''
  ) );
#5373 = ORIENTED_EDGE('',*,*,#5374,.T.);
#5374 = EDGE_CURVE('',#5334,#5211,#5375,.T.);
#5375 = SURFACE_CURVE('',#5376,(#5386,#5393),.PCURVE_S1.);
#5376 = B_SPLINE_CURVE_WITH_KNOTS('',8,(#5377,#5378,#5379,#5380,#5381,
    #5382,#5383,#5384,#5385),.UNSPECIFIED.,.F.,.F.,(9,9),(0.,
    66.666666666667),.PIECEWISE_BEZIER_KNOTS.);
#5377 = CARTESIAN_POINT('',(-210.3192904222,67.882250993909,
    19.33380656512));
#5378 = CARTESIAN_POINT('',(-225.4616829519,49.370238751582,
    5.81171389495));
#5379 = CARTESIAN_POINT('',(-238.2573796479,25.088516579933,
    -2.439613635683));
#5380 = CARTESIAN_POINT('',(-247.8531315595,-2.863855470221,
    -3.503747505837));
#5381 = CARTESIAN_POINT('',(-253.7678259863,-31.47837120757,
    3.699909101651));
#5382 = CARTESIAN_POINT('',(-256.0961653175,-57.31277495511,
    18.95865113802));
#5383 = CARTESIAN_POINT('',(-255.5636334013,-77.41378746175,
    40.643015201508));
#5384 = CARTESIAN_POINT('',(-253.2662028006,-89.9954456286,
    66.29140661274));
#5385 = CARTESIAN_POINT('',(-250.3925134166,-94.54154428917,
    93.234096442401));
#5386 = PCURVE('',#5225,#5387);
#5387 = DEFINITIONAL_REPRESENTATION('',(#5388),#5392);
#5388 = LINE('',#5389,#5390);
#5389 = CARTESIAN_POINT('',(44.,0.));
#5390 = VECTOR('',#5391,1.);
#5391 = DIRECTION('',(0.,1.));
#5392 = ( GEOMETRIC_REPRESENTATION_CONTEXT(2) 
PARAMETRIC_REPRESENTATION_CONTEXT() REPRESENTATION_CONTEXT('2D SPACE',''
  ) );
#5393 = PCURVE('',#1675,#5394);
#5394 = DEFINITIONAL_REPRESENTATION('',(#5395),#5399);
#5395 = LINE('',#5396,#5397);
#5396 = CARTESIAN_POINT('',(0.,0.));
#5397 = VECTOR('',#5398,1.);
#5398 = DIRECTION('',(0.,1.));
#5399 = ( GEOMETRIC_REPRESENTATION_CONTEXT(2) 
PARAMETRIC_REPRESENTATION_CONTEXT() REPRESENTATION_CONTEXT('2D SPACE',''
  ) );
#5400 = ORIENTED_EDGE('',*,*,#5210,.F.);
#5401 = ADVANCED_FACE('',(#5402),#5348,.T.);
#5402 = FACE_BOUND('',#5403,.T.);
#5403 = EDGE_LOOP('',(#5404,#5455,#5496,#5523));
#5404 = ORIENTED_EDGE('',*,*,#5405,.F.);
#5405 = EDGE_CURVE('',#5406,#5283,#5408,.T.);
#5406 = VERTEX_POINT('',#5407);
#5407 = CARTESIAN_POINT('',(-100.9770762431,9.02970523868,
    101.01421817971));
#5408 = SURFACE_CURVE('',#5409,(#5419,#5426),.PCURVE_S1.);
#5409 = B_SPLINE_CURVE_WITH_KNOTS('',8,(#5410,#5411,#5412,#5413,#5414,
    #5415,#5416,#5417,#5418),.UNSPECIFIED.,.F.,.F.,(9,9),(0.,
    66.666666666658),.PIECEWISE_BEZIER_KNOTS.);
#5410 = CARTESIAN_POINT('',(-100.9770762431,9.02970523868,
    101.01421817971));
#5411 = CARTESIAN_POINT('',(-109.5915318821,22.995067192428,
    102.15411182377));
#5412 = CARTESIAN_POINT('',(-119.9763472914,36.193003393996,
    99.317712320943));
#5413 = CARTESIAN_POINT('',(-132.0177943776,47.040556850988,
    92.760457150618));
#5414 = CARTESIAN_POINT('',(-145.3223974635,54.078179192269,
    83.366107154219));
#5415 = CARTESIAN_POINT('',(-159.2395028172,56.339715967716,
    72.596054539545));
#5416 = CARTESIAN_POINT('',(-173.0107275334,53.699048401569,
    62.153655201918));
#5417 = CARTESIAN_POINT('',(-185.9732505194,46.796892586296,
    53.527629689315));
#5418 = CARTESIAN_POINT('',(-197.6646159292,36.7695526217,
    47.756670838055));
#5419 = PCURVE('',#5348,#5420);
#5420 = DEFINITIONAL_REPRESENTATION('',(#5421),#5425);
#5421 = LINE('',#5422,#5423);
#5422 = CARTESIAN_POINT('',(3.073586719124E-14,3.717672027372E-16));
#5423 = VECTOR('',#5424,1.);
#5424 = DIRECTION('',(7.303019142472E-17,1.));
#5425 = ( GEOMETRIC_REPRESENTATION_CONTEXT(2) 
PARAMETRIC_REPRESENTATION_CONTEXT() REPRESENTATION_CONTEXT('2D SPACE',''
  ) );
#5426 = PCURVE('',#2635,#5427);
#5427 = DEFINITIONAL_REPRESENTATION('',(#5428),#5454);
#5428 = B_SPLINE_CURVE_WITH_KNOTS('',3,(#5429,#5430,#5431,#5432,#5433,
    #5434,#5435,#5436,#5437,#5438,#5439,#5440,#5441,#5442,#5443,#5444,
    #5445,#5446,#5447,#5448,#5449,#5450,#5451,#5452,#5453),
  .UNSPECIFIED.,.F.,.F.,(4,1,1,1,1,1,1,1,1,1,1,1,1,1,1,1,1,1,1,1,1,1,4),
  (0.,3.030303030303,6.060606060605,9.090909090908,12.121212121211,
    15.151515151513,18.181818181816,21.212121212119,24.242424242421,
    27.272727272724,30.303030303027,33.333333333329,36.363636363632,
    39.393939393935,42.424242424237,45.45454545454,48.484848484843,
    51.515151515145,54.545454545448,57.57575757575,60.606060606053,
    63.636363636356,66.666666666658),.QUASI_UNIFORM_KNOTS.);
#5429 = CARTESIAN_POINT('',(-0.174532925199,-158.3333333333));
#5430 = CARTESIAN_POINT('',(-0.20758841222,-159.3434343434));
#5431 = CARTESIAN_POINT('',(-0.273699390958,-161.3636363636));
#5432 = CARTESIAN_POINT('',(-0.37286585045,-164.3939393939));
#5433 = CARTESIAN_POINT('',(-0.47203225205,-167.4242424242));
#5434 = CARTESIAN_POINT('',(-0.571198639486,-170.4545454545));
#5435 = CARTESIAN_POINT('',(-0.67036504877,-173.4848484848));
#5436 = CARTESIAN_POINT('',(-0.76953149529,-176.5151515151));
#5437 = CARTESIAN_POINT('',(-0.868697967543,-179.5454545454));
#5438 = CARTESIAN_POINT('',(-0.967864440204,-182.5757575757));
#5439 = CARTESIAN_POINT('',(-1.067030890337,-185.606060606));
#5440 = CARTESIAN_POINT('',(-1.166197309658,-188.6363636363));
#5441 = CARTESIAN_POINT('',(-1.265363707696,-191.6666666666));
#5442 = CARTESIAN_POINT('',(-1.364530105733,-194.6969696969));
#5443 = CARTESIAN_POINT('',(-1.463696525054,-197.7272727272));
#5444 = CARTESIAN_POINT('',(-1.562862975187,-200.7575757575));
#5445 = CARTESIAN_POINT('',(-1.662029447848,-203.7878787878));
#5446 = CARTESIAN_POINT('',(-1.761195920102,-206.8181818181));
#5447 = CARTESIAN_POINT('',(-1.860362366622,-209.8484848484));
#5448 = CARTESIAN_POINT('',(-1.959528775906,-212.8787878787));
#5449 = CARTESIAN_POINT('',(-2.058695163341,-215.909090909));
#5450 = CARTESIAN_POINT('',(-2.157861564941,-218.9393939393));
#5451 = CARTESIAN_POINT('',(-2.257028024433,-221.9696969696));
#5452 = CARTESIAN_POINT('',(-2.323139003171,-223.9898989898));
#5453 = CARTESIAN_POINT('',(-2.356194490192,-225.));
#5454 = ( GEOMETRIC_REPRESENTATION_CONTEXT(2) 
PARAMETRIC_REPRESENTATION_CONTEXT() REPRESENTATION_CONTEXT('2D SPACE',''
  ) );
#5455 = ORIENTED_EDGE('',*,*,#5456,.T.);
#5456 = EDGE_CURVE('',#5406,#5457,#5459,.T.);
#5457 = VERTEX_POINT('',#5458);
#5458 = CARTESIAN_POINT('',(-83.35255066363,16.670225056025,
    140.59955075399));
#5459 = SURFACE_CURVE('',#5460,(#5463,#5470),.PCURVE_S1.);
#5460 = B_SPLINE_CURVE_WITH_KNOTS('',1,(#5461,#5462),.UNSPECIFIED.,.F.,
  .F.,(2,2),(0.,44.),.PIECEWISE_BEZIER_KNOTS.);
#5461 = CARTESIAN_POINT('',(-100.9770762431,9.02970523868,
    101.01421817971));
#5462 = CARTESIAN_POINT('',(-83.35255066363,16.670225056025,
    140.59955075399));
#5463 = PCURVE('',#5348,#5464);
#5464 = DEFINITIONAL_REPRESENTATION('',(#5465),#5469);
#5465 = LINE('',#5466,#5467);
#5466 = CARTESIAN_POINT('',(0.,0.));
#5467 = VECTOR('',#5468,1.);
#5468 = DIRECTION('',(1.,0.));
#5469 = ( GEOMETRIC_REPRESENTATION_CONTEXT(2) 
PARAMETRIC_REPRESENTATION_CONTEXT() REPRESENTATION_CONTEXT('2D SPACE',''
  ) );
#5470 = PCURVE('',#5471,#5490);
#5471 = B_SPLINE_SURFACE_WITH_KNOTS('',1,8,(
    (#5472,#5473,#5474,#5475,#5476,#5477,#5478,#5479,#5480)
    ,(#5481,#5482,#5483,#5484,#5485,#5486,#5487,#5488,#5489
  )),.UNSPECIFIED.,.F.,.F.,.F.,(2,2),(9,9),(0.,44.),(0.,66.666666666667)
  ,.PIECEWISE_BEZIER_KNOTS.);
#5472 = CARTESIAN_POINT('',(-69.84153582982,-47.1280049259,
    7.039564551892));
#5473 = CARTESIAN_POINT('',(-72.22696631492,-53.12107004488,
    22.170077757199));
#5474 = CARTESIAN_POINT('',(-73.85265041383,-55.1085209626,
    39.007009284764));
#5475 = CARTESIAN_POINT('',(-75.31122815032,-52.41145487875,
    56.219267847437));
#5476 = CARTESIAN_POINT('',(-77.31467899092,-44.98515420681,
    72.207721381219));
#5477 = CARTESIAN_POINT('',(-80.55810510515,-33.58584725224,
    85.411144851645));
#5478 = CARTESIAN_POINT('',(-85.51851720448,-19.66854942676,
    94.758154659296));
#5479 = CARTESIAN_POINT('',(-92.36262060417,-4.935656715069,
    99.874324535648));
#5480 = CARTESIAN_POINT('',(-100.9770762431,9.02970523868,
    101.01421817971));
#5481 = CARTESIAN_POINT('',(-77.40488648546,-87.00554755551,
    -9.947999154629));
#5482 = CARTESIAN_POINT('',(-75.36709146177,-98.06966777516,
    15.11724120271));
#5483 = CARTESIAN_POINT('',(-71.92668772509,-101.7388079309,
    43.332792308835));
#5484 = CARTESIAN_POINT('',(-68.17777993473,-96.75960900692,
    72.241254864391));
#5485 = CARTESIAN_POINT('',(-65.43479172117,-83.04951545873,
    98.890385058912));
#5486 = CARTESIAN_POINT('',(-64.98098862817,-62.00464108106,
    120.39792129032));
#5487 = CARTESIAN_POINT('',(-67.69700581535,-36.31116817249,
    134.78592460583));
#5488 = CARTESIAN_POINT('',(-73.89060694165,-9.11198162782,
    141.36314650971));
#5489 = CARTESIAN_POINT('',(-83.35255066363,16.670225056025,
    140.59955075399));
#5490 = DEFINITIONAL_REPRESENTATION('',(#5491),#5495);
#5491 = LINE('',#5492,#5493);
#5492 = CARTESIAN_POINT('',(0.,66.666666666667));
#5493 = VECTOR('',#5494,1.);
#5494 = DIRECTION('',(1.,0.));
#5495 = ( GEOMETRIC_REPRESENTATION_CONTEXT(2) 
PARAMETRIC_REPRESENTATION_CONTEXT() REPRESENTATION_CONTEXT('2D SPACE',''
  ) );
#5496 = ORIENTED_EDGE('',*,*,#5497,.T.);
#5497 = EDGE_CURVE('',#5457,#5334,#5498,.T.);
#5498 = SURFACE_CURVE('',#5499,(#5509,#5516),.PCURVE_S1.);
#5499 = B_SPLINE_CURVE_WITH_KNOTS('',8,(#5500,#5501,#5502,#5503,#5504,
    #5505,#5506,#5507,#5508),.UNSPECIFIED.,.F.,.F.,(9,9),(0.,
    66.666666666667),.PIECEWISE_BEZIER_KNOTS.);
#5500 = CARTESIAN_POINT('',(-83.35255066363,16.670225056025,
    140.59955075399));
#5501 = CARTESIAN_POINT('',(-92.81449438561,42.452431739871,
    139.83595499827));
#5502 = CARTESIAN_POINT('',(-105.5447946064,66.817852419691,
    131.73151035596));
#5503 = CARTESIAN_POINT('',(-121.3334917694,86.844104955678,
    116.75779371213));
#5504 = CARTESIAN_POINT('',(-139.4541692393,99.836638508819,
    96.54636354331));
#5505 = CARTESIAN_POINT('',(-158.7056201272,104.01178332503,
    73.795174694426));
#5506 = CARTESIAN_POINT('',(-177.6877529146,99.13670474134,
    51.64888420331));
#5507 = CARTESIAN_POINT('',(-195.1768978925,86.394263236236,
    32.85589923529));
#5508 = CARTESIAN_POINT('',(-210.3192904222,67.882250993909,
    19.33380656512));
#5509 = PCURVE('',#5348,#5510);
#5510 = DEFINITIONAL_REPRESENTATION('',(#5511),#5515);
#5511 = LINE('',#5512,#5513);
#5512 = CARTESIAN_POINT('',(44.,0.));
#5513 = VECTOR('',#5514,1.);
#5514 = DIRECTION('',(0.,1.));
#5515 = ( GEOMETRIC_REPRESENTATION_CONTEXT(2) 
PARAMETRIC_REPRESENTATION_CONTEXT() REPRESENTATION_CONTEXT('2D SPACE',''
  ) );
#5516 = PCURVE('',#1488,#5517);
#5517 = DEFINITIONAL_REPRESENTATION('',(#5518),#5522);
#5518 = LINE('',#5519,#5520);
#5519 = CARTESIAN_POINT('',(0.,0.));
#5520 = VECTOR('',#5521,1.);
#5521 = DIRECTION('',(0.,1.));
#5522 = ( GEOMETRIC_REPRESENTATION_CONTEXT(2) 
PARAMETRIC_REPRESENTATION_CONTEXT() REPRESENTATION_CONTEXT('2D SPACE',''
  ) );
#5523 = ORIENTED_EDGE('',*,*,#5333,.F.);
#5524 = ADVANCED_FACE('',(#5525),#5471,.T.);
#5525 = FACE_BOUND('',#5526,.T.);
#5526 = EDGE_LOOP('',(#5527,#5559,#5610,#5651,#5678));
#5527 = ORIENTED_EDGE('',*,*,#5528,.F.);
#5528 = EDGE_CURVE('',#5529,#5406,#5531,.T.);
#5529 = VERTEX_POINT('',#5530);
#5530 = CARTESIAN_POINT('',(-95.78351442891,0.,99.566654685729));
#5531 = SURFACE_CURVE('',#5532,(#5542,#5549),.PCURVE_S1.);
#5532 = B_SPLINE_CURVE_WITH_KNOTS('',8,(#5533,#5534,#5535,#5536,#5537,
    #5538,#5539,#5540,#5541),.UNSPECIFIED.,.F.,.F.,(9,9),(0.,
    66.666666666667),.PIECEWISE_BEZIER_KNOTS.);
#5533 = CARTESIAN_POINT('',(-69.84153582982,-47.1280049259,
    7.039564551892));
#5534 = CARTESIAN_POINT('',(-72.22696631492,-53.12107004488,
    22.170077757199));
#5535 = CARTESIAN_POINT('',(-73.85265041383,-55.1085209626,
    39.007009284764));
#5536 = CARTESIAN_POINT('',(-75.31122815032,-52.41145487875,
    56.219267847437));
#5537 = CARTESIAN_POINT('',(-77.31467899092,-44.98515420681,
    72.207721381219));
#5538 = CARTESIAN_POINT('',(-80.55810510515,-33.58584725224,
    85.411144851645));
#5539 = CARTESIAN_POINT('',(-85.51851720448,-19.66854942676,
    94.758154659296));
#5540 = CARTESIAN_POINT('',(-92.36262060417,-4.935656715069,
    99.874324535648));
#5541 = CARTESIAN_POINT('',(-100.9770762431,9.02970523868,
    101.01421817971));
#5542 = PCURVE('',#5471,#5543);
#5543 = DEFINITIONAL_REPRESENTATION('',(#5544),#5548);
#5544 = LINE('',#5545,#5546);
#5545 = CARTESIAN_POINT('',(0.,0.));
#5546 = VECTOR('',#5547,1.);
#5547 = DIRECTION('',(0.,1.));
#5548 = ( GEOMETRIC_REPRESENTATION_CONTEXT(2) 
PARAMETRIC_REPRESENTATION_CONTEXT() REPRESENTATION_CONTEXT('2D SPACE',''
  ) );
#5549 = PCURVE('',#2635,#5550);
#5550 = DEFINITIONAL_REPRESENTATION('',(#5551),#5558);
#5551 = B_SPLINE_CURVE_WITH_KNOTS('',5,(#5552,#5553,#5554,#5555,#5556,
    #5557),.UNSPECIFIED.,.F.,.F.,(6,6),(61.33333474607,66.666666666667),
  .PIECEWISE_BEZIER_KNOTS.);
#5552 = CARTESIAN_POINT('',(1.7763568394E-15,-153.0000014127));
#5553 = CARTESIAN_POINT('',(-3.490657646328E-02,-154.0666677968));
#5554 = CARTESIAN_POINT('',(-6.981316472342E-02,-155.1333341809));
#5555 = CARTESIAN_POINT('',(-0.104719754151,-156.200000565));
#5556 = CARTESIAN_POINT('',(-0.139626349406,-157.2666669492));
#5557 = CARTESIAN_POINT('',(-0.174532925199,-158.3333333333));
#5558 = ( GEOMETRIC_REPRESENTATION_CONTEXT(2) 
PARAMETRIC_REPRESENTATION_CONTEXT() REPRESENTATION_CONTEXT('2D SPACE',''
  ) );
#5559 = ORIENTED_EDGE('',*,*,#5560,.F.);
#5560 = EDGE_CURVE('',#5561,#5529,#5563,.T.);
#5561 = VERTEX_POINT('',#5562);
#5562 = CARTESIAN_POINT('',(-69.84153582982,-47.1280049259,
    7.039564551892));
#5563 = SURFACE_CURVE('',#5564,(#5574,#5581),.PCURVE_S1.);
#5564 = B_SPLINE_CURVE_WITH_KNOTS('',8,(#5565,#5566,#5567,#5568,#5569,
    #5570,#5571,#5572,#5573),.UNSPECIFIED.,.F.,.F.,(9,9),(0.,
    61.333334746067),.PIECEWISE_BEZIER_KNOTS.);
#5565 = CARTESIAN_POINT('',(-69.84153582982,-47.1280049259,
    7.039564551892));
#5566 = CARTESIAN_POINT('',(-72.03613192666,-52.64162496236,
    20.959637021405));
#5567 = CARTESIAN_POINT('',(-73.58767865261,-54.76489298269,
    36.324022025414));
#5568 = CARTESIAN_POINT('',(-74.95765771438,-52.96915548659,
    52.096214680083));
#5569 = CARTESIAN_POINT('',(-76.69304476317,-47.18008483816,
    67.047687558327));
#5570 = CARTESIAN_POINT('',(-79.3365314482,-37.88758816012,
    79.959535259484));
#5571 = CARTESIAN_POINT('',(-83.29733595268,-26.09265554431,
    89.912638695052));
#5572 = CARTESIAN_POINT('',(-88.77966602386,-13.04633670947,
    96.448339755405));
#5573 = CARTESIAN_POINT('',(-95.78351510394,-9.042766535572E-14,
    99.566653169583));
#5574 = PCURVE('',#5471,#5575);
#5575 = DEFINITIONAL_REPRESENTATION('',(#5576),#5580);
#5576 = LINE('',#5577,#5578);
#5577 = CARTESIAN_POINT('',(3.106560313185E-14,1.017945455406E-14));
#5578 = VECTOR('',#5579,1.);
#5579 = DIRECTION('',(-4.49322167709E-17,1.));
#5580 = ( GEOMETRIC_REPRESENTATION_CONTEXT(2) 
PARAMETRIC_REPRESENTATION_CONTEXT() REPRESENTATION_CONTEXT('2D SPACE',''
  ) );
#5581 = PCURVE('',#1144,#5582);
#5582 = DEFINITIONAL_REPRESENTATION('',(#5583),#5609);
#5583 = B_SPLINE_CURVE_WITH_KNOTS('',3,(#5584,#5585,#5586,#5587,#5588,
    #5589,#5590,#5591,#5592,#5593,#5594,#5595,#5596,#5597,#5598,#5599,
    #5600,#5601,#5602,#5603,#5604,#5605,#5606,#5607,#5608),
  .UNSPECIFIED.,.F.,.F.,(4,1,1,1,1,1,1,1,1,1,1,1,1,1,1,1,1,1,1,1,1,1,4),
  (0.,2.787878852094,5.575757704188,8.363636556282,11.151515408376,
    13.93939426047,16.727273112564,19.515151964658,22.303030816751,
    25.090909668845,27.878788520939,30.666667373033,33.454546225127,
    36.242425077221,39.030303929315,41.818182781409,44.606061633503,
    47.393940485597,50.181819337691,52.969698189785,55.757577041879,
    58.545455893973,61.333334746067),.QUASI_UNIFORM_KNOTS.);
#5584 = CARTESIAN_POINT('',(-4.276056667386,-91.66666666666));
#5585 = CARTESIAN_POINT('',(-4.306467714721,-92.59595961736));
#5586 = CARTESIAN_POINT('',(-4.367289816642,-94.45454551876));
#5587 = CARTESIAN_POINT('',(-4.458522966332,-97.24242437085));
#5588 = CARTESIAN_POINT('',(-4.549756066341,-100.0303032229));
#5589 = CARTESIAN_POINT('',(-4.640989145603,-102.818182075));
#5590 = CARTESIAN_POINT('',(-4.73222223438,-105.6060609271));
#5591 = CARTESIAN_POINT('',(-4.823455352245,-108.3939397792));
#5592 = CARTESIAN_POINT('',(-4.91468849857,-111.1818186313));
#5593 = CARTESIAN_POINT('',(-5.005921657818,-113.9696974834));
#5594 = CARTESIAN_POINT('',(-5.097154809591,-116.7575763355));
#5595 = CARTESIAN_POINT('',(-5.188387938999,-119.5454551875));
#5596 = CARTESIAN_POINT('',(-5.279621042989,-122.3333340396));
#5597 = CARTESIAN_POINT('',(-5.370854130887,-125.1212128917));
#5598 = CARTESIAN_POINT('',(-5.462087219574,-127.9090917438));
#5599 = CARTESIAN_POINT('',(-5.553320325562,-130.6969705959));
#5600 = CARTESIAN_POINT('',(-5.644553457227,-133.484849448));
#5601 = CARTESIAN_POINT('',(-5.735786610379,-136.2727283001));
#5602 = CARTESIAN_POINT('',(-5.827019769322,-139.0606071522));
#5603 = CARTESIAN_POINT('',(-5.918252913633,-141.8484860043));
#5604 = CARTESIAN_POINT('',(-6.009486028725,-144.6363648564));
#5605 = CARTESIAN_POINT('',(-6.100719115599,-147.4242437085));
#5606 = CARTESIAN_POINT('',(-6.191952195497,-150.2121225606));
#5607 = CARTESIAN_POINT('',(-6.252774264288,-152.070708462));
#5608 = CARTESIAN_POINT('',(-6.28318530718,-153.0000014127));
#5609 = ( GEOMETRIC_REPRESENTATION_CONTEXT(2) 
PARAMETRIC_REPRESENTATION_CONTEXT() REPRESENTATION_CONTEXT('2D SPACE',''
  ) );
#5610 = ORIENTED_EDGE('',*,*,#5611,.T.);
#5611 = EDGE_CURVE('',#5561,#5612,#5614,.T.);
#5612 = VERTEX_POINT('',#5613);
#5613 = CARTESIAN_POINT('',(-77.40488648546,-87.00554755551,
    -9.947999154629));
#5614 = SURFACE_CURVE('',#5615,(#5618,#5625),.PCURVE_S1.);
#5615 = B_SPLINE_CURVE_WITH_KNOTS('',1,(#5616,#5617),.UNSPECIFIED.,.F.,
  .F.,(2,2),(0.,44.),.PIECEWISE_BEZIER_KNOTS.);
#5616 = CARTESIAN_POINT('',(-69.84153582982,-47.1280049259,
    7.039564551892));
#5617 = CARTESIAN_POINT('',(-77.40488648546,-87.00554755551,
    -9.947999154629));
#5618 = PCURVE('',#5471,#5619);
#5619 = DEFINITIONAL_REPRESENTATION('',(#5620),#5624);
#5620 = LINE('',#5621,#5622);
#5621 = CARTESIAN_POINT('',(0.,0.));
#5622 = VECTOR('',#5623,1.);
#5623 = DIRECTION('',(1.,0.));
#5624 = ( GEOMETRIC_REPRESENTATION_CONTEXT(2) 
PARAMETRIC_REPRESENTATION_CONTEXT() REPRESENTATION_CONTEXT('2D SPACE',''
  ) );
#5625 = PCURVE('',#5626,#5645);
#5626 = B_SPLINE_SURFACE_WITH_KNOTS('',1,8,(
    (#5627,#5628,#5629,#5630,#5631,#5632,#5633,#5634,#5635)
    ,(#5636,#5637,#5638,#5639,#5640,#5641,#5642,#5643,#5644
  )),.UNSPECIFIED.,.F.,.F.,.F.,(2,2),(9,9),(0.,44.),(0.,66.666666666667)
  ,.PIECEWISE_BEZIER_KNOTS.);
#5627 = CARTESIAN_POINT('',(-10.57515271997,45.033320996791,
    -23.7521818987));
#5628 = CARTESIAN_POINT('',(-23.18313707536,37.942920910564,
    -31.58190060928));
#5629 = CARTESIAN_POINT('',(-34.89230691003,27.024894738618,
    -37.39284885337));
#5630 = CARTESIAN_POINT('',(-45.1365416113,13.083394175664,
    -39.9134989165));
#5631 = CARTESIAN_POINT('',(-53.49256756648,-2.473330314984,
    -38.19316269906));
#5632 = CARTESIAN_POINT('',(-59.81365005625,-17.81161481018,
    -31.90226862553));
#5633 = CARTESIAN_POINT('',(-64.31096777866,-31.13621542476,
    -21.51513181753));
#5634 = CARTESIAN_POINT('',(-67.45610534471,-41.13493980693,
    -8.090948653415));
#5635 = CARTESIAN_POINT('',(-69.84153582982,-47.1280049259,
    7.039564551892));
#5636 = CARTESIAN_POINT('',(-19.52335886763,83.138438763306,
    -43.85018196684));
#5637 = CARTESIAN_POINT('',(-36.35797098909,70.048469373349,
    -61.1730620696));
#5638 = CARTESIAN_POINT('',(-51.53323322612,49.892113363603,
    -74.76898131114));
#5639 = CARTESIAN_POINT('',(-64.00399983228,24.153958478149,
    -82.29050391091));
#5640 = CARTESIAN_POINT('',(-72.98884259948,-4.566148273816,
    -81.98251337732));
#5641 = CARTESIAN_POINT('',(-78.21686666132,-32.88298118802,
    -73.23656987865));
#5642 = CARTESIAN_POINT('',(-80.07794038342,-57.48224386109,
    -56.92833210095));
#5643 = CARTESIAN_POINT('',(-79.44268150916,-75.94142733587,
    -35.01323951196));
#5644 = CARTESIAN_POINT('',(-77.40488648546,-87.00554755551,
    -9.947999154629));
#5645 = DEFINITIONAL_REPRESENTATION('',(#5646),#5650);
#5646 = LINE('',#5647,#5648);
#5647 = CARTESIAN_POINT('',(0.,66.666666666667));
#5648 = VECTOR('',#5649,1.);
#5649 = DIRECTION('',(1.,0.));
#5650 = ( GEOMETRIC_REPRESENTATION_CONTEXT(2) 
PARAMETRIC_REPRESENTATION_CONTEXT() REPRESENTATION_CONTEXT('2D SPACE',''
  ) );
#5651 = ORIENTED_EDGE('',*,*,#5652,.T.);
#5652 = EDGE_CURVE('',#5612,#5457,#5653,.T.);
#5653 = SURFACE_CURVE('',#5654,(#5664,#5671),.PCURVE_S1.);
#5654 = B_SPLINE_CURVE_WITH_KNOTS('',8,(#5655,#5656,#5657,#5658,#5659,
    #5660,#5661,#5662,#5663),.UNSPECIFIED.,.F.,.F.,(9,9),(0.,
    66.666666666667),.PIECEWISE_BEZIER_KNOTS.);
#5655 = CARTESIAN_POINT('',(-77.40488648546,-87.00554755551,
    -9.947999154629));
#5656 = CARTESIAN_POINT('',(-75.36709146177,-98.06966777516,
    15.11724120271));
#5657 = CARTESIAN_POINT('',(-71.92668772509,-101.7388079309,
    43.332792308835));
#5658 = CARTESIAN_POINT('',(-68.17777993473,-96.75960900692,
    72.241254864391));
#5659 = CARTESIAN_POINT('',(-65.43479172117,-83.04951545873,
    98.890385058912));
#5660 = CARTESIAN_POINT('',(-64.98098862817,-62.00464108106,
    120.39792129032));
#5661 = CARTESIAN_POINT('',(-67.69700581535,-36.31116817249,
    134.78592460583));
#5662 = CARTESIAN_POINT('',(-73.89060694165,-9.11198162782,
    141.36314650971));
#5663 = CARTESIAN_POINT('',(-83.35255066363,16.670225056025,
    140.59955075399));
#5664 = PCURVE('',#5471,#5665);
#5665 = DEFINITIONAL_REPRESENTATION('',(#5666),#5670);
#5666 = LINE('',#5667,#5668);
#5667 = CARTESIAN_POINT('',(44.,0.));
#5668 = VECTOR('',#5669,1.);
#5669 = DIRECTION('',(0.,1.));
#5670 = ( GEOMETRIC_REPRESENTATION_CONTEXT(2) 
PARAMETRIC_REPRESENTATION_CONTEXT() REPRESENTATION_CONTEXT('2D SPACE',''
  ) );
#5671 = PCURVE('',#1242,#5672);
#5672 = DEFINITIONAL_REPRESENTATION('',(#5673),#5677);
#5673 = LINE('',#5674,#5675);
#5674 = CARTESIAN_POINT('',(0.,0.));
#5675 = VECTOR('',#5676,1.);
#5676 = DIRECTION('',(0.,1.));
#5677 = ( GEOMETRIC_REPRESENTATION_CONTEXT(2) 
PARAMETRIC_REPRESENTATION_CONTEXT() REPRESENTATION_CONTEXT('2D SPACE',''
  ) );
#5678 = ORIENTED_EDGE('',*,*,#5456,.F.);
#5679 = ADVANCED_FACE('',(#5680),#5626,.T.);
#5680 = FACE_BOUND('',#5681,.T.);
#5681 = EDGE_LOOP('',(#5682,#5733,#5754,#5781));
#5682 = ORIENTED_EDGE('',*,*,#5683,.F.);
#5683 = EDGE_CURVE('',#5684,#5561,#5686,.T.);
#5684 = VERTEX_POINT('',#5685);
#5685 = CARTESIAN_POINT('',(-10.57515271997,45.033320996791,
    -23.7521818987));
#5686 = SURFACE_CURVE('',#5687,(#5697,#5704),.PCURVE_S1.);
#5687 = B_SPLINE_CURVE_WITH_KNOTS('',8,(#5688,#5689,#5690,#5691,#5692,
    #5693,#5694,#5695,#5696),.UNSPECIFIED.,.F.,.F.,(9,9),(0.,
    66.666666666672),.PIECEWISE_BEZIER_KNOTS.);
#5688 = CARTESIAN_POINT('',(-10.57515271997,45.033320996791,
    -23.7521818987));
#5689 = CARTESIAN_POINT('',(-23.18313707536,37.942920910563,
    -31.58190060928));
#5690 = CARTESIAN_POINT('',(-34.89230691003,27.024894738616,
    -37.39284885337));
#5691 = CARTESIAN_POINT('',(-45.1365416113,13.083394175661,
    -39.9134989165));
#5692 = CARTESIAN_POINT('',(-53.49256756648,-2.473330314982,
    -38.19316269907));
#5693 = CARTESIAN_POINT('',(-59.81365005625,-17.81161481021,
    -31.90226862551));
#5694 = CARTESIAN_POINT('',(-64.31096777866,-31.13621542474,
    -21.51513181753));
#5695 = CARTESIAN_POINT('',(-67.45610534471,-41.13493980693,
    -8.090948653415));
#5696 = CARTESIAN_POINT('',(-69.84153582982,-47.1280049259,
    7.039564551892));
#5697 = PCURVE('',#5626,#5698);
#5698 = DEFINITIONAL_REPRESENTATION('',(#5699),#5703);
#5699 = LINE('',#5700,#5701);
#5700 = CARTESIAN_POINT('',(3.905144394637E-15,-4.811199187755E-15));
#5701 = VECTOR('',#5702,1.);
#5702 = DIRECTION('',(2.116543027025E-16,1.));
#5703 = ( GEOMETRIC_REPRESENTATION_CONTEXT(2) 
PARAMETRIC_REPRESENTATION_CONTEXT() REPRESENTATION_CONTEXT('2D SPACE',''
  ) );
#5704 = PCURVE('',#1144,#5705);
#5705 = DEFINITIONAL_REPRESENTATION('',(#5706),#5732);
#5706 = B_SPLINE_CURVE_WITH_KNOTS('',3,(#5707,#5708,#5709,#5710,#5711,
    #5712,#5713,#5714,#5715,#5716,#5717,#5718,#5719,#5720,#5721,#5722,
    #5723,#5724,#5725,#5726,#5727,#5728,#5729,#5730,#5731),
  .UNSPECIFIED.,.F.,.F.,(4,1,1,1,1,1,1,1,1,1,1,1,1,1,1,1,1,1,1,1,1,1,4),
  (0.,3.030303030303,6.060606060607,9.09090909091,12.121212121213,
    15.151515151516,18.18181818182,21.212121212123,24.242424242426,
    27.272727272729,30.303030303033,33.333333333336,36.363636363639,
    39.393939393942,42.424242424246,45.454545454549,48.484848484852,
    51.515151515155,54.545454545459,57.575757575762,60.606060606065,
    63.636363636368,66.666666666672),.QUASI_UNIFORM_KNOTS.);
#5707 = CARTESIAN_POINT('',(-2.094395102393,-25.));
#5708 = CARTESIAN_POINT('',(-2.127450589414,-26.0101010101));
#5709 = CARTESIAN_POINT('',(-2.193561568152,-28.0303030303));
#5710 = CARTESIAN_POINT('',(-2.292728027644,-31.0606060606));
#5711 = CARTESIAN_POINT('',(-2.391894429244,-34.09090909091));
#5712 = CARTESIAN_POINT('',(-2.491060816679,-37.12121212121));
#5713 = CARTESIAN_POINT('',(-2.590227225963,-40.15151515151));
#5714 = CARTESIAN_POINT('',(-2.689393672483,-43.18181818181));
#5715 = CARTESIAN_POINT('',(-2.788560144737,-46.21212121212));
#5716 = CARTESIAN_POINT('',(-2.887726617398,-49.24242424242));
#5717 = CARTESIAN_POINT('',(-2.986893067531,-52.27272727272));
#5718 = CARTESIAN_POINT('',(-3.086059486852,-55.30303030303));
#5719 = CARTESIAN_POINT('',(-3.18522588489,-58.33333333333));
#5720 = CARTESIAN_POINT('',(-3.284392282927,-61.36363636363));
#5721 = CARTESIAN_POINT('',(-3.383558702248,-64.39393939394));
#5722 = CARTESIAN_POINT('',(-3.482725152381,-67.42424242424));
#5723 = CARTESIAN_POINT('',(-3.581891625042,-70.45454545454));
#5724 = CARTESIAN_POINT('',(-3.681058097296,-73.48484848485));
#5725 = CARTESIAN_POINT('',(-3.780224543816,-76.51515151515));
#5726 = CARTESIAN_POINT('',(-3.8793909531,-79.54545454545));
#5727 = CARTESIAN_POINT('',(-3.978557340535,-82.57575757575));
#5728 = CARTESIAN_POINT('',(-4.077723742135,-85.60606060606));
#5729 = CARTESIAN_POINT('',(-4.176890201627,-88.63636363636));
#5730 = CARTESIAN_POINT('',(-4.243001180365,-90.65656565656));
#5731 = CARTESIAN_POINT('',(-4.276056667386,-91.66666666666));
#5732 = ( GEOMETRIC_REPRESENTATION_CONTEXT(2) 
PARAMETRIC_REPRESENTATION_CONTEXT() REPRESENTATION_CONTEXT('2D SPACE',''
  ) );
#5733 = ORIENTED_EDGE('',*,*,#5734,.T.);
#5734 = EDGE_CURVE('',#5684,#5735,#5737,.T.);
#5735 = VERTEX_POINT('',#5736);
#5736 = CARTESIAN_POINT('',(-19.52335886763,83.138438763306,
    -43.85018196684));
#5737 = SURFACE_CURVE('',#5738,(#5741,#5748),.PCURVE_S1.);
#5738 = B_SPLINE_CURVE_WITH_KNOTS('',1,(#5739,#5740),.UNSPECIFIED.,.F.,
  .F.,(2,2),(0.,44.),.PIECEWISE_BEZIER_KNOTS.);
#5739 = CARTESIAN_POINT('',(-10.57515271997,45.033320996791,
    -23.7521818987));
#5740 = CARTESIAN_POINT('',(-19.52335886763,83.138438763306,
    -43.85018196684));
#5741 = PCURVE('',#5626,#5742);
#5742 = DEFINITIONAL_REPRESENTATION('',(#5743),#5747);
#5743 = LINE('',#5744,#5745);
#5744 = CARTESIAN_POINT('',(0.,0.));
#5745 = VECTOR('',#5746,1.);
#5746 = DIRECTION('',(1.,0.));
#5747 = ( GEOMETRIC_REPRESENTATION_CONTEXT(2) 
PARAMETRIC_REPRESENTATION_CONTEXT() REPRESENTATION_CONTEXT('2D SPACE',''
  ) );
#5748 = PCURVE('',#1111,#5749);
#5749 = DEFINITIONAL_REPRESENTATION('',(#5750),#5753);
#5750 = B_SPLINE_CURVE_WITH_KNOTS('',1,(#5751,#5752),.UNSPECIFIED.,.F.,
  .F.,(2,2),(0.,44.),.PIECEWISE_BEZIER_KNOTS.);
#5751 = CARTESIAN_POINT('',(-26.,45.033320996791));
#5752 = CARTESIAN_POINT('',(-48.,83.138438763306));
#5753 = ( GEOMETRIC_REPRESENTATION_CONTEXT(2) 
PARAMETRIC_REPRESENTATION_CONTEXT() REPRESENTATION_CONTEXT('2D SPACE',''
  ) );
#5754 = ORIENTED_EDGE('',*,*,#5755,.T.);
#5755 = EDGE_CURVE('',#5735,#5612,#5756,.T.);
#5756 = SURFACE_CURVE('',#5757,(#5767,#5774),.PCURVE_S1.);
#5757 = B_SPLINE_CURVE_WITH_KNOTS('',8,(#5758,#5759,#5760,#5761,#5762,
    #5763,#5764,#5765,#5766),.UNSPECIFIED.,.F.,.F.,(9,9),(0.,
    66.666666666667),.PIECEWISE_BEZIER_KNOTS.);
#5758 = CARTESIAN_POINT('',(-19.52335886763,83.138438763306,
    -43.85018196684));
#5759 = CARTESIAN_POINT('',(-36.35797098909,70.048469373349,
    -61.1730620696));
#5760 = CARTESIAN_POINT('',(-51.53323322612,49.892113363603,
    -74.76898131114));
#5761 = CARTESIAN_POINT('',(-64.00399983228,24.153958478149,
    -82.29050391091));
#5762 = CARTESIAN_POINT('',(-72.98884259948,-4.566148273816,
    -81.98251337732));
#5763 = CARTESIAN_POINT('',(-78.21686666132,-32.88298118802,
    -73.23656987865));
#5764 = CARTESIAN_POINT('',(-80.07794038342,-57.48224386109,
    -56.92833210095));
#5765 = CARTESIAN_POINT('',(-79.44268150916,-75.94142733587,
    -35.01323951196));
#5766 = CARTESIAN_POINT('',(-77.40488648546,-87.00554755551,
    -9.947999154629));
#5767 = PCURVE('',#5626,#5768);
#5768 = DEFINITIONAL_REPRESENTATION('',(#5769),#5773);
#5769 = LINE('',#5770,#5771);
#5770 = CARTESIAN_POINT('',(44.,0.));
#5771 = VECTOR('',#5772,1.);
#5772 = DIRECTION('',(0.,1.));
#5773 = ( GEOMETRIC_REPRESENTATION_CONTEXT(2) 
PARAMETRIC_REPRESENTATION_CONTEXT() REPRESENTATION_CONTEXT('2D SPACE',''
  ) );
#5774 = PCURVE('',#1025,#5775);
#5775 = DEFINITIONAL_REPRESENTATION('',(#5776),#5780);
#5776 = LINE('',#5777,#5778);
#5777 = CARTESIAN_POINT('',(0.,0.));
#5778 = VECTOR('',#5779,1.);
#5779 = DIRECTION('',(0.,1.));
#5780 = ( GEOMETRIC_REPRESENTATION_CONTEXT(2) 
PARAMETRIC_REPRESENTATION_CONTEXT() REPRESENTATION_CONTEXT('2D SPACE',''
  ) );
#5781 = ORIENTED_EDGE('',*,*,#5611,.F.);
#5782 = ADVANCED_FACE('',(#5783),#2635,.T.);
#5783 = FACE_BOUND('',#5784,.F.);
#5784 = EDGE_LOOP('',(#5785,#5786,#5787,#5788,#5789,#5790,#5791,#5812,
    #5813,#5814,#5815,#5816));
#5785 = ORIENTED_EDGE('',*,*,#5109,.F.);
#5786 = ORIENTED_EDGE('',*,*,#1966,.T.);
#5787 = ORIENTED_EDGE('',*,*,#5159,.F.);
#5788 = ORIENTED_EDGE('',*,*,#5282,.F.);
#5789 = ORIENTED_EDGE('',*,*,#5405,.F.);
#5790 = ORIENTED_EDGE('',*,*,#5528,.F.);
#5791 = ORIENTED_EDGE('',*,*,#5792,.T.);
#5792 = EDGE_CURVE('',#5529,#3919,#5793,.T.);
#5793 = SURFACE_CURVE('',#5794,(#5798,#5805),.PCURVE_S1.);
#5794 = LINE('',#5795,#5796);
#5795 = CARTESIAN_POINT('',(43.988941881007,0.,37.33594772052));
#5796 = VECTOR('',#5797,1.);
#5797 = DIRECTION('',(-0.913545457643,0.,0.406736643076));
#5798 = PCURVE('',#2635,#5799);
#5799 = DEFINITIONAL_REPRESENTATION('',(#5800),#5804);
#5800 = LINE('',#5801,#5802);
#5801 = CARTESIAN_POINT('',(-0.,0.));
#5802 = VECTOR('',#5803,1.);
#5803 = DIRECTION('',(-0.,-1.));
#5804 = ( GEOMETRIC_REPRESENTATION_CONTEXT(2) 
PARAMETRIC_REPRESENTATION_CONTEXT() REPRESENTATION_CONTEXT('2D SPACE',''
  ) );
#5805 = PCURVE('',#1144,#5806);
#5806 = DEFINITIONAL_REPRESENTATION('',(#5807),#5811);
#5807 = LINE('',#5808,#5809);
#5808 = CARTESIAN_POINT('',(-6.28318530718,0.));
#5809 = VECTOR('',#5810,1.);
#5810 = DIRECTION('',(-0.,-1.));
#5811 = ( GEOMETRIC_REPRESENTATION_CONTEXT(2) 
PARAMETRIC_REPRESENTATION_CONTEXT() REPRESENTATION_CONTEXT('2D SPACE',''
  ) );
#5812 = ORIENTED_EDGE('',*,*,#3969,.F.);
#5813 = ORIENTED_EDGE('',*,*,#3823,.F.);
#5814 = ORIENTED_EDGE('',*,*,#3729,.F.);
#5815 = ORIENTED_EDGE('',*,*,#2698,.F.);
#5816 = ORIENTED_EDGE('',*,*,#2619,.F.);
#5817 = ADVANCED_FACE('',(#5818),#1862,.T.);
#5818 = FACE_BOUND('',#5819,.T.);
#5819 = EDGE_LOOP('',(#5820,#5821,#5846,#5847));
#5820 = ORIENTED_EDGE('',*,*,#5251,.F.);
#5821 = ORIENTED_EDGE('',*,*,#5822,.T.);
#5822 = EDGE_CURVE('',#5211,#1654,#5823,.T.);
#5823 = SURFACE_CURVE('',#5824,(#5832,#5839),.PCURVE_S1.);
#5824 = ( BOUNDED_CURVE() B_SPLINE_CURVE(6,(#5825,#5826,#5827,#5828,
#5829,#5830,#5831),.UNSPECIFIED.,.F.,.F.) B_SPLINE_CURVE_WITH_KNOTS((7,7
),(0.,6.544984694977E-02),.PIECEWISE_BEZIER_KNOTS.) CURVE() 
GEOMETRIC_REPRESENTATION_ITEM() RATIONAL_B_SPLINE_CURVE((1.000053547667,
    1.000017847948,0.999996430156,0.999989291231,0.999996430156,
1.000017847948,1.000053547667)) REPRESENTATION_ITEM('') );
#5825 = CARTESIAN_POINT('',(-250.3925134166,-94.54154428917,
    93.234096442401));
#5826 = CARTESIAN_POINT('',(-249.9690962903,-94.6555534838,
    94.185106878811));
#5827 = CARTESIAN_POINT('',(-249.5463043209,-94.78318488194,
    95.134713189829));
#5828 = CARTESIAN_POINT('',(-249.1242190422,-94.92441460983,
    96.082732247403));
#5829 = CARTESIAN_POINT('',(-248.7029218284,-95.07921568671,
    97.028981282402));
#5830 = CARTESIAN_POINT('',(-248.2824938734,-95.24755803125,
    97.973277930081));
#5831 = CARTESIAN_POINT('',(-247.863016171,-95.42940846934,
    98.915440275373));
#5832 = PCURVE('',#1862,#5833);
#5833 = DEFINITIONAL_REPRESENTATION('',(#5834),#5838);
#5834 = LINE('',#5835,#5836);
#5835 = CARTESIAN_POINT('',(0.,0.));
#5836 = VECTOR('',#5837,1.);
#5837 = DIRECTION('',(1.,0.));
#5838 = ( GEOMETRIC_REPRESENTATION_CONTEXT(2) 
PARAMETRIC_REPRESENTATION_CONTEXT() REPRESENTATION_CONTEXT('2D SPACE',''
  ) );
#5839 = PCURVE('',#1675,#5840);
#5840 = DEFINITIONAL_REPRESENTATION('',(#5841),#5845);
#5841 = LINE('',#5842,#5843);
#5842 = CARTESIAN_POINT('',(0.,66.666666666667));
#5843 = VECTOR('',#5844,1.);
#5844 = DIRECTION('',(1.,0.));
#5845 = ( GEOMETRIC_REPRESENTATION_CONTEXT(2) 
PARAMETRIC_REPRESENTATION_CONTEXT() REPRESENTATION_CONTEXT('2D SPACE',''
  ) );
#5846 = ORIENTED_EDGE('',*,*,#1840,.T.);
#5847 = ORIENTED_EDGE('',*,*,#2535,.F.);
#5848 = ADVANCED_FACE('',(#5849),#1675,.T.);
#5849 = FACE_BOUND('',#5850,.T.);
#5850 = EDGE_LOOP('',(#5851,#5852,#5877,#5878));
#5851 = ORIENTED_EDGE('',*,*,#5374,.F.);
#5852 = ORIENTED_EDGE('',*,*,#5853,.T.);
#5853 = EDGE_CURVE('',#5334,#1467,#5854,.T.);
#5854 = SURFACE_CURVE('',#5855,(#5863,#5870),.PCURVE_S1.);
#5855 = ( BOUNDED_CURVE() B_SPLINE_CURVE(6,(#5856,#5857,#5858,#5859,
#5860,#5861,#5862),.UNSPECIFIED.,.F.,.F.) B_SPLINE_CURVE_WITH_KNOTS((7,7
),(0.,6.544984694977E-02),.PIECEWISE_BEZIER_KNOTS.) CURVE() 
GEOMETRIC_REPRESENTATION_ITEM() RATIONAL_B_SPLINE_CURVE((1.000053547667,
    1.000017847948,0.999996430156,0.999989291231,0.999996430156,
1.000017847948,1.000053547667)) REPRESENTATION_ITEM('') );
#5856 = CARTESIAN_POINT('',(-210.3192904222,67.882250993909,
    19.33380656512));
#5857 = CARTESIAN_POINT('',(-210.6001379954,67.094898081852,
    18.703012587704));
#5858 = CARTESIAN_POINT('',(-210.8851656276,66.316617586833,
    18.062830044155));
#5859 = CARTESIAN_POINT('',(-211.1743185987,65.547560021506,
    17.413381837927));
#5860 = CARTESIAN_POINT('',(-211.4675412449,64.787873794583,
    16.754792991674));
#5861 = CARTESIAN_POINT('',(-211.7647769727,64.037705173773,
    16.087190616344));
#5862 = CARTESIAN_POINT('',(-212.0659682732,63.297198249607,
    15.410703879419));
#5863 = PCURVE('',#1675,#5864);
#5864 = DEFINITIONAL_REPRESENTATION('',(#5865),#5869);
#5865 = LINE('',#5866,#5867);
#5866 = CARTESIAN_POINT('',(0.,0.));
#5867 = VECTOR('',#5868,1.);
#5868 = DIRECTION('',(1.,0.));
#5869 = ( GEOMETRIC_REPRESENTATION_CONTEXT(2) 
PARAMETRIC_REPRESENTATION_CONTEXT() REPRESENTATION_CONTEXT('2D SPACE',''
  ) );
#5870 = PCURVE('',#1488,#5871);
#5871 = DEFINITIONAL_REPRESENTATION('',(#5872),#5876);
#5872 = LINE('',#5873,#5874);
#5873 = CARTESIAN_POINT('',(0.,66.666666666667));
#5874 = VECTOR('',#5875,1.);
#5875 = DIRECTION('',(1.,0.));
#5876 = ( GEOMETRIC_REPRESENTATION_CONTEXT(2) 
PARAMETRIC_REPRESENTATION_CONTEXT() REPRESENTATION_CONTEXT('2D SPACE',''
  ) );
#5877 = ORIENTED_EDGE('',*,*,#1653,.T.);
#5878 = ORIENTED_EDGE('',*,*,#5822,.F.);
#5879 = ADVANCED_FACE('',(#5880),#1488,.T.);
#5880 = FACE_BOUND('',#5881,.T.);
#5881 = EDGE_LOOP('',(#5882,#5883,#5908,#5909));
#5882 = ORIENTED_EDGE('',*,*,#5497,.F.);
#5883 = ORIENTED_EDGE('',*,*,#5884,.T.);
#5884 = EDGE_CURVE('',#5457,#1221,#5885,.T.);
#5885 = SURFACE_CURVE('',#5886,(#5894,#5901),.PCURVE_S1.);
#5886 = ( BOUNDED_CURVE() B_SPLINE_CURVE(6,(#5887,#5888,#5889,#5890,
#5891,#5892,#5893),.UNSPECIFIED.,.F.,.F.) B_SPLINE_CURVE_WITH_KNOTS((7,7
),(0.,6.544984694977E-02),.PIECEWISE_BEZIER_KNOTS.) CURVE() 
GEOMETRIC_REPRESENTATION_ITEM() RATIONAL_B_SPLINE_CURVE((1.000053547667,
    1.000017847948,0.999996430156,0.999989291231,0.999996430156,
1.000017847948,1.000053547667)) REPRESENTATION_ITEM('') );
#5887 = CARTESIAN_POINT('',(-83.35255066363,16.670225056025,
    140.59955075399));
#5888 = CARTESIAN_POINT('',(-83.45379268948,17.687448405551,
    140.37215744086));
#5889 = CARTESIAN_POINT('',(-83.5496143918,18.707886509323,
    140.15693837373));
#5890 = CARTESIAN_POINT('',(-83.63999700907,19.731342832553,
    139.9539356916));
#5891 = CARTESIAN_POINT('',(-83.724923022,20.757620146996,
    139.76318874351));
#5892 = CARTESIAN_POINT('',(-83.80437615788,21.786520579914,
    139.58473407851));
#5893 = CARTESIAN_POINT('',(-83.87834139461,22.817845663313,
    139.41860543683));
#5894 = PCURVE('',#1488,#5895);
#5895 = DEFINITIONAL_REPRESENTATION('',(#5896),#5900);
#5896 = LINE('',#5897,#5898);
#5897 = CARTESIAN_POINT('',(0.,0.));
#5898 = VECTOR('',#5899,1.);
#5899 = DIRECTION('',(1.,0.));
#5900 = ( GEOMETRIC_REPRESENTATION_CONTEXT(2) 
PARAMETRIC_REPRESENTATION_CONTEXT() REPRESENTATION_CONTEXT('2D SPACE',''
  ) );
#5901 = PCURVE('',#1242,#5902);
#5902 = DEFINITIONAL_REPRESENTATION('',(#5903),#5907);
#5903 = LINE('',#5904,#5905);
#5904 = CARTESIAN_POINT('',(0.,66.666666666667));
#5905 = VECTOR('',#5906,1.);
#5906 = DIRECTION('',(1.,0.));
#5907 = ( GEOMETRIC_REPRESENTATION_CONTEXT(2) 
PARAMETRIC_REPRESENTATION_CONTEXT() REPRESENTATION_CONTEXT('2D SPACE',''
  ) );
#5908 = ORIENTED_EDGE('',*,*,#1466,.T.);
#5909 = ORIENTED_EDGE('',*,*,#5853,.F.);
#5910 = ADVANCED_FACE('',(#5911),#1409,.T.);
#5911 = FACE_BOUND('',#5912,.F.);
#5912 = EDGE_LOOP('',(#5913,#5914,#5935,#5936,#5937,#5938,#5939,#5940,
    #5941,#5942,#5943,#5944));
#5913 = ORIENTED_EDGE('',*,*,#4637,.F.);
#5914 = ORIENTED_EDGE('',*,*,#5915,.T.);
#5915 = EDGE_CURVE('',#4638,#1315,#5916,.T.);
#5916 = SURFACE_CURVE('',#5917,(#5921,#5928),.PCURVE_S1.);
#5917 = LINE('',#5918,#5919);
#5918 = CARTESIAN_POINT('',(43.988941881007,0.,37.33594772052));
#5919 = VECTOR('',#5920,1.);
#5920 = DIRECTION('',(-0.913545457643,0.,0.406736643076));
#5921 = PCURVE('',#1409,#5922);
#5922 = DEFINITIONAL_REPRESENTATION('',(#5923),#5927);
#5923 = LINE('',#5924,#5925);
#5924 = CARTESIAN_POINT('',(-0.,0.));
#5925 = VECTOR('',#5926,1.);
#5926 = DIRECTION('',(-0.,-1.));
#5927 = ( GEOMETRIC_REPRESENTATION_CONTEXT(2) 
PARAMETRIC_REPRESENTATION_CONTEXT() REPRESENTATION_CONTEXT('2D SPACE',''
  ) );
#5928 = PCURVE('',#1144,#5929);
#5929 = DEFINITIONAL_REPRESENTATION('',(#5930),#5934);
#5930 = LINE('',#5931,#5932);
#5931 = CARTESIAN_POINT('',(-6.28318530718,0.));
#5932 = VECTOR('',#5933,1.);
#5933 = DIRECTION('',(-0.,-1.));
#5934 = ( GEOMETRIC_REPRESENTATION_CONTEXT(2) 
PARAMETRIC_REPRESENTATION_CONTEXT() REPRESENTATION_CONTEXT('2D SPACE',''
  ) );
#5935 = ORIENTED_EDGE('',*,*,#1387,.T.);
#5936 = ORIENTED_EDGE('',*,*,#1560,.F.);
#5937 = ORIENTED_EDGE('',*,*,#1747,.F.);
#5938 = ORIENTED_EDGE('',*,*,#1934,.T.);
#5939 = ORIENTED_EDGE('',*,*,#1966,.F.);
#5940 = ORIENTED_EDGE('',*,*,#2012,.T.);
#5941 = ORIENTED_EDGE('',*,*,#2960,.F.);
#5942 = ORIENTED_EDGE('',*,*,#2986,.F.);
#5943 = ORIENTED_EDGE('',*,*,#4991,.F.);
#5944 = ORIENTED_EDGE('',*,*,#4792,.F.);
#5945 = ADVANCED_FACE('',(#5946),#1242,.T.);
#5946 = FACE_BOUND('',#5947,.T.);
#5947 = EDGE_LOOP('',(#5948,#5949,#5974,#5975));
#5948 = ORIENTED_EDGE('',*,*,#5652,.F.);
#5949 = ORIENTED_EDGE('',*,*,#5950,.T.);
#5950 = EDGE_CURVE('',#5612,#985,#5951,.T.);
#5951 = SURFACE_CURVE('',#5952,(#5960,#5967),.PCURVE_S1.);
#5952 = ( BOUNDED_CURVE() B_SPLINE_CURVE(6,(#5953,#5954,#5955,#5956,
#5957,#5958,#5959),.UNSPECIFIED.,.F.,.F.) B_SPLINE_CURVE_WITH_KNOTS((7,7
),(0.,6.544984694977E-02),.PIECEWISE_BEZIER_KNOTS.) CURVE() 
GEOMETRIC_REPRESENTATION_ITEM() RATIONAL_B_SPLINE_CURVE((1.000053547667,
    1.000017847948,0.999996430156,0.999989291231,0.999996430156,
1.000017847948,1.000053547667)) REPRESENTATION_ITEM('') );
#5953 = CARTESIAN_POINT('',(-77.40488648546,-87.00554755551,
    -9.947999154629));
#5954 = CARTESIAN_POINT('',(-77.0078988314,-87.38510533105,
    -9.056350284819));
#5955 = CARTESIAN_POINT('',(-76.61294905811,-87.77742333818,
    -8.169278570149));
#5956 = CARTESIAN_POINT('',(-76.22011340802,-88.18242663414,
    -7.286955253952));
#5957 = CARTESIAN_POINT('',(-75.82946764215,-88.60003737666,
    -6.409550498238));
#5958 = CARTESIAN_POINT('',(-75.4410870212,-89.0301748432,
    -5.537233341309));
#5959 = CARTESIAN_POINT('',(-75.05504628689,-89.47275545114,
    -4.67017165584));
#5960 = PCURVE('',#1242,#5961);
#5961 = DEFINITIONAL_REPRESENTATION('',(#5962),#5966);
#5962 = LINE('',#5963,#5964);
#5963 = CARTESIAN_POINT('',(0.,0.));
#5964 = VECTOR('',#5965,1.);
#5965 = DIRECTION('',(1.,0.));
#5966 = ( GEOMETRIC_REPRESENTATION_CONTEXT(2) 
PARAMETRIC_REPRESENTATION_CONTEXT() REPRESENTATION_CONTEXT('2D SPACE',''
  ) );
#5967 = PCURVE('',#1025,#5968);
#5968 = DEFINITIONAL_REPRESENTATION('',(#5969),#5973);
#5969 = LINE('',#5970,#5971);
#5970 = CARTESIAN_POINT('',(0.,66.666666666667));
#5971 = VECTOR('',#5972,1.);
#5972 = DIRECTION('',(1.,0.));
#5973 = ( GEOMETRIC_REPRESENTATION_CONTEXT(2) 
PARAMETRIC_REPRESENTATION_CONTEXT() REPRESENTATION_CONTEXT('2D SPACE',''
  ) );
#5974 = ORIENTED_EDGE('',*,*,#1220,.T.);
#5975 = ORIENTED_EDGE('',*,*,#5884,.F.);
#5976 = ADVANCED_FACE('',(#5977),#1144,.T.);
#5977 = FACE_BOUND('',#5978,.F.);
#5978 = EDGE_LOOP('',(#5979,#5980,#5981,#5982,#6005,#6032,#6033,#6034,
    #6035,#6036,#6037,#6038,#6039,#6040,#6066,#6067,#6068));
#5979 = ORIENTED_EDGE('',*,*,#4671,.F.);
#5980 = ORIENTED_EDGE('',*,*,#4537,.F.);
#5981 = ORIENTED_EDGE('',*,*,#4451,.F.);
#5982 = ORIENTED_EDGE('',*,*,#5983,.T.);
#5983 = EDGE_CURVE('',#4452,#5984,#5986,.T.);
#5984 = VERTEX_POINT('',#5985);
#5985 = CARTESIAN_POINT('',(43.988941881007,0.,37.33594772052));
#5986 = SEAM_CURVE('',#5987,(#5991,#5998),.PCURVE_S1.);
#5987 = LINE('',#5988,#5989);
#5988 = CARTESIAN_POINT('',(-35.48951416085,0.,72.722036214391));
#5989 = VECTOR('',#5990,1.);
#5990 = DIRECTION('',(0.913545457643,0.,-0.406736643076));
#5991 = PCURVE('',#1144,#5992);
#5992 = DEFINITIONAL_REPRESENTATION('',(#5993),#5997);
#5993 = LINE('',#5994,#5995);
#5994 = CARTESIAN_POINT('',(-6.28318530718,-87.00000134307));
#5995 = VECTOR('',#5996,1.);
#5996 = DIRECTION('',(0.,1.));
#5997 = ( GEOMETRIC_REPRESENTATION_CONTEXT(2) 
PARAMETRIC_REPRESENTATION_CONTEXT() REPRESENTATION_CONTEXT('2D SPACE',''
  ) );
#5998 = PCURVE('',#1144,#5999);
#5999 = DEFINITIONAL_REPRESENTATION('',(#6000),#6004);
#6000 = LINE('',#6001,#6002);
#6001 = CARTESIAN_POINT('',(-0.,-87.00000134307));
#6002 = VECTOR('',#6003,1.);
#6003 = DIRECTION('',(0.,1.));
#6004 = ( GEOMETRIC_REPRESENTATION_CONTEXT(2) 
PARAMETRIC_REPRESENTATION_CONTEXT() REPRESENTATION_CONTEXT('2D SPACE',''
  ) );
#6005 = ORIENTED_EDGE('',*,*,#6006,.F.);
#6006 = EDGE_CURVE('',#5984,#5984,#6007,.T.);
#6007 = SURFACE_CURVE('',#6008,(#6013,#6020),.PCURVE_S1.);
#6008 = CIRCLE('',#6009,52.);
#6009 = AXIS2_PLACEMENT_3D('',#6010,#6011,#6012);
#6010 = CARTESIAN_POINT('',(22.838636441065,0.,-10.16841607689));
#6011 = DIRECTION('',(-0.913545457643,0.,0.406736643076));
#6012 = DIRECTION('',(0.406736643076,0.,0.913545457643));
#6013 = PCURVE('',#1144,#6014);
#6014 = DEFINITIONAL_REPRESENTATION('',(#6015),#6019);
#6015 = LINE('',#6016,#6017);
#6016 = CARTESIAN_POINT('',(-0.,0.));
#6017 = VECTOR('',#6018,1.);
#6018 = DIRECTION('',(-1.,0.));
#6019 = ( GEOMETRIC_REPRESENTATION_CONTEXT(2) 
PARAMETRIC_REPRESENTATION_CONTEXT() REPRESENTATION_CONTEXT('2D SPACE',''
  ) );
#6020 = PCURVE('',#6021,#6026);
#6021 = PLANE('',#6022);
#6022 = AXIS2_PLACEMENT_3D('',#6023,#6024,#6025);
#6023 = CARTESIAN_POINT('',(22.838636441065,4.609291841672E-15,
    -10.16841607689));
#6024 = DIRECTION('',(-0.913545457643,0.,0.406736643076));
#6025 = DIRECTION('',(0.406736643076,0.,0.913545457643));
#6026 = DEFINITIONAL_REPRESENTATION('',(#6027),#6031);
#6027 = CIRCLE('',#6028,52.);
#6028 = AXIS2_PLACEMENT_2D('',#6029,#6030);
#6029 = CARTESIAN_POINT('',(1.622782721786E-15,-4.609291841672E-15));
#6030 = DIRECTION('',(1.,0.));
#6031 = ( GEOMETRIC_REPRESENTATION_CONTEXT(2) 
PARAMETRIC_REPRESENTATION_CONTEXT() REPRESENTATION_CONTEXT('2D SPACE',''
  ) );
#6032 = ORIENTED_EDGE('',*,*,#5983,.F.);
#6033 = ORIENTED_EDGE('',*,*,#4502,.T.);
#6034 = ORIENTED_EDGE('',*,*,#4279,.F.);
#6035 = ORIENTED_EDGE('',*,*,#4092,.F.);
#6036 = ORIENTED_EDGE('',*,*,#3918,.T.);
#6037 = ORIENTED_EDGE('',*,*,#5792,.F.);
#6038 = ORIENTED_EDGE('',*,*,#5560,.F.);
#6039 = ORIENTED_EDGE('',*,*,#5683,.F.);
#6040 = ORIENTED_EDGE('',*,*,#6041,.F.);
#6041 = EDGE_CURVE('',#1097,#5684,#6042,.T.);
#6042 = SURFACE_CURVE('',#6043,(#6048,#6055),.PCURVE_S1.);
#6043 = CIRCLE('',#6044,52.);
#6044 = AXIS2_PLACEMENT_3D('',#6045,#6046,#6047);
#6045 = CARTESIAN_POINT('',(-3.552713678801E-15,0.,1.7763568394E-15));
#6046 = DIRECTION('',(0.913545457643,0.,-0.406736643076));
#6047 = DIRECTION('',(0.406736643076,0.,0.913545457643));
#6048 = PCURVE('',#1144,#6049);
#6049 = DEFINITIONAL_REPRESENTATION('',(#6050),#6054);
#6050 = LINE('',#6051,#6052);
#6051 = CARTESIAN_POINT('',(-6.28318530718,-25.));
#6052 = VECTOR('',#6053,1.);
#6053 = DIRECTION('',(1.,-0.));
#6054 = ( GEOMETRIC_REPRESENTATION_CONTEXT(2) 
PARAMETRIC_REPRESENTATION_CONTEXT() REPRESENTATION_CONTEXT('2D SPACE',''
  ) );
#6055 = PCURVE('',#1111,#6056);
#6056 = DEFINITIONAL_REPRESENTATION('',(#6057),#6065);
#6057 = ( BOUNDED_CURVE() B_SPLINE_CURVE(2,(#6058,#6059,#6060,#6061,
#6062,#6063,#6064),.UNSPECIFIED.,.T.,.F.) B_SPLINE_CURVE_WITH_KNOTS((1,2
    ,2,2,2,1),(-2.094395102393,0.,2.094395102393,4.188790204786,
6.28318530718,8.377580409573),.UNSPECIFIED.) CURVE() 
GEOMETRIC_REPRESENTATION_ITEM() RATIONAL_B_SPLINE_CURVE((1.,0.5,1.,0.5,
1.,0.5,1.)) REPRESENTATION_ITEM('') );
#6058 = CARTESIAN_POINT('',(52.,0.));
#6059 = CARTESIAN_POINT('',(52.,-90.06664199358));
#6060 = CARTESIAN_POINT('',(-26.,-45.03332099679));
#6061 = CARTESIAN_POINT('',(-104.,-1.273632671113E-14));
#6062 = CARTESIAN_POINT('',(-26.,45.033320996791));
#6063 = CARTESIAN_POINT('',(52.,90.066641993582));
#6064 = CARTESIAN_POINT('',(52.,0.));
#6065 = ( GEOMETRIC_REPRESENTATION_CONTEXT(2) 
PARAMETRIC_REPRESENTATION_CONTEXT() REPRESENTATION_CONTEXT('2D SPACE',''
  ) );
#6066 = ORIENTED_EDGE('',*,*,#1122,.F.);
#6067 = ORIENTED_EDGE('',*,*,#1314,.F.);
#6068 = ORIENTED_EDGE('',*,*,#5915,.F.);
#6069 = ADVANCED_FACE('',(#6070),#6021,.F.);
#6070 = FACE_BOUND('',#6071,.F.);
#6071 = EDGE_LOOP('',(#6072));
#6072 = ORIENTED_EDGE('',*,*,#6006,.T.);
#6073 = ADVANCED_FACE('',(#6074),#1111,.F.);
#6074 = FACE_BOUND('',#6075,.F.);
#6075 = EDGE_LOOP('',(#6076,#6077,#6078,#6107));
#6076 = ORIENTED_EDGE('',*,*,#6041,.T.);
#6077 = ORIENTED_EDGE('',*,*,#5734,.T.);
#6078 = ORIENTED_EDGE('',*,*,#6079,.T.);
#6079 = EDGE_CURVE('',#5735,#983,#6080,.T.);
#6080 = SURFACE_CURVE('',#6081,(#6089,#6100),.PCURVE_S1.);
#6081 = ( BOUNDED_CURVE() B_SPLINE_CURVE(6,(#6082,#6083,#6084,#6085,
#6086,#6087,#6088),.UNSPECIFIED.,.F.,.F.) B_SPLINE_CURVE_WITH_KNOTS((7,7
),(0.,6.544984694977E-02),.PIECEWISE_BEZIER_KNOTS.) CURVE() 
GEOMETRIC_REPRESENTATION_ITEM() RATIONAL_B_SPLINE_CURVE((1.000053547667,
    1.000017847948,0.999996430156,0.999989291231,0.999996430156,
1.000017847948,1.000053547667)) REPRESENTATION_ITEM('') );
#6082 = CARTESIAN_POINT('',(-19.52335886763,83.138438763306,
    -43.85018196684));
#6083 = CARTESIAN_POINT('',(-19.87752236956,82.556626206338,
    -44.64564621615));
#6084 = CARTESIAN_POINT('',(-20.23476843426,81.986236831467,
    -45.4480340148));
#6085 = CARTESIAN_POINT('',(-20.59502836148,81.427381202642,
    -46.2571910595));
#6086 = CARTESIAN_POINT('',(-20.95823276108,80.880167251162,
    -47.07296149744));
#6087 = CARTESIAN_POINT('',(-21.32431157023,80.344700248638,
    -47.89518796493));
#6088 = CARTESIAN_POINT('',(-21.69319407083,79.821082781044,
    -48.72371162654));
#6089 = PCURVE('',#1111,#6090);
#6090 = DEFINITIONAL_REPRESENTATION('',(#6091),#6099);
#6091 = ( BOUNDED_CURVE() B_SPLINE_CURVE(6,(#6092,#6093,#6094,#6095,
#6096,#6097,#6098),.UNSPECIFIED.,.F.,.F.) B_SPLINE_CURVE_WITH_KNOTS((7,7
),(0.,6.544984694977E-02),.PIECEWISE_BEZIER_KNOTS.) CURVE() 
GEOMETRIC_REPRESENTATION_ITEM() RATIONAL_B_SPLINE_CURVE((1.000053547667,
    1.000017847948,0.999996430156,0.999989291231,0.999996430156,
1.000017847948,1.000053547667)) REPRESENTATION_ITEM('') );
#6092 = CARTESIAN_POINT('',(-48.,83.138438763306));
#6093 = CARTESIAN_POINT('',(-48.87074402555,82.556626206338));
#6094 = CARTESIAN_POINT('',(-49.74906681937,81.986236831467));
#6095 = CARTESIAN_POINT('',(-50.63479947551,81.427381202642));
#6096 = CARTESIAN_POINT('',(-51.52777139182,80.880167251162));
#6097 = CARTESIAN_POINT('',(-52.42781031227,80.344700248638));
#6098 = CARTESIAN_POINT('',(-53.33474236988,79.821082781044));
#6099 = ( GEOMETRIC_REPRESENTATION_CONTEXT(2) 
PARAMETRIC_REPRESENTATION_CONTEXT() REPRESENTATION_CONTEXT('2D SPACE',''
  ) );
#6100 = PCURVE('',#1025,#6101);
#6101 = DEFINITIONAL_REPRESENTATION('',(#6102),#6106);
#6102 = LINE('',#6103,#6104);
#6103 = CARTESIAN_POINT('',(0.,0.));
#6104 = VECTOR('',#6105,1.);
#6105 = DIRECTION('',(1.,0.));
#6106 = ( GEOMETRIC_REPRESENTATION_CONTEXT(2) 
PARAMETRIC_REPRESENTATION_CONTEXT() REPRESENTATION_CONTEXT('2D SPACE',''
  ) );
#6107 = ORIENTED_EDGE('',*,*,#1096,.T.);
#6108 = ADVANCED_FACE('',(#6109),#1025,.T.);
#6109 = FACE_BOUND('',#6110,.T.);
#6110 = EDGE_LOOP('',(#6111,#6112,#6113,#6114));
#6111 = ORIENTED_EDGE('',*,*,#5755,.F.);
#6112 = ORIENTED_EDGE('',*,*,#6079,.T.);
#6113 = ORIENTED_EDGE('',*,*,#982,.T.);
#6114 = ORIENTED_EDGE('',*,*,#5950,.F.);
#6115 = ( GEOMETRIC_REPRESENTATION_CONTEXT(3) 
GLOBAL_UNCERTAINTY_ASSIGNED_CONTEXT((#6119)) 
GLOBAL_UNIT_ASSIGNED_CONTEXT((#6116,#6117,#6118)) REPRESENTATION_CONTEXT
('Context #1','3D Context with UNIT and UNCERTAINTY') );
#6116 = ( LENGTH_UNIT() NAMED_UNIT(*) SI_UNIT(.MILLI.,.METRE.) );
#6117 = ( NAMED_UNIT(*) PLANE_ANGLE_UNIT() SI_UNIT($,.RADIAN.) );
#6118 = ( NAMED_UNIT(*) SI_UNIT($,.STERADIAN.) SOLID_ANGLE_UNIT() );
#6119 = UNCERTAINTY_MEASURE_WITH_UNIT(LENGTH_MEASURE(5.E-02),#6116,
  'distance_accuracy_value','confusion accuracy');
#6120 = PRODUCT_RELATED_PRODUCT_CATEGORY('part',$,(#7));
ENDSEC;
END-ISO-10303-21;
