ISO-10303-21;
HEADER;
FILE_DESCRIPTION(('Open CASCADE Model'),'2;1');
FILE_NAME('Open CASCADE Shape Model','2026-07-22T19:33:09',('Author'),(
    'Open CASCADE'),'Open CASCADE STEP processor 7.9','Open CASCADE 7.9'
  ,'Unknown');
FILE_SCHEMA(('AUTOMOTIVE_DESIGN { 1 0 10303 214 1 1 1 1 }'));
ENDSEC;
DATA;
#1 = APPLICATION_PROTOCOL_DEFINITION('international standard',
  'automotive_design',2000,#2);
#2 = APPLICATION_CONTEXT(
  'core data for automotive mechanical design processes');
#3 = SHAPE_DEFINITION_REPRESENTATION(#4,#10);
#4 = PRODUCT_DEFINITION_SHAPE('','',#5);
#5 = PRODUCT_DEFINITION('design','',#6,#9);
#6 = PRODUCT_DEFINITION_FORMATION('','',#7);
#7 = PRODUCT('Open CASCADE STEP translator 7.9 1',
  'Open CASCADE STEP translator 7.9 1','',(#8));
#8 = PRODUCT_CONTEXT('',#2,'mechanical');
#9 = PRODUCT_DEFINITION_CONTEXT('part definition',#2,'design');
#10 = SHAPE_REPRESENTATION('',(#11,#15,#19,#23),#27);
#11 = AXIS2_PLACEMENT_3D('',#12,#13,#14);
#12 = CARTESIAN_POINT('',(0.,0.,0.));
#13 = DIRECTION('',(0.,0.,1.));
#14 = DIRECTION('',(1.,0.,-0.));
#15 = AXIS2_PLACEMENT_3D('',#16,#17,#18);
#16 = CARTESIAN_POINT('',(0.,0.,0.));
#17 = DIRECTION('',(0.,0.,1.));
#18 = DIRECTION('',(1.,0.,-0.));
#19 = AXIS2_PLACEMENT_3D('',#20,#21,#22);
#20 = CARTESIAN_POINT('',(0.,0.,0.));
#21 = DIRECTION('',(0.,0.,1.));
#22 = DIRECTION('',(1.,0.,-0.));
#23 = AXIS2_PLACEMENT_3D('',#24,#25,#26);
#24 = CARTESIAN_POINT('',(0.,0.,0.));
#25 = DIRECTION('',(0.,0.,1.));
#26 = DIRECTION('',(1.,0.,-0.));
#27 = ( GEOMETRIC_REPRESENTATION_CONTEXT(3) 
GLOBAL_UNCERTAINTY_ASSIGNED_CONTEXT((#31)) GLOBAL_UNIT_ASSIGNED_CONTEXT(
(#28,#29,#30)) REPRESENTATION_CONTEXT('Context #1',
  '3D Context with UNIT and UNCERTAINTY') );
#28 = ( LENGTH_UNIT() NAMED_UNIT(*) SI_UNIT(.MILLI.,.METRE.) );
#29 = ( NAMED_UNIT(*) PLANE_ANGLE_UNIT() SI_UNIT($,.RADIAN.) );
#30 = ( NAMED_UNIT(*) SI_UNIT($,.STERADIAN.) SOLID_ANGLE_UNIT() );
#31 = UNCERTAINTY_MEASURE_WITH_UNIT(LENGTH_MEASURE(5.E-02),#28,
  'distance_accuracy_value','confusion accuracy');
#32 = PRODUCT_RELATED_PRODUCT_CATEGORY('part',$,(#7));
#33 = SHAPE_DEFINITION_REPRESENTATION(#34,#40);
#34 = PRODUCT_DEFINITION_SHAPE('','',#35);
#35 = PRODUCT_DEFINITION('design','',#36,#39);
#36 = PRODUCT_DEFINITION_FORMATION('','',#37);
#37 = PRODUCT('Open CASCADE STEP translator 7.9 1.1',
  'Open CASCADE STEP translator 7.9 1.1','',(#38));
#38 = PRODUCT_CONTEXT('',#2,'mechanical');
#39 = PRODUCT_DEFINITION_CONTEXT('part definition',#2,'design');
#40 = ADVANCED_BREP_SHAPE_REPRESENTATION('',(#11,#41),#5234);
#41 = MANIFOLD_SOLID_BREP('',#42);
#42 = CLOSED_SHELL('',(#43,#131,#586,#1041,#1164,#1319,#1424,#1547,#1674
    ,#1700,#2039,#2093,#2188,#2712,#2817,#2871,#2994,#3089,#3357,#3411,
    #3534,#3560,#3665,#4043,#4097,#4220,#4246,#4301,#4441,#4474,#4569,
    #4626,#4659,#4713,#4810,#4869,#4898,#4974,#5007,#5038,#5092,#5125,
    #5158,#5189,#5196,#5227));
#43 = ADVANCED_FACE('',(#44),#58,.T.);
#44 = FACE_BOUND('',#45,.F.);
#45 = EDGE_LOOP('',(#46,#76,#103,#104));
#46 = ORIENTED_EDGE('',*,*,#47,.T.);
#47 = EDGE_CURVE('',#48,#50,#52,.T.);
#48 = VERTEX_POINT('',#49);
#49 = CARTESIAN_POINT('',(39.453454378353,0.,88.613909391332));
#50 = VERTEX_POINT('',#51);
#51 = CARTESIAN_POINT('',(-325.9647286786,0.,251.30856662165));
#52 = SEAM_CURVE('',#53,(#57,#69),.PCURVE_S1.);
#53 = LINE('',#54,#55);
#54 = CARTESIAN_POINT('',(39.453454378353,0.,88.613909391332));
#55 = VECTOR('',#56,1.);
#56 = DIRECTION('',(-0.913545457643,0.,0.406736643076));
#57 = PCURVE('',#58,#63);
#58 = CYLINDRICAL_SURFACE('',#59,97.);
#59 = AXIS2_PLACEMENT_3D('',#60,#61,#62);
#60 = CARTESIAN_POINT('',(0.,0.,0.));
#61 = DIRECTION('',(0.913545457643,-0.,-0.406736643076));
#62 = DIRECTION('',(0.406736643076,0.,0.913545457643));
#63 = DEFINITIONAL_REPRESENTATION('',(#64),#68);
#64 = LINE('',#65,#66);
#65 = CARTESIAN_POINT('',(-0.,0.));
#66 = VECTOR('',#67,1.);
#67 = DIRECTION('',(-0.,-1.));
#68 = ( GEOMETRIC_REPRESENTATION_CONTEXT(2) 
PARAMETRIC_REPRESENTATION_CONTEXT() REPRESENTATION_CONTEXT('2D SPACE',''
  ) );
#69 = PCURVE('',#58,#70);
#70 = DEFINITIONAL_REPRESENTATION('',(#71),#75);
#71 = LINE('',#72,#73);
#72 = CARTESIAN_POINT('',(-6.28318530718,0.));
#73 = VECTOR('',#74,1.);
#74 = DIRECTION('',(-0.,-1.));
#75 = ( GEOMETRIC_REPRESENTATION_CONTEXT(2) 
PARAMETRIC_REPRESENTATION_CONTEXT() REPRESENTATION_CONTEXT('2D SPACE',''
  ) );
#76 = ORIENTED_EDGE('',*,*,#77,.T.);
#77 = EDGE_CURVE('',#50,#50,#78,.T.);
#78 = SURFACE_CURVE('',#79,(#84,#91),.PCURVE_S1.);
#79 = CIRCLE('',#80,97.);
#80 = AXIS2_PLACEMENT_3D('',#81,#82,#83);
#81 = CARTESIAN_POINT('',(-365.418183057,0.,162.69465723032));
#82 = DIRECTION('',(-0.913545457643,0.,0.406736643076));
#83 = DIRECTION('',(0.406736643076,0.,0.913545457643));
#84 = PCURVE('',#58,#85);
#85 = DEFINITIONAL_REPRESENTATION('',(#86),#90);
#86 = LINE('',#87,#88);
#87 = CARTESIAN_POINT('',(-0.,-400.));
#88 = VECTOR('',#89,1.);
#89 = DIRECTION('',(-1.,0.));
#90 = ( GEOMETRIC_REPRESENTATION_CONTEXT(2) 
PARAMETRIC_REPRESENTATION_CONTEXT() REPRESENTATION_CONTEXT('2D SPACE',''
  ) );
#91 = PCURVE('',#92,#97);
#92 = PLANE('',#93);
#93 = AXIS2_PLACEMENT_3D('',#94,#95,#96);
#94 = CARTESIAN_POINT('',(-365.418183057,6.86705117544E-15,
    162.69465723032));
#95 = DIRECTION('',(-0.913545457643,0.,0.406736643076));
#96 = DIRECTION('',(0.406736643076,0.,0.913545457643));
#97 = DEFINITIONAL_REPRESENTATION('',(#98),#102);
#98 = CIRCLE('',#99,97.);
#99 = AXIS2_PLACEMENT_2D('',#100,#101);
#100 = CARTESIAN_POINT('',(0.,-6.86705117544E-15));
#101 = DIRECTION('',(1.,0.));
#102 = ( GEOMETRIC_REPRESENTATION_CONTEXT(2) 
PARAMETRIC_REPRESENTATION_CONTEXT() REPRESENTATION_CONTEXT('2D SPACE',''
  ) );
#103 = ORIENTED_EDGE('',*,*,#47,.F.);
#104 = ORIENTED_EDGE('',*,*,#105,.F.);
#105 = EDGE_CURVE('',#48,#48,#106,.T.);
#106 = SURFACE_CURVE('',#107,(#112,#119),.PCURVE_S1.);
#107 = CIRCLE('',#108,97.);
#108 = AXIS2_PLACEMENT_3D('',#109,#110,#111);
#109 = CARTESIAN_POINT('',(0.,0.,0.));
#110 = DIRECTION('',(-0.913545457643,0.,0.406736643076));
#111 = DIRECTION('',(0.406736643076,0.,0.913545457643));
#112 = PCURVE('',#58,#113);
#113 = DEFINITIONAL_REPRESENTATION('',(#114),#118);
#114 = LINE('',#115,#116);
#115 = CARTESIAN_POINT('',(-0.,0.));
#116 = VECTOR('',#117,1.);
#117 = DIRECTION('',(-1.,0.));
#118 = ( GEOMETRIC_REPRESENTATION_CONTEXT(2) 
PARAMETRIC_REPRESENTATION_CONTEXT() REPRESENTATION_CONTEXT('2D SPACE',''
  ) );
#119 = PCURVE('',#120,#125);
#120 = PLANE('',#121);
#121 = AXIS2_PLACEMENT_3D('',#122,#123,#124);
#122 = CARTESIAN_POINT('',(-2.20181644846E-15,6.86705117544E-15,
    -4.945360712628E-15));
#123 = DIRECTION('',(-0.913545457643,0.,0.406736643076));
#124 = DIRECTION('',(0.406736643076,0.,0.913545457643));
#125 = DEFINITIONAL_REPRESENTATION('',(#126),#130);
#126 = CIRCLE('',#127,97.);
#127 = AXIS2_PLACEMENT_2D('',#128,#129);
#128 = CARTESIAN_POINT('',(5.413371246342E-15,-6.86705117544E-15));
#129 = DIRECTION('',(1.,0.));
#130 = ( GEOMETRIC_REPRESENTATION_CONTEXT(2) 
PARAMETRIC_REPRESENTATION_CONTEXT() REPRESENTATION_CONTEXT('2D SPACE',''
  ) );
#131 = ADVANCED_FACE('',(#132,#135),#120,.F.);
#132 = FACE_BOUND('',#133,.F.);
#133 = EDGE_LOOP('',(#134));
#134 = ORIENTED_EDGE('',*,*,#105,.T.);
#135 = FACE_BOUND('',#136,.F.);
#136 = EDGE_LOOP('',(#137,#179,#274,#314,#347,#380,#420,#515,#555));
#137 = ORIENTED_EDGE('',*,*,#138,.F.);
#138 = EDGE_CURVE('',#139,#141,#143,.T.);
#139 = VERTEX_POINT('',#140);
#140 = CARTESIAN_POINT('',(-21.69319407083,79.821082781044,
    -48.72371162654));
#141 = VERTEX_POINT('',#142);
#142 = CARTESIAN_POINT('',(-11.7504801217,43.236419839732,
    -26.39201046437));
#143 = SURFACE_CURVE('',#144,(#147,#153),.PCURVE_S1.);
#144 = B_SPLINE_CURVE_WITH_KNOTS('',1,(#145,#146),.UNSPECIFIED.,.F.,.F.,
  (2,2),(0.,44.),.PIECEWISE_BEZIER_KNOTS.);
#145 = CARTESIAN_POINT('',(-21.69319407083,79.821082781044,
    -48.72371162654));
#146 = CARTESIAN_POINT('',(-11.7504801217,43.236419839732,
    -26.39201046437));
#147 = PCURVE('',#120,#148);
#148 = DEFINITIONAL_REPRESENTATION('',(#149),#152);
#149 = B_SPLINE_CURVE_WITH_KNOTS('',1,(#150,#151),.UNSPECIFIED.,.F.,.F.,
  (2,2),(0.,44.),.PIECEWISE_BEZIER_KNOTS.);
#150 = CARTESIAN_POINT('',(-53.33474236988,79.821082781044));
#151 = CARTESIAN_POINT('',(-28.88965211701,43.236419839732));
#152 = ( GEOMETRIC_REPRESENTATION_CONTEXT(2) 
PARAMETRIC_REPRESENTATION_CONTEXT() REPRESENTATION_CONTEXT('2D SPACE',''
  ) );
#153 = PCURVE('',#154,#173);
#154 = B_SPLINE_SURFACE_WITH_KNOTS('',1,8,(
    (#155,#156,#157,#158,#159,#160,#161,#162,#163)
    ,(#164,#165,#166,#167,#168,#169,#170,#171,#172
  )),.UNSPECIFIED.,.F.,.F.,.F.,(2,2),(9,9),(0.,44.),(0.,66.666666666667)
  ,.PIECEWISE_BEZIER_KNOTS.);
#155 = CARTESIAN_POINT('',(-21.69319407083,79.821082781044,
    -48.72371162654));
#156 = CARTESIAN_POINT('',(-38.15984436127,65.276288092648,
    -65.22013592544));
#157 = CARTESIAN_POINT('',(-52.7827186113,43.947059420357,
    -77.57537143471));
#158 = CARTESIAN_POINT('',(-64.55840159108,17.482865011957,
    -83.53571064871));
#159 = CARTESIAN_POINT('',(-72.77629892847,-11.39636117576,
    -81.50513247617));
#160 = CARTESIAN_POINT('',(-77.25614902755,-39.26908165403,
    -71.07876274387));
#161 = CARTESIAN_POINT('',(-78.47515192907,-62.89078689776,
    -53.32841029171));
#162 = CARTESIAN_POINT('',(-77.36650453504,-79.98414979736,
    -30.35006967897));
#163 = CARTESIAN_POINT('',(-75.05504628689,-89.47275545114,
    -4.67017165584));
#164 = CARTESIAN_POINT('',(-11.7504801217,43.236419839732,
    -26.39201046437));
#165 = CARTESIAN_POINT('',(-24.15915181863,35.357989383518,
    -33.77406561453));
#166 = CARTESIAN_POINT('',(-35.56911149367,23.804657186026,
    -38.91297683697));
#167 = CARTESIAN_POINT('',(-45.43684256399,9.469885214811,
    -40.58798589947));
#168 = CARTESIAN_POINT('',(-53.37743974468,-6.173028970209,
    -37.9345813776));
#169 = CARTESIAN_POINT('',(-59.29326133796,-21.27075256259,
    -30.73345642752));
#170 = CARTESIAN_POINT('',(-63.44279069922,-34.06584290295,
    -19.56517417085));
#171 = CARTESIAN_POINT('',(-66.33150948373,-43.3247478069,
    -5.565064993877));
#172 = CARTESIAN_POINT('',(-68.56870572226,-48.4644092027,9.898387780403
    ));
#173 = DEFINITIONAL_REPRESENTATION('',(#174),#178);
#174 = LINE('',#175,#176);
#175 = CARTESIAN_POINT('',(0.,0.));
#176 = VECTOR('',#177,1.);
#177 = DIRECTION('',(1.,0.));
#178 = ( GEOMETRIC_REPRESENTATION_CONTEXT(2) 
PARAMETRIC_REPRESENTATION_CONTEXT() REPRESENTATION_CONTEXT('2D SPACE',''
  ) );
#179 = ORIENTED_EDGE('',*,*,#180,.F.);
#180 = EDGE_CURVE('',#181,#139,#183,.T.);
#181 = VERTEX_POINT('',#182);
#182 = CARTESIAN_POINT('',(-19.52335886763,83.138438763306,
    -43.85018196684));
#183 = SURFACE_CURVE('',#184,(#192,#203),.PCURVE_S1.);
#184 = ( BOUNDED_CURVE() B_SPLINE_CURVE(6,(#185,#186,#187,#188,#189,#190
,#191),.UNSPECIFIED.,.F.,.F.) B_SPLINE_CURVE_WITH_KNOTS((7,7),(0.,
6.544984694977E-02),.PIECEWISE_BEZIER_KNOTS.) CURVE() 
GEOMETRIC_REPRESENTATION_ITEM() RATIONAL_B_SPLINE_CURVE((1.000053547667,
    1.000017847948,0.999996430156,0.999989291231,0.999996430156,
1.000017847948,1.000053547667)) REPRESENTATION_ITEM('') );
#185 = CARTESIAN_POINT('',(-19.52335886763,83.138438763306,
    -43.85018196684));
#186 = CARTESIAN_POINT('',(-19.87752236956,82.556626206338,
    -44.64564621615));
#187 = CARTESIAN_POINT('',(-20.23476843426,81.986236831467,
    -45.4480340148));
#188 = CARTESIAN_POINT('',(-20.59502836148,81.427381202642,
    -46.2571910595));
#189 = CARTESIAN_POINT('',(-20.95823276108,80.880167251162,
    -47.07296149744));
#190 = CARTESIAN_POINT('',(-21.32431157023,80.344700248638,
    -47.89518796493));
#191 = CARTESIAN_POINT('',(-21.69319407083,79.821082781044,
    -48.72371162654));
#192 = PCURVE('',#120,#193);
#193 = DEFINITIONAL_REPRESENTATION('',(#194),#202);
#194 = ( BOUNDED_CURVE() B_SPLINE_CURVE(6,(#195,#196,#197,#198,#199,#200
,#201),.UNSPECIFIED.,.F.,.F.) B_SPLINE_CURVE_WITH_KNOTS((7,7),(0.,
6.544984694977E-02),.PIECEWISE_BEZIER_KNOTS.) CURVE() 
GEOMETRIC_REPRESENTATION_ITEM() RATIONAL_B_SPLINE_CURVE((1.000053547667,
    1.000017847948,0.999996430156,0.999989291231,0.999996430156,
1.000017847948,1.000053547667)) REPRESENTATION_ITEM('') );
#195 = CARTESIAN_POINT('',(-48.,83.138438763306));
#196 = CARTESIAN_POINT('',(-48.87074402555,82.556626206338));
#197 = CARTESIAN_POINT('',(-49.74906681937,81.986236831467));
#198 = CARTESIAN_POINT('',(-50.63479947551,81.427381202642));
#199 = CARTESIAN_POINT('',(-51.52777139182,80.880167251162));
#200 = CARTESIAN_POINT('',(-52.42781031227,80.344700248638));
#201 = CARTESIAN_POINT('',(-53.33474236988,79.821082781044));
#202 = ( GEOMETRIC_REPRESENTATION_CONTEXT(2) 
PARAMETRIC_REPRESENTATION_CONTEXT() REPRESENTATION_CONTEXT('2D SPACE',''
  ) );
#203 = PCURVE('',#204,#268);
#204 = ( BOUNDED_SURFACE() B_SPLINE_SURFACE(6,8,(
    (#205,#206,#207,#208,#209,#210,#211,#212,#213)
    ,(#214,#215,#216,#217,#218,#219,#220,#221,#222)
    ,(#223,#224,#225,#226,#227,#228,#229,#230,#231)
    ,(#232,#233,#234,#235,#236,#237,#238,#239,#240)
    ,(#241,#242,#243,#244,#245,#246,#247,#248,#249)
    ,(#250,#251,#252,#253,#254,#255,#256,#257,#258)
    ,(#259,#260,#261,#262,#263,#264,#265,#266,#267
)),.UNSPECIFIED.,.F.,.F.,.F.) B_SPLINE_SURFACE_WITH_KNOTS((7,7),(9,9),(
    0.,6.544984694977E-02),(0.,66.666666666667),
.PIECEWISE_BEZIER_KNOTS.) GEOMETRIC_REPRESENTATION_ITEM() 
RATIONAL_B_SPLINE_SURFACE((
    (1.000053547667,1.000053547667,1.000053547667,1.000053547667
      ,1.000053547667,1.000053547667,1.000053547667,1.000053547667
      ,1.000053547667)
    ,(1.000017847948,1.000017847948,1.000017847948,1.000017847948
      ,1.000017847948,1.000017847948,1.000017847948,1.000017847948
      ,1.000017847948)
    ,(0.999996430156,0.999996430156,0.999996430156,0.999996430156
      ,0.999996430156,0.999996430156,0.999996430156,0.999996430156
      ,0.999996430156)
    ,(0.999989291231,0.999989291231,0.999989291231,0.999989291231
      ,0.999989291231,0.999989291231,0.999989291231,0.999989291231
      ,0.999989291231)
    ,(0.999996430156,0.999996430156,0.999996430156,0.999996430156
      ,0.999996430156,0.999996430156,0.999996430156,0.999996430156
      ,0.999996430156)
    ,(1.000017847948,1.000017847948,1.000017847948,1.000017847948
      ,1.000017847948,1.000017847948,1.000017847948,1.000017847948
      ,1.000017847948)
    ,(1.000053547667,1.000053547667,1.000053547667,1.000053547667
      ,1.000053547667,1.000053547667,1.000053547667,1.000053547667
,1.000053547667))) REPRESENTATION_ITEM('') SURFACE() );
#205 = CARTESIAN_POINT('',(-19.52335886763,83.138438763306,
    -43.85018196684));
#206 = CARTESIAN_POINT('',(-36.35797098909,70.048469373348,
    -61.1730620696));
#207 = CARTESIAN_POINT('',(-51.53323322612,49.892113363604,
    -74.76898131114));
#208 = CARTESIAN_POINT('',(-64.00399983227,24.153958478148,
    -82.29050391091));
#209 = CARTESIAN_POINT('',(-72.98884259948,-4.566148273814,
    -81.98251337732));
#210 = CARTESIAN_POINT('',(-78.21686666132,-32.88298118802,
    -73.23656987865));
#211 = CARTESIAN_POINT('',(-80.07794038342,-57.48224386109,
    -56.92833210095));
#212 = CARTESIAN_POINT('',(-79.44268150915,-75.94142733587,
    -35.01323951196));
#213 = CARTESIAN_POINT('',(-77.40488648546,-87.00554755551,
    -9.947999154629));
#214 = CARTESIAN_POINT('',(-19.87752236956,82.556626206338,
    -44.64564621615));
#215 = CARTESIAN_POINT('',(-36.64759971848,69.229198219693,
    -61.82357884657));
#216 = CARTESIAN_POINT('',(-51.72822487396,48.884833779478,
    -75.2069397228));
#217 = CARTESIAN_POINT('',(-64.08157072559,23.035032276741,
    -82.46473098987));
#218 = CARTESIAN_POINT('',(-72.9382773222,-5.701301102483,
    -81.86894190508));
#219 = CARTESIAN_POINT('',(-78.04263104597,-33.93410602885,
    -72.84523027925));
#220 = CARTESIAN_POINT('',(-79.79889604386,-58.3618846281,
    -56.30158825277));
#221 = CARTESIAN_POINT('',(-79.08779448427,-76.58715633097,
    -34.21615020349));
#222 = CARTESIAN_POINT('',(-77.0078988314,-87.38510533105,
    -9.056350284819));
#223 = CARTESIAN_POINT('',(-20.23476843426,81.986236831467,
    -45.4480340148));
#224 = CARTESIAN_POINT('',(-36.94157807242,68.419283459704,
    -62.48386504025));
#225 = CARTESIAN_POINT('',(-51.92857121101,47.883872881403,
    -75.65692496332));
#226 = CARTESIAN_POINT('',(-64.16509577683,21.918650521731,
    -82.65233132653));
#227 = CARTESIAN_POINT('',(-72.89375808751,-6.838032672951,
    -81.76895006679));
#228 = CARTESIAN_POINT('',(-77.87399938244,-34.99079336811,
    -72.46647736173));
#229 = CARTESIAN_POINT('',(-79.52454711628,-59.2504683622,
    -55.68539047253));
#230 = CARTESIAN_POINT('',(-78.73636070776,-77.24427920483,
    -33.42681701785));
#231 = CARTESIAN_POINT('',(-76.61294905811,-87.77742333818,
    -8.169278570149));
#232 = CARTESIAN_POINT('',(-20.59502836148,81.427381202642,
    -46.2571910595));
#233 = CARTESIAN_POINT('',(-37.23984961444,67.618881719285,
    -63.15379389225));
#234 = CARTESIAN_POINT('',(-52.13423390379,46.889423960051,
    -76.11885093433));
#235 = CARTESIAN_POINT('',(-64.25455920394,20.805028551052,
    -82.85326947373));
#236 = CARTESIAN_POINT('',(-72.85529380095,-7.976123945285,
    -81.68255786469));
#237 = CARTESIAN_POINT('',(-77.71100447743,-36.05283980904,
    -72.10038481112));
#238 = CARTESIAN_POINT('',(-79.25494673752,-60.14782425248,
    -55.07985810757));
#239 = CARTESIAN_POINT('',(-78.38844810938,-77.91266989584,
    -32.6453925278));
#240 = CARTESIAN_POINT('',(-76.22011340802,-88.18242663414,
    -7.286955253952));
#241 = CARTESIAN_POINT('',(-20.95823276108,80.880167251162,
    -47.07296149744));
#242 = CARTESIAN_POINT('',(-37.54235692617,66.828147454251,
    -63.83323643878));
#243 = CARTESIAN_POINT('',(-52.34517340353,45.901678822321,
    -76.59262880782));
#244 = CARTESIAN_POINT('',(-64.3499438679,19.694381076493,
    -83.06750693662));
#245 = CARTESIAN_POINT('',(-72.82289198503,-9.115355564513,
    -81.60978219461));
#246 = CARTESIAN_POINT('',(-77.55367785058,-37.12004072654,
    -71.74702342169));
#247 = CARTESIAN_POINT('',(-78.9901469607,-61.05377948064,
    -54.48510807113));
#248 = CARTESIAN_POINT('',(-78.04412381588,-78.59219976572,
    -31.87202750245));
#249 = CARTESIAN_POINT('',(-75.82946764215,-88.60003737666,
    -6.409550498238));
#250 = CARTESIAN_POINT('',(-21.32431157023,80.344700248638,
    -47.89518796493));
#251 = CARTESIAN_POINT('',(-37.84904162152,66.047232911758,
    -64.52206154253));
#252 = CARTESIAN_POINT('',(-52.56134895592,44.920827743556,
    -77.0781670481));
#253 = CARTESIAN_POINT('',(-64.4512312769,18.586922130284,
    -83.29500218198));
#254 = CARTESIAN_POINT('',(-72.79655877721,-10.25550791514,
    -81.55063684147));
#255 = CARTESIAN_POINT('',(-77.40204972654,-38.1921903179,
    -71.40646107912));
#256 = CARTESIAN_POINT('',(-78.73019874221,-61.96815926372,
    -53.90125481309));
#257 = CARTESIAN_POINT('',(-77.70345413419,-79.28273763131,
    -31.10687086962));
#258 = CARTESIAN_POINT('',(-75.4410870212,-89.0301748432,-5.537233341309
    ));
#259 = CARTESIAN_POINT('',(-21.69319407083,79.821082781044,
    -48.72371162654));
#260 = CARTESIAN_POINT('',(-38.15984436127,65.276288092648,
    -65.22013592544));
#261 = CARTESIAN_POINT('',(-52.7827186113,43.947059420357,
    -77.57537143471));
#262 = CARTESIAN_POINT('',(-64.55840159108,17.482865011957,
    -83.53571064871));
#263 = CARTESIAN_POINT('',(-72.77629892847,-11.39636117576,
    -81.50513247617));
#264 = CARTESIAN_POINT('',(-77.25614902755,-39.26908165403,
    -71.07876274387));
#265 = CARTESIAN_POINT('',(-78.47515192907,-62.89078689776,
    -53.32841029171));
#266 = CARTESIAN_POINT('',(-77.36650453504,-79.98414979736,
    -30.35006967897));
#267 = CARTESIAN_POINT('',(-75.05504628689,-89.47275545114,
    -4.67017165584));
#268 = DEFINITIONAL_REPRESENTATION('',(#269),#273);
#269 = LINE('',#270,#271);
#270 = CARTESIAN_POINT('',(0.,0.));
#271 = VECTOR('',#272,1.);
#272 = DIRECTION('',(1.,0.));
#273 = ( GEOMETRIC_REPRESENTATION_CONTEXT(2) 
PARAMETRIC_REPRESENTATION_CONTEXT() REPRESENTATION_CONTEXT('2D SPACE',''
  ) );
#274 = ORIENTED_EDGE('',*,*,#275,.F.);
#275 = EDGE_CURVE('',#276,#181,#278,.T.);
#276 = VERTEX_POINT('',#277);
#277 = CARTESIAN_POINT('',(-10.57515271997,45.033320996791,
    -23.7521818987));
#278 = SURFACE_CURVE('',#279,(#282,#288),.PCURVE_S1.);
#279 = B_SPLINE_CURVE_WITH_KNOTS('',1,(#280,#281),.UNSPECIFIED.,.F.,.F.,
  (2,2),(0.,44.),.PIECEWISE_BEZIER_KNOTS.);
#280 = CARTESIAN_POINT('',(-10.57515271997,45.033320996791,
    -23.7521818987));
#281 = CARTESIAN_POINT('',(-19.52335886763,83.138438763306,
    -43.85018196684));
#282 = PCURVE('',#120,#283);
#283 = DEFINITIONAL_REPRESENTATION('',(#284),#287);
#284 = B_SPLINE_CURVE_WITH_KNOTS('',1,(#285,#286),.UNSPECIFIED.,.F.,.F.,
  (2,2),(0.,44.),.PIECEWISE_BEZIER_KNOTS.);
#285 = CARTESIAN_POINT('',(-26.,45.033320996791));
#286 = CARTESIAN_POINT('',(-48.,83.138438763306));
#287 = ( GEOMETRIC_REPRESENTATION_CONTEXT(2) 
PARAMETRIC_REPRESENTATION_CONTEXT() REPRESENTATION_CONTEXT('2D SPACE',''
  ) );
#288 = PCURVE('',#289,#308);
#289 = B_SPLINE_SURFACE_WITH_KNOTS('',1,8,(
    (#290,#291,#292,#293,#294,#295,#296,#297,#298)
    ,(#299,#300,#301,#302,#303,#304,#305,#306,#307
  )),.UNSPECIFIED.,.F.,.F.,.F.,(2,2),(9,9),(0.,44.),(0.,66.666666666667)
  ,.PIECEWISE_BEZIER_KNOTS.);
#290 = CARTESIAN_POINT('',(-10.57515271997,45.033320996791,
    -23.7521818987));
#291 = CARTESIAN_POINT('',(-23.18313707536,37.942920910564,
    -31.58190060928));
#292 = CARTESIAN_POINT('',(-34.89230691003,27.024894738618,
    -37.39284885337));
#293 = CARTESIAN_POINT('',(-45.1365416113,13.083394175664,-39.9134989165
    ));
#294 = CARTESIAN_POINT('',(-53.49256756648,-2.473330314984,
    -38.19316269906));
#295 = CARTESIAN_POINT('',(-59.81365005625,-17.81161481018,
    -31.90226862553));
#296 = CARTESIAN_POINT('',(-64.31096777866,-31.13621542476,
    -21.51513181753));
#297 = CARTESIAN_POINT('',(-67.45610534471,-41.13493980693,
    -8.090948653415));
#298 = CARTESIAN_POINT('',(-69.84153582982,-47.1280049259,7.039564551892
    ));
#299 = CARTESIAN_POINT('',(-19.52335886763,83.138438763306,
    -43.85018196684));
#300 = CARTESIAN_POINT('',(-36.35797098909,70.048469373349,
    -61.1730620696));
#301 = CARTESIAN_POINT('',(-51.53323322612,49.892113363603,
    -74.76898131114));
#302 = CARTESIAN_POINT('',(-64.00399983228,24.153958478149,
    -82.29050391091));
#303 = CARTESIAN_POINT('',(-72.98884259948,-4.566148273816,
    -81.98251337732));
#304 = CARTESIAN_POINT('',(-78.21686666132,-32.88298118802,
    -73.23656987865));
#305 = CARTESIAN_POINT('',(-80.07794038342,-57.48224386109,
    -56.92833210095));
#306 = CARTESIAN_POINT('',(-79.44268150916,-75.94142733587,
    -35.01323951196));
#307 = CARTESIAN_POINT('',(-77.40488648546,-87.00554755551,
    -9.947999154629));
#308 = DEFINITIONAL_REPRESENTATION('',(#309),#313);
#309 = LINE('',#310,#311);
#310 = CARTESIAN_POINT('',(0.,0.));
#311 = VECTOR('',#312,1.);
#312 = DIRECTION('',(1.,0.));
#313 = ( GEOMETRIC_REPRESENTATION_CONTEXT(2) 
PARAMETRIC_REPRESENTATION_CONTEXT() REPRESENTATION_CONTEXT('2D SPACE',''
  ) );
#314 = ORIENTED_EDGE('',*,*,#315,.T.);
#315 = EDGE_CURVE('',#276,#316,#318,.T.);
#316 = VERTEX_POINT('',#317);
#317 = CARTESIAN_POINT('',(21.150305439942,0.,47.504363797415));
#318 = SURFACE_CURVE('',#319,(#324,#335),.PCURVE_S1.);
#319 = CIRCLE('',#320,52.);
#320 = AXIS2_PLACEMENT_3D('',#321,#322,#323);
#321 = CARTESIAN_POINT('',(0.,0.,0.));
#322 = DIRECTION('',(0.913545457643,0.,-0.406736643076));
#323 = DIRECTION('',(0.406736643076,0.,0.913545457643));
#324 = PCURVE('',#120,#325);
#325 = DEFINITIONAL_REPRESENTATION('',(#326),#334);
#326 = ( BOUNDED_CURVE() B_SPLINE_CURVE(2,(#327,#328,#329,#330,#331,#332
,#333),.UNSPECIFIED.,.T.,.F.) B_SPLINE_CURVE_WITH_KNOTS((1,2,2,2,2,1),(
    -2.094395102393,0.,2.094395102393,4.188790204786,6.28318530718,
8.377580409573),.UNSPECIFIED.) CURVE() GEOMETRIC_REPRESENTATION_ITEM() 
RATIONAL_B_SPLINE_CURVE((1.,0.5,1.,0.5,1.,0.5,1.)) REPRESENTATION_ITEM(
  '') );
#327 = CARTESIAN_POINT('',(52.,-6.86705117544E-15));
#328 = CARTESIAN_POINT('',(52.,-90.06664199358));
#329 = CARTESIAN_POINT('',(-26.,-45.03332099679));
#330 = CARTESIAN_POINT('',(-104.,-1.960337788657E-14));
#331 = CARTESIAN_POINT('',(-26.,45.033320996791));
#332 = CARTESIAN_POINT('',(52.,90.066641993582));
#333 = CARTESIAN_POINT('',(52.,-6.86705117544E-15));
#334 = ( GEOMETRIC_REPRESENTATION_CONTEXT(2) 
PARAMETRIC_REPRESENTATION_CONTEXT() REPRESENTATION_CONTEXT('2D SPACE',''
  ) );
#335 = PCURVE('',#336,#341);
#336 = CYLINDRICAL_SURFACE('',#337,52.);
#337 = AXIS2_PLACEMENT_3D('',#338,#339,#340);
#338 = CARTESIAN_POINT('',(22.838636441065,0.,-10.16841607689));
#339 = DIRECTION('',(0.913545457643,-0.,-0.406736643076));
#340 = DIRECTION('',(0.406736643076,0.,0.913545457643));
#341 = DEFINITIONAL_REPRESENTATION('',(#342),#346);
#342 = LINE('',#343,#344);
#343 = CARTESIAN_POINT('',(-6.28318530718,-25.));
#344 = VECTOR('',#345,1.);
#345 = DIRECTION('',(1.,-0.));
#346 = ( GEOMETRIC_REPRESENTATION_CONTEXT(2) 
PARAMETRIC_REPRESENTATION_CONTEXT() REPRESENTATION_CONTEXT('2D SPACE',''
  ) );
#347 = ORIENTED_EDGE('',*,*,#348,.T.);
#348 = EDGE_CURVE('',#316,#349,#351,.T.);
#349 = VERTEX_POINT('',#350);
#350 = CARTESIAN_POINT('',(-9.354540890764,-46.6373825597,
    -21.01064284364));
#351 = SURFACE_CURVE('',#352,(#357,#368),.PCURVE_S1.);
#352 = CIRCLE('',#353,52.);
#353 = AXIS2_PLACEMENT_3D('',#354,#355,#356);
#354 = CARTESIAN_POINT('',(0.,0.,0.));
#355 = DIRECTION('',(0.913545457643,0.,-0.406736643076));
#356 = DIRECTION('',(0.406736643076,0.,0.913545457643));
#357 = PCURVE('',#120,#358);
#358 = DEFINITIONAL_REPRESENTATION('',(#359),#367);
#359 = ( BOUNDED_CURVE() B_SPLINE_CURVE(2,(#360,#361,#362,#363,#364,#365
,#366),.UNSPECIFIED.,.T.,.F.) B_SPLINE_CURVE_WITH_KNOTS((1,2,2,2,2,1),(
    -2.094395102393,0.,2.094395102393,4.188790204786,6.28318530718,
8.377580409573),.UNSPECIFIED.) CURVE() GEOMETRIC_REPRESENTATION_ITEM() 
RATIONAL_B_SPLINE_CURVE((1.,0.5,1.,0.5,1.,0.5,1.)) REPRESENTATION_ITEM(
  '') );
#360 = CARTESIAN_POINT('',(52.,-6.86705117544E-15));
#361 = CARTESIAN_POINT('',(52.,-90.06664199358));
#362 = CARTESIAN_POINT('',(-26.,-45.03332099679));
#363 = CARTESIAN_POINT('',(-104.,-1.960337788657E-14));
#364 = CARTESIAN_POINT('',(-26.,45.033320996791));
#365 = CARTESIAN_POINT('',(52.,90.066641993582));
#366 = CARTESIAN_POINT('',(52.,-6.86705117544E-15));
#367 = ( GEOMETRIC_REPRESENTATION_CONTEXT(2) 
PARAMETRIC_REPRESENTATION_CONTEXT() REPRESENTATION_CONTEXT('2D SPACE',''
  ) );
#368 = PCURVE('',#369,#374);
#369 = CYLINDRICAL_SURFACE('',#370,52.);
#370 = AXIS2_PLACEMENT_3D('',#371,#372,#373);
#371 = CARTESIAN_POINT('',(22.838636441065,0.,-10.16841607689));
#372 = DIRECTION('',(0.913545457643,-0.,-0.406736643076));
#373 = DIRECTION('',(0.406736643076,0.,0.913545457643));
#374 = DEFINITIONAL_REPRESENTATION('',(#375),#379);
#375 = LINE('',#376,#377);
#376 = CARTESIAN_POINT('',(-6.28318530718,-25.));
#377 = VECTOR('',#378,1.);
#378 = DIRECTION('',(1.,-0.));
#379 = ( GEOMETRIC_REPRESENTATION_CONTEXT(2) 
PARAMETRIC_REPRESENTATION_CONTEXT() REPRESENTATION_CONTEXT('2D SPACE',''
  ) );
#380 = ORIENTED_EDGE('',*,*,#381,.F.);
#381 = EDGE_CURVE('',#382,#349,#384,.T.);
#382 = VERTEX_POINT('',#383);
#383 = CARTESIAN_POINT('',(-17.26992164448,-86.09978318713,
    -38.78887909596));
#384 = SURFACE_CURVE('',#385,(#388,#394),.PCURVE_S1.);
#385 = B_SPLINE_CURVE_WITH_KNOTS('',1,(#386,#387),.UNSPECIFIED.,.F.,.F.,
  (2,2),(0.,44.),.PIECEWISE_BEZIER_KNOTS.);
#386 = CARTESIAN_POINT('',(-17.26992164448,-86.09978318713,
    -38.78887909596));
#387 = CARTESIAN_POINT('',(-9.354540890764,-46.6373825597,
    -21.01064284364));
#388 = PCURVE('',#120,#389);
#389 = DEFINITIONAL_REPRESENTATION('',(#390),#393);
#390 = B_SPLINE_CURVE_WITH_KNOTS('',1,(#391,#392),.UNSPECIFIED.,.F.,.F.,
  (2,2),(0.,44.),.PIECEWISE_BEZIER_KNOTS.);
#391 = CARTESIAN_POINT('',(-42.45971426102,-86.09978318713));
#392 = CARTESIAN_POINT('',(-22.99901189138,-46.6373825597));
#393 = ( GEOMETRIC_REPRESENTATION_CONTEXT(2) 
PARAMETRIC_REPRESENTATION_CONTEXT() REPRESENTATION_CONTEXT('2D SPACE',''
  ) );
#394 = PCURVE('',#395,#414);
#395 = B_SPLINE_SURFACE_WITH_KNOTS('',1,8,(
    (#396,#397,#398,#399,#400,#401,#402,#403,#404)
    ,(#405,#406,#407,#408,#409,#410,#411,#412,#413
  )),.UNSPECIFIED.,.F.,.F.,.F.,(2,2),(9,9),(0.,44.),(0.,66.666666666667)
  ,.PIECEWISE_BEZIER_KNOTS.);
#396 = CARTESIAN_POINT('',(-17.26992164448,-86.09978318713,
    -38.78887909596));
#397 = CARTESIAN_POINT('',(-15.33259419715,-97.67887402012,
    -13.94929260971));
#398 = CARTESIAN_POINT('',(-11.92737680418,-101.9399720131,
    14.187228674504));
#399 = CARTESIAN_POINT('',(-8.136992811958,-97.57133528193,
    43.188848304692));
#400 = CARTESIAN_POINT('',(-5.27482054556,-84.41993022193,
    70.105670264753));
#401 = CARTESIAN_POINT('',(-4.636207762686,-63.81271181495,
    92.028295855793));
#402 = CARTESIAN_POINT('',(-7.125414317764,-38.38799119556,
    106.92572419171));
#403 = CARTESIAN_POINT('',(-13.07801717489,-11.27139876223,
    114.04423707059));
#404 = CARTESIAN_POINT('',(-22.31075758986,14.603845074232,
    113.79544037112));
#405 = CARTESIAN_POINT('',(-9.354540890764,-46.6373825597,
    -21.01064284364));
#406 = CARTESIAN_POINT('',(-11.79439131306,-52.90939009423,
    -6.002358818512));
#407 = CARTESIAN_POINT('',(-13.43913468147,-55.21748484045,
    10.791764888853));
#408 = CARTESIAN_POINT('',(-14.87524614196,-52.85113994438,
    28.054483533618));
#409 = CARTESIAN_POINT('',(-16.81413895394,-45.72746220354,
    44.187936773734));
#410 = CARTESIAN_POINT('',(-19.95745981949,-34.56521889976,
    57.61620031396));
#411 = CARTESIAN_POINT('',(-24.79501615976,-20.79349523093,
    67.239148674333));
#412 = CARTESIAN_POINT('',(-31.50857883032,-6.105340996213,
    72.648517828806));
#413 = CARTESIAN_POINT('',(-39.99888267803,7.910416081876,
    74.067260961677));
#414 = DEFINITIONAL_REPRESENTATION('',(#415),#419);
#415 = LINE('',#416,#417);
#416 = CARTESIAN_POINT('',(0.,0.));
#417 = VECTOR('',#418,1.);
#418 = DIRECTION('',(1.,0.));
#419 = ( GEOMETRIC_REPRESENTATION_CONTEXT(2) 
PARAMETRIC_REPRESENTATION_CONTEXT() REPRESENTATION_CONTEXT('2D SPACE',''
  ) );
#420 = ORIENTED_EDGE('',*,*,#421,.F.);
#421 = EDGE_CURVE('',#422,#382,#424,.T.);
#422 = VERTEX_POINT('',#423);
#423 = CARTESIAN_POINT('',(-19.52335886763,-83.1384387633,
    -43.85018196684));
#424 = SURFACE_CURVE('',#425,(#433,#444),.PCURVE_S1.);
#425 = ( BOUNDED_CURVE() B_SPLINE_CURVE(6,(#426,#427,#428,#429,#430,#431
,#432),.UNSPECIFIED.,.F.,.F.) B_SPLINE_CURVE_WITH_KNOTS((7,7),(0.,
6.544984694977E-02),.PIECEWISE_BEZIER_KNOTS.) CURVE() 
GEOMETRIC_REPRESENTATION_ITEM() RATIONAL_B_SPLINE_CURVE((1.000053547667,
    1.000017847948,0.999996430156,0.999989291231,0.999996430156,
1.000017847948,1.000053547667)) REPRESENTATION_ITEM('') );
#426 = CARTESIAN_POINT('',(-19.52335886763,-83.1384387633,
    -43.85018196684));
#427 = CARTESIAN_POINT('',(-19.14133697985,-83.60161893114,
    -42.99214675844));
#428 = CARTESIAN_POINT('',(-18.76179756107,-84.07707409588,
    -42.13968726671));
#429 = CARTESIAN_POINT('',(-18.38481390693,-84.56471326264,
    -41.29296811636));
#430 = CARTESIAN_POINT('',(-18.01045873069,-85.06444265129,
    -40.45215262403));
#431 = CARTESIAN_POINT('',(-17.63880414509,-85.57616571954,
    -39.61740275757));
#432 = CARTESIAN_POINT('',(-17.26992164448,-86.09978318713,
    -38.78887909596));
#433 = PCURVE('',#120,#434);
#434 = DEFINITIONAL_REPRESENTATION('',(#435),#443);
#435 = ( BOUNDED_CURVE() B_SPLINE_CURVE(6,(#436,#437,#438,#439,#440,#441
,#442),.UNSPECIFIED.,.F.,.F.) B_SPLINE_CURVE_WITH_KNOTS((7,7),(0.,
6.544984694977E-02),.PIECEWISE_BEZIER_KNOTS.) CURVE() 
GEOMETRIC_REPRESENTATION_ITEM() RATIONAL_B_SPLINE_CURVE((1.000053547667,
    1.000017847948,0.999996430156,0.999989291231,0.999996430156,
1.000017847948,1.000053547667)) REPRESENTATION_ITEM('') );
#436 = CARTESIAN_POINT('',(-48.,-83.1384387633));
#437 = CARTESIAN_POINT('',(-47.06076353264,-83.60161893114));
#438 = CARTESIAN_POINT('',(-46.12763044704,-84.07707409588));
#439 = CARTESIAN_POINT('',(-45.20078094737,-84.56471326264));
#440 = CARTESIAN_POINT('',(-44.28039380592,-85.06444265129));
#441 = CARTESIAN_POINT('',(-43.36664631862,-85.57616571954));
#442 = CARTESIAN_POINT('',(-42.45971426102,-86.09978318713));
#443 = ( GEOMETRIC_REPRESENTATION_CONTEXT(2) 
PARAMETRIC_REPRESENTATION_CONTEXT() REPRESENTATION_CONTEXT('2D SPACE',''
  ) );
#444 = PCURVE('',#445,#509);
#445 = ( BOUNDED_SURFACE() B_SPLINE_SURFACE(6,8,(
    (#446,#447,#448,#449,#450,#451,#452,#453,#454)
    ,(#455,#456,#457,#458,#459,#460,#461,#462,#463)
    ,(#464,#465,#466,#467,#468,#469,#470,#471,#472)
    ,(#473,#474,#475,#476,#477,#478,#479,#480,#481)
    ,(#482,#483,#484,#485,#486,#487,#488,#489,#490)
    ,(#491,#492,#493,#494,#495,#496,#497,#498,#499)
    ,(#500,#501,#502,#503,#504,#505,#506,#507,#508
)),.UNSPECIFIED.,.F.,.F.,.F.) B_SPLINE_SURFACE_WITH_KNOTS((7,7),(9,9),(
    0.,6.544984694977E-02),(0.,66.666666666667),
.PIECEWISE_BEZIER_KNOTS.) GEOMETRIC_REPRESENTATION_ITEM() 
RATIONAL_B_SPLINE_SURFACE((
    (1.000053547667,1.000053547667,1.000053547667,1.000053547667
      ,1.000053547667,1.000053547667,1.000053547667,1.000053547667
      ,1.000053547667)
    ,(1.000017847948,1.000017847948,1.000017847948,1.000017847948
      ,1.000017847948,1.000017847948,1.000017847948,1.000017847948
      ,1.000017847948)
    ,(0.999996430156,0.999996430156,0.999996430156,0.999996430156
      ,0.999996430156,0.999996430156,0.999996430156,0.999996430156
      ,0.999996430156)
    ,(0.999989291231,0.999989291231,0.999989291231,0.999989291231
      ,0.999989291231,0.999989291231,0.999989291231,0.999989291231
      ,0.999989291231)
    ,(0.999996430156,0.999996430156,0.999996430156,0.999996430156
      ,0.999996430156,0.999996430156,0.999996430156,0.999996430156
      ,0.999996430156)
    ,(1.000017847948,1.000017847948,1.000017847948,1.000017847948
      ,1.000017847948,1.000017847948,1.000017847948,1.000017847948
      ,1.000017847948)
    ,(1.000053547667,1.000053547667,1.000053547667,1.000053547667
      ,1.000053547667,1.000053547667,1.000053547667,1.000053547667
,1.000053547667))) REPRESENTATION_ITEM('') SURFACE() );
#446 = CARTESIAN_POINT('',(-19.52335886763,-83.1384387633,
    -43.85018196684));
#447 = CARTESIAN_POINT('',(-17.91450437355,-96.22840815326,
    -19.74835781282));
#448 = CARTESIAN_POINT('',(-14.64623065668,-102.2520893471,
    8.080582938904));
#449 = CARTESIAN_POINT('',(-10.76404810979,-99.72644741391,
    37.288385498661));
#450 = CARTESIAN_POINT('',(-7.57445203728,-88.28758556822,
    64.940613367926));
#451 = CARTESIAN_POINT('',(-6.405316214201,-69.05132615158,
    88.054813216663));
#452 = CARTESIAN_POINT('',(-8.229148360261,-44.50492676073,
    104.44669694365));
#453 = CARTESIAN_POINT('',(-13.46395449212,-17.71336490514,
    113.17740766367));
#454 = CARTESIAN_POINT('',(-22.00489732373,8.366951303775,
    114.48241377651));
#455 = CARTESIAN_POINT('',(-19.14133697985,-83.60161893114,
    -42.99214675844));
#456 = CARTESIAN_POINT('',(-17.48110644305,-96.43545130844,
    -18.77493012318));
#457 = CARTESIAN_POINT('',(-14.19392637544,-102.1636266074,
    9.096474987558));
#458 = CARTESIAN_POINT('',(-10.33112732512,-99.33214859173,
    38.260741501238));
#459 = CARTESIAN_POINT('',(-7.199883601487,-87.61234534878,
    65.781907849048));
#460 = CARTESIAN_POINT('',(-6.122181324317,-68.15478051216,
    88.69074459133));
#461 = CARTESIAN_POINT('',(-8.058822114106,-43.47096397341,
    104.82925595607));
#462 = CARTESIAN_POINT('',(-13.41394366894,-16.63487343309,
    113.28973381163));
#463 = CARTESIAN_POINT('',(-22.06969410089,9.401998006132,
    114.33687783219));
#464 = CARTESIAN_POINT('',(-18.76179756107,-84.07707409588,
    -42.13968726671));
#465 = CARTESIAN_POINT('',(-17.04882943629,-96.65643389969,
    -17.80402006948));
#466 = CARTESIAN_POINT('',(-13.74117047053,-102.0897244379,10.1133813996
    ));
#467 = CARTESIAN_POINT('',(-9.89612572812,-98.95179961135,
    39.237771084797));
#468 = CARTESIAN_POINT('',(-6.821736041675,-86.9491890182,
    66.631241174367));
#469 = CARTESIAN_POINT('',(-5.834285100337,-67.26738558177,
    89.337370097442));
#470 = CARTESIAN_POINT('',(-7.882998053103,-42.44252719384,
    105.22416326283));
#471 = CARTESIAN_POINT('',(-13.35819279311,-15.5580376929,
    113.41495232891));
#472 = CARTESIAN_POINT('',(-22.12897721925,10.439085759832,
    114.20372576828));
#473 = CARTESIAN_POINT('',(-18.38481390693,-84.56471326264,
    -41.29296811636));
#474 = CARTESIAN_POINT('',(-16.61775674207,-96.89131407521,
    -16.83581494605));
#475 = CARTESIAN_POINT('',(-13.28805019421,-102.0303978642,
    11.131106203222));
#476 = CARTESIAN_POINT('',(-9.459127061401,-98.58547453846,
    40.219286160395));
#477 = CARTESIAN_POINT('',(-6.440082060598,-86.29824505823,
    67.488450050773));
#478 = CARTESIAN_POINT('',(-5.541682784271,-66.38931291093,
    89.994565659452));
#479 = CARTESIAN_POINT('',(-7.701709775971,-41.41981496668,
    105.63134339995));
#480 = CARTESIAN_POINT('',(-13.29671230424,-14.48306535172,
    113.5530397678));
#481 = CARTESIAN_POINT('',(-22.18273495576,11.47801475774,
    114.08298391519));
#482 = CARTESIAN_POINT('',(-18.01045873069,-85.06444265129,
    -40.45215262403));
#483 = CARTESIAN_POINT('',(-16.18797147577,-97.14004680744,
    -15.87050143305));
#484 = CARTESIAN_POINT('',(-12.83465288374,-101.9856585823,
    12.149453235714));
#485 = CARTESIAN_POINT('',(-9.020215525466,-98.2332442365,41.20509761061
    ));
#486 = CARTESIAN_POINT('',(-6.054995163539,-85.65963916329,
    68.353369382699));
#487 = CARTESIAN_POINT('',(-5.24443069432,-65.52073192395,
    90.662204784617));
#488 = CARTESIAN_POINT('',(-7.514992130407,-40.40302453284,
    106.05071809821));
#489 = CARTESIAN_POINT('',(-13.22951395106,-13.41016365522,
    113.7039697402));
#490 = CARTESIAN_POINT('',(-22.23095684941,12.518584768073,
    113.97467576875));
#491 = CARTESIAN_POINT('',(-17.63880414509,-85.57616571954,
    -39.61740275757));
#492 = CARTESIAN_POINT('',(-15.75955645862,-97.40258390404,
    -14.90826555003));
#493 = CARTESIAN_POINT('',(-12.38106593969,-101.9555149556,
    13.168226192214));
#494 = CARTESIAN_POINT('',(-8.579475757823,-97.89517634878,
    42.19501533645));
#495 = CARTESIAN_POINT('',(-5.666549640087,-85.03349420901,
    69.225832313042));
#496 = CARTESIAN_POINT('',(-4.94258621097,-64.66180987665,
    91.340158594214));
#497 = CARTESIAN_POINT('',(-7.322881204525,-39.3923517803,
    106.48220630242));
#498 = CARTESIAN_POINT('',(-13.1566107886,-12.339539376,113.86771292401)
  );
#499 = CARTESIAN_POINT('',(-22.2736337039,13.560595184141,
    113.87882198418));
#500 = CARTESIAN_POINT('',(-17.26992164448,-86.09978318713,
    -38.78887909596));
#501 = CARTESIAN_POINT('',(-15.33259419715,-97.67887402012,
    -13.94929260971));
#502 = CARTESIAN_POINT('',(-11.92737680418,-101.9399720131,
    14.187228674505));
#503 = CARTESIAN_POINT('',(-8.136992811956,-97.57133528193,
    43.18884830469));
#504 = CARTESIAN_POINT('',(-5.274820545561,-84.41993022193,
    70.105670264755));
#505 = CARTESIAN_POINT('',(-4.636207762685,-63.81271181495,
    92.028295855791));
#506 = CARTESIAN_POINT('',(-7.125414317764,-38.38799119556,
    106.92572419171));
#507 = CARTESIAN_POINT('',(-13.07801717489,-11.27139876223,
    114.04423707059));
#508 = CARTESIAN_POINT('',(-22.31075758986,14.603845074232,
    113.79544037112));
#509 = DEFINITIONAL_REPRESENTATION('',(#510),#514);
#510 = LINE('',#511,#512);
#511 = CARTESIAN_POINT('',(0.,0.));
#512 = VECTOR('',#513,1.);
#513 = DIRECTION('',(1.,0.));
#514 = ( GEOMETRIC_REPRESENTATION_CONTEXT(2) 
PARAMETRIC_REPRESENTATION_CONTEXT() REPRESENTATION_CONTEXT('2D SPACE',''
  ) );
#515 = ORIENTED_EDGE('',*,*,#516,.F.);
#516 = EDGE_CURVE('',#517,#422,#519,.T.);
#517 = VERTEX_POINT('',#518);
#518 = CARTESIAN_POINT('',(-10.57515271997,-45.03332099679,
    -23.7521818987));
#519 = SURFACE_CURVE('',#520,(#523,#529),.PCURVE_S1.);
#520 = B_SPLINE_CURVE_WITH_KNOTS('',1,(#521,#522),.UNSPECIFIED.,.F.,.F.,
  (2,2),(0.,44.),.PIECEWISE_BEZIER_KNOTS.);
#521 = CARTESIAN_POINT('',(-10.57515271997,-45.03332099679,
    -23.7521818987));
#522 = CARTESIAN_POINT('',(-19.52335886763,-83.1384387633,
    -43.85018196684));
#523 = PCURVE('',#120,#524);
#524 = DEFINITIONAL_REPRESENTATION('',(#525),#528);
#525 = B_SPLINE_CURVE_WITH_KNOTS('',1,(#526,#527),.UNSPECIFIED.,.F.,.F.,
  (2,2),(0.,44.),.PIECEWISE_BEZIER_KNOTS.);
#526 = CARTESIAN_POINT('',(-26.,-45.03332099679));
#527 = CARTESIAN_POINT('',(-48.,-83.1384387633));
#528 = ( GEOMETRIC_REPRESENTATION_CONTEXT(2) 
PARAMETRIC_REPRESENTATION_CONTEXT() REPRESENTATION_CONTEXT('2D SPACE',''
  ) );
#529 = PCURVE('',#530,#549);
#530 = B_SPLINE_SURFACE_WITH_KNOTS('',1,8,(
    (#531,#532,#533,#534,#535,#536,#537,#538,#539)
    ,(#540,#541,#542,#543,#544,#545,#546,#547,#548
  )),.UNSPECIFIED.,.F.,.F.,.F.,(2,2),(9,9),(0.,44.),(0.,66.666666666667)
  ,.PIECEWISE_BEZIER_KNOTS.);
#531 = CARTESIAN_POINT('',(-10.57515271997,-45.03332099679,
    -23.7521818987));
#532 = CARTESIAN_POINT('',(-13.19292599195,-52.12372108301,
    -9.143519136865));
#533 = CARTESIAN_POINT('',(-14.91184718492,-55.38654839635,
    7.483998448736));
#534 = CARTESIAN_POINT('',(-16.29823442829,-54.0184923492,
    24.858399513684));
#535 = CARTESIAN_POINT('',(-18.05977267862,-47.82244218279,
    41.390197621285));
#536 = CARTESIAN_POINT('',(-20.91572689739,-37.40280166544,
    55.463897217765));
#537 = CARTESIAN_POINT('',(-25.39287209945,-24.10683532873,
    65.896342248302));
#538 = CARTESIAN_POINT('',(-31.71762821048,-9.594739323619,
    72.178985233391));
#539 = CARTESIAN_POINT('',(-39.83320836721,4.532098622878,74.43937155626
    ));
#540 = CARTESIAN_POINT('',(-19.52335886763,-83.1384387633,
    -43.85018196684));
#541 = CARTESIAN_POINT('',(-17.91450437355,-96.22840815326,
    -19.74835781282));
#542 = CARTESIAN_POINT('',(-14.64623065668,-102.2520893471,
    8.080582938905));
#543 = CARTESIAN_POINT('',(-10.76404810979,-99.72644741391,
    37.28838549866));
#544 = CARTESIAN_POINT('',(-7.574452037278,-88.28758556822,
    64.940613367926));
#545 = CARTESIAN_POINT('',(-6.405316214202,-69.05132615159,
    88.054813216663));
#546 = CARTESIAN_POINT('',(-8.229148360261,-44.50492676073,
    104.44669694365));
#547 = CARTESIAN_POINT('',(-13.46395449212,-17.71336490514,
    113.17740766367));
#548 = CARTESIAN_POINT('',(-22.00489732373,8.366951303775,
    114.48241377651));
#549 = DEFINITIONAL_REPRESENTATION('',(#550),#554);
#550 = LINE('',#551,#552);
#551 = CARTESIAN_POINT('',(0.,0.));
#552 = VECTOR('',#553,1.);
#553 = DIRECTION('',(1.,0.));
#554 = ( GEOMETRIC_REPRESENTATION_CONTEXT(2) 
PARAMETRIC_REPRESENTATION_CONTEXT() REPRESENTATION_CONTEXT('2D SPACE',''
  ) );
#555 = ORIENTED_EDGE('',*,*,#556,.T.);
#556 = EDGE_CURVE('',#517,#141,#557,.T.);
#557 = SURFACE_CURVE('',#558,(#563,#574),.PCURVE_S1.);
#558 = CIRCLE('',#559,52.);
#559 = AXIS2_PLACEMENT_3D('',#560,#561,#562);
#560 = CARTESIAN_POINT('',(0.,0.,0.));
#561 = DIRECTION('',(0.913545457643,0.,-0.406736643076));
#562 = DIRECTION('',(0.406736643076,0.,0.913545457643));
#563 = PCURVE('',#120,#564);
#564 = DEFINITIONAL_REPRESENTATION('',(#565),#573);
#565 = ( BOUNDED_CURVE() B_SPLINE_CURVE(2,(#566,#567,#568,#569,#570,#571
,#572),.UNSPECIFIED.,.T.,.F.) B_SPLINE_CURVE_WITH_KNOTS((1,2,2,2,2,1),(
    -2.094395102393,0.,2.094395102393,4.188790204786,6.28318530718,
8.377580409573),.UNSPECIFIED.) CURVE() GEOMETRIC_REPRESENTATION_ITEM() 
RATIONAL_B_SPLINE_CURVE((1.,0.5,1.,0.5,1.,0.5,1.)) REPRESENTATION_ITEM(
  '') );
#566 = CARTESIAN_POINT('',(52.,-6.86705117544E-15));
#567 = CARTESIAN_POINT('',(52.,-90.06664199358));
#568 = CARTESIAN_POINT('',(-26.,-45.03332099679));
#569 = CARTESIAN_POINT('',(-104.,-1.960337788657E-14));
#570 = CARTESIAN_POINT('',(-26.,45.033320996791));
#571 = CARTESIAN_POINT('',(52.,90.066641993582));
#572 = CARTESIAN_POINT('',(52.,-6.86705117544E-15));
#573 = ( GEOMETRIC_REPRESENTATION_CONTEXT(2) 
PARAMETRIC_REPRESENTATION_CONTEXT() REPRESENTATION_CONTEXT('2D SPACE',''
  ) );
#574 = PCURVE('',#575,#580);
#575 = CYLINDRICAL_SURFACE('',#576,52.);
#576 = AXIS2_PLACEMENT_3D('',#577,#578,#579);
#577 = CARTESIAN_POINT('',(22.838636441065,0.,-10.16841607689));
#578 = DIRECTION('',(0.913545457643,-0.,-0.406736643076));
#579 = DIRECTION('',(0.406736643076,0.,0.913545457643));
#580 = DEFINITIONAL_REPRESENTATION('',(#581),#585);
#581 = LINE('',#582,#583);
#582 = CARTESIAN_POINT('',(-6.28318530718,-25.));
#583 = VECTOR('',#584,1.);
#584 = DIRECTION('',(1.,-0.));
#585 = ( GEOMETRIC_REPRESENTATION_CONTEXT(2) 
PARAMETRIC_REPRESENTATION_CONTEXT() REPRESENTATION_CONTEXT('2D SPACE',''
  ) );
#586 = ADVANCED_FACE('',(#587,#590),#92,.T.);
#587 = FACE_BOUND('',#588,.T.);
#588 = EDGE_LOOP('',(#589));
#589 = ORIENTED_EDGE('',*,*,#77,.T.);
#590 = FACE_BOUND('',#591,.T.);
#591 = EDGE_LOOP('',(#592,#627,#667,#762,#802,#835,#875,#970,#1010));
#592 = ORIENTED_EDGE('',*,*,#593,.T.);
#593 = EDGE_CURVE('',#594,#596,#598,.T.);
#594 = VERTEX_POINT('',#595);
#595 = CARTESIAN_POINT('',(-344.267877617,0.,210.19902102773));
#596 = VERTEX_POINT('',#597);
#597 = CARTESIAN_POINT('',(-364.034886897,-51.8886640084,165.80159127475
    ));
#598 = SURFACE_CURVE('',#599,(#604,#615),.PCURVE_S1.);
#599 = CIRCLE('',#600,52.);
#600 = AXIS2_PLACEMENT_3D('',#601,#602,#603);
#601 = CARTESIAN_POINT('',(-365.418183057,0.,162.69465723032));
#602 = DIRECTION('',(0.913545457643,0.,-0.406736643076));
#603 = DIRECTION('',(0.406736643076,0.,0.913545457643));
#604 = PCURVE('',#92,#605);
#605 = DEFINITIONAL_REPRESENTATION('',(#606),#614);
#606 = ( BOUNDED_CURVE() B_SPLINE_CURVE(2,(#607,#608,#609,#610,#611,#612
,#613),.UNSPECIFIED.,.T.,.F.) B_SPLINE_CURVE_WITH_KNOTS((1,2,2,2,2,1),(
    -2.094395102393,0.,2.094395102393,4.188790204786,6.28318530718,
8.377580409573),.UNSPECIFIED.) CURVE() GEOMETRIC_REPRESENTATION_ITEM() 
RATIONAL_B_SPLINE_CURVE((1.,0.5,1.,0.5,1.,0.5,1.)) REPRESENTATION_ITEM(
  '') );
#607 = CARTESIAN_POINT('',(52.,-6.86705117544E-15));
#608 = CARTESIAN_POINT('',(52.,-90.06664199358));
#609 = CARTESIAN_POINT('',(-26.,-45.03332099679));
#610 = CARTESIAN_POINT('',(-104.,-1.960337788657E-14));
#611 = CARTESIAN_POINT('',(-26.,45.033320996791));
#612 = CARTESIAN_POINT('',(52.,90.066641993582));
#613 = CARTESIAN_POINT('',(52.,-6.86705117544E-15));
#614 = ( GEOMETRIC_REPRESENTATION_CONTEXT(2) 
PARAMETRIC_REPRESENTATION_CONTEXT() REPRESENTATION_CONTEXT('2D SPACE',''
  ) );
#615 = PCURVE('',#616,#621);
#616 = CYLINDRICAL_SURFACE('',#617,52.);
#617 = AXIS2_PLACEMENT_3D('',#618,#619,#620);
#618 = CARTESIAN_POINT('',(22.838636441065,0.,-10.16841607689));
#619 = DIRECTION('',(0.913545457643,-0.,-0.406736643076));
#620 = DIRECTION('',(0.406736643076,0.,0.913545457643));
#621 = DEFINITIONAL_REPRESENTATION('',(#622),#626);
#622 = LINE('',#623,#624);
#623 = CARTESIAN_POINT('',(-6.28318530718,-425.));
#624 = VECTOR('',#625,1.);
#625 = DIRECTION('',(1.,-0.));
#626 = ( GEOMETRIC_REPRESENTATION_CONTEXT(2) 
PARAMETRIC_REPRESENTATION_CONTEXT() REPRESENTATION_CONTEXT('2D SPACE',''
  ) );
#627 = ORIENTED_EDGE('',*,*,#628,.F.);
#628 = EDGE_CURVE('',#629,#596,#631,.T.);
#629 = VERTEX_POINT('',#630);
#630 = CARTESIAN_POINT('',(-362.8644055309,-95.7944566309,168.4305354662
    ));
#631 = SURFACE_CURVE('',#632,(#635,#641),.PCURVE_S1.);
#632 = B_SPLINE_CURVE_WITH_KNOTS('',1,(#633,#634),.UNSPECIFIED.,.F.,.F.,
  (2,2),(0.,44.),.PIECEWISE_BEZIER_KNOTS.);
#633 = CARTESIAN_POINT('',(-362.8644055309,-95.7944566309,168.4305354662
    ));
#634 = CARTESIAN_POINT('',(-364.034886897,-51.8886640084,165.80159127475
    ));
#635 = PCURVE('',#92,#636);
#636 = DEFINITIONAL_REPRESENTATION('',(#637),#640);
#637 = B_SPLINE_CURVE_WITH_KNOTS('',1,(#638,#639),.UNSPECIFIED.,.F.,.F.,
  (2,2),(0.,44.),.PIECEWISE_BEZIER_KNOTS.);
#638 = CARTESIAN_POINT('',(6.278700406094,-95.7944566309));
#639 = CARTESIAN_POINT('',(3.400962719967,-51.8886640084));
#640 = ( GEOMETRIC_REPRESENTATION_CONTEXT(2) 
PARAMETRIC_REPRESENTATION_CONTEXT() REPRESENTATION_CONTEXT('2D SPACE',''
  ) );
#641 = PCURVE('',#642,#661);
#642 = B_SPLINE_SURFACE_WITH_KNOTS('',1,8,(
    (#643,#644,#645,#646,#647,#648,#649,#650,#651)
    ,(#652,#653,#654,#655,#656,#657,#658,#659,#660
  )),.UNSPECIFIED.,.F.,.F.,.F.,(2,2),(9,9),(0.,44.),(0.,66.666666666667)
  ,.PIECEWISE_BEZIER_KNOTS.);
#643 = CARTESIAN_POINT('',(-337.8966550502,49.80223278341,
    60.602798836018));
#644 = CARTESIAN_POINT('',(-351.0336081151,27.420692346969,
    51.584996951602));
#645 = CARTESIAN_POINT('',(-361.333326842,0.806135494575,48.939727726493
    ));
#646 = CARTESIAN_POINT('',(-368.169942439,-27.50391683213,
    54.072715483204));
#647 = CARTESIAN_POINT('',(-371.3669789265,-54.30602675393,
    67.380331761178));
#648 = CARTESIAN_POINT('',(-371.3492067213,-76.31192803129,
    87.908526584006));
#649 = CARTESIAN_POINT('',(-369.1068287373,-91.07692942087,
    113.43326779355));
#650 = CARTESIAN_POINT('',(-365.8770682183,-97.50670655016,
    141.17570648654));
#651 = CARTESIAN_POINT('',(-362.8644055309,-95.7944566309,168.4305354662
    ));
#652 = CARTESIAN_POINT('',(-322.5967997364,26.976209424347,
    94.96683650609));
#653 = CARTESIAN_POINT('',(-333.2018854362,14.852875021275,
    91.635701830446));
#654 = CARTESIAN_POINT('',(-342.2701358696,0.436656726227,
    91.756355678594));
#655 = CARTESIAN_POINT('',(-349.4625387742,-14.89795495074,
    96.090232058559));
#656 = CARTESIAN_POINT('',(-354.6835029945,-29.41576449171,
    104.85203222087));
#657 = CARTESIAN_POINT('',(-358.1631125063,-41.33562768361,
    117.52497909498));
#658 = CARTESIAN_POINT('',(-360.4377272213,-49.33333676964,
    132.90438859524));
#659 = CARTESIAN_POINT('',(-362.1775097298,-52.81613271467,
    149.48505089902));
#660 = CARTESIAN_POINT('',(-364.034886897,-51.8886640084,165.80159127475
    ));
#661 = DEFINITIONAL_REPRESENTATION('',(#662),#666);
#662 = LINE('',#663,#664);
#663 = CARTESIAN_POINT('',(0.,66.666666666667));
#664 = VECTOR('',#665,1.);
#665 = DIRECTION('',(1.,0.));
#666 = ( GEOMETRIC_REPRESENTATION_CONTEXT(2) 
PARAMETRIC_REPRESENTATION_CONTEXT() REPRESENTATION_CONTEXT('2D SPACE',''
  ) );
#667 = ORIENTED_EDGE('',*,*,#668,.F.);
#668 = EDGE_CURVE('',#669,#629,#671,.T.);
#669 = VERTEX_POINT('',#670);
#670 = CARTESIAN_POINT('',(-365.418183057,-96.,162.69465723032));
#671 = SURFACE_CURVE('',#672,(#680,#691),.PCURVE_S1.);
#672 = ( BOUNDED_CURVE() B_SPLINE_CURVE(6,(#673,#674,#675,#676,#677,#678
,#679),.UNSPECIFIED.,.F.,.F.) B_SPLINE_CURVE_WITH_KNOTS((7,7),(0.,
6.544984694977E-02),.PIECEWISE_BEZIER_KNOTS.) CURVE() 
GEOMETRIC_REPRESENTATION_ITEM() RATIONAL_B_SPLINE_CURVE((1.000053547667,
    1.000017847948,0.999996430156,0.999989291231,0.999996430156,
1.000017847948,1.000053547667)) REPRESENTATION_ITEM('') );
#673 = CARTESIAN_POINT('',(-365.418183057,-96.,162.69465723032));
#674 = CARTESIAN_POINT('',(-364.9931462241,-95.9315075582,
    163.64930558733));
#675 = CARTESIAN_POINT('',(-364.5677629268,-95.87669726642,
    164.60473211589));
#676 = CARTESIAN_POINT('',(-364.1421151467,-95.83558042288,
    165.56075268285));
#677 = CARTESIAN_POINT('',(-363.716284927,-95.80816519775,
    166.51718301564));
#678 = CARTESIAN_POINT('',(-363.290354353,-95.7944566309,167.47383874808
    ));
#679 = CARTESIAN_POINT('',(-362.8644055309,-95.7944566309,168.4305354662
    ));
#680 = PCURVE('',#92,#681);
#681 = DEFINITIONAL_REPRESENTATION('',(#682),#690);
#682 = ( BOUNDED_CURVE() B_SPLINE_CURVE(6,(#683,#684,#685,#686,#687,#688
,#689),.UNSPECIFIED.,.F.,.F.) B_SPLINE_CURVE_WITH_KNOTS((7,7),(0.,
6.544984694977E-02),.PIECEWISE_BEZIER_KNOTS.) CURVE() 
GEOMETRIC_REPRESENTATION_ITEM() RATIONAL_B_SPLINE_CURVE((1.000053547667,
    1.000017847948,0.999996430156,0.999989291231,0.999996430156,
1.000017847948,1.000053547667)) REPRESENTATION_ITEM('') );
#683 = CARTESIAN_POINT('',(5.684341886081E-14,-96.));
#684 = CARTESIAN_POINT('',(1.044992724805,-95.9315075582));
#685 = CARTESIAN_POINT('',(2.090837264417,-95.87669726642));
#686 = CARTESIAN_POINT('',(3.137332060005,-95.83558042288));
#687 = CARTESIAN_POINT('',(4.184275400138,-95.80816519775));
#688 = CARTESIAN_POINT('',(5.231465470906,-95.7944566309));
#689 = CARTESIAN_POINT('',(6.278700406094,-95.7944566309));
#690 = ( GEOMETRIC_REPRESENTATION_CONTEXT(2) 
PARAMETRIC_REPRESENTATION_CONTEXT() REPRESENTATION_CONTEXT('2D SPACE',''
  ) );
#691 = PCURVE('',#692,#756);
#692 = ( BOUNDED_SURFACE() B_SPLINE_SURFACE(6,8,(
    (#693,#694,#695,#696,#697,#698,#699,#700,#701)
    ,(#702,#703,#704,#705,#706,#707,#708,#709,#710)
    ,(#711,#712,#713,#714,#715,#716,#717,#718,#719)
    ,(#720,#721,#722,#723,#724,#725,#726,#727,#728)
    ,(#729,#730,#731,#732,#733,#734,#735,#736,#737)
    ,(#738,#739,#740,#741,#742,#743,#744,#745,#746)
    ,(#747,#748,#749,#750,#751,#752,#753,#754,#755
)),.UNSPECIFIED.,.F.,.F.,.F.) B_SPLINE_SURFACE_WITH_KNOTS((7,7),(9,9),(
    0.,6.544984694977E-02),(0.,66.666666666667),
.PIECEWISE_BEZIER_KNOTS.) GEOMETRIC_REPRESENTATION_ITEM() 
RATIONAL_B_SPLINE_SURFACE((
    (1.000053547667,1.000053547667,1.000053547667,1.000053547667
      ,1.000053547667,1.000053547667,1.000053547667,1.000053547667
      ,1.000053547667)
    ,(1.000017847948,1.000017847948,1.000017847948,1.000017847948
      ,1.000017847948,1.000017847948,1.000017847948,1.000017847948
      ,1.000017847948)
    ,(0.999996430156,0.999996430156,0.999996430156,0.999996430156
      ,0.999996430156,0.999996430156,0.999996430156,0.999996430156
      ,0.999996430156)
    ,(0.999989291231,0.999989291231,0.999989291231,0.999989291231
      ,0.999989291231,0.999989291231,0.999989291231,0.999989291231
      ,0.999989291231)
    ,(0.999996430156,0.999996430156,0.999996430156,0.999996430156
      ,0.999996430156,0.999996430156,0.999996430156,0.999996430156
      ,0.999996430156)
    ,(1.000017847948,1.000017847948,1.000017847948,1.000017847948
      ,1.000017847948,1.000017847948,1.000017847948,1.000017847948
      ,1.000017847948)
    ,(1.000053547667,1.000053547667,1.000053547667,1.000053547667
      ,1.000053547667,1.000053547667,1.000053547667,1.000053547667
,1.000053547667))) REPRESENTATION_ITEM('') SURFACE() );
#693 = CARTESIAN_POINT('',(-336.5003512031,55.0633378897,63.738948624096
    ));
#694 = CARTESIAN_POINT('',(-350.2208671652,33.617987518772,
    53.410443012657));
#695 = CARTESIAN_POINT('',(-361.2228295904,7.492457521256,
    49.187908617141));
#696 = CARTESIAN_POINT('',(-368.8142069701,-20.88180370086,
    52.625673654112));
#697 = CARTESIAN_POINT('',(-372.7336838022,-48.33659435886,
    64.310662351242));
#698 = CARTESIAN_POINT('',(-373.3176470745,-71.5223856891,
    83.487337163408));
#699 = CARTESIAN_POINT('',(-371.4891462927,-87.84049639067,
    108.08249495704));
#700 = CARTESIAN_POINT('',(-368.4536446586,-96.,135.38862105093));
#701 = CARTESIAN_POINT('',(-365.418183057,-96.,162.69465723032));
#702 = CARTESIAN_POINT('',(-336.7213220613,54.168044312225,
    63.242639950563));
#703 = CARTESIAN_POINT('',(-350.3425318695,32.574537991808,
    53.137179612896));
#704 = CARTESIAN_POINT('',(-361.2264063869,6.376946812568,
    49.179875000659));
#705 = CARTESIAN_POINT('',(-368.6921730016,-21.97649499099,
    52.899766435042));
#706 = CARTESIAN_POINT('',(-372.4927297592,-49.31285253553,
    64.851853992591));
#707 = CARTESIAN_POINT('',(-372.9790535761,-72.29398942133,
    84.247830612384));
#708 = CARTESIAN_POINT('',(-371.0850409718,-88.34778163949,
    108.99013036823));
#709 = CARTESIAN_POINT('',(-368.0210106294,-96.21648511612,
    136.36033299001));
#710 = CARTESIAN_POINT('',(-364.9931462241,-95.9315075582,
    163.64930558733));
#711 = CARTESIAN_POINT('',(-336.9470502505,53.279900727762,
    62.735646136863));
#712 = CARTESIAN_POINT('',(-350.4697469833,31.535048775365,
    52.851449788941));
#713 = CARTESIAN_POINT('',(-361.2359223262,5.261599007484,
    49.158501850931));
#714 = CARTESIAN_POINT('',(-368.5759727087,-23.07506687617,
    53.160756565989));
#715 = CARTESIAN_POINT('',(-372.256983915,-50.2968236572,65.381347828154
    ));
#716 = CARTESIAN_POINT('',(-372.6445828208,-73.0764572554,
    84.999064228471));
#717 = CARTESIAN_POINT('',(-370.683653894,-88.86805072011,
    109.89166050553));
#718 = CARTESIAN_POINT('',(-367.589547763,-96.44688467873,
    137.32941445461));
#719 = CARTESIAN_POINT('',(-364.5677629268,-95.87669726642,
    164.60473211589));
#720 = CARTESIAN_POINT('',(-337.1774925123,52.399078724025,
    62.218064342621));
#721 = CARTESIAN_POINT('',(-350.6024882812,30.499720460833,
    52.553307952621));
#722 = CARTESIAN_POINT('',(-361.2513758921,4.146629117107,
    49.123792573748));
#723 = CARTESIAN_POINT('',(-368.4656288034,-24.17730779562,
    53.408593035104));
#724 = CARTESIAN_POINT('',(-372.0264919923,-51.28831845959,
    65.899041162573));
#725 = CARTESIAN_POINT('',(-372.3142995045,-73.86963893893,
    85.740892702746));
#726 = CARTESIAN_POINT('',(-370.2850625791,-89.40120403696,
    110.78691125669));
#727 = CARTESIAN_POINT('',(-367.1593392938,-96.69115501937,
    138.29567849684));
#728 = CARTESIAN_POINT('',(-364.1421151467,-95.83558042288,
    165.56075268285));
#729 = CARTESIAN_POINT('',(-337.4126045107,51.525748219569,
    61.689994148225));
#730 = CARTESIAN_POINT('',(-350.7407302743,29.468752693078,
    52.242811352362));
#731 = CARTESIAN_POINT('',(-361.2727642116,3.032252070531,
    49.075753621607));
#732 = CARTESIAN_POINT('',(-368.3611626602,-25.28300534614,
    53.643227834422));
#733 = CARTESIAN_POINT('',(-371.8012985148,-52.2871459558,
    66.404833994263));
#734 = CARTESIAN_POINT('',(-371.9882673675,-74.67338176896,
    86.473172871936));
#735 = CARTESIAN_POINT('',(-369.8893439096,-89.94713904906,
    111.67570994045));
#736 = CARTESIAN_POINT('',(-366.7304681716,-96.94924929998,
    139.2589388087));
#737 = CARTESIAN_POINT('',(-363.716284927,-95.80816519775,
    166.51718301564));
#738 = CARTESIAN_POINT('',(-337.6523408428,50.66007742142,
    61.151537530269));
#739 = CARTESIAN_POINT('',(-350.8844462174,28.442344120746,
    51.920020059198));
#740 = CARTESIAN_POINT('',(-361.3000830561,1.91868266141,49.014394492339
    ));
#741 = CARTESIAN_POINT('',(-368.2625943107,-26.39194633484,
    53.864615972069));
#742 = CARTESIAN_POINT('',(-371.5814467955,-53.2931134837,
    66.898629040462));
#743 = CARTESIAN_POINT('',(-371.666549179,-75.4875306297,87.195763754203
    ));
#744 = CARTESIAN_POINT('',(-369.4965741119,-90.50575029529,
    112.55788534964));
#745 = CARTESIAN_POINT('',(-366.3030170404,-97.22111752421,
    140.21900976841));
#746 = CARTESIAN_POINT('',(-363.290354353,-95.7944566309,167.47383874808
    ));
#747 = CARTESIAN_POINT('',(-337.8966550502,49.80223278341,
    60.602798836018));
#748 = CARTESIAN_POINT('',(-351.0336081151,27.420692346969,
    51.584996951602));
#749 = CARTESIAN_POINT('',(-361.333326842,0.806135494574,48.939727726493
    ));
#750 = CARTESIAN_POINT('',(-368.169942439,-27.50391683213,
    54.072715483204));
#751 = CARTESIAN_POINT('',(-371.3669789265,-54.30602675393,
    67.380331761178));
#752 = CARTESIAN_POINT('',(-371.3492067213,-76.31192803129,
    87.908526584007));
#753 = CARTESIAN_POINT('',(-369.1068287373,-91.07692942087,
    113.43326779355));
#754 = CARTESIAN_POINT('',(-365.8770682183,-97.50670655016,
    141.17570648654));
#755 = CARTESIAN_POINT('',(-362.8644055309,-95.7944566309,168.4305354662
    ));
#756 = DEFINITIONAL_REPRESENTATION('',(#757),#761);
#757 = LINE('',#758,#759);
#758 = CARTESIAN_POINT('',(0.,66.666666666667));
#759 = VECTOR('',#760,1.);
#760 = DIRECTION('',(1.,0.));
#761 = ( GEOMETRIC_REPRESENTATION_CONTEXT(2) 
PARAMETRIC_REPRESENTATION_CONTEXT() REPRESENTATION_CONTEXT('2D SPACE',''
  ) );
#762 = ORIENTED_EDGE('',*,*,#763,.F.);
#763 = EDGE_CURVE('',#764,#669,#766,.T.);
#764 = VERTEX_POINT('',#765);
#765 = CARTESIAN_POINT('',(-365.418183057,-52.,162.69465723032));
#766 = SURFACE_CURVE('',#767,(#770,#776),.PCURVE_S1.);
#767 = B_SPLINE_CURVE_WITH_KNOTS('',1,(#768,#769),.UNSPECIFIED.,.F.,.F.,
  (2,2),(0.,44.),.PIECEWISE_BEZIER_KNOTS.);
#768 = CARTESIAN_POINT('',(-365.418183057,-52.,162.69465723032));
#769 = CARTESIAN_POINT('',(-365.418183057,-96.,162.69465723032));
#770 = PCURVE('',#92,#771);
#771 = DEFINITIONAL_REPRESENTATION('',(#772),#775);
#772 = B_SPLINE_CURVE_WITH_KNOTS('',1,(#773,#774),.UNSPECIFIED.,.F.,.F.,
  (2,2),(0.,44.),.PIECEWISE_BEZIER_KNOTS.);
#773 = CARTESIAN_POINT('',(2.84217094304E-14,-52.));
#774 = CARTESIAN_POINT('',(5.684341886081E-14,-96.));
#775 = ( GEOMETRIC_REPRESENTATION_CONTEXT(2) 
PARAMETRIC_REPRESENTATION_CONTEXT() REPRESENTATION_CONTEXT('2D SPACE',''
  ) );
#776 = PCURVE('',#777,#796);
#777 = B_SPLINE_SURFACE_WITH_KNOTS('',1,8,(
    (#778,#779,#780,#781,#782,#783,#784,#785,#786)
    ,(#787,#788,#789,#790,#791,#792,#793,#794,#795
  )),.UNSPECIFIED.,.F.,.F.,.F.,(2,2),(9,9),(0.,44.),(0.,66.666666666667)
  ,.PIECEWISE_BEZIER_KNOTS.);
#778 = CARTESIAN_POINT('',(-321.8404684859,29.825974690254,
    96.665584307966));
#779 = CARTESIAN_POINT('',(-332.761650755,18.209743239335,
    92.624485113518));
#780 = CARTESIAN_POINT('',(-342.2102831916,4.058414490679,
    91.890786994361));
#781 = CARTESIAN_POINT('',(-349.8115153952,-11.31097700463,
    95.306417734468));
#782 = CARTESIAN_POINT('',(-355.4238014689,-26.18232194438,
    103.18929462382));
#783 = CARTESIAN_POINT('',(-359.229351031,-38.74129224826,
    115.13016815883));
#784 = CARTESIAN_POINT('',(-361.7281492304,-47.58026887828,
    130.0060533088));
#785 = CARTESIAN_POINT('',(-363.5731553016,-52.,146.3503796214));
#786 = CARTESIAN_POINT('',(-365.418183057,-52.,162.69465723032));
#787 = CARTESIAN_POINT('',(-336.5003512031,55.0633378897,63.738948624096
    ));
#788 = CARTESIAN_POINT('',(-350.2208671652,33.617987518772,
    53.410443012657));
#789 = CARTESIAN_POINT('',(-361.2228295904,7.492457521255,49.18790861714
    ));
#790 = CARTESIAN_POINT('',(-368.8142069701,-20.88180370086,
    52.625673654112));
#791 = CARTESIAN_POINT('',(-372.7336838022,-48.33659435886,
    64.310662351243));
#792 = CARTESIAN_POINT('',(-373.3176470745,-71.5223856891,
    83.487337163407));
#793 = CARTESIAN_POINT('',(-371.4891462927,-87.84049639067,
    108.08249495704));
#794 = CARTESIAN_POINT('',(-368.4536446586,-96.,135.38862105093));
#795 = CARTESIAN_POINT('',(-365.418183057,-96.,162.69465723032));
#796 = DEFINITIONAL_REPRESENTATION('',(#797),#801);
#797 = LINE('',#798,#799);
#798 = CARTESIAN_POINT('',(0.,66.666666666667));
#799 = VECTOR('',#800,1.);
#800 = DIRECTION('',(1.,0.));
#801 = ( GEOMETRIC_REPRESENTATION_CONTEXT(2) 
PARAMETRIC_REPRESENTATION_CONTEXT() REPRESENTATION_CONTEXT('2D SPACE',''
  ) );
#802 = ORIENTED_EDGE('',*,*,#803,.T.);
#803 = EDGE_CURVE('',#764,#804,#806,.T.);
#804 = VERTEX_POINT('',#805);
#805 = CARTESIAN_POINT('',(-384.3873154812,22.999011891388,
    120.08928823656));
#806 = SURFACE_CURVE('',#807,(#812,#823),.PCURVE_S1.);
#807 = CIRCLE('',#808,52.);
#808 = AXIS2_PLACEMENT_3D('',#809,#810,#811);
#809 = CARTESIAN_POINT('',(-365.418183057,0.,162.69465723032));
#810 = DIRECTION('',(0.913545457643,0.,-0.406736643076));
#811 = DIRECTION('',(0.406736643076,0.,0.913545457643));
#812 = PCURVE('',#92,#813);
#813 = DEFINITIONAL_REPRESENTATION('',(#814),#822);
#814 = ( BOUNDED_CURVE() B_SPLINE_CURVE(2,(#815,#816,#817,#818,#819,#820
,#821),.UNSPECIFIED.,.T.,.F.) B_SPLINE_CURVE_WITH_KNOTS((1,2,2,2,2,1),(
    -2.094395102393,0.,2.094395102393,4.188790204786,6.28318530718,
8.377580409573),.UNSPECIFIED.) CURVE() GEOMETRIC_REPRESENTATION_ITEM() 
RATIONAL_B_SPLINE_CURVE((1.,0.5,1.,0.5,1.,0.5,1.)) REPRESENTATION_ITEM(
  '') );
#815 = CARTESIAN_POINT('',(52.,-6.86705117544E-15));
#816 = CARTESIAN_POINT('',(52.,-90.06664199358));
#817 = CARTESIAN_POINT('',(-26.,-45.03332099679));
#818 = CARTESIAN_POINT('',(-104.,-1.960337788657E-14));
#819 = CARTESIAN_POINT('',(-26.,45.033320996791));
#820 = CARTESIAN_POINT('',(52.,90.066641993582));
#821 = CARTESIAN_POINT('',(52.,-6.86705117544E-15));
#822 = ( GEOMETRIC_REPRESENTATION_CONTEXT(2) 
PARAMETRIC_REPRESENTATION_CONTEXT() REPRESENTATION_CONTEXT('2D SPACE',''
  ) );
#823 = PCURVE('',#824,#829);
#824 = CYLINDRICAL_SURFACE('',#825,52.);
#825 = AXIS2_PLACEMENT_3D('',#826,#827,#828);
#826 = CARTESIAN_POINT('',(22.838636441065,0.,-10.16841607689));
#827 = DIRECTION('',(0.913545457643,-0.,-0.406736643076));
#828 = DIRECTION('',(0.406736643076,0.,0.913545457643));
#829 = DEFINITIONAL_REPRESENTATION('',(#830),#834);
#830 = LINE('',#831,#832);
#831 = CARTESIAN_POINT('',(-6.28318530718,-425.));
#832 = VECTOR('',#833,1.);
#833 = DIRECTION('',(1.,-0.));
#834 = ( GEOMETRIC_REPRESENTATION_CONTEXT(2) 
PARAMETRIC_REPRESENTATION_CONTEXT() REPRESENTATION_CONTEXT('2D SPACE',''
  ) );
#835 = ORIENTED_EDGE('',*,*,#836,.F.);
#836 = EDGE_CURVE('',#837,#804,#839,.T.);
#837 = VERTEX_POINT('',#838);
#838 = CARTESIAN_POINT('',(-400.4381198401,42.459714261024,
    84.038591395697));
#839 = SURFACE_CURVE('',#840,(#843,#849),.PCURVE_S1.);
#840 = B_SPLINE_CURVE_WITH_KNOTS('',1,(#841,#842),.UNSPECIFIED.,.F.,.F.,
  (2,2),(0.,44.),.PIECEWISE_BEZIER_KNOTS.);
#841 = CARTESIAN_POINT('',(-400.4381198401,42.459714261024,
    84.038591395697));
#842 = CARTESIAN_POINT('',(-384.3873154812,22.999011891388,
    120.08928823656));
#843 = PCURVE('',#92,#844);
#844 = DEFINITIONAL_REPRESENTATION('',(#845),#848);
#845 = B_SPLINE_CURVE_WITH_KNOTS('',1,(#846,#847),.UNSPECIFIED.,.F.,.F.,
  (2,2),(0.,44.),.PIECEWISE_BEZIER_KNOTS.);
#846 = CARTESIAN_POINT('',(-86.09978318713,42.459714261024));
#847 = CARTESIAN_POINT('',(-46.6373825597,22.999011891388));
#848 = ( GEOMETRIC_REPRESENTATION_CONTEXT(2) 
PARAMETRIC_REPRESENTATION_CONTEXT() REPRESENTATION_CONTEXT('2D SPACE',''
  ) );
#849 = PCURVE('',#850,#869);
#850 = B_SPLINE_SURFACE_WITH_KNOTS('',1,8,(
    (#851,#852,#853,#854,#855,#856,#857,#858,#859)
    ,(#860,#861,#862,#863,#864,#865,#866,#867,#868
  )),.UNSPECIFIED.,.F.,.F.,.F.,(2,2),(9,9),(0.,44.),(0.,66.666666666667)
  ,.PIECEWISE_BEZIER_KNOTS.);
#851 = CARTESIAN_POINT('',(-270.2818503864,46.174921816261,
    212.46813657121));
#852 = CARTESIAN_POINT('',(-283.0164613475,69.127574607398,
    204.35400984775));
#853 = CARTESIAN_POINT('',(-298.660745236,88.155684093162,
    189.70465072907));
#854 = CARTESIAN_POINT('',(-316.6338092477,100.65788728817,
    169.82476581555));
#855 = CARTESIAN_POINT('',(-335.8954987492,104.65671184109,
    147.0505806642));
#856 = CARTESIAN_POINT('',(-355.0751556056,99.412447624043,
    124.46064385028));
#857 = CARTESIAN_POINT('',(-372.8165498885,85.811093303733,
    105.10109766698));
#858 = CARTESIAN_POINT('',(-388.1156004911,65.939787727725,
    91.227145204167));
#859 = CARTESIAN_POINT('',(-400.4381198401,42.459714261024,
    84.038591395697));
#860 = CARTESIAN_POINT('',(-285.9721138769,25.011415983808,
    177.22722777932));
#861 = CARTESIAN_POINT('',(-296.3592642704,37.44410291234,
    174.38558381586));
#862 = CARTESIAN_POINT('',(-308.3224874997,47.750995550462,
    168.00402230499));
#863 = CARTESIAN_POINT('',(-321.5471332956,54.523022281096,
    158.78925932191));
#864 = CARTESIAN_POINT('',(-335.4697845652,56.689052247257,
    148.00675037668));
#865 = CARTESIAN_POINT('',(-349.3480014853,53.84840912969,
    137.32404261422));
#866 = CARTESIAN_POINT('',(-362.4471595115,46.481008872855,
    128.39112977668));
#867 = CARTESIAN_POINT('',(-374.2233813775,35.717385019184,
    122.4295802044));
#868 = CARTESIAN_POINT('',(-384.3873154812,22.999011891388,
    120.08928823656));
#869 = DEFINITIONAL_REPRESENTATION('',(#870),#874);
#870 = LINE('',#871,#872);
#871 = CARTESIAN_POINT('',(0.,66.666666666667));
#872 = VECTOR('',#873,1.);
#873 = DIRECTION('',(1.,0.));
#874 = ( GEOMETRIC_REPRESENTATION_CONTEXT(2) 
PARAMETRIC_REPRESENTATION_CONTEXT() REPRESENTATION_CONTEXT('2D SPACE',''
  ) );
#875 = ORIENTED_EDGE('',*,*,#876,.F.);
#876 = EDGE_CURVE('',#877,#837,#879,.T.);
#877 = VERTEX_POINT('',#878);
#878 = CARTESIAN_POINT('',(-399.2336325501,48.,86.743914142604));
#879 = SURFACE_CURVE('',#880,(#888,#899),.PCURVE_S1.);
#880 = ( BOUNDED_CURVE() B_SPLINE_CURVE(6,(#881,#882,#883,#884,#885,#886
,#887),.UNSPECIFIED.,.F.,.F.) B_SPLINE_CURVE_WITH_KNOTS((7,7),(0.,
6.544984694977E-02),.PIECEWISE_BEZIER_KNOTS.) CURVE() 
GEOMETRIC_REPRESENTATION_ITEM() RATIONAL_B_SPLINE_CURVE((1.000053547667,
    1.000017847948,0.999996430156,0.999989291231,0.999996430156,
1.000017847948,1.000053547667)) REPRESENTATION_ITEM('') );
#881 = CARTESIAN_POINT('',(-399.2336325501,48.,86.743914142604));
#882 = CARTESIAN_POINT('',(-399.4220248967,47.060763532649,
    86.320778004208));
#883 = CARTESIAN_POINT('',(-399.6154099344,46.127630447049,
    85.886428098145));
#884 = CARTESIAN_POINT('',(-399.8137506521,45.20078094737,85.44094755238
    ));
#885 = CARTESIAN_POINT('',(-400.0170089061,44.280393805927,
    84.984422039326));
#886 = CARTESIAN_POINT('',(-400.2251454291,43.366646318627,
    84.51693975476));
#887 = CARTESIAN_POINT('',(-400.4381198401,42.459714261024,
    84.038591395697));
#888 = PCURVE('',#92,#889);
#889 = DEFINITIONAL_REPRESENTATION('',(#890),#898);
#890 = ( BOUNDED_CURVE() B_SPLINE_CURVE(6,(#891,#892,#893,#894,#895,#896
,#897),.UNSPECIFIED.,.F.,.F.) B_SPLINE_CURVE_WITH_KNOTS((7,7),(0.,
6.544984694977E-02),.PIECEWISE_BEZIER_KNOTS.) CURVE() 
GEOMETRIC_REPRESENTATION_ITEM() RATIONAL_B_SPLINE_CURVE((1.000053547667,
    1.000017847948,0.999996430156,0.999989291231,0.999996430156,
1.000017847948,1.000053547667)) REPRESENTATION_ITEM('') );
#891 = CARTESIAN_POINT('',(-83.1384387633,48.));
#892 = CARTESIAN_POINT('',(-83.60161893114,47.060763532649));
#893 = CARTESIAN_POINT('',(-84.07707409588,46.127630447049));
#894 = CARTESIAN_POINT('',(-84.56471326264,45.20078094737));
#895 = CARTESIAN_POINT('',(-85.0644426513,44.280393805927));
#896 = CARTESIAN_POINT('',(-85.57616571954,43.366646318627));
#897 = CARTESIAN_POINT('',(-86.09978318713,42.459714261024));
#898 = ( GEOMETRIC_REPRESENTATION_CONTEXT(2) 
PARAMETRIC_REPRESENTATION_CONTEXT() REPRESENTATION_CONTEXT('2D SPACE',''
  ) );
#899 = PCURVE('',#900,#964);
#900 = ( BOUNDED_SURFACE() B_SPLINE_SURFACE(6,8,(
    (#901,#902,#903,#904,#905,#906,#907,#908,#909)
    ,(#910,#911,#912,#913,#914,#915,#916,#917,#918)
    ,(#919,#920,#921,#922,#923,#924,#925,#926,#927)
    ,(#928,#929,#930,#931,#932,#933,#934,#935,#936)
    ,(#937,#938,#939,#940,#941,#942,#943,#944,#945)
    ,(#946,#947,#948,#949,#950,#951,#952,#953,#954)
    ,(#955,#956,#957,#958,#959,#960,#961,#962,#963
)),.UNSPECIFIED.,.F.,.F.,.F.) B_SPLINE_SURFACE_WITH_KNOTS((7,7),(9,9),(
    0.,6.544984694977E-02),(0.,66.666666666667),
.PIECEWISE_BEZIER_KNOTS.) GEOMETRIC_REPRESENTATION_ITEM() 
RATIONAL_B_SPLINE_SURFACE((
    (1.000053547667,1.000053547667,1.000053547667,1.000053547667
      ,1.000053547667,1.000053547667,1.000053547667,1.000053547667
      ,1.000053547667)
    ,(1.000017847948,1.000017847948,1.000017847948,1.000017847948
      ,1.000017847948,1.000017847948,1.000017847948,1.000017847948
      ,1.000017847948)
    ,(0.999996430156,0.999996430156,0.999996430156,0.999996430156
      ,0.999996430156,0.999996430156,0.999996430156,0.999996430156
      ,0.999996430156)
    ,(0.999989291231,0.999989291231,0.999989291231,0.999989291231
      ,0.999989291231,0.999989291231,0.999989291231,0.999989291231
      ,0.999989291231)
    ,(0.999996430156,0.999996430156,0.999996430156,0.999996430156
      ,0.999996430156,0.999996430156,0.999996430156,0.999996430156
      ,0.999996430156)
    ,(1.000017847948,1.000017847948,1.000017847948,1.000017847948
      ,1.000017847948,1.000017847948,1.000017847948,1.000017847948
      ,1.000017847948)
    ,(1.000053547667,1.000053547667,1.000053547667,1.000053547667
      ,1.000053547667,1.000053547667,1.000053547667,1.000053547667
,1.000053547667))) REPRESENTATION_ITEM('') SURFACE() );
#901 = CARTESIAN_POINT('',(-269.1268082058,40.571353127107,
    215.06240378431));
#902 = CARTESIAN_POINT('',(-281.2398701362,64.298435507487,
    208.34429904048));
#903 = CARTESIAN_POINT('',(-296.3607752703,84.577251857972,
    194.87046785094));
#904 = CARTESIAN_POINT('',(-313.9790756058,98.718601523705,
    175.78739520022));
#905 = CARTESIAN_POINT('',(-333.1094479816,104.58198952288,
    153.30815314226));
#906 = CARTESIAN_POINT('',(-352.4038466043,101.20888809014,
    130.46050210161));
#907 = CARTESIAN_POINT('',(-370.4853761351,89.265317538599,
    110.33699964355));
#908 = CARTESIAN_POINT('',(-386.2965835288,70.672492052928,
    95.312724193849));
#909 = CARTESIAN_POINT('',(-399.2336325501,48.,86.743914142604));
#910 = CARTESIAN_POINT('',(-269.3316848053,41.489492014298,
    214.60224340763));
#911 = CARTESIAN_POINT('',(-281.5465868964,65.079209280668,
    207.65540191799));
#912 = CARTESIAN_POINT('',(-296.7519191224,85.142622942762,
    193.99194437535));
#913 = CARTESIAN_POINT('',(-314.4256913196,99.006111919972,
    174.78427988332));
#914 = CARTESIAN_POINT('',(-333.5738063475,104.55707823013,
    152.26518717613));
#915 = CARTESIAN_POINT('',(-352.8449363435,100.87375522803,
    129.4697983268));
#916 = CARTESIAN_POINT('',(-370.8661171154,88.658537381762,
    109.48184140039));
#917 = CARTESIAN_POINT('',(-386.5891561841,69.859568381806,
    94.655595251005));
#918 = CARTESIAN_POINT('',(-399.4220248967,47.060763532649,
    86.320778004208));
#919 = CARTESIAN_POINT('',(-269.5316641954,42.414185234343,
    214.15308234356));
#920 = CARTESIAN_POINT('',(-281.849133455,65.869820854615,
    206.97587122142));
#921 = CARTESIAN_POINT('',(-297.1400360211,85.720558224167,
    193.12021954816));
#922 = CARTESIAN_POINT('',(-314.8707571128,99.307983700901,
    173.78464574478));
#923 = CARTESIAN_POINT('',(-334.0382774547,104.54711272886,
    151.2219679889));
#924 = CARTESIAN_POINT('',(-353.2877915287,100.55283257938,
    128.47512929542));
#925 = CARTESIAN_POINT('',(-371.2500724545,88.064036835608,
    108.61946358926));
#926 = CARTESIAN_POINT('',(-386.8860445421,69.056095578556,
    93.988773081341));
#927 = CARTESIAN_POINT('',(-399.6154099344,46.127630447049,
    85.886428098145));
#928 = CARTESIAN_POINT('',(-269.7267075643,43.345254887733,
    213.71500776452));
#929 = CARTESIAN_POINT('',(-282.1474512679,66.670118352154,
    206.30583844345));
#930 = CARTESIAN_POINT('',(-297.5250509884,86.310946967996,
    192.25546177327));
#931 = CARTESIAN_POINT('',(-315.3141871086,99.624159444473,
    172.78868566758));
#932 = CARTESIAN_POINT('',(-334.5027717745,104.55209574037,
    150.17869666535));
#933 = CARTESIAN_POINT('',(-353.7323268864,100.24618276837,
    127.47668653466));
#934 = CARTESIAN_POINT('',(-371.6371683105,87.481931157788,
    107.75003206166));
#935 = CARTESIAN_POINT('',(-387.1871916034,68.26222903234,
    93.312385707243));
#936 = CARTESIAN_POINT('',(-399.8137506521,45.20078094737,85.44094755238
    ));
#937 = CARTESIAN_POINT('',(-269.9167772272,44.282521614691,
    213.28810431198));
#938 = CARTESIAN_POINT('',(-282.4414827555,67.479947680325,
    205.64543290961));
#939 = CARTESIAN_POINT('',(-297.9068897529,86.913675592847,
    191.39783786634));
#940 = CARTESIAN_POINT('',(-315.7558958019,99.954578459816,
    171.79659169925));
#941 = CARTESIAN_POINT('',(-334.9671997711,104.57202657097,
    149.13557430623));
#942 = CARTESIAN_POINT('',(-354.1784567578,99.953865159847,
    126.47466243765));
#943 = CARTESIAN_POINT('',(-372.0273301226,86.912332776665,
    106.87371428387));
#944 = CARTESIAN_POINT('',(-387.4925393948,67.478121940913,
    92.626563338829));
#945 = CARTESIAN_POINT('',(-400.0170089061,44.280393805927,
    84.984422039326));
#946 = CARTESIAN_POINT('',(-270.1018366356,45.225804639644,
    212.87245407524));
#947 = CARTESIAN_POINT('',(-282.7311713176,68.2991525685,204.99478174599
    ));
#948 = CARTESIAN_POINT('',(-298.2854787694,87.528627698118,
    190.54751301324));
#949 = CARTESIAN_POINT('',(-316.1957980807,100.29917680199,
    170.80855500405));
#950 = CARTESIAN_POINT('',(-335.4314719237,104.60690111201,
    148.09280197828));
#951 = CARTESIAN_POINT('',(-354.6260951195,99.675935844263,
    125.46925021571));
#952 = CARTESIAN_POINT('',(-372.4204826296,86.355351263158,
    105.99067929544));
#953 = CARTESIAN_POINT('',(-387.8020289834,66.703925272351,
    91.931438341759));
#954 = CARTESIAN_POINT('',(-400.2251454291,43.366646318627,
    84.51693975476));
#955 = CARTESIAN_POINT('',(-270.2818503864,46.174921816261,
    212.46813657121));
#956 = CARTESIAN_POINT('',(-283.0164613475,69.127574607398,
    204.35400984775));
#957 = CARTESIAN_POINT('',(-298.660745236,88.155684093162,
    189.70465072907));
#958 = CARTESIAN_POINT('',(-316.6338092477,100.65788728817,
    169.82476581555));
#959 = CARTESIAN_POINT('',(-335.8954987492,104.65671184109,
    147.0505806642));
#960 = CARTESIAN_POINT('',(-355.0751556056,99.412447624041,
    124.46064385028));
#961 = CARTESIAN_POINT('',(-372.8165498885,85.811093303734,
    105.10109766698));
#962 = CARTESIAN_POINT('',(-388.1156004911,65.939787727724,
    91.227145204167));
#963 = CARTESIAN_POINT('',(-400.4381198401,42.459714261024,
    84.038591395697));
#964 = DEFINITIONAL_REPRESENTATION('',(#965),#969);
#965 = LINE('',#966,#967);
#966 = CARTESIAN_POINT('',(0.,66.666666666667));
#967 = VECTOR('',#968,1.);
#968 = DIRECTION('',(1.,0.));
#969 = ( GEOMETRIC_REPRESENTATION_CONTEXT(2) 
PARAMETRIC_REPRESENTATION_CONTEXT() REPRESENTATION_CONTEXT('2D SPACE',''
  ) );
#970 = ORIENTED_EDGE('',*,*,#971,.F.);
#971 = EDGE_CURVE('',#972,#877,#974,.T.);
#972 = VERTEX_POINT('',#973);
#973 = CARTESIAN_POINT('',(-383.7348848658,26.,121.55467139114));
#974 = SURFACE_CURVE('',#975,(#978,#984),.PCURVE_S1.);
#975 = B_SPLINE_CURVE_WITH_KNOTS('',1,(#976,#977),.UNSPECIFIED.,.F.,.F.,
  (2,2),(0.,44.),.PIECEWISE_BEZIER_KNOTS.);
#976 = CARTESIAN_POINT('',(-383.7348848658,26.,121.55467139114));
#977 = CARTESIAN_POINT('',(-399.2336325501,48.,86.743914142604));
#978 = PCURVE('',#92,#979);
#979 = DEFINITIONAL_REPRESENTATION('',(#980),#983);
#980 = B_SPLINE_CURVE_WITH_KNOTS('',1,(#981,#982),.UNSPECIFIED.,.F.,.F.,
  (2,2),(0.,44.),.PIECEWISE_BEZIER_KNOTS.);
#981 = CARTESIAN_POINT('',(-45.03332099679,26.));
#982 = CARTESIAN_POINT('',(-83.1384387633,48.));
#983 = ( GEOMETRIC_REPRESENTATION_CONTEXT(2) 
PARAMETRIC_REPRESENTATION_CONTEXT() REPRESENTATION_CONTEXT('2D SPACE',''
  ) );
#984 = PCURVE('',#985,#1004);
#985 = B_SPLINE_SURFACE_WITH_KNOTS('',1,8,(
    (#986,#987,#988,#989,#990,#991,#992,#993,#994)
    ,(#995,#996,#997,#998,#999,#1000,#1001,#1002,#1003
  )),.UNSPECIFIED.,.F.,.F.,.F.,(2,2),(9,9),(0.,44.),(0.,66.666666666667)
  ,.PIECEWISE_BEZIER_KNOTS.);
#986 = CARTESIAN_POINT('',(-285.3464660291,21.976149610516,
    178.63245585308));
#987 = CARTESIAN_POINT('',(-295.396944031,34.828319233222,
    176.54699046192));
#988 = CARTESIAN_POINT('',(-307.0766704349,45.812678089735,170.802173246
    ));
#989 = CARTESIAN_POINT('',(-320.1091525729,53.47257582534,
    162.01901690527));
#990 = CARTESIAN_POINT('',(-333.9606737327,56.648577658229,
    151.3962688023));
#991 = CARTESIAN_POINT('',(-347.901042443,54.821481048828,
    140.57396583369));
#992 = CARTESIAN_POINT('',(-361.1844403951,48.352047000074,
    131.22724334732));
#993 = CARTESIAN_POINT('',(-373.238080523,38.280933195336,
    124.64260215715));
#994 = CARTESIAN_POINT('',(-383.7348848658,26.,121.55467139114));
#995 = CARTESIAN_POINT('',(-269.1268082058,40.571353127107,
    215.06240378431));
#996 = CARTESIAN_POINT('',(-281.2398701362,64.298435507487,
    208.34429904048));
#997 = CARTESIAN_POINT('',(-296.3607752703,84.577251857972,
    194.87046785093));
#998 = CARTESIAN_POINT('',(-313.9790756058,98.718601523705,
    175.78739520022));
#999 = CARTESIAN_POINT('',(-333.1094479816,104.58198952288,
    153.30815314226));
#1000 = CARTESIAN_POINT('',(-352.4038466043,101.20888809014,
    130.46050210162));
#1001 = CARTESIAN_POINT('',(-370.4853761351,89.265317538597,
    110.33699964354));
#1002 = CARTESIAN_POINT('',(-386.2965835288,70.672492052928,
    95.312724193849));
#1003 = CARTESIAN_POINT('',(-399.2336325501,48.,86.743914142604));
#1004 = DEFINITIONAL_REPRESENTATION('',(#1005),#1009);
#1005 = LINE('',#1006,#1007);
#1006 = CARTESIAN_POINT('',(0.,66.666666666667));
#1007 = VECTOR('',#1008,1.);
#1008 = DIRECTION('',(1.,0.));
#1009 = ( GEOMETRIC_REPRESENTATION_CONTEXT(2) 
PARAMETRIC_REPRESENTATION_CONTEXT() REPRESENTATION_CONTEXT('2D SPACE',''
  ) );
#1010 = ORIENTED_EDGE('',*,*,#1011,.T.);
#1011 = EDGE_CURVE('',#972,#594,#1012,.T.);
#1012 = SURFACE_CURVE('',#1013,(#1018,#1029),.PCURVE_S1.);
#1013 = CIRCLE('',#1014,52.);
#1014 = AXIS2_PLACEMENT_3D('',#1015,#1016,#1017);
#1015 = CARTESIAN_POINT('',(-365.418183057,0.,162.69465723032));
#1016 = DIRECTION('',(0.913545457643,0.,-0.406736643076));
#1017 = DIRECTION('',(0.406736643076,0.,0.913545457643));
#1018 = PCURVE('',#92,#1019);
#1019 = DEFINITIONAL_REPRESENTATION('',(#1020),#1028);
#1020 = ( BOUNDED_CURVE() B_SPLINE_CURVE(2,(#1021,#1022,#1023,#1024,
#1025,#1026,#1027),.UNSPECIFIED.,.T.,.F.) B_SPLINE_CURVE_WITH_KNOTS((1,2
    ,2,2,2,1),(-2.094395102393,0.,2.094395102393,4.188790204786,
6.28318530718,8.377580409573),.UNSPECIFIED.) CURVE() 
GEOMETRIC_REPRESENTATION_ITEM() RATIONAL_B_SPLINE_CURVE((1.,0.5,1.,0.5,
1.,0.5,1.)) REPRESENTATION_ITEM('') );
#1021 = CARTESIAN_POINT('',(52.,-6.86705117544E-15));
#1022 = CARTESIAN_POINT('',(52.,-90.06664199358));
#1023 = CARTESIAN_POINT('',(-26.,-45.03332099679));
#1024 = CARTESIAN_POINT('',(-104.,-1.960337788657E-14));
#1025 = CARTESIAN_POINT('',(-26.,45.033320996791));
#1026 = CARTESIAN_POINT('',(52.,90.066641993582));
#1027 = CARTESIAN_POINT('',(52.,-6.86705117544E-15));
#1028 = ( GEOMETRIC_REPRESENTATION_CONTEXT(2) 
PARAMETRIC_REPRESENTATION_CONTEXT() REPRESENTATION_CONTEXT('2D SPACE',''
  ) );
#1029 = PCURVE('',#1030,#1035);
#1030 = CYLINDRICAL_SURFACE('',#1031,52.);
#1031 = AXIS2_PLACEMENT_3D('',#1032,#1033,#1034);
#1032 = CARTESIAN_POINT('',(22.838636441065,0.,-10.16841607689));
#1033 = DIRECTION('',(0.913545457643,-0.,-0.406736643076));
#1034 = DIRECTION('',(0.406736643076,0.,0.913545457643));
#1035 = DEFINITIONAL_REPRESENTATION('',(#1036),#1040);
#1036 = LINE('',#1037,#1038);
#1037 = CARTESIAN_POINT('',(-6.28318530718,-425.));
#1038 = VECTOR('',#1039,1.);
#1039 = DIRECTION('',(1.,-0.));
#1040 = ( GEOMETRIC_REPRESENTATION_CONTEXT(2) 
PARAMETRIC_REPRESENTATION_CONTEXT() REPRESENTATION_CONTEXT('2D SPACE',''
  ) );
#1041 = ADVANCED_FACE('',(#1042),#154,.F.);
#1042 = FACE_BOUND('',#1043,.F.);
#1043 = EDGE_LOOP('',(#1044,#1073,#1074,#1125));
#1044 = ORIENTED_EDGE('',*,*,#1045,.F.);
#1045 = EDGE_CURVE('',#139,#1046,#1048,.T.);
#1046 = VERTEX_POINT('',#1047);
#1047 = CARTESIAN_POINT('',(-75.05504628689,-89.47275545114,
    -4.67017165584));
#1048 = SURFACE_CURVE('',#1049,(#1059,#1066),.PCURVE_S1.);
#1049 = ( BOUNDED_CURVE() B_SPLINE_CURVE(8,(#1050,#1051,#1052,#1053,
    #1054,#1055,#1056,#1057,#1058),.UNSPECIFIED.,.F.,.F.) 
B_SPLINE_CURVE_WITH_KNOTS((9,9),(0.,66.666666666667),
.PIECEWISE_BEZIER_KNOTS.) CURVE() GEOMETRIC_REPRESENTATION_ITEM() 
RATIONAL_B_SPLINE_CURVE((1.000053547667,1.000053547667,1.000053547667,
    1.000053547667,1.000053547667,1.000053547667,1.000053547667,
1.000053547667,1.000053547667)) REPRESENTATION_ITEM('') );
#1050 = CARTESIAN_POINT('',(-21.69319407083,79.821082781044,
    -48.72371162654));
#1051 = CARTESIAN_POINT('',(-38.15984436127,65.276288092648,
    -65.22013592544));
#1052 = CARTESIAN_POINT('',(-52.7827186113,43.947059420357,
    -77.57537143471));
#1053 = CARTESIAN_POINT('',(-64.55840159108,17.482865011957,
    -83.53571064871));
#1054 = CARTESIAN_POINT('',(-72.77629892847,-11.39636117576,
    -81.50513247617));
#1055 = CARTESIAN_POINT('',(-77.25614902755,-39.26908165403,
    -71.07876274387));
#1056 = CARTESIAN_POINT('',(-78.47515192907,-62.89078689776,
    -53.32841029171));
#1057 = CARTESIAN_POINT('',(-77.36650453504,-79.98414979736,
    -30.35006967897));
#1058 = CARTESIAN_POINT('',(-75.05504628689,-89.47275545114,
    -4.67017165584));
#1059 = PCURVE('',#154,#1060);
#1060 = DEFINITIONAL_REPRESENTATION('',(#1061),#1065);
#1061 = LINE('',#1062,#1063);
#1062 = CARTESIAN_POINT('',(0.,0.));
#1063 = VECTOR('',#1064,1.);
#1064 = DIRECTION('',(0.,1.));
#1065 = ( GEOMETRIC_REPRESENTATION_CONTEXT(2) 
PARAMETRIC_REPRESENTATION_CONTEXT() REPRESENTATION_CONTEXT('2D SPACE',''
  ) );
#1066 = PCURVE('',#204,#1067);
#1067 = DEFINITIONAL_REPRESENTATION('',(#1068),#1072);
#1068 = LINE('',#1069,#1070);
#1069 = CARTESIAN_POINT('',(6.544984694977E-02,0.));
#1070 = VECTOR('',#1071,1.);
#1071 = DIRECTION('',(0.,1.));
#1072 = ( GEOMETRIC_REPRESENTATION_CONTEXT(2) 
PARAMETRIC_REPRESENTATION_CONTEXT() REPRESENTATION_CONTEXT('2D SPACE',''
  ) );
#1073 = ORIENTED_EDGE('',*,*,#138,.T.);
#1074 = ORIENTED_EDGE('',*,*,#1075,.F.);
#1075 = EDGE_CURVE('',#1076,#141,#1078,.T.);
#1076 = VERTEX_POINT('',#1077);
#1077 = CARTESIAN_POINT('',(-68.56870572226,-48.4644092027,
    9.898387780403));
#1078 = SURFACE_CURVE('',#1079,(#1089,#1096),.PCURVE_S1.);
#1079 = B_SPLINE_CURVE_WITH_KNOTS('',8,(#1080,#1081,#1082,#1083,#1084,
    #1085,#1086,#1087,#1088),.UNSPECIFIED.,.F.,.F.,(9,9),(
    57.151721060948,123.81838772761),.PIECEWISE_BEZIER_KNOTS.);
#1080 = CARTESIAN_POINT('',(-68.56870572226,-48.4644092027,
    9.898387780403));
#1081 = CARTESIAN_POINT('',(-66.33150948373,-43.3247478069,
    -5.565064993878));
#1082 = CARTESIAN_POINT('',(-63.44279069922,-34.06584290295,
    -19.56517417085));
#1083 = CARTESIAN_POINT('',(-59.29326133795,-21.2707525626,
    -30.73345642752));
#1084 = CARTESIAN_POINT('',(-53.37743974473,-6.173028970236,
    -37.93458137759));
#1085 = CARTESIAN_POINT('',(-45.43684256395,9.469885214856,
    -40.58798589949));
#1086 = CARTESIAN_POINT('',(-35.56911149367,23.804657186017,
    -38.91297683697));
#1087 = CARTESIAN_POINT('',(-24.15915181863,35.357989383517,
    -33.77406561453));
#1088 = CARTESIAN_POINT('',(-11.7504801217,43.236419839732,
    -26.39201046437));
#1089 = PCURVE('',#154,#1090);
#1090 = DEFINITIONAL_REPRESENTATION('',(#1091),#1095);
#1091 = LINE('',#1092,#1093);
#1092 = CARTESIAN_POINT('',(44.,123.81838772761));
#1093 = VECTOR('',#1094,1.);
#1094 = DIRECTION('',(-1.06581410364E-16,-1.));
#1095 = ( GEOMETRIC_REPRESENTATION_CONTEXT(2) 
PARAMETRIC_REPRESENTATION_CONTEXT() REPRESENTATION_CONTEXT('2D SPACE',''
  ) );
#1096 = PCURVE('',#575,#1097);
#1097 = DEFINITIONAL_REPRESENTATION('',(#1098),#1124);
#1098 = B_SPLINE_CURVE_WITH_KNOTS('',3,(#1099,#1100,#1101,#1102,#1103,
    #1104,#1105,#1106,#1107,#1108,#1109,#1110,#1111,#1112,#1113,#1114,
    #1115,#1116,#1117,#1118,#1119,#1120,#1121,#1122,#1123),
  .UNSPECIFIED.,.F.,.F.,(4,1,1,1,1,1,1,1,1,1,1,1,1,1,1,1,1,1,1,1,1,1,4),
  (57.151721060948,60.182024091251,63.212327121554,66.242630151857,
    69.27293318216,72.303236212464,75.333539242767,78.36384227307,
    81.394145303373,84.424448333676,87.454751363979,90.485054394282,
    93.515357424585,96.545660454889,99.575963485192,102.60626651549,
    105.63656954579,108.6668725761,111.6971756064,114.7274786367,
    117.75778166701,120.78808469731,123.81838772761),
  .QUASI_UNIFORM_KNOTS.);
#1099 = CARTESIAN_POINT('',(-4.341506514336,-91.66666666666));
#1100 = CARTESIAN_POINT('',(-4.308451027315,-90.65656565656));
#1101 = CARTESIAN_POINT('',(-4.242340048577,-88.63636363636));
#1102 = CARTESIAN_POINT('',(-4.143173589085,-85.60606060606));
#1103 = CARTESIAN_POINT('',(-4.044007187485,-82.57575757575));
#1104 = CARTESIAN_POINT('',(-3.94484080005,-79.54545454545));
#1105 = CARTESIAN_POINT('',(-3.845674390766,-76.51515151515));
#1106 = CARTESIAN_POINT('',(-3.746507944246,-73.48484848485));
#1107 = CARTESIAN_POINT('',(-3.647341471992,-70.45454545454));
#1108 = CARTESIAN_POINT('',(-3.548174999331,-67.42424242424));
#1109 = CARTESIAN_POINT('',(-3.449008549198,-64.39393939394));
#1110 = CARTESIAN_POINT('',(-3.349842129877,-61.36363636363));
#1111 = CARTESIAN_POINT('',(-3.250675731839,-58.33333333333));
#1112 = CARTESIAN_POINT('',(-3.151509333802,-55.30303030303));
#1113 = CARTESIAN_POINT('',(-3.052342914481,-52.27272727272));
#1114 = CARTESIAN_POINT('',(-2.953176464348,-49.24242424242));
#1115 = CARTESIAN_POINT('',(-2.854009991687,-46.21212121211));
#1116 = CARTESIAN_POINT('',(-2.754843519433,-43.18181818181));
#1117 = CARTESIAN_POINT('',(-2.655677072913,-40.15151515151));
#1118 = CARTESIAN_POINT('',(-2.556510663629,-37.12121212121));
#1119 = CARTESIAN_POINT('',(-2.457344276194,-34.0909090909));
#1120 = CARTESIAN_POINT('',(-2.358177874594,-31.0606060606));
#1121 = CARTESIAN_POINT('',(-2.259011415102,-28.0303030303));
#1122 = CARTESIAN_POINT('',(-2.192900436364,-26.0101010101));
#1123 = CARTESIAN_POINT('',(-2.159844949343,-25.));
#1124 = ( GEOMETRIC_REPRESENTATION_CONTEXT(2) 
PARAMETRIC_REPRESENTATION_CONTEXT() REPRESENTATION_CONTEXT('2D SPACE',''
  ) );
#1125 = ORIENTED_EDGE('',*,*,#1126,.F.);
#1126 = EDGE_CURVE('',#1046,#1076,#1127,.T.);
#1127 = SURFACE_CURVE('',#1128,(#1131,#1138),.PCURVE_S1.);
#1128 = B_SPLINE_CURVE_WITH_KNOTS('',1,(#1129,#1130),.UNSPECIFIED.,.F.,
  .F.,(2,2),(0.,44.),.PIECEWISE_BEZIER_KNOTS.);
#1129 = CARTESIAN_POINT('',(-75.05504628689,-89.47275545114,
    -4.67017165584));
#1130 = CARTESIAN_POINT('',(-68.56870572226,-48.4644092027,
    9.898387780403));
#1131 = PCURVE('',#154,#1132);
#1132 = DEFINITIONAL_REPRESENTATION('',(#1133),#1137);
#1133 = LINE('',#1134,#1135);
#1134 = CARTESIAN_POINT('',(0.,66.666666666667));
#1135 = VECTOR('',#1136,1.);
#1136 = DIRECTION('',(1.,0.));
#1137 = ( GEOMETRIC_REPRESENTATION_CONTEXT(2) 
PARAMETRIC_REPRESENTATION_CONTEXT() REPRESENTATION_CONTEXT('2D SPACE',''
  ) );
#1138 = PCURVE('',#1139,#1158);
#1139 = B_SPLINE_SURFACE_WITH_KNOTS('',1,8,(
    (#1140,#1141,#1142,#1143,#1144,#1145,#1146,#1147,#1148)
    ,(#1149,#1150,#1151,#1152,#1153,#1154,#1155,#1156,#1157
  )),.UNSPECIFIED.,.F.,.F.,.F.,(2,2),(9,9),(0.,44.),(0.,66.666666666667)
  ,.PIECEWISE_BEZIER_KNOTS.);
#1140 = CARTESIAN_POINT('',(-75.05504628689,-89.47275545114,
    -4.67017165584));
#1141 = CARTESIAN_POINT('',(-72.74358803875,-98.96136110492,
    21.009726367297));
#1142 = CARTESIAN_POINT('',(-69.22924431524,-100.8452808578,
    49.391349402884));
#1143 = CARTESIAN_POINT('',(-65.63711888121,-94.04977093022,
    77.947673020629));
#1144 = CARTESIAN_POINT('',(-63.28101721538,-78.70381145782,
    103.72784180161));
#1145 = CARTESIAN_POINT('',(-63.40431808281,-56.40687575999,
    123.93918131554));
#1146 = CARTESIAN_POINT('',(-66.81431371912,-29.9810006802,136.768483514
    ));
#1147 = CARTESIAN_POINT('',(-73.73450228753,-2.611830258755,
    141.71376330346));
#1148 = CARTESIAN_POINT('',(-83.87834139461,22.817845663313,
    139.41860543683));
#1149 = CARTESIAN_POINT('',(-68.56870572226,-48.4644092027,
    9.898387780403));
#1150 = CARTESIAN_POINT('',(-70.80590196078,-53.6040705985,
    25.361840554683));
#1151 = CARTESIAN_POINT('',(-72.39153523349,-54.62452713133,
    42.288727710708));
#1152 = CARTESIAN_POINT('',(-73.93503674633,-50.94362592053,
    59.310244348733));
#1153 = CARTESIAN_POINT('',(-76.14805113362,-42.63123120632,
    74.828010450185));
#1154 = CARTESIAN_POINT('',(-79.70407522641,-30.55372436999,
    87.329327365309));
#1155 = CARTESIAN_POINT('',(-85.04039231902,-16.23970870177,
    95.832040734556));
#1156 = CARTESIAN_POINT('',(-92.27806391651,-1.414741390159,
    100.06424196559));
#1157 = CARTESIAN_POINT('',(-101.2618795557,12.359666400961,
    100.37453946625));
#1158 = DEFINITIONAL_REPRESENTATION('',(#1159),#1163);
#1159 = LINE('',#1160,#1161);
#1160 = CARTESIAN_POINT('',(0.,0.));
#1161 = VECTOR('',#1162,1.);
#1162 = DIRECTION('',(1.,0.));
#1163 = ( GEOMETRIC_REPRESENTATION_CONTEXT(2) 
PARAMETRIC_REPRESENTATION_CONTEXT() REPRESENTATION_CONTEXT('2D SPACE',''
  ) );
#1164 = ADVANCED_FACE('',(#1165),#575,.F.);
#1165 = FACE_BOUND('',#1166,.T.);
#1166 = EDGE_LOOP('',(#1167,#1218,#1219,#1220,#1293));
#1167 = ORIENTED_EDGE('',*,*,#1168,.F.);
#1168 = EDGE_CURVE('',#517,#1169,#1171,.T.);
#1169 = VERTEX_POINT('',#1170);
#1170 = CARTESIAN_POINT('',(-37.31660455071,0.,73.535509266607));
#1171 = SURFACE_CURVE('',#1172,(#1182,#1211),.PCURVE_S1.);
#1172 = B_SPLINE_CURVE_WITH_KNOTS('',8,(#1173,#1174,#1175,#1176,#1177,
    #1178,#1179,#1180,#1181),.UNSPECIFIED.,.F.,.F.,(9,9),(0.,
    64.000000767915),.PIECEWISE_BEZIER_KNOTS.);
#1173 = CARTESIAN_POINT('',(-10.57515271997,-45.03332099679,
    -23.7521818987));
#1174 = CARTESIAN_POINT('',(-13.08821509122,-51.84010516124,
    -9.727865479065));
#1175 = CARTESIAN_POINT('',(-14.77289536658,-55.11939817354,
    6.157027590801));
#1176 = CARTESIAN_POINT('',(-16.13023560063,-54.16048221209,
    22.777138431013));
#1177 = CARTESIAN_POINT('',(-17.78134728204,-48.76751321927,
    38.737427797389));
#1178 = CARTESIAN_POINT('',(-20.36158669586,-39.41877518343,
    52.610862108967));
#1179 = CARTESIAN_POINT('',(-24.35658458361,-27.22713861441,
    63.306696862076));
#1180 = CARTESIAN_POINT('',(-30.00824284286,-13.61357321796,
    70.281611498844));
#1181 = CARTESIAN_POINT('',(-37.31660502526,2.297051437949E-13,
    73.535508200751));
#1182 = PCURVE('',#575,#1183);
#1183 = DEFINITIONAL_REPRESENTATION('',(#1184),#1210);
#1184 = B_SPLINE_CURVE_WITH_KNOTS('',3,(#1185,#1186,#1187,#1188,#1189,
    #1190,#1191,#1192,#1193,#1194,#1195,#1196,#1197,#1198,#1199,#1200,
    #1201,#1202,#1203,#1204,#1205,#1206,#1207,#1208,#1209),
  .UNSPECIFIED.,.F.,.F.,(4,1,1,1,1,1,1,1,1,1,1,1,1,1,1,1,1,1,1,1,1,1,4),
  (0.,2.909090943996,5.818181887992,8.727272831988,11.636363775985,
    14.545454719981,17.454545663977,20.363636607973,23.272727551969,
    26.181818495965,29.090909439961,32.000000383958,34.909091327954,
    37.81818227195,40.727273215946,43.636364159942,46.545455103938,
    49.454546047935,52.363636991931,55.272727935927,58.181818879923,
    61.090909823919,64.000000767915),.QUASI_UNIFORM_KNOTS.);
#1185 = CARTESIAN_POINT('',(-4.188790204786,-25.));
#1186 = CARTESIAN_POINT('',(-4.220523471951,-25.96969698133));
#1187 = CARTESIAN_POINT('',(-4.283990012381,-27.90909094399));
#1188 = CARTESIAN_POINT('',(-4.379189817244,-30.81818188799));
#1189 = CARTESIAN_POINT('',(-4.474389568184,-33.72727283198));
#1190 = CARTESIAN_POINT('',(-4.569589301236,-36.63636377598));
#1191 = CARTESIAN_POINT('',(-4.664789049786,-39.54545471998));
#1192 = CARTESIAN_POINT('',(-4.759988831855,-42.45454566397));
#1193 = CARTESIAN_POINT('',(-4.855188641778,-45.36363660797));
#1194 = CARTESIAN_POINT('',(-4.950388459019,-48.27272755197));
#1195 = CARTESIAN_POINT('',(-5.045588261258,-51.18181849596));
#1196 = CARTESIAN_POINT('',(-5.140788036025,-54.09090943996));
#1197 = CARTESIAN_POINT('',(-5.235987785979,-57.00000038396));
#1198 = CARTESIAN_POINT('',(-5.331187526632,-59.90909132795));
#1199 = CARTESIAN_POINT('',(-5.426387278197,-62.81818227195));
#1200 = CARTESIAN_POINT('',(-5.521587055364,-65.72727321594));
#1201 = CARTESIAN_POINT('',(-5.616786859523,-68.63636415994));
#1202 = CARTESIAN_POINT('',(-5.711986677068,-71.54545510393));
#1203 = CARTESIAN_POINT('',(-5.807186485347,-74.45454604793));
#1204 = CARTESIAN_POINT('',(-5.902386264487,-77.36363699193));
#1205 = CARTESIAN_POINT('',(-5.997586010958,-80.27272793592));
#1206 = CARTESIAN_POINT('',(-6.092785743245,-83.18181887992));
#1207 = CARTESIAN_POINT('',(-6.187985500838,-86.09090982392));
#1208 = CARTESIAN_POINT('',(-6.251452031764,-88.03030378658));
#1209 = CARTESIAN_POINT('',(-6.28318530718,-89.00000076791));
#1210 = ( GEOMETRIC_REPRESENTATION_CONTEXT(2) 
PARAMETRIC_REPRESENTATION_CONTEXT() REPRESENTATION_CONTEXT('2D SPACE',''
  ) );
#1211 = PCURVE('',#530,#1212);
#1212 = DEFINITIONAL_REPRESENTATION('',(#1213),#1217);
#1213 = LINE('',#1214,#1215);
#1214 = CARTESIAN_POINT('',(1.451606968785E-14,-1.560704338278E-15));
#1215 = VECTOR('',#1216,1.);
#1216 = DIRECTION('',(-4.324476513715E-17,1.));
#1217 = ( GEOMETRIC_REPRESENTATION_CONTEXT(2) 
PARAMETRIC_REPRESENTATION_CONTEXT() REPRESENTATION_CONTEXT('2D SPACE',''
  ) );
#1218 = ORIENTED_EDGE('',*,*,#556,.T.);
#1219 = ORIENTED_EDGE('',*,*,#1075,.F.);
#1220 = ORIENTED_EDGE('',*,*,#1221,.F.);
#1221 = EDGE_CURVE('',#1222,#1076,#1224,.T.);
#1222 = VERTEX_POINT('',#1223);
#1223 = CARTESIAN_POINT('',(-93.95642332398,0.,98.753181315145));
#1224 = SURFACE_CURVE('',#1225,(#1235,#1264),.PCURVE_S1.);
#1225 = B_SPLINE_CURVE_WITH_KNOTS('',8,(#1226,#1227,#1228,#1229,#1230,
    #1231,#1232,#1233,#1234),.UNSPECIFIED.,.F.,.F.,(9,9),(
    57.151721043875,116.48505555702),.PIECEWISE_BEZIER_KNOTS.);
#1226 = CARTESIAN_POINT('',(-93.95642374761,-1.859068454735E-13,
    98.753180363661));
#1227 = CARTESIAN_POINT('',(-87.18096013771,-12.6209090495,
    95.736553190323));
#1228 = CARTESIAN_POINT('',(-81.82940649591,-25.24180668118,
    89.521771865851));
#1229 = CARTESIAN_POINT('',(-77.90177651954,-36.72982283888,
    80.108805627972));
#1230 = CARTESIAN_POINT('',(-75.21915803286,-45.95216172274,
    67.899499064567));
#1231 = CARTESIAN_POINT('',(-73.42334033711,-51.98843909782,
    53.698400366336));
#1232 = CARTESIAN_POINT('',(-72.03481219704,-54.35018407475,
    38.582521129924));
#1233 = CARTESIAN_POINT('',(-70.55981042767,-53.03870799514,
    23.660861050419));
#1234 = CARTESIAN_POINT('',(-68.56870572226,-48.4644092027,
    9.898387780403));
#1235 = PCURVE('',#575,#1236);
#1236 = DEFINITIONAL_REPRESENTATION('',(#1237),#1263);
#1237 = B_SPLINE_CURVE_WITH_KNOTS('',3,(#1238,#1239,#1240,#1241,#1242,
    #1243,#1244,#1245,#1246,#1247,#1248,#1249,#1250,#1251,#1252,#1253,
    #1254,#1255,#1256,#1257,#1258,#1259,#1260,#1261,#1262),
  .UNSPECIFIED.,.F.,.F.,(4,1,1,1,1,1,1,1,1,1,1,1,1,1,1,1,1,1,1,1,1,1,4),
  (57.151721043875,59.848690794473,62.54566054507,65.242630295668,
    67.939600046266,70.636569796863,73.333539547461,76.030509298058,
    78.727479048656,81.424448799254,84.121418549851,86.818388300449,
    89.515358051046,92.212327801644,94.909297552242,97.606267302839,
    100.30323705343,103.00020680403,105.69717655463,108.39414630523,
    111.09111605582,113.78808580642,116.48505555702),
  .QUASI_UNIFORM_KNOTS.);
#1238 = CARTESIAN_POINT('',(-6.28318530718,-151.0000012051));
#1239 = CARTESIAN_POINT('',(-6.253765938751,-150.1010112882));
#1240 = CARTESIAN_POINT('',(-6.194927210033,-148.3030314544));
#1241 = CARTESIAN_POINT('',(-6.106669120899,-145.6060617049));
#1242 = CARTESIAN_POINT('',(-6.018411009829,-142.9090919582));
#1243 = CARTESIAN_POINT('',(-5.930152869853,-140.2121222145));
#1244 = CARTESIAN_POINT('',(-5.841894709249,-137.5151524722));
#1245 = CARTESIAN_POINT('',(-5.753636545496,-134.8181827283));
#1246 = CARTESIAN_POINT('',(-5.665378395766,-132.1212129795));
#1247 = CARTESIAN_POINT('',(-5.577120269453,-129.424243223));
#1248 = CARTESIAN_POINT('',(-5.488862164772,-126.7272734576));
#1249 = CARTESIAN_POINT('',(-5.400604070209,-124.0303036842));
#1250 = CARTESIAN_POINT('',(-5.31234596983,-121.3333339058));
#1251 = CARTESIAN_POINT('',(-5.224087850262,-118.636364127));
#1252 = CARTESIAN_POINT('',(-5.135829706712,-115.9393943535));
#1253 = CARTESIAN_POINT('',(-5.047571545635,-113.2424245904));
#1254 = CARTESIAN_POINT('',(-4.959313382677,-110.5454548413));
#1255 = CARTESIAN_POINT('',(-4.871055236116,-107.8484851068));
#1256 = CARTESIAN_POINT('',(-4.782797117692,-105.1515153835));
#1257 = CARTESIAN_POINT('',(-4.694539024693,-102.4545456641));
#1258 = CARTESIAN_POINT('',(-4.606280936855,-99.7575759384));
#1259 = CARTESIAN_POINT('',(-4.518022826359,-97.06060619697));
#1260 = CARTESIAN_POINT('',(-4.429764669126,-94.36363643374));
#1261 = CARTESIAN_POINT('',(-4.370925896613,-92.5656565884));
#1262 = CARTESIAN_POINT('',(-4.341506514336,-91.66666666666));
#1263 = ( GEOMETRIC_REPRESENTATION_CONTEXT(2) 
PARAMETRIC_REPRESENTATION_CONTEXT() REPRESENTATION_CONTEXT('2D SPACE',''
  ) );
#1264 = PCURVE('',#1139,#1265);
#1265 = DEFINITIONAL_REPRESENTATION('',(#1266),#1292);
#1266 = B_SPLINE_CURVE_WITH_KNOTS('',3,(#1267,#1268,#1269,#1270,#1271,
    #1272,#1273,#1274,#1275,#1276,#1277,#1278,#1279,#1280,#1281,#1282,
    #1283,#1284,#1285,#1286,#1287,#1288,#1289,#1290,#1291),
  .UNSPECIFIED.,.F.,.F.,(4,1,1,1,1,1,1,1,1,1,1,1,1,1,1,1,1,1,1,1,1,1,4),
  (57.151721043875,59.848690794473,62.54566054507,65.242630295668,
    67.939600046266,70.636569796863,73.333539547461,76.030509298058,
    78.727479048656,81.424448799254,84.121418549851,86.818388300449,
    89.515358051046,92.212327801644,94.909297552242,97.606267302839,
    100.30323705343,103.00020680403,105.69717655463,108.39414630523,
    111.09111605582,113.78808580642,116.48505555702),
  .QUASI_UNIFORM_KNOTS.);
#1267 = CARTESIAN_POINT('',(44.,59.333334538484));
#1268 = CARTESIAN_POINT('',(44.,58.434344621611));
#1269 = CARTESIAN_POINT('',(44.,56.636364787887));
#1270 = CARTESIAN_POINT('',(44.,53.939395037327));
#1271 = CARTESIAN_POINT('',(44.,51.242425286845));
#1272 = CARTESIAN_POINT('',(44.,48.545455536188));
#1273 = CARTESIAN_POINT('',(44.,45.848485784687));
#1274 = CARTESIAN_POINT('',(44.,43.151516031303));
#1275 = CARTESIAN_POINT('',(44.,40.45454627489));
#1276 = CARTESIAN_POINT('',(44.,37.757576514601));
#1277 = CARTESIAN_POINT('',(44.,35.060606750315));
#1278 = CARTESIAN_POINT('',(44.,32.363636982953));
#1279 = CARTESIAN_POINT('',(44.,29.66666721456));
#1280 = CARTESIAN_POINT('',(44.,26.969697448087));
#1281 = CARTESIAN_POINT('',(44.,24.272727686842));
#1282 = CARTESIAN_POINT('',(44.,21.575757933708));
#1283 = CARTESIAN_POINT('',(44.,18.878788190243));
#1284 = CARTESIAN_POINT('',(44.,16.181818455902));
#1285 = CARTESIAN_POINT('',(44.,13.484848727609));
#1286 = CARTESIAN_POINT('',(44.,10.787879000013));
#1287 = CARTESIAN_POINT('',(44.,8.090909266467));
#1288 = CARTESIAN_POINT('',(44.,5.393939521534));
#1289 = CARTESIAN_POINT('',(44.,2.696969762666));
#1290 = CARTESIAN_POINT('',(44.,0.898989920654));
#1291 = CARTESIAN_POINT('',(44.,0.));
#1292 = ( GEOMETRIC_REPRESENTATION_CONTEXT(2) 
PARAMETRIC_REPRESENTATION_CONTEXT() REPRESENTATION_CONTEXT('2D SPACE',''
  ) );
#1293 = ORIENTED_EDGE('',*,*,#1294,.F.);
#1294 = EDGE_CURVE('',#1169,#1222,#1295,.T.);
#1295 = SURFACE_CURVE('',#1296,(#1300,#1307),.PCURVE_S1.);
#1296 = LINE('',#1297,#1298);
#1297 = CARTESIAN_POINT('',(43.988941881007,0.,37.33594772052));
#1298 = VECTOR('',#1299,1.);
#1299 = DIRECTION('',(-0.913545457643,0.,0.406736643076));
#1300 = PCURVE('',#575,#1301);
#1301 = DEFINITIONAL_REPRESENTATION('',(#1302),#1306);
#1302 = LINE('',#1303,#1304);
#1303 = CARTESIAN_POINT('',(-6.28318530718,0.));
#1304 = VECTOR('',#1305,1.);
#1305 = DIRECTION('',(-0.,-1.));
#1306 = ( GEOMETRIC_REPRESENTATION_CONTEXT(2) 
PARAMETRIC_REPRESENTATION_CONTEXT() REPRESENTATION_CONTEXT('2D SPACE',''
  ) );
#1307 = PCURVE('',#1308,#1313);
#1308 = CYLINDRICAL_SURFACE('',#1309,52.);
#1309 = AXIS2_PLACEMENT_3D('',#1310,#1311,#1312);
#1310 = CARTESIAN_POINT('',(22.838636441065,0.,-10.16841607689));
#1311 = DIRECTION('',(0.913545457643,-0.,-0.406736643076));
#1312 = DIRECTION('',(0.406736643076,0.,0.913545457643));
#1313 = DEFINITIONAL_REPRESENTATION('',(#1314),#1318);
#1314 = LINE('',#1315,#1316);
#1315 = CARTESIAN_POINT('',(-0.,0.));
#1316 = VECTOR('',#1317,1.);
#1317 = DIRECTION('',(-0.,-1.));
#1318 = ( GEOMETRIC_REPRESENTATION_CONTEXT(2) 
PARAMETRIC_REPRESENTATION_CONTEXT() REPRESENTATION_CONTEXT('2D SPACE',''
  ) );
#1319 = ADVANCED_FACE('',(#1320),#530,.F.);
#1320 = FACE_BOUND('',#1321,.F.);
#1321 = EDGE_LOOP('',(#1322,#1354,#1355,#1356,#1385));
#1322 = ORIENTED_EDGE('',*,*,#1323,.F.);
#1323 = EDGE_CURVE('',#1169,#1324,#1326,.T.);
#1324 = VERTEX_POINT('',#1325);
#1325 = CARTESIAN_POINT('',(-39.83320836721,4.532098622878,
    74.43937155626));
#1326 = SURFACE_CURVE('',#1327,(#1337,#1344),.PCURVE_S1.);
#1327 = B_SPLINE_CURVE_WITH_KNOTS('',8,(#1328,#1329,#1330,#1331,#1332,
    #1333,#1334,#1335,#1336),.UNSPECIFIED.,.F.,.F.,(9,9),(0.,
    66.666666666667),.PIECEWISE_BEZIER_KNOTS.);
#1328 = CARTESIAN_POINT('',(-10.57515271997,-45.03332099679,
    -23.7521818987));
#1329 = CARTESIAN_POINT('',(-13.19292599195,-52.12372108301,
    -9.143519136865));
#1330 = CARTESIAN_POINT('',(-14.91184718492,-55.38654839635,
    7.483998448736));
#1331 = CARTESIAN_POINT('',(-16.29823442829,-54.0184923492,
    24.858399513684));
#1332 = CARTESIAN_POINT('',(-18.05977267862,-47.82244218279,
    41.390197621285));
#1333 = CARTESIAN_POINT('',(-20.91572689739,-37.40280166544,
    55.463897217765));
#1334 = CARTESIAN_POINT('',(-25.39287209945,-24.10683532873,
    65.896342248302));
#1335 = CARTESIAN_POINT('',(-31.71762821048,-9.594739323619,
    72.178985233391));
#1336 = CARTESIAN_POINT('',(-39.83320836721,4.532098622878,
    74.43937155626));
#1337 = PCURVE('',#530,#1338);
#1338 = DEFINITIONAL_REPRESENTATION('',(#1339),#1343);
#1339 = LINE('',#1340,#1341);
#1340 = CARTESIAN_POINT('',(0.,0.));
#1341 = VECTOR('',#1342,1.);
#1342 = DIRECTION('',(0.,1.));
#1343 = ( GEOMETRIC_REPRESENTATION_CONTEXT(2) 
PARAMETRIC_REPRESENTATION_CONTEXT() REPRESENTATION_CONTEXT('2D SPACE',''
  ) );
#1344 = PCURVE('',#1308,#1345);
#1345 = DEFINITIONAL_REPRESENTATION('',(#1346),#1353);
#1346 = B_SPLINE_CURVE_WITH_KNOTS('',5,(#1347,#1348,#1349,#1350,#1351,
    #1352),.UNSPECIFIED.,.F.,.F.,(6,6),(64.000000767918,66.666666666667)
  ,.PIECEWISE_BEZIER_KNOTS.);
#1347 = CARTESIAN_POINT('',(-4.415271666229E-15,-89.00000076791));
#1348 = CARTESIAN_POINT('',(-1.745329376196E-02,-89.53333394766));
#1349 = CARTESIAN_POINT('',(-3.490658955037E-02,-90.06666712741));
#1350 = CARTESIAN_POINT('',(-5.235988264381E-02,-90.60000030716));
#1351 = CARTESIAN_POINT('',(-6.981317510579E-02,-91.13333348691));
#1352 = CARTESIAN_POINT('',(-8.726646259972E-02,-91.66666666666));
#1353 = ( GEOMETRIC_REPRESENTATION_CONTEXT(2) 
PARAMETRIC_REPRESENTATION_CONTEXT() REPRESENTATION_CONTEXT('2D SPACE',''
  ) );
#1354 = ORIENTED_EDGE('',*,*,#1168,.F.);
#1355 = ORIENTED_EDGE('',*,*,#516,.T.);
#1356 = ORIENTED_EDGE('',*,*,#1357,.T.);
#1357 = EDGE_CURVE('',#422,#1358,#1360,.T.);
#1358 = VERTEX_POINT('',#1359);
#1359 = CARTESIAN_POINT('',(-22.00489732373,8.366951303775,
    114.48241377651));
#1360 = SURFACE_CURVE('',#1361,(#1371,#1378),.PCURVE_S1.);
#1361 = B_SPLINE_CURVE_WITH_KNOTS('',8,(#1362,#1363,#1364,#1365,#1366,
    #1367,#1368,#1369,#1370),.UNSPECIFIED.,.F.,.F.,(9,9),(0.,
    66.666666666667),.PIECEWISE_BEZIER_KNOTS.);
#1362 = CARTESIAN_POINT('',(-19.52335886763,-83.1384387633,
    -43.85018196684));
#1363 = CARTESIAN_POINT('',(-17.91450437355,-96.22840815326,
    -19.74835781282));
#1364 = CARTESIAN_POINT('',(-14.64623065668,-102.2520893471,
    8.080582938905));
#1365 = CARTESIAN_POINT('',(-10.76404810979,-99.72644741391,
    37.28838549866));
#1366 = CARTESIAN_POINT('',(-7.574452037278,-88.28758556822,
    64.940613367926));
#1367 = CARTESIAN_POINT('',(-6.405316214202,-69.05132615159,
    88.054813216663));
#1368 = CARTESIAN_POINT('',(-8.229148360261,-44.50492676073,
    104.44669694365));
#1369 = CARTESIAN_POINT('',(-13.46395449212,-17.71336490514,
    113.17740766367));
#1370 = CARTESIAN_POINT('',(-22.00489732373,8.366951303775,
    114.48241377651));
#1371 = PCURVE('',#530,#1372);
#1372 = DEFINITIONAL_REPRESENTATION('',(#1373),#1377);
#1373 = LINE('',#1374,#1375);
#1374 = CARTESIAN_POINT('',(44.,0.));
#1375 = VECTOR('',#1376,1.);
#1376 = DIRECTION('',(0.,1.));
#1377 = ( GEOMETRIC_REPRESENTATION_CONTEXT(2) 
PARAMETRIC_REPRESENTATION_CONTEXT() REPRESENTATION_CONTEXT('2D SPACE',''
  ) );
#1378 = PCURVE('',#445,#1379);
#1379 = DEFINITIONAL_REPRESENTATION('',(#1380),#1384);
#1380 = LINE('',#1381,#1382);
#1381 = CARTESIAN_POINT('',(0.,0.));
#1382 = VECTOR('',#1383,1.);
#1383 = DIRECTION('',(0.,1.));
#1384 = ( GEOMETRIC_REPRESENTATION_CONTEXT(2) 
PARAMETRIC_REPRESENTATION_CONTEXT() REPRESENTATION_CONTEXT('2D SPACE',''
  ) );
#1385 = ORIENTED_EDGE('',*,*,#1386,.F.);
#1386 = EDGE_CURVE('',#1324,#1358,#1387,.T.);
#1387 = SURFACE_CURVE('',#1388,(#1391,#1398),.PCURVE_S1.);
#1388 = B_SPLINE_CURVE_WITH_KNOTS('',1,(#1389,#1390),.UNSPECIFIED.,.F.,
  .F.,(2,2),(0.,44.),.PIECEWISE_BEZIER_KNOTS.);
#1389 = CARTESIAN_POINT('',(-39.83320836721,4.532098622878,
    74.43937155626));
#1390 = CARTESIAN_POINT('',(-22.00489732373,8.366951303775,
    114.48241377651));
#1391 = PCURVE('',#530,#1392);
#1392 = DEFINITIONAL_REPRESENTATION('',(#1393),#1397);
#1393 = LINE('',#1394,#1395);
#1394 = CARTESIAN_POINT('',(0.,66.666666666667));
#1395 = VECTOR('',#1396,1.);
#1396 = DIRECTION('',(1.,0.));
#1397 = ( GEOMETRIC_REPRESENTATION_CONTEXT(2) 
PARAMETRIC_REPRESENTATION_CONTEXT() REPRESENTATION_CONTEXT('2D SPACE',''
  ) );
#1398 = PCURVE('',#1399,#1418);
#1399 = B_SPLINE_SURFACE_WITH_KNOTS('',1,8,(
    (#1400,#1401,#1402,#1403,#1404,#1405,#1406,#1407,#1408)
    ,(#1409,#1410,#1411,#1412,#1413,#1414,#1415,#1416,#1417
  )),.UNSPECIFIED.,.F.,.F.,.F.,(2,2),(9,9),(0.,44.),(0.,66.666666666667)
  ,.PIECEWISE_BEZIER_KNOTS.);
#1400 = CARTESIAN_POINT('',(-39.83320836721,4.532098622878,
    74.43937155626));
#1401 = CARTESIAN_POINT('',(-47.94878852394,18.658936569375,
    76.699757879129));
#1402 = CARTESIAN_POINT('',(-57.85519650619,32.400622677169,
    74.937879050166));
#1403 = CARTESIAN_POINT('',(-69.49525192032,44.155853867248,
    69.282164336176));
#1404 = CARTESIAN_POINT('',(-82.52871654653,52.386321614632,
    60.496801290795));
#1405 = CARTESIAN_POINT('',(-96.34166221597,55.990125553286,
    49.960695157727));
#1406 = CARTESIAN_POINT('',(-110.1830627378,54.679120137726,
    39.360678379665));
#1407 = CARTESIAN_POINT('',(-123.3699062312,48.949553688481,
    30.230820758215));
#1408 = CARTESIAN_POINT('',(-135.4012152968,39.834311042187,
    23.696335955086));
#1409 = CARTESIAN_POINT('',(-22.00489732373,8.366951303775,
    114.48241377651));
#1410 = CARTESIAN_POINT('',(-30.54584015535,34.447267512693,
    115.78741988935));
#1411 = CARTESIAN_POINT('',(-42.39292666483,59.816534173235,
    109.66670572188));
#1412 = CARTESIAN_POINT('',(-57.44059304857,81.518499447227,
    96.357371458984));
#1413 = CARTESIAN_POINT('',(-75.06070720846,96.713209134704,
    77.270224891976));
#1414 = CARTESIAN_POINT('',(-94.1198632943,103.36638563683,
    54.95093724001));
#1415 = CARTESIAN_POINT('',(-113.2315514154,100.94606794657,
    32.513660704975));
#1416 = CARTESIAN_POINT('',(-131.1348265609,90.368406809504,
    12.79052415138));
#1417 = CARTESIAN_POINT('',(-146.9048073781,73.540266539422,
    -2.141154891469));
#1418 = DEFINITIONAL_REPRESENTATION('',(#1419),#1423);
#1419 = LINE('',#1420,#1421);
#1420 = CARTESIAN_POINT('',(0.,0.));
#1421 = VECTOR('',#1422,1.);
#1422 = DIRECTION('',(1.,0.));
#1423 = ( GEOMETRIC_REPRESENTATION_CONTEXT(2) 
PARAMETRIC_REPRESENTATION_CONTEXT() REPRESENTATION_CONTEXT('2D SPACE',''
  ) );
#1424 = ADVANCED_FACE('',(#1425),#445,.F.);
#1425 = FACE_BOUND('',#1426,.F.);
#1426 = EDGE_LOOP('',(#1427,#1428,#1429,#1458));
#1427 = ORIENTED_EDGE('',*,*,#1357,.F.);
#1428 = ORIENTED_EDGE('',*,*,#421,.T.);
#1429 = ORIENTED_EDGE('',*,*,#1430,.T.);
#1430 = EDGE_CURVE('',#382,#1431,#1433,.T.);
#1431 = VERTEX_POINT('',#1432);
#1432 = CARTESIAN_POINT('',(-22.31075758986,14.603845074232,
    113.79544037112));
#1433 = SURFACE_CURVE('',#1434,(#1444,#1451),.PCURVE_S1.);
#1434 = ( BOUNDED_CURVE() B_SPLINE_CURVE(8,(#1435,#1436,#1437,#1438,
    #1439,#1440,#1441,#1442,#1443),.UNSPECIFIED.,.F.,.F.) 
B_SPLINE_CURVE_WITH_KNOTS((9,9),(0.,66.666666666667),
.PIECEWISE_BEZIER_KNOTS.) CURVE() GEOMETRIC_REPRESENTATION_ITEM() 
RATIONAL_B_SPLINE_CURVE((1.000053547667,1.000053547667,1.000053547667,
    1.000053547667,1.000053547667,1.000053547667,1.000053547667,
1.000053547667,1.000053547667)) REPRESENTATION_ITEM('') );
#1435 = CARTESIAN_POINT('',(-17.26992164448,-86.09978318713,
    -38.78887909596));
#1436 = CARTESIAN_POINT('',(-15.33259419715,-97.67887402012,
    -13.94929260971));
#1437 = CARTESIAN_POINT('',(-11.92737680418,-101.9399720131,
    14.187228674505));
#1438 = CARTESIAN_POINT('',(-8.136992811956,-97.57133528193,
    43.18884830469));
#1439 = CARTESIAN_POINT('',(-5.274820545561,-84.41993022193,
    70.105670264755));
#1440 = CARTESIAN_POINT('',(-4.636207762685,-63.81271181495,
    92.028295855791));
#1441 = CARTESIAN_POINT('',(-7.125414317764,-38.38799119556,
    106.92572419171));
#1442 = CARTESIAN_POINT('',(-13.07801717489,-11.27139876223,
    114.04423707059));
#1443 = CARTESIAN_POINT('',(-22.31075758986,14.603845074232,
    113.79544037112));
#1444 = PCURVE('',#445,#1445);
#1445 = DEFINITIONAL_REPRESENTATION('',(#1446),#1450);
#1446 = LINE('',#1447,#1448);
#1447 = CARTESIAN_POINT('',(6.544984694977E-02,0.));
#1448 = VECTOR('',#1449,1.);
#1449 = DIRECTION('',(0.,1.));
#1450 = ( GEOMETRIC_REPRESENTATION_CONTEXT(2) 
PARAMETRIC_REPRESENTATION_CONTEXT() REPRESENTATION_CONTEXT('2D SPACE',''
  ) );
#1451 = PCURVE('',#395,#1452);
#1452 = DEFINITIONAL_REPRESENTATION('',(#1453),#1457);
#1453 = LINE('',#1454,#1455);
#1454 = CARTESIAN_POINT('',(0.,0.));
#1455 = VECTOR('',#1456,1.);
#1456 = DIRECTION('',(0.,1.));
#1457 = ( GEOMETRIC_REPRESENTATION_CONTEXT(2) 
PARAMETRIC_REPRESENTATION_CONTEXT() REPRESENTATION_CONTEXT('2D SPACE',''
  ) );
#1458 = ORIENTED_EDGE('',*,*,#1459,.F.);
#1459 = EDGE_CURVE('',#1358,#1431,#1460,.T.);
#1460 = SURFACE_CURVE('',#1461,(#1469,#1476),.PCURVE_S1.);
#1461 = ( BOUNDED_CURVE() B_SPLINE_CURVE(6,(#1462,#1463,#1464,#1465,
#1466,#1467,#1468),.UNSPECIFIED.,.F.,.F.) B_SPLINE_CURVE_WITH_KNOTS((7,7
),(0.,6.544984694977E-02),.PIECEWISE_BEZIER_KNOTS.) CURVE() 
GEOMETRIC_REPRESENTATION_ITEM() RATIONAL_B_SPLINE_CURVE((1.000053547667,
    1.000017847948,0.999996430156,0.999989291231,0.999996430156,
1.000017847948,1.000053547667)) REPRESENTATION_ITEM('') );
#1462 = CARTESIAN_POINT('',(-22.00489732373,8.366951303775,
    114.48241377651));
#1463 = CARTESIAN_POINT('',(-22.06969410089,9.401998006132,
    114.33687783219));
#1464 = CARTESIAN_POINT('',(-22.12897721925,10.439085759832,
    114.20372576828));
#1465 = CARTESIAN_POINT('',(-22.18273495576,11.47801475774,
    114.08298391519));
#1466 = CARTESIAN_POINT('',(-22.23095684941,12.518584768073,
    113.97467576875));
#1467 = CARTESIAN_POINT('',(-22.2736337039,13.560595184141,
    113.87882198418));
#1468 = CARTESIAN_POINT('',(-22.31075758986,14.603845074232,
    113.79544037112));
#1469 = PCURVE('',#445,#1470);
#1470 = DEFINITIONAL_REPRESENTATION('',(#1471),#1475);
#1471 = LINE('',#1472,#1473);
#1472 = CARTESIAN_POINT('',(0.,66.666666666667));
#1473 = VECTOR('',#1474,1.);
#1474 = DIRECTION('',(1.,0.));
#1475 = ( GEOMETRIC_REPRESENTATION_CONTEXT(2) 
PARAMETRIC_REPRESENTATION_CONTEXT() REPRESENTATION_CONTEXT('2D SPACE',''
  ) );
#1476 = PCURVE('',#1477,#1541);
#1477 = ( BOUNDED_SURFACE() B_SPLINE_SURFACE(6,8,(
    (#1478,#1479,#1480,#1481,#1482,#1483,#1484,#1485,#1486)
    ,(#1487,#1488,#1489,#1490,#1491,#1492,#1493,#1494,#1495)
    ,(#1496,#1497,#1498,#1499,#1500,#1501,#1502,#1503,#1504)
    ,(#1505,#1506,#1507,#1508,#1509,#1510,#1511,#1512,#1513)
    ,(#1514,#1515,#1516,#1517,#1518,#1519,#1520,#1521,#1522)
    ,(#1523,#1524,#1525,#1526,#1527,#1528,#1529,#1530,#1531)
    ,(#1532,#1533,#1534,#1535,#1536,#1537,#1538,#1539,#1540
)),.UNSPECIFIED.,.F.,.F.,.F.) B_SPLINE_SURFACE_WITH_KNOTS((7,7),(9,9),(
    0.,6.544984694977E-02),(0.,66.666666666667),
.PIECEWISE_BEZIER_KNOTS.) GEOMETRIC_REPRESENTATION_ITEM() 
RATIONAL_B_SPLINE_SURFACE((
    (1.000053547667,1.000053547667,1.000053547667,1.000053547667
      ,1.000053547667,1.000053547667,1.000053547667,1.000053547667
      ,1.000053547667)
    ,(1.000017847948,1.000017847948,1.000017847948,1.000017847948
      ,1.000017847948,1.000017847948,1.000017847948,1.000017847948
      ,1.000017847948)
    ,(0.999996430156,0.999996430156,0.999996430156,0.999996430156
      ,0.999996430156,0.999996430156,0.999996430156,0.999996430156
      ,0.999996430156)
    ,(0.999989291231,0.999989291231,0.999989291231,0.999989291231
      ,0.999989291231,0.999989291231,0.999989291231,0.999989291231
      ,0.999989291231)
    ,(0.999996430156,0.999996430156,0.999996430156,0.999996430156
      ,0.999996430156,0.999996430156,0.999996430156,0.999996430156
      ,0.999996430156)
    ,(1.000017847948,1.000017847948,1.000017847948,1.000017847948
      ,1.000017847948,1.000017847948,1.000017847948,1.000017847948
      ,1.000017847948)
    ,(1.000053547667,1.000053547667,1.000053547667,1.000053547667
      ,1.000053547667,1.000053547667,1.000053547667,1.000053547667
,1.000053547667))) REPRESENTATION_ITEM('') SURFACE() );
#1478 = CARTESIAN_POINT('',(-22.00489732373,8.366951303775,
    114.48241377651));
#1479 = CARTESIAN_POINT('',(-30.54584015535,34.447267512693,
    115.78741988935));
#1480 = CARTESIAN_POINT('',(-42.39292666483,59.816534173234,
    109.66670572188));
#1481 = CARTESIAN_POINT('',(-57.44059304857,81.518499447228,
    96.357371458981));
#1482 = CARTESIAN_POINT('',(-75.06070720846,96.713209134704,
    77.270224891979));
#1483 = CARTESIAN_POINT('',(-94.1198632943,103.36638563683,
    54.950937240008));
#1484 = CARTESIAN_POINT('',(-113.2315514154,100.94606794657,
    32.513660704976));
#1485 = CARTESIAN_POINT('',(-131.1348265609,90.368406809503,
    12.79052415138));
#1486 = CARTESIAN_POINT('',(-146.9048073781,73.540266539422,
    -2.141154891469));
#1487 = CARTESIAN_POINT('',(-22.06969410089,9.401998006132,
    114.33687783219));
#1488 = CARTESIAN_POINT('',(-30.72544453284,35.438869445364,
    115.38402185275));
#1489 = CARTESIAN_POINT('',(-42.68183168326,60.676717555141,
    109.0178144263));
#1490 = CARTESIAN_POINT('',(-57.82027835695,82.164224838057,
    95.504584293876));
#1491 = CARTESIAN_POINT('',(-75.50052680118,97.080273760981,
    76.282373912831));
#1492 = CARTESIAN_POINT('',(-94.58097311192,103.42237102423,
    53.915267632837));
#1493 = CARTESIAN_POINT('',(-113.6737413821,100.69604180165,
    31.520485778833));
#1494 = CARTESIAN_POINT('',(-131.5228424654,89.850529399657,
    11.919026160901));
#1495 = CARTESIAN_POINT('',(-147.2124974569,72.816089909268,
    -2.832238123264));
#1496 = CARTESIAN_POINT('',(-22.12897721925,10.439085759832,
    114.20372576828));
#1497 = CARTESIAN_POINT('',(-30.89976164538,36.436209212565,
    114.99249920764));
#1498 = CARTESIAN_POINT('',(-42.96614446395,61.546162089851,
    108.3792374656));
#1499 = CARTESIAN_POINT('',(-58.19650937375,82.822142205869,
    94.659555594632));
#1500 = CARTESIAN_POINT('',(-75.93837319527,97.461477640086,
    75.298954810403));
#1501 = CARTESIAN_POINT('',(-95.04176509309,103.49319418746,
    52.880311898005));
#1502 = CARTESIAN_POINT('',(-114.1172436152,100.46025763342,
    30.524363453933));
#1503 = CARTESIAN_POINT('',(-131.9135990736,89.345161925086,
    11.041372449336));
#1504 = CARTESIAN_POINT('',(-147.5240300761,72.101846878109,
    -3.531951842369));
#1505 = CARTESIAN_POINT('',(-22.18273495576,11.47801475774,
    114.08298391519));
#1506 = CARTESIAN_POINT('',(-31.06875760728,37.439094867202,
    114.61292806258));
#1507 = CARTESIAN_POINT('',(-43.24580995484,62.42470067292,
    107.75109848867));
#1508 = CARTESIAN_POINT('',(-58.56921338908,83.492125378609,
    93.822448670416));
#1509 = CARTESIAN_POINT('',(-76.37416188267,97.856748045523,
    74.320157392852));
#1510 = CARTESIAN_POINT('',(-95.50215039525,103.5788422686,
    51.846269579181));
#1511 = CARTESIAN_POINT('',(-114.5619726924,100.23876165588,
    29.52548559209));
#1512 = CARTESIAN_POINT('',(-132.3070212071,88.85240247384,
    10.157731869869));
#1513 = CARTESIAN_POINT('',(-147.8393453884,71.397675660389,
    -4.240161629088));
#1514 = CARTESIAN_POINT('',(-22.23095684941,12.518584768073,
    113.97467576875));
#1515 = CARTESIAN_POINT('',(-31.23239974776,38.447333191373,
    114.2453817973));
#1516 = CARTESIAN_POINT('',(-43.52077416445,63.312164119013,
    107.13351876237));
#1517 = CARTESIAN_POINT('',(-58.9383184973,84.174045425287,
    92.99342502395));
#1518 = CARTESIAN_POINT('',(-76.80780882372,98.26600903582,
    73.346170416338));
#1519 = CARTESIAN_POINT('',(-95.96204026697,103.67929902274,
    50.813340015364));
#1520 = CARTESIAN_POINT('',(-115.0078429093,100.03159681982,
    28.524044688478));
#1521 = CARTESIAN_POINT('',(-132.7030330771,88.372346255655,
    9.26827464677));
#1522 = CARTESIAN_POINT('',(-148.1583826808,70.70371217244,
    -4.956731120105));
#1523 = CARTESIAN_POINT('',(-22.2736337039,13.560595184141,
    113.87882198418));
#1524 = CARTESIAN_POINT('',(-31.39065661919,39.460729744289,
    113.88993104434));
#1525 = CARTESIAN_POINT('',(-43.79098417539,64.208381203798,
    106.52661714112));
#1526 = CARTESIAN_POINT('',(-59.30375361495,84.86777068778,
    92.172644311222));
#1527 = CARTESIAN_POINT('',(-77.2392304681,98.689181473191,
    72.377181538025));
#1528 = CARTESIAN_POINT('',(-96.42134606998,103.79454482174,
    49.781722291324));
#1529 = CARTESIAN_POINT('',(-115.4547683009,99.838802801914,
    27.520233823837));
#1530 = CARTESIAN_POINT('',(-133.1015583034,87.905085578051,
    8.373172333193));
#1531 = CARTESIAN_POINT('',(-148.4810803902,70.020089998506,
    -5.681522042226));
#1532 = CARTESIAN_POINT('',(-22.31075758986,14.603845074232,
    113.79544037112));
#1533 = CARTESIAN_POINT('',(-31.54349800482,40.479088910703,
    113.54664367166));
#1534 = CARTESIAN_POINT('',(-44.05638815737,65.113178706668,
    105.93051003765));
#1535 = CARTESIAN_POINT('',(-59.66544849843,85.573166813771,
    91.360264301977));
#1536 = CARTESIAN_POINT('',(-77.66834377547,99.126183043454,
    71.413377269497));
#1537 = CARTESIAN_POINT('',(-96.87997930125,103.92455665939,
    48.751615188166));
#1538 = CARTESIAN_POINT('',(-115.9026626627,99.660415995105,
    26.514246616418));
#1539 = CARTESIAN_POINT('',(-133.5025199329,87.450709823628,
    7.472597768433));
#1540 = CARTESIAN_POINT('',(-148.8073761184,69.346940357737,
    -6.414394246896));
#1541 = DEFINITIONAL_REPRESENTATION('',(#1542),#1546);
#1542 = LINE('',#1543,#1544);
#1543 = CARTESIAN_POINT('',(0.,0.));
#1544 = VECTOR('',#1545,1.);
#1545 = DIRECTION('',(1.,0.));
#1546 = ( GEOMETRIC_REPRESENTATION_CONTEXT(2) 
PARAMETRIC_REPRESENTATION_CONTEXT() REPRESENTATION_CONTEXT('2D SPACE',''
  ) );
#1547 = ADVANCED_FACE('',(#1548),#395,.F.);
#1548 = FACE_BOUND('',#1549,.F.);
#1549 = EDGE_LOOP('',(#1550,#1551,#1552,#1603,#1635));
#1550 = ORIENTED_EDGE('',*,*,#1430,.F.);
#1551 = ORIENTED_EDGE('',*,*,#381,.T.);
#1552 = ORIENTED_EDGE('',*,*,#1553,.F.);
#1553 = EDGE_CURVE('',#1554,#349,#1556,.T.);
#1554 = VERTEX_POINT('',#1555);
#1555 = CARTESIAN_POINT('',(-35.48951416085,0.,72.722036214391));
#1556 = SURFACE_CURVE('',#1557,(#1567,#1574),.PCURVE_S1.);
#1557 = B_SPLINE_CURVE_WITH_KNOTS('',8,(#1558,#1559,#1560,#1561,#1562,
    #1563,#1564,#1565,#1566),.UNSPECIFIED.,.F.,.F.,(9,9),(
    57.125125010717,119.12512635382),.PIECEWISE_BEZIER_KNOTS.);
#1558 = CARTESIAN_POINT('',(-35.48951485094,1.931788062848E-14,
    72.722034664415));
#1559 = CARTESIAN_POINT('',(-28.40953747432,-13.18814608828,
    69.56982544725));
#1560 = CARTESIAN_POINT('',(-22.88433497727,-26.37627400535,
    62.925534675415));
#1561 = CARTESIAN_POINT('',(-18.91390718164,-38.27174391015,
    52.78916274906));
#1562 = CARTESIAN_POINT('',(-16.28505782857,-47.58235469061,
    39.639556308382));
#1563 = CARTESIAN_POINT('',(-14.5703947733,-53.2796017174,
    24.436653816121));
#1564 = CARTESIAN_POINT('',(-13.20497465385,-54.87492850722,
    8.449338856383));
#1565 = CARTESIAN_POINT('',(-11.62360183273,-52.47034969318,
    -7.052938397919));
#1566 = CARTESIAN_POINT('',(-9.354540890764,-46.6373825597,
    -21.01064284364));
#1567 = PCURVE('',#395,#1568);
#1568 = DEFINITIONAL_REPRESENTATION('',(#1569),#1573);
#1569 = LINE('',#1570,#1571);
#1570 = CARTESIAN_POINT('',(44.,119.12512635378));
#1571 = VECTOR('',#1572,1.);
#1572 = DIRECTION('',(0.,-1.));
#1573 = ( GEOMETRIC_REPRESENTATION_CONTEXT(2) 
PARAMETRIC_REPRESENTATION_CONTEXT() REPRESENTATION_CONTEXT('2D SPACE',''
  ) );
#1574 = PCURVE('',#369,#1575);
#1575 = DEFINITIONAL_REPRESENTATION('',(#1576),#1602);
#1576 = B_SPLINE_CURVE_WITH_KNOTS('',3,(#1577,#1578,#1579,#1580,#1581,
    #1582,#1583,#1584,#1585,#1586,#1587,#1588,#1589,#1590,#1591,#1592,
    #1593,#1594,#1595,#1596,#1597,#1598,#1599,#1600,#1601),
  .UNSPECIFIED.,.F.,.F.,(4,1,1,1,1,1,1,1,1,1,1,1,1,1,1,1,1,1,1,1,1,1,4),
  (57.125125010717,59.943306889949,62.761488769181,65.579670648413,
    68.397852527646,71.216034406878,74.03421628611,76.852398165343,
    79.670580044575,82.488761923807,85.306943803039,88.125125682272,
    90.943307561504,93.761489440736,96.579671319968,99.397853199201,
    102.21603507843,105.03421695766,107.85239883689,110.67058071613,
    113.48876259536,116.30694447459,119.12512635382),
  .QUASI_UNIFORM_KNOTS.);
#1577 = CARTESIAN_POINT('',(-6.28318530718,-87.00000134307));
#1578 = CARTESIAN_POINT('',(-6.25244370565,-86.06060738332));
#1579 = CARTESIAN_POINT('',(-6.190960521757,-84.18181946383));
#1580 = CARTESIAN_POINT('',(-6.098735775102,-81.3636375846));
#1581 = CARTESIAN_POINT('',(-6.006511028476,-78.54545570538));
#1582 = CARTESIAN_POINT('',(-5.914286255652,-75.72727382617));
#1583 = CARTESIAN_POINT('',(-5.822061451679,-72.90909194696));
#1584 = CARTESIAN_POINT('',(-5.729836629183,-70.09091006775));
#1585 = CARTESIAN_POINT('',(-5.637611809059,-67.27272818854));
#1586 = CARTESIAN_POINT('',(-5.545387008981,-64.45454630932));
#1587 = CARTESIAN_POINT('',(-5.453162235386,-61.63636443009));
#1588 = CARTESIAN_POINT('',(-5.360937481357,-58.81818255084));
#1589 = CARTESIAN_POINT('',(-5.268712730544,-56.00000067157));
#1590 = CARTESIAN_POINT('',(-5.176487965073,-53.1818187923));
#1591 = CARTESIAN_POINT('',(-5.084263174076,-50.36363691302));
#1592 = CARTESIAN_POINT('',(-4.992038359307,-47.54545503376));
#1593 = CARTESIAN_POINT('',(-4.899813535212,-44.72727315451));
#1594 = CARTESIAN_POINT('',(-4.807588722773,-41.90909127528));
#1595 = CARTESIAN_POINT('',(-4.715363938777,-39.09090939607));
#1596 = CARTESIAN_POINT('',(-4.623139185032,-36.27272751688));
#1597 = CARTESIAN_POINT('',(-4.530914442255,-33.45454563769));
#1598 = CARTESIAN_POINT('',(-4.438689679365,-30.63636375848));
#1599 = CARTESIAN_POINT('',(-4.346464865712,-27.81818187925));
#1600 = CARTESIAN_POINT('',(-4.284981654066,-25.93939395975));
#1601 = CARTESIAN_POINT('',(-4.254240051736,-25.));
#1602 = ( GEOMETRIC_REPRESENTATION_CONTEXT(2) 
PARAMETRIC_REPRESENTATION_CONTEXT() REPRESENTATION_CONTEXT('2D SPACE',''
  ) );
#1603 = ORIENTED_EDGE('',*,*,#1604,.T.);
#1604 = EDGE_CURVE('',#1554,#1605,#1607,.T.);
#1605 = VERTEX_POINT('',#1606);
#1606 = CARTESIAN_POINT('',(-39.99888267803,7.910416081876,
    74.067260961677));
#1607 = SURFACE_CURVE('',#1608,(#1618,#1625),.PCURVE_S1.);
#1608 = B_SPLINE_CURVE_WITH_KNOTS('',8,(#1609,#1610,#1611,#1612,#1613,
    #1614,#1615,#1616,#1617),.UNSPECIFIED.,.F.,.F.,(9,9),(0.,
    66.666666666667),.PIECEWISE_BEZIER_KNOTS.);
#1609 = CARTESIAN_POINT('',(-9.354540890764,-46.6373825597,
    -21.01064284364));
#1610 = CARTESIAN_POINT('',(-11.79439131306,-52.90939009423,
    -6.002358818512));
#1611 = CARTESIAN_POINT('',(-13.43913468147,-55.21748484045,
    10.791764888853));
#1612 = CARTESIAN_POINT('',(-14.87524614196,-52.85113994438,
    28.054483533618));
#1613 = CARTESIAN_POINT('',(-16.81413895394,-45.72746220354,
    44.187936773734));
#1614 = CARTESIAN_POINT('',(-19.95745981949,-34.56521889976,
    57.61620031396));
#1615 = CARTESIAN_POINT('',(-24.79501615976,-20.79349523093,
    67.239148674333));
#1616 = CARTESIAN_POINT('',(-31.50857883032,-6.105340996213,
    72.648517828806));
#1617 = CARTESIAN_POINT('',(-39.99888267803,7.910416081876,
    74.067260961677));
#1618 = PCURVE('',#395,#1619);
#1619 = DEFINITIONAL_REPRESENTATION('',(#1620),#1624);
#1620 = LINE('',#1621,#1622);
#1621 = CARTESIAN_POINT('',(44.,0.));
#1622 = VECTOR('',#1623,1.);
#1623 = DIRECTION('',(0.,1.));
#1624 = ( GEOMETRIC_REPRESENTATION_CONTEXT(2) 
PARAMETRIC_REPRESENTATION_CONTEXT() REPRESENTATION_CONTEXT('2D SPACE',''
  ) );
#1625 = PCURVE('',#336,#1626);
#1626 = DEFINITIONAL_REPRESENTATION('',(#1627),#1634);
#1627 = B_SPLINE_CURVE_WITH_KNOTS('',5,(#1628,#1629,#1630,#1631,#1632,
    #1633),.UNSPECIFIED.,.F.,.F.,(6,6),(62.00000134307,66.666666666667),
  .PIECEWISE_BEZIER_KNOTS.);
#1628 = CARTESIAN_POINT('',(-3.885780712974E-16,-87.00000134307));
#1629 = CARTESIAN_POINT('',(-3.054325692283E-02,-87.93333440778));
#1630 = CARTESIAN_POINT('',(-6.108652319376E-02,-88.8666674725));
#1631 = CARTESIAN_POINT('',(-9.162978827879E-02,-89.80000053722));
#1632 = CARTESIAN_POINT('',(-0.12217305643,-90.73333360194));
#1633 = CARTESIAN_POINT('',(-0.15271630955,-91.66666666666));
#1634 = ( GEOMETRIC_REPRESENTATION_CONTEXT(2) 
PARAMETRIC_REPRESENTATION_CONTEXT() REPRESENTATION_CONTEXT('2D SPACE',''
  ) );
#1635 = ORIENTED_EDGE('',*,*,#1636,.F.);
#1636 = EDGE_CURVE('',#1431,#1605,#1637,.T.);
#1637 = SURFACE_CURVE('',#1638,(#1641,#1648),.PCURVE_S1.);
#1638 = B_SPLINE_CURVE_WITH_KNOTS('',1,(#1639,#1640),.UNSPECIFIED.,.F.,
  .F.,(2,2),(0.,44.),.PIECEWISE_BEZIER_KNOTS.);
#1639 = CARTESIAN_POINT('',(-22.31075758986,14.603845074232,
    113.79544037112));
#1640 = CARTESIAN_POINT('',(-39.99888267803,7.910416081876,
    74.067260961677));
#1641 = PCURVE('',#395,#1642);
#1642 = DEFINITIONAL_REPRESENTATION('',(#1643),#1647);
#1643 = LINE('',#1644,#1645);
#1644 = CARTESIAN_POINT('',(0.,66.666666666667));
#1645 = VECTOR('',#1646,1.);
#1646 = DIRECTION('',(1.,0.));
#1647 = ( GEOMETRIC_REPRESENTATION_CONTEXT(2) 
PARAMETRIC_REPRESENTATION_CONTEXT() REPRESENTATION_CONTEXT('2D SPACE',''
  ) );
#1648 = PCURVE('',#1649,#1668);
#1649 = B_SPLINE_SURFACE_WITH_KNOTS('',1,8,(
    (#1650,#1651,#1652,#1653,#1654,#1655,#1656,#1657,#1658)
    ,(#1659,#1660,#1661,#1662,#1663,#1664,#1665,#1666,#1667
  )),.UNSPECIFIED.,.F.,.F.,.F.,(2,2),(9,9),(0.,44.),(0.,66.666666666667)
  ,.PIECEWISE_BEZIER_KNOTS.);
#1650 = CARTESIAN_POINT('',(-22.31075758986,14.603845074232,
    113.79544037112));
#1651 = CARTESIAN_POINT('',(-31.54349800482,40.479088910703,
    113.54664367166));
#1652 = CARTESIAN_POINT('',(-44.05638815737,65.113178706668,
    105.93051003765));
#1653 = CARTESIAN_POINT('',(-59.66544849843,85.573166813772,
    91.360264301978));
#1654 = CARTESIAN_POINT('',(-77.66834377547,99.126183043452,
    71.413377269496));
#1655 = CARTESIAN_POINT('',(-96.87997930125,103.92455665939,
    48.751615188167));
#1656 = CARTESIAN_POINT('',(-115.9026626627,99.660415995104,
    26.514246616418));
#1657 = CARTESIAN_POINT('',(-133.5025199329,87.450709823629,
    7.472597768433));
#1658 = CARTESIAN_POINT('',(-148.8073761184,69.346940357737,
    -6.414394246896));
#1659 = CARTESIAN_POINT('',(-39.99888267803,7.910416081876,
    74.067260961677));
#1660 = CARTESIAN_POINT('',(-48.48918652574,21.926173159964,
    75.486004094547));
#1661 = CARTESIAN_POINT('',(-58.75623814798,35.269638466112,
    72.914106387875));
#1662 = CARTESIAN_POINT('',(-70.70038195566,46.352132024126,
    66.575397959465));
#1663 = CARTESIAN_POINT('',(-83.94118635366,53.693349148537,
    57.32434216195));
#1664 = CARTESIAN_POINT('',(-97.83672505307,56.292468190504,
    46.602729046313));
#1665 = CARTESIAN_POINT('',(-111.6299146634,53.982725330681,
    36.110995748363));
#1666 = CARTESIAN_POINT('',(-124.6524068078,47.369134487799,
    27.350277300786));
#1667 = CARTESIAN_POINT('',(-136.4317733645,37.562926027107,
    21.381664637564));
#1668 = DEFINITIONAL_REPRESENTATION('',(#1669),#1673);
#1669 = LINE('',#1670,#1671);
#1670 = CARTESIAN_POINT('',(0.,0.));
#1671 = VECTOR('',#1672,1.);
#1672 = DIRECTION('',(1.,0.));
#1673 = ( GEOMETRIC_REPRESENTATION_CONTEXT(2) 
PARAMETRIC_REPRESENTATION_CONTEXT() REPRESENTATION_CONTEXT('2D SPACE',''
  ) );
#1674 = ADVANCED_FACE('',(#1675),#369,.F.);
#1675 = FACE_BOUND('',#1676,.T.);
#1676 = EDGE_LOOP('',(#1677,#1678,#1699));
#1677 = ORIENTED_EDGE('',*,*,#1553,.F.);
#1678 = ORIENTED_EDGE('',*,*,#1679,.F.);
#1679 = EDGE_CURVE('',#316,#1554,#1680,.T.);
#1680 = SURFACE_CURVE('',#1681,(#1685,#1692),.PCURVE_S1.);
#1681 = LINE('',#1682,#1683);
#1682 = CARTESIAN_POINT('',(43.988941881007,0.,37.33594772052));
#1683 = VECTOR('',#1684,1.);
#1684 = DIRECTION('',(-0.913545457643,0.,0.406736643076));
#1685 = PCURVE('',#369,#1686);
#1686 = DEFINITIONAL_REPRESENTATION('',(#1687),#1691);
#1687 = LINE('',#1688,#1689);
#1688 = CARTESIAN_POINT('',(-6.28318530718,0.));
#1689 = VECTOR('',#1690,1.);
#1690 = DIRECTION('',(-0.,-1.));
#1691 = ( GEOMETRIC_REPRESENTATION_CONTEXT(2) 
PARAMETRIC_REPRESENTATION_CONTEXT() REPRESENTATION_CONTEXT('2D SPACE',''
  ) );
#1692 = PCURVE('',#336,#1693);
#1693 = DEFINITIONAL_REPRESENTATION('',(#1694),#1698);
#1694 = LINE('',#1695,#1696);
#1695 = CARTESIAN_POINT('',(-0.,0.));
#1696 = VECTOR('',#1697,1.);
#1697 = DIRECTION('',(-0.,-1.));
#1698 = ( GEOMETRIC_REPRESENTATION_CONTEXT(2) 
PARAMETRIC_REPRESENTATION_CONTEXT() REPRESENTATION_CONTEXT('2D SPACE',''
  ) );
#1699 = ORIENTED_EDGE('',*,*,#348,.T.);
#1700 = ADVANCED_FACE('',(#1701),#336,.F.);
#1701 = FACE_BOUND('',#1702,.T.);
#1702 = EDGE_LOOP('',(#1703,#1704,#1705,#1706,#1757,#1827,#1897,#1920,
    #1990));
#1703 = ORIENTED_EDGE('',*,*,#315,.T.);
#1704 = ORIENTED_EDGE('',*,*,#1679,.T.);
#1705 = ORIENTED_EDGE('',*,*,#1604,.T.);
#1706 = ORIENTED_EDGE('',*,*,#1707,.F.);
#1707 = EDGE_CURVE('',#1708,#1605,#1710,.T.);
#1708 = VERTEX_POINT('',#1709);
#1709 = CARTESIAN_POINT('',(-136.4317733645,37.562926027107,
    21.381664637563));
#1710 = SURFACE_CURVE('',#1711,(#1721,#1750),.PCURVE_S1.);
#1711 = B_SPLINE_CURVE_WITH_KNOTS('',8,(#1712,#1713,#1714,#1715,#1716,
    #1717,#1718,#1719,#1720),.UNSPECIFIED.,.F.,.F.,(9,9),(
    57.125125013583,123.79179168024),.PIECEWISE_BEZIER_KNOTS.);
#1712 = CARTESIAN_POINT('',(-136.4317733645,37.562926027107,
    21.381664637564));
#1713 = CARTESIAN_POINT('',(-124.6524068078,47.369134487799,
    27.350277300786));
#1714 = CARTESIAN_POINT('',(-111.6299146634,53.982725330681,
    36.110995748362));
#1715 = CARTESIAN_POINT('',(-97.83672505307,56.292468190506,
    46.602729046312));
#1716 = CARTESIAN_POINT('',(-83.94118635372,53.693349148539,
    57.324342161967));
#1717 = CARTESIAN_POINT('',(-70.70038195566,46.352132024149,
    66.57539795947));
#1718 = CARTESIAN_POINT('',(-58.75623814796,35.269638466099,
    72.914106387867));
#1719 = CARTESIAN_POINT('',(-48.48918652574,21.926173159963,
    75.486004094549));
#1720 = CARTESIAN_POINT('',(-39.99888267803,7.910416081876,
    74.067260961677));
#1721 = PCURVE('',#336,#1722);
#1722 = DEFINITIONAL_REPRESENTATION('',(#1723),#1749);
#1723 = B_SPLINE_CURVE_WITH_KNOTS('',3,(#1724,#1725,#1726,#1727,#1728,
    #1729,#1730,#1731,#1732,#1733,#1734,#1735,#1736,#1737,#1738,#1739,
    #1740,#1741,#1742,#1743,#1744,#1745,#1746,#1747,#1748),
  .UNSPECIFIED.,.F.,.F.,(4,1,1,1,1,1,1,1,1,1,1,1,1,1,1,1,1,1,1,1,1,1,4),
  (57.125125013583,60.155428043886,63.185731074189,66.216034104492,
    69.246337134795,72.276640165098,75.306943195401,78.337246225704,
    81.367549256007,84.39785228631,87.428155316613,90.458458346916,
    93.488761377219,96.519064407522,99.549367437825,102.57967046812,
    105.60997349843,108.64027652873,111.67057955903,114.70088258934,
    117.73118561964,120.76148864994,123.79179168024),
  .QUASI_UNIFORM_KNOTS.);
#1724 = CARTESIAN_POINT('',(-2.334377874542,-158.3333333333));
#1725 = CARTESIAN_POINT('',(-2.301322387521,-157.3232323232));
#1726 = CARTESIAN_POINT('',(-2.235211408783,-155.303030303));
#1727 = CARTESIAN_POINT('',(-2.136044949292,-152.2727272727));
#1728 = CARTESIAN_POINT('',(-2.036878547691,-149.2424242424));
#1729 = CARTESIAN_POINT('',(-1.937712160256,-146.2121212121));
#1730 = CARTESIAN_POINT('',(-1.838545750972,-143.1818181818));
#1731 = CARTESIAN_POINT('',(-1.739379304452,-140.1515151515));
#1732 = CARTESIAN_POINT('',(-1.640212832198,-137.1212121212));
#1733 = CARTESIAN_POINT('',(-1.541046359538,-134.0909090909));
#1734 = CARTESIAN_POINT('',(-1.441879909405,-131.0606060606));
#1735 = CARTESIAN_POINT('',(-1.342713490084,-128.0303030303));
#1736 = CARTESIAN_POINT('',(-1.243547092046,-125.));
#1737 = CARTESIAN_POINT('',(-1.144380694008,-121.9696969697));
#1738 = CARTESIAN_POINT('',(-1.045214274687,-118.9393939394));
#1739 = CARTESIAN_POINT('',(-0.946047824554,-115.909090909));
#1740 = CARTESIAN_POINT('',(-0.846881351894,-112.8787878787));
#1741 = CARTESIAN_POINT('',(-0.74771487964,-109.8484848484));
#1742 = CARTESIAN_POINT('',(-0.64854843312,-106.8181818181));
#1743 = CARTESIAN_POINT('',(-0.549382023836,-103.7878787878));
#1744 = CARTESIAN_POINT('',(-0.450215636401,-100.7575757575));
#1745 = CARTESIAN_POINT('',(-0.3510492348,-97.72727272727));
#1746 = CARTESIAN_POINT('',(-0.251882775309,-94.69696969697));
#1747 = CARTESIAN_POINT('',(-0.18577179657,-92.67676767676));
#1748 = CARTESIAN_POINT('',(-0.15271630955,-91.66666666666));
#1749 = ( GEOMETRIC_REPRESENTATION_CONTEXT(2) 
PARAMETRIC_REPRESENTATION_CONTEXT() REPRESENTATION_CONTEXT('2D SPACE',''
  ) );
#1750 = PCURVE('',#1649,#1751);
#1751 = DEFINITIONAL_REPRESENTATION('',(#1752),#1756);
#1752 = LINE('',#1753,#1754);
#1753 = CARTESIAN_POINT('',(44.,123.79179168024));
#1754 = VECTOR('',#1755,1.);
#1755 = DIRECTION('',(-5.329070518201E-16,-1.));
#1756 = ( GEOMETRIC_REPRESENTATION_CONTEXT(2) 
PARAMETRIC_REPRESENTATION_CONTEXT() REPRESENTATION_CONTEXT('2D SPACE',''
  ) );
#1757 = ORIENTED_EDGE('',*,*,#1758,.F.);
#1758 = EDGE_CURVE('',#1759,#1708,#1761,.T.);
#1759 = VERTEX_POINT('',#1760);
#1760 = CARTESIAN_POINT('',(-186.8353114275,-51.00083458096,
    72.079686984751));
#1761 = SURFACE_CURVE('',#1762,(#1772,#1801),.PCURVE_S1.);
#1762 = B_SPLINE_CURVE_WITH_KNOTS('',8,(#1763,#1764,#1765,#1766,#1767,
    #1768,#1769,#1770,#1771),.UNSPECIFIED.,.F.,.F.,(9,9),(
    57.125125040385,123.79179170704),.PIECEWISE_BEZIER_KNOTS.);
#1763 = CARTESIAN_POINT('',(-186.8353114275,-51.00083458096,
    72.079686984751));
#1764 = CARTESIAN_POINT('',(-184.8794560313,-48.23429770887,
    55.984332332551));
#1765 = CARTESIAN_POINT('',(-182.5729145469,-41.13294320844,
    40.676631530543));
#1766 = CARTESIAN_POINT('',(-179.2744745445,-30.01084769646,
    27.596771276133));
#1767 = CARTESIAN_POINT('',(-174.3992091188,-15.86701751726,
    18.058518908366));
#1768 = CARTESIAN_POINT('',(-167.5684353047,-0.321841462908,
    12.91241029237));
#1769 = CARTESIAN_POINT('',(-158.7474122182,14.757817754881,
    12.236474731906));
#1770 = CARTESIAN_POINT('',(-148.2111399212,27.756717566412,
    15.41305197434));
#1771 = CARTESIAN_POINT('',(-136.4317733645,37.562926027107,
    21.381664637563));
#1772 = PCURVE('',#336,#1773);
#1773 = DEFINITIONAL_REPRESENTATION('',(#1774),#1800);
#1774 = B_SPLINE_CURVE_WITH_KNOTS('',3,(#1775,#1776,#1777,#1778,#1779,
    #1780,#1781,#1782,#1783,#1784,#1785,#1786,#1787,#1788,#1789,#1790,
    #1791,#1792,#1793,#1794,#1795,#1796,#1797,#1798,#1799),
  .UNSPECIFIED.,.F.,.F.,(4,1,1,1,1,1,1,1,1,1,1,1,1,1,1,1,1,1,1,1,1,1,4),
  (57.125125040385,60.155428070688,63.185731100991,66.216034131294,
    69.246337161596,72.276640191899,75.306943222202,78.337246252505,
    81.367549282808,84.397852313111,87.428155343414,90.458458373717,
    93.488761404019,96.519064434322,99.549367464625,102.57967049492,
    105.60997352523,108.64027655553,111.67057958583,114.70088261614,
    117.73118564644,120.76148867674,123.79179170704),
  .QUASI_UNIFORM_KNOTS.);
#1775 = CARTESIAN_POINT('',(-4.516039439535,-225.));
#1776 = CARTESIAN_POINT('',(-4.482983952514,-223.9898989898));
#1777 = CARTESIAN_POINT('',(-4.416872973776,-221.9696969696));
#1778 = CARTESIAN_POINT('',(-4.317706514285,-218.9393939393));
#1779 = CARTESIAN_POINT('',(-4.218540112684,-215.909090909));
#1780 = CARTESIAN_POINT('',(-4.119373725249,-212.8787878787));
#1781 = CARTESIAN_POINT('',(-4.020207315965,-209.8484848484));
#1782 = CARTESIAN_POINT('',(-3.921040869445,-206.8181818181));
#1783 = CARTESIAN_POINT('',(-3.821874397191,-203.7878787878));
#1784 = CARTESIAN_POINT('',(-3.722707924531,-200.7575757575));
#1785 = CARTESIAN_POINT('',(-3.623541474398,-197.7272727272));
#1786 = CARTESIAN_POINT('',(-3.524375055077,-194.6969696969));
#1787 = CARTESIAN_POINT('',(-3.425208657039,-191.6666666666));
#1788 = CARTESIAN_POINT('',(-3.326042259001,-188.6363636363));
#1789 = CARTESIAN_POINT('',(-3.22687583968,-185.606060606));
#1790 = CARTESIAN_POINT('',(-3.127709389547,-182.5757575757));
#1791 = CARTESIAN_POINT('',(-3.028542916886,-179.5454545454));
#1792 = CARTESIAN_POINT('',(-2.929376444632,-176.5151515151));
#1793 = CARTESIAN_POINT('',(-2.830209998113,-173.4848484848));
#1794 = CARTESIAN_POINT('',(-2.731043588829,-170.4545454545));
#1795 = CARTESIAN_POINT('',(-2.631877201393,-167.4242424242));
#1796 = CARTESIAN_POINT('',(-2.532710799793,-164.3939393939));
#1797 = CARTESIAN_POINT('',(-2.433544340301,-161.3636363636));
#1798 = CARTESIAN_POINT('',(-2.367433361563,-159.3434343434));
#1799 = CARTESIAN_POINT('',(-2.334377874542,-158.3333333333));
#1800 = ( GEOMETRIC_REPRESENTATION_CONTEXT(2) 
PARAMETRIC_REPRESENTATION_CONTEXT() REPRESENTATION_CONTEXT('2D SPACE',''
  ) );
#1801 = PCURVE('',#1802,#1821);
#1802 = B_SPLINE_SURFACE_WITH_KNOTS('',1,8,(
    (#1803,#1804,#1805,#1806,#1807,#1808,#1809,#1810,#1811)
    ,(#1812,#1813,#1814,#1815,#1816,#1817,#1818,#1819,#1820
  )),.UNSPECIFIED.,.F.,.F.,.F.,(2,2),(9,9),(0.,44.),(0.,66.666666666667)
  ,.PIECEWISE_BEZIER_KNOTS.);
#1803 = CARTESIAN_POINT('',(-148.8073761184,69.346940357737,
    -6.414394246896));
#1804 = CARTESIAN_POINT('',(-164.1122323038,51.243170891845,
    -20.30138626222));
#1805 = CARTESIAN_POINT('',(-177.1221452405,27.245202009019,
    -29.03385134689));
#1806 = CARTESIAN_POINT('',(-186.9654442503,-0.594168854697,
    -30.65398510302));
#1807 = CARTESIAN_POINT('',(-193.1344369108,-29.29295541635,
    -24.02149167988));
#1808 = CARTESIAN_POINT('',(-195.6932602389,-55.40464190116,
    -9.280425176442));
#1809 = CARTESIAN_POINT('',(-195.3410212473,-75.9377413079,
    11.998994348473));
#1810 = CARTESIAN_POINT('',(-193.1575849915,-89.04793423177,
    37.391350268953));
#1811 = CARTESIAN_POINT('',(-190.3267282651,-94.15538691871,
    64.237836374405));
#1812 = CARTESIAN_POINT('',(-136.4317733645,37.562926027107,
    21.381664637563));
#1813 = CARTESIAN_POINT('',(-148.2111399212,27.756717566416,
    15.413051974341));
#1814 = CARTESIAN_POINT('',(-158.7474122182,14.757817754885,
    12.236474731893));
#1815 = CARTESIAN_POINT('',(-167.5684353048,-0.32184146296,
    12.912410292404));
#1816 = CARTESIAN_POINT('',(-174.3992091188,-15.86701751719,
    18.058518908355));
#1817 = CARTESIAN_POINT('',(-179.2744745445,-30.01084769646,
    27.596771276132));
#1818 = CARTESIAN_POINT('',(-182.5729145469,-41.13294320844,
    40.676631530542));
#1819 = CARTESIAN_POINT('',(-184.8794560313,-48.23429770887,
    55.98433233255));
#1820 = CARTESIAN_POINT('',(-186.8353114275,-51.00083458096,
    72.079686984751));
#1821 = DEFINITIONAL_REPRESENTATION('',(#1822),#1826);
#1822 = LINE('',#1823,#1824);
#1823 = CARTESIAN_POINT('',(44.,123.79179170705));
#1824 = VECTOR('',#1825,1.);
#1825 = DIRECTION('',(1.06581410364E-16,-1.));
#1826 = ( GEOMETRIC_REPRESENTATION_CONTEXT(2) 
PARAMETRIC_REPRESENTATION_CONTEXT() REPRESENTATION_CONTEXT('2D SPACE',''
  ) );
#1827 = ORIENTED_EDGE('',*,*,#1828,.T.);
#1828 = EDGE_CURVE('',#1759,#1829,#1831,.T.);
#1829 = VERTEX_POINT('',#1830);
#1830 = CARTESIAN_POINT('',(-210.8902481044,0.,150.81547439027));
#1831 = SURFACE_CURVE('',#1832,(#1842,#1871),.PCURVE_S1.);
#1832 = B_SPLINE_CURVE_WITH_KNOTS('',8,(#1833,#1834,#1835,#1836,#1837,
    #1838,#1839,#1840,#1841),.UNSPECIFIED.,.F.,.F.,(9,9),(0.,
    54.000001429743),.PIECEWISE_BEZIER_KNOTS.);
#1833 = CARTESIAN_POINT('',(-186.8353114275,-51.00083458096,
    72.079686984751));
#1834 = CARTESIAN_POINT('',(-188.4195543403,-53.24172950669,
    85.116924598217));
#1835 = CARTESIAN_POINT('',(-189.7736841912,-52.63856408381,
    98.671004611152));
#1836 = CARTESIAN_POINT('',(-191.2385085387,-49.0249313399,
    111.97646071388));
#1837 = CARTESIAN_POINT('',(-193.178342418,-42.52961701667,
    124.21502794011));
#1838 = CARTESIAN_POINT('',(-195.9292523432,-33.6053238027,
    134.63188854101));
#1839 = CARTESIAN_POINT('',(-199.7368117813,-22.97289389982,
    142.67547547875));
#1840 = CARTESIAN_POINT('',(-204.723809017,-11.48644103461,
    148.0700017504));
#1841 = CARTESIAN_POINT('',(-210.8902417067,3.857699512833E-06,
    150.81547262006));
#1842 = PCURVE('',#336,#1843);
#1843 = DEFINITIONAL_REPRESENTATION('',(#1844),#1870);
#1844 = B_SPLINE_CURVE_WITH_KNOTS('',3,(#1845,#1846,#1847,#1848,#1849,
    #1850,#1851,#1852,#1853,#1854,#1855,#1856,#1857,#1858,#1859,#1860,
    #1861,#1862,#1863,#1864,#1865,#1866,#1867,#1868,#1869),
  .UNSPECIFIED.,.F.,.F.,(4,1,1,1,1,1,1,1,1,1,1,1,1,1,1,1,1,1,1,1,1,1,4),
  (0.,2.454545519534,4.909091039068,7.363636558601,9.818182078135,
    12.272727597669,14.727273117203,17.181818636736,19.63636415627,
    22.090909675804,24.545455195338,27.000000714871,29.454546234405,
    31.909091753939,34.363637273473,36.818182793007,39.27272831254,
    41.727273832074,44.181819351608,46.636364871142,49.090910390675,
    51.545455910209,54.000001429743),.QUASI_UNIFORM_KNOTS.);
#1845 = CARTESIAN_POINT('',(-4.516039439535,-225.));
#1846 = CARTESIAN_POINT('',(-4.542814381917,-225.8181818398));
#1847 = CARTESIAN_POINT('',(-4.596364275839,-227.4545455195));
#1848 = CARTESIAN_POINT('',(-4.676689119377,-229.909091039));
#1849 = CARTESIAN_POINT('',(-4.757013925666,-232.3636365586));
#1850 = CARTESIAN_POINT('',(-4.837338707592,-234.8181820781));
#1851 = CARTESIAN_POINT('',(-4.917663485506,-237.2727275976));
#1852 = CARTESIAN_POINT('',(-4.997988278566,-239.7272731172));
#1853 = CARTESIAN_POINT('',(-5.078313095203,-242.1818186367));
#1854 = CARTESIAN_POINT('',(-5.158637932371,-244.6363641562));
#1855 = CARTESIAN_POINT('',(-5.238962778814,-247.0909096758));
#1856 = CARTESIAN_POINT('',(-5.319287620679,-249.5454551953));
#1857 = CARTESIAN_POINT('',(-5.399612447001,-252.0000007148));
#1858 = CARTESIAN_POINT('',(-5.47993725345,-254.4545462344));
#1859 = CARTESIAN_POINT('',(-5.560262043414,-256.9090917539));
#1860 = CARTESIAN_POINT('',(-5.640586826411,-259.3636372734));
#1861 = CARTESIAN_POINT('',(-5.720911614499,-261.818182793));
#1862 = CARTESIAN_POINT('',(-5.801236417882,-264.2727283125));
#1863 = CARTESIAN_POINT('',(-5.881561241102,-266.727273832));
#1864 = CARTESIAN_POINT('',(-5.96188608108,-269.1818193516));
#1865 = CARTESIAN_POINT('',(-6.04221092767,-271.6363648711));
#1866 = CARTESIAN_POINT('',(-6.122535767359,-274.0909103906));
#1867 = CARTESIAN_POINT('',(-6.202860587261,-276.5454559102));
#1868 = CARTESIAN_POINT('',(-6.256410452916,-278.1818195898));
#1869 = CARTESIAN_POINT('',(-6.283185381366,-279.0000014297));
#1870 = ( GEOMETRIC_REPRESENTATION_CONTEXT(2) 
PARAMETRIC_REPRESENTATION_CONTEXT() REPRESENTATION_CONTEXT('2D SPACE',''
  ) );
#1871 = PCURVE('',#1872,#1891);
#1872 = B_SPLINE_SURFACE_WITH_KNOTS('',1,8,(
    (#1873,#1874,#1875,#1876,#1877,#1878,#1879,#1880,#1881)
    ,(#1882,#1883,#1884,#1885,#1886,#1887,#1888,#1889,#1890
  )),.UNSPECIFIED.,.F.,.F.,.F.,(2,2),(9,9),(0.,44.),(0.,66.666666666667)
  ,.PIECEWISE_BEZIER_KNOTS.);
#1873 = CARTESIAN_POINT('',(-190.3267282651,-94.15538691871,
    64.237836374405));
#1874 = CARTESIAN_POINT('',(-187.4958715388,-99.26283960564,
    91.084322479857));
#1875 = CARTESIAN_POINT('',(-184.0175158153,-96.36759045866,
    119.38511514392));
#1876 = CARTESIAN_POINT('',(-181.0755801663,-84.89156430523,
    146.4810885945));
#1877 = CARTESIAN_POINT('',(-179.9548006652,-65.52268508764,
    169.48667836588));
#1878 = CARTESIAN_POINT('',(-181.7666970358,-40.36696254144,
    185.90537028348));
#1879 = CARTESIAN_POINT('',(-187.1069790735,-12.54821790723,
    194.39917824022));
#1880 = CARTESIAN_POINT('',(-195.9707504045,14.700883738538,
    194.97909967175));
#1881 = CARTESIAN_POINT('',(-207.8722130729,38.663682226439,
    188.73625465167));
#1882 = CARTESIAN_POINT('',(-186.8353114275,-51.00083458096,
    72.079686984751));
#1883 = CARTESIAN_POINT('',(-188.7911668237,-53.76737145305,
    88.175041636952));
#1884 = CARTESIAN_POINT('',(-190.3962935964,-52.19911149844,
    105.05814567507));
#1885 = CARTESIAN_POINT('',(-192.2919812428,-45.98293066533,
    121.28863930588));
#1886 = CARTESIAN_POINT('',(-195.1741284693,-35.49145442247,
    135.30350844379));
#1887 = CARTESIAN_POINT('',(-199.6448084596,-21.86543804328,
    145.75047457757));
#1888 = CARTESIAN_POINT('',(-206.026697353,-6.796951366418,
    151.90479523255));
#1889 = CARTESIAN_POINT('',(-214.3171429469,7.962978691708,
    153.77242735305));
#1890 = CARTESIAN_POINT('',(-224.2530046819,20.942827872654,
    151.94439431225));
#1891 = DEFINITIONAL_REPRESENTATION('',(#1892),#1896);
#1892 = LINE('',#1893,#1894);
#1893 = CARTESIAN_POINT('',(44.,4.531661301857E-15));
#1894 = VECTOR('',#1895,1.);
#1895 = DIRECTION('',(-5.263279384795E-16,1.));
#1896 = ( GEOMETRIC_REPRESENTATION_CONTEXT(2) 
PARAMETRIC_REPRESENTATION_CONTEXT() REPRESENTATION_CONTEXT('2D SPACE',''
  ) );
#1897 = ORIENTED_EDGE('',*,*,#1898,.F.);
#1898 = EDGE_CURVE('',#1899,#1829,#1901,.T.);
#1899 = VERTEX_POINT('',#1900);
#1900 = CARTESIAN_POINT('',(-95.78351442891,0.,99.566654685729));
#1901 = SURFACE_CURVE('',#1902,(#1906,#1913),.PCURVE_S1.);
#1902 = LINE('',#1903,#1904);
#1903 = CARTESIAN_POINT('',(43.988941881007,0.,37.33594772052));
#1904 = VECTOR('',#1905,1.);
#1905 = DIRECTION('',(-0.913545457643,0.,0.406736643076));
#1906 = PCURVE('',#336,#1907);
#1907 = DEFINITIONAL_REPRESENTATION('',(#1908),#1912);
#1908 = LINE('',#1909,#1910);
#1909 = CARTESIAN_POINT('',(-6.28318530718,0.));
#1910 = VECTOR('',#1911,1.);
#1911 = DIRECTION('',(-0.,-1.));
#1912 = ( GEOMETRIC_REPRESENTATION_CONTEXT(2) 
PARAMETRIC_REPRESENTATION_CONTEXT() REPRESENTATION_CONTEXT('2D SPACE',''
  ) );
#1913 = PCURVE('',#616,#1914);
#1914 = DEFINITIONAL_REPRESENTATION('',(#1915),#1919);
#1915 = LINE('',#1916,#1917);
#1916 = CARTESIAN_POINT('',(-0.,0.));
#1917 = VECTOR('',#1918,1.);
#1918 = DIRECTION('',(-0.,-1.));
#1919 = ( GEOMETRIC_REPRESENTATION_CONTEXT(2) 
PARAMETRIC_REPRESENTATION_CONTEXT() REPRESENTATION_CONTEXT('2D SPACE',''
  ) );
#1920 = ORIENTED_EDGE('',*,*,#1921,.F.);
#1921 = EDGE_CURVE('',#1922,#1899,#1924,.T.);
#1922 = VERTEX_POINT('',#1923);
#1923 = CARTESIAN_POINT('',(-69.84153582982,-47.1280049259,
    7.039564551892));
#1924 = SURFACE_CURVE('',#1925,(#1935,#1964),.PCURVE_S1.);
#1925 = B_SPLINE_CURVE_WITH_KNOTS('',8,(#1926,#1927,#1928,#1929,#1930,
    #1931,#1932,#1933,#1934),.UNSPECIFIED.,.F.,.F.,(9,9),(0.,
    61.333334746067),.PIECEWISE_BEZIER_KNOTS.);
#1926 = CARTESIAN_POINT('',(-69.84153582982,-47.1280049259,
    7.039564551892));
#1927 = CARTESIAN_POINT('',(-72.03613192666,-52.64162496236,
    20.959637021405));
#1928 = CARTESIAN_POINT('',(-73.58767865261,-54.76489298269,
    36.324022025414));
#1929 = CARTESIAN_POINT('',(-74.95765771438,-52.96915548659,
    52.096214680083));
#1930 = CARTESIAN_POINT('',(-76.69304476317,-47.18008483816,
    67.047687558327));
#1931 = CARTESIAN_POINT('',(-79.3365314482,-37.88758816012,
    79.959535259484));
#1932 = CARTESIAN_POINT('',(-83.29733595268,-26.09265554431,
    89.912638695052));
#1933 = CARTESIAN_POINT('',(-88.77966602386,-13.04633670947,
    96.448339755405));
#1934 = CARTESIAN_POINT('',(-95.78351510394,-9.042766535572E-14,
    99.566653169583));
#1935 = PCURVE('',#336,#1936);
#1936 = DEFINITIONAL_REPRESENTATION('',(#1937),#1963);
#1937 = B_SPLINE_CURVE_WITH_KNOTS('',3,(#1938,#1939,#1940,#1941,#1942,
    #1943,#1944,#1945,#1946,#1947,#1948,#1949,#1950,#1951,#1952,#1953,
    #1954,#1955,#1956,#1957,#1958,#1959,#1960,#1961,#1962),
  .UNSPECIFIED.,.F.,.F.,(4,1,1,1,1,1,1,1,1,1,1,1,1,1,1,1,1,1,1,1,1,1,4),
  (0.,2.787878852094,5.575757704188,8.363636556282,11.151515408376,
    13.93939426047,16.727273112564,19.515151964658,22.303030816751,
    25.090909668845,27.878788520939,30.666667373033,33.454546225127,
    36.242425077221,39.030303929315,41.818182781409,44.606061633503,
    47.393940485597,50.181819337691,52.969698189785,55.757577041879,
    58.545455893973,61.333334746067),.QUASI_UNIFORM_KNOTS.);
#1938 = CARTESIAN_POINT('',(-4.276056667386,-91.66666666666));
#1939 = CARTESIAN_POINT('',(-4.306467714721,-92.59595961736));
#1940 = CARTESIAN_POINT('',(-4.367289816642,-94.45454551876));
#1941 = CARTESIAN_POINT('',(-4.458522966332,-97.24242437085));
#1942 = CARTESIAN_POINT('',(-4.549756066341,-100.0303032229));
#1943 = CARTESIAN_POINT('',(-4.640989145603,-102.818182075));
#1944 = CARTESIAN_POINT('',(-4.73222223438,-105.6060609271));
#1945 = CARTESIAN_POINT('',(-4.823455352245,-108.3939397792));
#1946 = CARTESIAN_POINT('',(-4.91468849857,-111.1818186313));
#1947 = CARTESIAN_POINT('',(-5.005921657818,-113.9696974834));
#1948 = CARTESIAN_POINT('',(-5.097154809591,-116.7575763355));
#1949 = CARTESIAN_POINT('',(-5.188387938999,-119.5454551875));
#1950 = CARTESIAN_POINT('',(-5.279621042989,-122.3333340396));
#1951 = CARTESIAN_POINT('',(-5.370854130887,-125.1212128917));
#1952 = CARTESIAN_POINT('',(-5.462087219574,-127.9090917438));
#1953 = CARTESIAN_POINT('',(-5.553320325562,-130.6969705959));
#1954 = CARTESIAN_POINT('',(-5.644553457227,-133.484849448));
#1955 = CARTESIAN_POINT('',(-5.735786610379,-136.2727283001));
#1956 = CARTESIAN_POINT('',(-5.827019769322,-139.0606071522));
#1957 = CARTESIAN_POINT('',(-5.918252913633,-141.8484860043));
#1958 = CARTESIAN_POINT('',(-6.009486028725,-144.6363648564));
#1959 = CARTESIAN_POINT('',(-6.100719115599,-147.4242437085));
#1960 = CARTESIAN_POINT('',(-6.191952195497,-150.2121225606));
#1961 = CARTESIAN_POINT('',(-6.252774264288,-152.070708462));
#1962 = CARTESIAN_POINT('',(-6.28318530718,-153.0000014127));
#1963 = ( GEOMETRIC_REPRESENTATION_CONTEXT(2) 
PARAMETRIC_REPRESENTATION_CONTEXT() REPRESENTATION_CONTEXT('2D SPACE',''
  ) );
#1964 = PCURVE('',#1965,#1984);
#1965 = B_SPLINE_SURFACE_WITH_KNOTS('',1,8,(
    (#1966,#1967,#1968,#1969,#1970,#1971,#1972,#1973,#1974)
    ,(#1975,#1976,#1977,#1978,#1979,#1980,#1981,#1982,#1983
  )),.UNSPECIFIED.,.F.,.F.,.F.,(2,2),(9,9),(0.,44.),(0.,66.666666666667)
  ,.PIECEWISE_BEZIER_KNOTS.);
#1966 = CARTESIAN_POINT('',(-69.84153582982,-47.1280049259,
    7.039564551892));
#1967 = CARTESIAN_POINT('',(-72.22696631492,-53.12107004488,
    22.170077757199));
#1968 = CARTESIAN_POINT('',(-73.85265041383,-55.1085209626,
    39.007009284764));
#1969 = CARTESIAN_POINT('',(-75.31122815032,-52.41145487875,
    56.219267847437));
#1970 = CARTESIAN_POINT('',(-77.31467899092,-44.98515420681,
    72.207721381219));
#1971 = CARTESIAN_POINT('',(-80.55810510515,-33.58584725224,
    85.411144851645));
#1972 = CARTESIAN_POINT('',(-85.51851720448,-19.66854942676,
    94.758154659296));
#1973 = CARTESIAN_POINT('',(-92.36262060417,-4.935656715069,
    99.874324535648));
#1974 = CARTESIAN_POINT('',(-100.9770762431,9.02970523868,
    101.01421817971));
#1975 = CARTESIAN_POINT('',(-77.40488648546,-87.00554755551,
    -9.947999154629));
#1976 = CARTESIAN_POINT('',(-75.36709146177,-98.06966777516,
    15.11724120271));
#1977 = CARTESIAN_POINT('',(-71.92668772509,-101.7388079309,
    43.332792308835));
#1978 = CARTESIAN_POINT('',(-68.17777993473,-96.75960900692,
    72.241254864391));
#1979 = CARTESIAN_POINT('',(-65.43479172117,-83.04951545873,
    98.890385058912));
#1980 = CARTESIAN_POINT('',(-64.98098862817,-62.00464108106,
    120.39792129032));
#1981 = CARTESIAN_POINT('',(-67.69700581535,-36.31116817249,
    134.78592460583));
#1982 = CARTESIAN_POINT('',(-73.89060694165,-9.11198162782,
    141.36314650971));
#1983 = CARTESIAN_POINT('',(-83.35255066363,16.670225056025,
    140.59955075399));
#1984 = DEFINITIONAL_REPRESENTATION('',(#1985),#1989);
#1985 = LINE('',#1986,#1987);
#1986 = CARTESIAN_POINT('',(3.106560313185E-14,1.017945455406E-14));
#1987 = VECTOR('',#1988,1.);
#1988 = DIRECTION('',(-4.49322167709E-17,1.));
#1989 = ( GEOMETRIC_REPRESENTATION_CONTEXT(2) 
PARAMETRIC_REPRESENTATION_CONTEXT() REPRESENTATION_CONTEXT('2D SPACE',''
  ) );
#1990 = ORIENTED_EDGE('',*,*,#1991,.F.);
#1991 = EDGE_CURVE('',#276,#1922,#1992,.T.);
#1992 = SURFACE_CURVE('',#1993,(#2003,#2032),.PCURVE_S1.);
#1993 = B_SPLINE_CURVE_WITH_KNOTS('',8,(#1994,#1995,#1996,#1997,#1998,
    #1999,#2000,#2001,#2002),.UNSPECIFIED.,.F.,.F.,(9,9),(0.,
    66.666666666672),.PIECEWISE_BEZIER_KNOTS.);
#1994 = CARTESIAN_POINT('',(-10.57515271997,45.033320996791,
    -23.7521818987));
#1995 = CARTESIAN_POINT('',(-23.18313707536,37.942920910563,
    -31.58190060928));
#1996 = CARTESIAN_POINT('',(-34.89230691003,27.024894738616,
    -37.39284885337));
#1997 = CARTESIAN_POINT('',(-45.1365416113,13.083394175661,
    -39.9134989165));
#1998 = CARTESIAN_POINT('',(-53.49256756648,-2.473330314982,
    -38.19316269907));
#1999 = CARTESIAN_POINT('',(-59.81365005625,-17.81161481021,
    -31.90226862551));
#2000 = CARTESIAN_POINT('',(-64.31096777866,-31.13621542474,
    -21.51513181753));
#2001 = CARTESIAN_POINT('',(-67.45610534471,-41.13493980693,
    -8.090948653415));
#2002 = CARTESIAN_POINT('',(-69.84153582982,-47.1280049259,
    7.039564551892));
#2003 = PCURVE('',#336,#2004);
#2004 = DEFINITIONAL_REPRESENTATION('',(#2005),#2031);
#2005 = B_SPLINE_CURVE_WITH_KNOTS('',3,(#2006,#2007,#2008,#2009,#2010,
    #2011,#2012,#2013,#2014,#2015,#2016,#2017,#2018,#2019,#2020,#2021,
    #2022,#2023,#2024,#2025,#2026,#2027,#2028,#2029,#2030),
  .UNSPECIFIED.,.F.,.F.,(4,1,1,1,1,1,1,1,1,1,1,1,1,1,1,1,1,1,1,1,1,1,4),
  (0.,3.030303030303,6.060606060607,9.09090909091,12.121212121213,
    15.151515151516,18.18181818182,21.212121212123,24.242424242426,
    27.272727272729,30.303030303033,33.333333333336,36.363636363639,
    39.393939393942,42.424242424246,45.454545454549,48.484848484852,
    51.515151515155,54.545454545459,57.575757575762,60.606060606065,
    63.636363636368,66.666666666672),.QUASI_UNIFORM_KNOTS.);
#2006 = CARTESIAN_POINT('',(-2.094395102393,-25.));
#2007 = CARTESIAN_POINT('',(-2.127450589414,-26.0101010101));
#2008 = CARTESIAN_POINT('',(-2.193561568152,-28.0303030303));
#2009 = CARTESIAN_POINT('',(-2.292728027644,-31.0606060606));
#2010 = CARTESIAN_POINT('',(-2.391894429244,-34.09090909091));
#2011 = CARTESIAN_POINT('',(-2.491060816679,-37.12121212121));
#2012 = CARTESIAN_POINT('',(-2.590227225963,-40.15151515151));
#2013 = CARTESIAN_POINT('',(-2.689393672483,-43.18181818181));
#2014 = CARTESIAN_POINT('',(-2.788560144737,-46.21212121212));
#2015 = CARTESIAN_POINT('',(-2.887726617398,-49.24242424242));
#2016 = CARTESIAN_POINT('',(-2.986893067531,-52.27272727272));
#2017 = CARTESIAN_POINT('',(-3.086059486852,-55.30303030303));
#2018 = CARTESIAN_POINT('',(-3.18522588489,-58.33333333333));
#2019 = CARTESIAN_POINT('',(-3.284392282927,-61.36363636363));
#2020 = CARTESIAN_POINT('',(-3.383558702248,-64.39393939394));
#2021 = CARTESIAN_POINT('',(-3.482725152381,-67.42424242424));
#2022 = CARTESIAN_POINT('',(-3.581891625042,-70.45454545454));
#2023 = CARTESIAN_POINT('',(-3.681058097296,-73.48484848485));
#2024 = CARTESIAN_POINT('',(-3.780224543816,-76.51515151515));
#2025 = CARTESIAN_POINT('',(-3.8793909531,-79.54545454545));
#2026 = CARTESIAN_POINT('',(-3.978557340535,-82.57575757575));
#2027 = CARTESIAN_POINT('',(-4.077723742135,-85.60606060606));
#2028 = CARTESIAN_POINT('',(-4.176890201627,-88.63636363636));
#2029 = CARTESIAN_POINT('',(-4.243001180365,-90.65656565656));
#2030 = CARTESIAN_POINT('',(-4.276056667386,-91.66666666666));
#2031 = ( GEOMETRIC_REPRESENTATION_CONTEXT(2) 
PARAMETRIC_REPRESENTATION_CONTEXT() REPRESENTATION_CONTEXT('2D SPACE',''
  ) );
#2032 = PCURVE('',#289,#2033);
#2033 = DEFINITIONAL_REPRESENTATION('',(#2034),#2038);
#2034 = LINE('',#2035,#2036);
#2035 = CARTESIAN_POINT('',(3.905144394637E-15,-4.811199187755E-15));
#2036 = VECTOR('',#2037,1.);
#2037 = DIRECTION('',(2.116543027025E-16,1.));
#2038 = ( GEOMETRIC_REPRESENTATION_CONTEXT(2) 
PARAMETRIC_REPRESENTATION_CONTEXT() REPRESENTATION_CONTEXT('2D SPACE',''
  ) );
#2039 = ADVANCED_FACE('',(#2040),#289,.F.);
#2040 = FACE_BOUND('',#2041,.F.);
#2041 = EDGE_LOOP('',(#2042,#2043,#2044,#2073));
#2042 = ORIENTED_EDGE('',*,*,#1991,.F.);
#2043 = ORIENTED_EDGE('',*,*,#275,.T.);
#2044 = ORIENTED_EDGE('',*,*,#2045,.T.);
#2045 = EDGE_CURVE('',#181,#2046,#2048,.T.);
#2046 = VERTEX_POINT('',#2047);
#2047 = CARTESIAN_POINT('',(-77.40488648546,-87.00554755551,
    -9.947999154629));
#2048 = SURFACE_CURVE('',#2049,(#2059,#2066),.PCURVE_S1.);
#2049 = B_SPLINE_CURVE_WITH_KNOTS('',8,(#2050,#2051,#2052,#2053,#2054,
    #2055,#2056,#2057,#2058),.UNSPECIFIED.,.F.,.F.,(9,9),(0.,
    66.666666666667),.PIECEWISE_BEZIER_KNOTS.);
#2050 = CARTESIAN_POINT('',(-19.52335886763,83.138438763306,
    -43.85018196684));
#2051 = CARTESIAN_POINT('',(-36.35797098909,70.048469373349,
    -61.1730620696));
#2052 = CARTESIAN_POINT('',(-51.53323322612,49.892113363603,
    -74.76898131114));
#2053 = CARTESIAN_POINT('',(-64.00399983228,24.153958478149,
    -82.29050391091));
#2054 = CARTESIAN_POINT('',(-72.98884259948,-4.566148273816,
    -81.98251337732));
#2055 = CARTESIAN_POINT('',(-78.21686666132,-32.88298118802,
    -73.23656987865));
#2056 = CARTESIAN_POINT('',(-80.07794038342,-57.48224386109,
    -56.92833210095));
#2057 = CARTESIAN_POINT('',(-79.44268150916,-75.94142733587,
    -35.01323951196));
#2058 = CARTESIAN_POINT('',(-77.40488648546,-87.00554755551,
    -9.947999154629));
#2059 = PCURVE('',#289,#2060);
#2060 = DEFINITIONAL_REPRESENTATION('',(#2061),#2065);
#2061 = LINE('',#2062,#2063);
#2062 = CARTESIAN_POINT('',(44.,0.));
#2063 = VECTOR('',#2064,1.);
#2064 = DIRECTION('',(0.,1.));
#2065 = ( GEOMETRIC_REPRESENTATION_CONTEXT(2) 
PARAMETRIC_REPRESENTATION_CONTEXT() REPRESENTATION_CONTEXT('2D SPACE',''
  ) );
#2066 = PCURVE('',#204,#2067);
#2067 = DEFINITIONAL_REPRESENTATION('',(#2068),#2072);
#2068 = LINE('',#2069,#2070);
#2069 = CARTESIAN_POINT('',(0.,0.));
#2070 = VECTOR('',#2071,1.);
#2071 = DIRECTION('',(0.,1.));
#2072 = ( GEOMETRIC_REPRESENTATION_CONTEXT(2) 
PARAMETRIC_REPRESENTATION_CONTEXT() REPRESENTATION_CONTEXT('2D SPACE',''
  ) );
#2073 = ORIENTED_EDGE('',*,*,#2074,.F.);
#2074 = EDGE_CURVE('',#1922,#2046,#2075,.T.);
#2075 = SURFACE_CURVE('',#2076,(#2079,#2086),.PCURVE_S1.);
#2076 = B_SPLINE_CURVE_WITH_KNOTS('',1,(#2077,#2078),.UNSPECIFIED.,.F.,
  .F.,(2,2),(0.,44.),.PIECEWISE_BEZIER_KNOTS.);
#2077 = CARTESIAN_POINT('',(-69.84153582982,-47.1280049259,
    7.039564551892));
#2078 = CARTESIAN_POINT('',(-77.40488648546,-87.00554755551,
    -9.947999154629));
#2079 = PCURVE('',#289,#2080);
#2080 = DEFINITIONAL_REPRESENTATION('',(#2081),#2085);
#2081 = LINE('',#2082,#2083);
#2082 = CARTESIAN_POINT('',(0.,66.666666666667));
#2083 = VECTOR('',#2084,1.);
#2084 = DIRECTION('',(1.,0.));
#2085 = ( GEOMETRIC_REPRESENTATION_CONTEXT(2) 
PARAMETRIC_REPRESENTATION_CONTEXT() REPRESENTATION_CONTEXT('2D SPACE',''
  ) );
#2086 = PCURVE('',#1965,#2087);
#2087 = DEFINITIONAL_REPRESENTATION('',(#2088),#2092);
#2088 = LINE('',#2089,#2090);
#2089 = CARTESIAN_POINT('',(0.,0.));
#2090 = VECTOR('',#2091,1.);
#2091 = DIRECTION('',(1.,0.));
#2092 = ( GEOMETRIC_REPRESENTATION_CONTEXT(2) 
PARAMETRIC_REPRESENTATION_CONTEXT() REPRESENTATION_CONTEXT('2D SPACE',''
  ) );
#2093 = ADVANCED_FACE('',(#2094),#204,.F.);
#2094 = FACE_BOUND('',#2095,.F.);
#2095 = EDGE_LOOP('',(#2096,#2097,#2098,#2099));
#2096 = ORIENTED_EDGE('',*,*,#2045,.F.);
#2097 = ORIENTED_EDGE('',*,*,#180,.T.);
#2098 = ORIENTED_EDGE('',*,*,#1045,.T.);
#2099 = ORIENTED_EDGE('',*,*,#2100,.F.);
#2100 = EDGE_CURVE('',#2046,#1046,#2101,.T.);
#2101 = SURFACE_CURVE('',#2102,(#2110,#2117),.PCURVE_S1.);
#2102 = ( BOUNDED_CURVE() B_SPLINE_CURVE(6,(#2103,#2104,#2105,#2106,
#2107,#2108,#2109),.UNSPECIFIED.,.F.,.F.) B_SPLINE_CURVE_WITH_KNOTS((7,7
),(0.,6.544984694977E-02),.PIECEWISE_BEZIER_KNOTS.) CURVE() 
GEOMETRIC_REPRESENTATION_ITEM() RATIONAL_B_SPLINE_CURVE((1.000053547667,
    1.000017847948,0.999996430156,0.999989291231,0.999996430156,
1.000017847948,1.000053547667)) REPRESENTATION_ITEM('') );
#2103 = CARTESIAN_POINT('',(-77.40488648546,-87.00554755551,
    -9.947999154629));
#2104 = CARTESIAN_POINT('',(-77.0078988314,-87.38510533105,
    -9.056350284819));
#2105 = CARTESIAN_POINT('',(-76.61294905811,-87.77742333818,
    -8.169278570149));
#2106 = CARTESIAN_POINT('',(-76.22011340802,-88.18242663414,
    -7.286955253952));
#2107 = CARTESIAN_POINT('',(-75.82946764215,-88.60003737666,
    -6.409550498238));
#2108 = CARTESIAN_POINT('',(-75.4410870212,-89.0301748432,
    -5.537233341309));
#2109 = CARTESIAN_POINT('',(-75.05504628689,-89.47275545114,
    -4.67017165584));
#2110 = PCURVE('',#204,#2111);
#2111 = DEFINITIONAL_REPRESENTATION('',(#2112),#2116);
#2112 = LINE('',#2113,#2114);
#2113 = CARTESIAN_POINT('',(0.,66.666666666667));
#2114 = VECTOR('',#2115,1.);
#2115 = DIRECTION('',(1.,0.));
#2116 = ( GEOMETRIC_REPRESENTATION_CONTEXT(2) 
PARAMETRIC_REPRESENTATION_CONTEXT() REPRESENTATION_CONTEXT('2D SPACE',''
  ) );
#2117 = PCURVE('',#2118,#2182);
#2118 = ( BOUNDED_SURFACE() B_SPLINE_SURFACE(6,8,(
    (#2119,#2120,#2121,#2122,#2123,#2124,#2125,#2126,#2127)
    ,(#2128,#2129,#2130,#2131,#2132,#2133,#2134,#2135,#2136)
    ,(#2137,#2138,#2139,#2140,#2141,#2142,#2143,#2144,#2145)
    ,(#2146,#2147,#2148,#2149,#2150,#2151,#2152,#2153,#2154)
    ,(#2155,#2156,#2157,#2158,#2159,#2160,#2161,#2162,#2163)
    ,(#2164,#2165,#2166,#2167,#2168,#2169,#2170,#2171,#2172)
    ,(#2173,#2174,#2175,#2176,#2177,#2178,#2179,#2180,#2181
)),.UNSPECIFIED.,.F.,.F.,.F.) B_SPLINE_SURFACE_WITH_KNOTS((7,7),(9,9),(
    0.,6.544984694977E-02),(0.,66.666666666667),
.PIECEWISE_BEZIER_KNOTS.) GEOMETRIC_REPRESENTATION_ITEM() 
RATIONAL_B_SPLINE_SURFACE((
    (1.000053547667,1.000053547667,1.000053547667,1.000053547667
      ,1.000053547667,1.000053547667,1.000053547667,1.000053547667
      ,1.000053547667)
    ,(1.000017847948,1.000017847948,1.000017847948,1.000017847948
      ,1.000017847948,1.000017847948,1.000017847948,1.000017847948
      ,1.000017847948)
    ,(0.999996430156,0.999996430156,0.999996430156,0.999996430156
      ,0.999996430156,0.999996430156,0.999996430156,0.999996430156
      ,0.999996430156)
    ,(0.999989291231,0.999989291231,0.999989291231,0.999989291231
      ,0.999989291231,0.999989291231,0.999989291231,0.999989291231
      ,0.999989291231)
    ,(0.999996430156,0.999996430156,0.999996430156,0.999996430156
      ,0.999996430156,0.999996430156,0.999996430156,0.999996430156
      ,0.999996430156)
    ,(1.000017847948,1.000017847948,1.000017847948,1.000017847948
      ,1.000017847948,1.000017847948,1.000017847948,1.000017847948
      ,1.000017847948)
    ,(1.000053547667,1.000053547667,1.000053547667,1.000053547667
      ,1.000053547667,1.000053547667,1.000053547667,1.000053547667
,1.000053547667))) REPRESENTATION_ITEM('') SURFACE() );
#2119 = CARTESIAN_POINT('',(-77.40488648546,-87.00554755551,
    -9.947999154629));
#2120 = CARTESIAN_POINT('',(-75.36709146177,-98.06966777516,
    15.11724120271));
#2121 = CARTESIAN_POINT('',(-71.92668772509,-101.7388079309,
    43.332792308835));
#2122 = CARTESIAN_POINT('',(-68.17777993473,-96.75960900692,
    72.241254864391));
#2123 = CARTESIAN_POINT('',(-65.43479172118,-83.04951545873,
    98.890385058912));
#2124 = CARTESIAN_POINT('',(-64.98098862817,-62.00464108106,
    120.39792129032));
#2125 = CARTESIAN_POINT('',(-67.69700581535,-36.31116817249,
    134.78592460583));
#2126 = CARTESIAN_POINT('',(-73.89060694165,-9.11198162782,
    141.36314650971));
#2127 = CARTESIAN_POINT('',(-83.35255066363,16.670225056025,
    140.59955075399));
#2128 = CARTESIAN_POINT('',(-77.0078988314,-87.38510533105,
    -9.056350284819));
#2129 = CARTESIAN_POINT('',(-74.92800317853,-98.18305433112,
    16.10344963386));
#2130 = CARTESIAN_POINT('',(-71.47924055227,-101.5537618183,
    44.337775113367));
#2131 = CARTESIAN_POINT('',(-67.76048421451,-96.27404411636,
    73.178516397615));
#2132 = CARTESIAN_POINT('',(-65.08558551511,-82.29658200989,
    99.674715039388));
#2133 = CARTESIAN_POINT('',(-64.7307131877,-61.05083677469,
    120.96004913322));
#2134 = CARTESIAN_POINT('',(-67.56398110781,-35.24464232774,
    135.0847029908));
#2135 = CARTESIAN_POINT('',(-73.87901833726,-8.026877795822,
    141.38917494135));
#2136 = CARTESIAN_POINT('',(-83.45379268948,17.687448405551,
    140.37215744086));
#2137 = CARTESIAN_POINT('',(-76.61294905811,-87.77742333818,
    -8.169278570149));
#2138 = CARTESIAN_POINT('',(-74.48953740845,-98.31056747153,
    17.088259877555));
#2139 = CARTESIAN_POINT('',(-71.03082731036,-101.3831240944,
    45.344927744604));
#2140 = CARTESIAN_POINT('',(-67.34062108608,-95.80193010667,
    74.121544424062));
#2141 = CARTESIAN_POINT('',(-64.73238543766,-81.55491953047,
    100.46801540191));
#2142 = CARTESIAN_POINT('',(-64.475370144,-60.10512809496,
    121.53355899934));
#2143 = CARTESIAN_POINT('',(-67.42528361242,-34.18244338793,
    135.3962226659));
#2144 = CARTESIAN_POINT('',(-73.86165282809,-6.942193413596,
    141.42817851353));
#2145 = CARTESIAN_POINT('',(-83.5496143918,18.707886509323,
    140.15693837373));
#2146 = CARTESIAN_POINT('',(-76.22011340802,-88.18242663414,
    -7.286955253951));
#2147 = CARTESIAN_POINT('',(-74.05177870665,-98.45218337243,
    18.071482019899));
#2148 = CARTESIAN_POINT('',(-70.58153438696,-101.2269284241,
    46.35405617281));
#2149 = CARTESIAN_POINT('',(-66.9182713478,-95.34335870612,
    75.070157467689));
#2150 = CARTESIAN_POINT('',(-64.3752593603,-80.82467159211,
    101.27013370458));
#2151 = CARTESIAN_POINT('',(-64.21500844748,-59.16769777687,
    122.11834094424));
#2152 = CARTESIAN_POINT('',(-67.28093976175,-33.12477634177,
    135.7204242626));
#2153 = CARTESIAN_POINT('',(-73.83851345235,-5.858137595086,
    141.48015040237));
#2154 = CARTESIAN_POINT('',(-83.63999700907,19.731342832553,
    139.9539356916));
#2155 = CARTESIAN_POINT('',(-75.82946764215,-88.60003737666,
    -6.409550498238));
#2156 = CARTESIAN_POINT('',(-73.61481146841,-98.6078749876,
    19.052926505977));
#2157 = CARTESIAN_POINT('',(-70.13144837238,-101.0852051734,
    47.364965912983));
#2158 = CARTESIAN_POINT('',(-66.49351636769,-94.89841855102,
    76.024172772921));
#2159 = CARTESIAN_POINT('',(-64.01427605282,-80.10597916166,
    102.08091548794));
#2160 = CARTESIAN_POINT('',(-63.94967819604,-58.23872666791,
    122.7142824462));
#2161 = CARTESIAN_POINT('',(-67.13097727881,-32.07184514677,
    136.05724551398));
#2162 = CARTESIAN_POINT('',(-73.80960456731,-4.774919314843,
    141.54508082126));
#2163 = CARTESIAN_POINT('',(-83.724923022,20.757620146996,
    139.76318874351));
#2164 = CARTESIAN_POINT('',(-75.4410870212,-89.0301748432,
    -5.537233341309));
#2165 = CARTESIAN_POINT('',(-73.1787199082,-98.77761205509,
    20.032404187003));
#2166 = CARTESIAN_POINT('',(-69.68065603811,-100.9579814024,
    48.37746207316));
#2167 = CARTESIAN_POINT('',(-66.06643806328,-94.46719516343,
    76.983406349961));
#2168 = CARTESIAN_POINT('',(-63.64950516623,-79.398980566,
    102.90020431327));
#2169 = CARTESIAN_POINT('',(-63.6794306227,-57.31839368296,
    123.32126843397));
#2170 = CARTESIAN_POINT('',(-66.97542517027,-31.0238526785,
    136.40662127002));
#2171 = CARTESIAN_POINT('',(-73.77493184837,-3.692747356071,
    141.62295702305));
#2172 = CARTESIAN_POINT('',(-83.80437615788,21.786520579914,
    139.58473407851));
#2173 = CARTESIAN_POINT('',(-75.05504628689,-89.47275545114,
    -4.67017165584));
#2174 = CARTESIAN_POINT('',(-72.74358803874,-98.96136110492,
    21.009726367296));
#2175 = CARTESIAN_POINT('',(-69.22924431524,-100.8452808578,
    49.391349402885));
#2176 = CARTESIAN_POINT('',(-65.63711888121,-94.04977093022,
    77.947673020627));
#2177 = CARTESIAN_POINT('',(-63.28101721538,-78.70381145782,
    103.72784180162));
#2178 = CARTESIAN_POINT('',(-63.40431808281,-56.40687575999,
    123.93918131554));
#2179 = CARTESIAN_POINT('',(-66.81431371912,-29.9810006802,136.768483514
    ));
#2180 = CARTESIAN_POINT('',(-73.73450228753,-2.611830258755,
    141.71376330346));
#2181 = CARTESIAN_POINT('',(-83.87834139461,22.817845663313,
    139.41860543683));
#2182 = DEFINITIONAL_REPRESENTATION('',(#2183),#2187);
#2183 = LINE('',#2184,#2185);
#2184 = CARTESIAN_POINT('',(0.,0.));
#2185 = VECTOR('',#2186,1.);
#2186 = DIRECTION('',(1.,0.));
#2187 = ( GEOMETRIC_REPRESENTATION_CONTEXT(2) 
PARAMETRIC_REPRESENTATION_CONTEXT() REPRESENTATION_CONTEXT('2D SPACE',''
  ) );
#2188 = ADVANCED_FACE('',(#2189),#616,.F.);
#2189 = FACE_BOUND('',#2190,.T.);
#2190 = EDGE_LOOP('',(#2191,#2263,#2298,#2349,#2419,#2489,#2519,#2520,
    #2571,#2641,#2690,#2691));
#2191 = ORIENTED_EDGE('',*,*,#2192,.F.);
#2192 = EDGE_CURVE('',#2193,#2195,#2197,.T.);
#2193 = VERTEX_POINT('',#2194);
#2194 = CARTESIAN_POINT('',(-251.4384909712,-46.70644385765,
    136.91773549837));
#2195 = VERTEX_POINT('',#2196);
#2196 = CARTESIAN_POINT('',(-271.1842315486,0.,177.66008537111));
#2197 = SURFACE_CURVE('',#2198,(#2208,#2237),.PCURVE_S1.);
#2198 = B_SPLINE_CURVE_WITH_KNOTS('',8,(#2199,#2200,#2201,#2202,#2203,
    #2204,#2205,#2206,#2207),.UNSPECIFIED.,.F.,.F.,(9,9),(
    18.723284758374,53.333329905703),.PIECEWISE_BEZIER_KNOTS.);
#2199 = CARTESIAN_POINT('',(-251.7426882104,-47.08720679603,
    136.23449733129));
#2200 = CARTESIAN_POINT('',(-252.9834348199,-43.96354407725,
    144.08423811206));
#2201 = CARTESIAN_POINT('',(-254.4297507758,-39.76124024876,
    151.4722625813));
#2202 = CARTESIAN_POINT('',(-256.1644545391,-34.57570543632,
    158.21255743004));
#2203 = CARTESIAN_POINT('',(-258.2615755046,-28.54847454366,
    164.13884991522));
#2204 = CARTESIAN_POINT('',(-260.7810352914,-21.86107080843,
    169.11655387648));
#2205 = CARTESIAN_POINT('',(-263.7642722838,-14.72394796193,
    173.0525971793));
#2206 = CARTESIAN_POINT('',(-267.232006427,-7.361974257942,
    175.90044206442));
#2207 = CARTESIAN_POINT('',(-271.1842374517,-4.069120787986E-06,
    177.66008913671));
#2208 = PCURVE('',#616,#2209);
#2209 = DEFINITIONAL_REPRESENTATION('',(#2210),#2236);
#2210 = B_SPLINE_CURVE_WITH_KNOTS('',3,(#2211,#2212,#2213,#2214,#2215,
    #2216,#2217,#2218,#2219,#2220,#2221,#2222,#2223,#2224,#2225,#2226,
    #2227,#2228,#2229,#2230,#2231,#2232,#2233,#2234,#2235),
  .UNSPECIFIED.,.F.,.F.,(4,1,1,1,1,1,1,1,1,1,1,1,1,1,1,1,1,1,1,1,1,1,4),
  (18.723284758374,20.296468628707,21.86965249904,23.442836369373,
    25.016020239706,26.589204110039,28.162387980373,29.735571850706,
    31.308755721039,32.881939591372,34.455123461705,36.028307332038,
    37.601491202371,39.174675072705,40.747858943038,42.321042813371,
    43.894226683704,45.467410554037,47.04059442437,48.613778294703,
    50.186962165037,51.76014603537,53.333329905703),
  .QUASI_UNIFORM_KNOTS.);
#2211 = CARTESIAN_POINT('',(-5.150574086633,-310.389951425));
#2212 = CARTESIAN_POINT('',(-5.167734865529,-310.9143460484));
#2213 = CARTESIAN_POINT('',(-5.20205642523,-311.9631352953));
#2214 = CARTESIAN_POINT('',(-5.253538767035,-313.5363191657));
#2215 = CARTESIAN_POINT('',(-5.305021107507,-315.109503036));
#2216 = CARTESIAN_POINT('',(-5.356503443457,-316.6826869063));
#2217 = CARTESIAN_POINT('',(-5.407985772585,-318.2558707767));
#2218 = CARTESIAN_POINT('',(-5.459468093783,-319.829054647));
#2219 = CARTESIAN_POINT('',(-5.510950407245,-321.4022385173));
#2220 = CARTESIAN_POINT('',(-5.562432714397,-322.9754223877));
#2221 = CARTESIAN_POINT('',(-5.613915017641,-324.548606258));
#2222 = CARTESIAN_POINT('',(-5.665397319977,-326.1217901283));
#2223 = CARTESIAN_POINT('',(-5.716879624545,-327.6949739987));
#2224 = CARTESIAN_POINT('',(-5.768361934141,-329.268157869));
#2225 = CARTESIAN_POINT('',(-5.819844250794,-330.8413417393));
#2226 = CARTESIAN_POINT('',(-5.871326575423,-332.4145256097));
#2227 = CARTESIAN_POINT('',(-5.922808907668,-333.98770948));
#2228 = CARTESIAN_POINT('',(-5.974291245887,-335.5608933503));
#2229 = CARTESIAN_POINT('',(-6.025773587353,-337.1340772207));
#2230 = CARTESIAN_POINT('',(-6.077255928641,-338.707261091));
#2231 = CARTESIAN_POINT('',(-6.12873826614,-340.2804449613));
#2232 = CARTESIAN_POINT('',(-6.180220596731,-341.8536288317));
#2233 = CARTESIAN_POINT('',(-6.231702918179,-343.426812702));
#2234 = CARTESIAN_POINT('',(-6.266024459754,-344.4756019489));
#2235 = CARTESIAN_POINT('',(-6.283185228927,-344.9999965723));
#2236 = ( GEOMETRIC_REPRESENTATION_CONTEXT(2) 
PARAMETRIC_REPRESENTATION_CONTEXT() REPRESENTATION_CONTEXT('2D SPACE',''
  ) );
#2237 = PCURVE('',#2238,#2257);
#2238 = B_SPLINE_SURFACE_WITH_KNOTS('',1,8,(
    (#2239,#2240,#2241,#2242,#2243,#2244,#2245,#2246,#2247)
    ,(#2248,#2249,#2250,#2251,#2252,#2253,#2254,#2255,#2256
  )),.UNSPECIFIED.,.F.,.F.,.F.,(2,2),(9,9),(0.,44.),(0.,66.666666666667)
  ,.PIECEWISE_BEZIER_KNOTS.);
#2239 = CARTESIAN_POINT('',(-247.2848340347,-51.21000315663,
    100.21405861556));
#2240 = CARTESIAN_POINT('',(-249.217488408,-53.67247326444,
    116.36152361838));
#2241 = CARTESIAN_POINT('',(-250.8379598973,-51.78236715502,
    133.21016285872));
#2242 = CARTESIAN_POINT('',(-252.7901637128,-45.26103016825,
    149.31371909547));
#2243 = CARTESIAN_POINT('',(-255.7665266824,-34.51832288128,
    163.11697620972));
#2244 = CARTESIAN_POINT('',(-260.3588568903,-20.72702065023,
    173.29071148129));
#2245 = CARTESIAN_POINT('',(-266.8747400989,-5.596097036747,
    179.14407597679));
#2246 = CARTESIAN_POINT('',(-275.2959880271,9.123979987811,
    180.71792124425));
#2247 = CARTESIAN_POINT('',(-285.3464660291,21.976149610516,
    178.63245585308));
#2248 = CARTESIAN_POINT('',(-250.3925134166,-94.54154428917,
    93.234096442402));
#2249 = CARTESIAN_POINT('',(-247.5188240326,-99.08764294973,
    120.17678627206));
#2250 = CARTESIAN_POINT('',(-244.0687970167,-95.59821628619,
    148.41395161715));
#2251 = CARTESIAN_POINT('',(-241.2311989106,-83.55882492601,
    175.27557910947));
#2252 = CARTESIAN_POINT('',(-240.284356166,-63.72613455006,
    197.89050052948));
#2253 = CARTESIAN_POINT('',(-242.3208375536,-38.26526889274,
    213.80476623992));
#2254 = CARTESIAN_POINT('',(-247.9084937117,-10.33125606784,
    221.74296282531));
#2255 = CARTESIAN_POINT('',(-257.0137462754,16.844270746727,
    221.78050852815));
#2256 = CARTESIAN_POINT('',(-269.1268082058,40.571353127107,
    215.06240378431));
#2257 = DEFINITIONAL_REPRESENTATION('',(#2258),#2262);
#2258 = LINE('',#2259,#2260);
#2259 = CARTESIAN_POINT('',(6.924734919879E-14,-1.06581410364E-14));
#2260 = VECTOR('',#2261,1.);
#2261 = DIRECTION('',(-2.262964294252E-15,1.));
#2262 = ( GEOMETRIC_REPRESENTATION_CONTEXT(2) 
PARAMETRIC_REPRESENTATION_CONTEXT() REPRESENTATION_CONTEXT('2D SPACE',''
  ) );
#2263 = ORIENTED_EDGE('',*,*,#2264,.T.);
#2264 = EDGE_CURVE('',#2193,#2265,#2267,.T.);
#2265 = VERTEX_POINT('',#2266);
#2266 = CARTESIAN_POINT('',(-248.055040026,-50.93961920489,
    121.87769061409));
#2267 = SURFACE_CURVE('',#2268,(#2276,#2287),.PCURVE_S1.);
#2268 = B_SPLINE_CURVE_WITH_KNOTS('',6,(#2269,#2270,#2271,#2272,#2273,
    #2274,#2275),.UNSPECIFIED.,.F.,.F.,(7,7),(0.,1.),
  .PIECEWISE_BEZIER_KNOTS.);
#2269 = CARTESIAN_POINT('',(-250.5092441453,-45.54350923307,
    139.00444749276));
#2270 = CARTESIAN_POINT('',(-250.0375731324,-46.80387639168,
    136.2906672636));
#2271 = CARTESIAN_POINT('',(-249.5967928636,-47.92640636413,
    133.50746764286));
#2272 = CARTESIAN_POINT('',(-249.1826893819,-48.90534297486,
    130.66439385003));
#2273 = CARTESIAN_POINT('',(-248.7907944858,-49.73603690513,
    127.77143346111));
#2274 = CARTESIAN_POINT('',(-248.4164787097,-50.41493081257,
    124.83893967788));
#2275 = CARTESIAN_POINT('',(-248.0550275009,-50.93963738739,
    121.87758799569));
#2276 = PCURVE('',#616,#2277);
#2277 = DEFINITIONAL_REPRESENTATION('',(#2278),#2286);
#2278 = B_SPLINE_CURVE_WITH_KNOTS('',6,(#2279,#2280,#2281,#2282,#2283,
    #2284,#2285),.UNSPECIFIED.,.F.,.F.,(7,7),(0.,1.),
  .PIECEWISE_BEZIER_KNOTS.);
#2279 = CARTESIAN_POINT('',(-5.216018468757,-310.3897844323));
#2280 = CARTESIAN_POINT('',(-5.165795818912,-308.8550976604));
#2281 = CARTESIAN_POINT('',(-5.115572658087,-307.3203955773));
#2282 = CARTESIAN_POINT('',(-5.065350111233,-305.7857109321));
#2283 = CARTESIAN_POINT('',(-5.015127635688,-304.2510241327));
#2284 = CARTESIAN_POINT('',(-4.964904648178,-302.7163169785));
#2285 = CARTESIAN_POINT('',(-4.91468218768,-301.1816246264));
#2286 = ( GEOMETRIC_REPRESENTATION_CONTEXT(2) 
PARAMETRIC_REPRESENTATION_CONTEXT() REPRESENTATION_CONTEXT('2D SPACE',''
  ) );
#2287 = PCURVE('',#1308,#2288);
#2288 = DEFINITIONAL_REPRESENTATION('',(#2289),#2297);
#2289 = B_SPLINE_CURVE_WITH_KNOTS('',6,(#2290,#2291,#2292,#2293,#2294,
    #2295,#2296),.UNSPECIFIED.,.F.,.F.,(7,7),(0.,1.),
  .PIECEWISE_BEZIER_KNOTS.);
#2290 = CARTESIAN_POINT('',(-5.216018468757,-310.3897844323));
#2291 = CARTESIAN_POINT('',(-5.165795818912,-308.8550976604));
#2292 = CARTESIAN_POINT('',(-5.115572658087,-307.3203955773));
#2293 = CARTESIAN_POINT('',(-5.065350111233,-305.7857109321));
#2294 = CARTESIAN_POINT('',(-5.015127635688,-304.2510241327));
#2295 = CARTESIAN_POINT('',(-4.964904648178,-302.7163169785));
#2296 = CARTESIAN_POINT('',(-4.91468218768,-301.1816246264));
#2297 = ( GEOMETRIC_REPRESENTATION_CONTEXT(2) 
PARAMETRIC_REPRESENTATION_CONTEXT() REPRESENTATION_CONTEXT('2D SPACE',''
  ) );
#2298 = ORIENTED_EDGE('',*,*,#2299,.F.);
#2299 = EDGE_CURVE('',#2300,#2265,#2302,.T.);
#2300 = VERTEX_POINT('',#2301);
#2301 = CARTESIAN_POINT('',(-247.2848340347,-51.21000315663,
    100.21405861556));
#2302 = SURFACE_CURVE('',#2303,(#2313,#2342),.PCURVE_S1.);
#2303 = B_SPLINE_CURVE_WITH_KNOTS('',8,(#2304,#2305,#2306,#2307,#2308,
    #2309,#2310,#2311,#2312),.UNSPECIFIED.,.F.,.F.,(9,9),(0.,
    11.001616089827),.PIECEWISE_BEZIER_KNOTS.);
#2304 = CARTESIAN_POINT('',(-247.2848340347,-51.21000315663,
    100.21405861556));
#2305 = CARTESIAN_POINT('',(-247.6037688565,-51.61637041801,
    102.87878177733));
#2306 = CARTESIAN_POINT('',(-247.9142020016,-51.90420397026,
    105.56260001728));
#2307 = CARTESIAN_POINT('',(-248.219027293,-52.07225151001,
    108.25901370321));
#2308 = CARTESIAN_POINT('',(-248.5211745311,-52.11977136181,
    110.96144239506));
#2309 = CARTESIAN_POINT('',(-248.823591243,-52.04654158369,
    113.66326583907));
#2310 = CARTESIAN_POINT('',(-249.1292237336,-51.85286299117,
    116.35786652566));
#2311 = CARTESIAN_POINT('',(-249.4409980304,-51.53955620999,
    119.03867248975));
#2312 = CARTESIAN_POINT('',(-249.7618011925,-51.10795308514,
    121.69919929037));
#2313 = PCURVE('',#616,#2314);
#2314 = DEFINITIONAL_REPRESENTATION('',(#2315),#2341);
#2315 = B_SPLINE_CURVE_WITH_KNOTS('',3,(#2316,#2317,#2318,#2319,#2320,
    #2321,#2322,#2323,#2324,#2325,#2326,#2327,#2328,#2329,#2330,#2331,
    #2332,#2333,#2334,#2335,#2336,#2337,#2338,#2339,#2340),
  .UNSPECIFIED.,.F.,.F.,(4,1,1,1,1,1,1,1,1,1,1,1,1,1,1,1,1,1,1,1,1,1,4),
  (0.,0.500073458629,1.000146917257,1.500220375886,2.000293834514,
    2.500367293143,3.000440751771,3.5005142104,4.000587669028,
    4.500661127657,5.000734586285,5.500808044914,6.000881503542,
    6.500954962171,7.001028420799,7.501101879428,8.001175338056,
    8.501248796685,9.001322255313,9.501395713942,10.00146917257,
    10.501542631199,11.001616089827),.QUASI_UNIFORM_KNOTS.);
#2316 = CARTESIAN_POINT('',(-4.537856055185,-291.6666666666));
#2317 = CARTESIAN_POINT('',(-4.543311010417,-291.8333578195));
#2318 = CARTESIAN_POINT('',(-4.55422092192,-292.1667401252));
#2319 = CARTESIAN_POINT('',(-4.570585791501,-292.6668135839));
#2320 = CARTESIAN_POINT('',(-4.586950662574,-293.1668870425));
#2321 = CARTESIAN_POINT('',(-4.603315534462,-293.6669605011));
#2322 = CARTESIAN_POINT('',(-4.619680406588,-294.1670339598));
#2323 = CARTESIAN_POINT('',(-4.636045278478,-294.6671074184));
#2324 = CARTESIAN_POINT('',(-4.652410149757,-295.167180877));
#2325 = CARTESIAN_POINT('',(-4.668775020137,-295.6672543356));
#2326 = CARTESIAN_POINT('',(-4.68513988941,-296.1673277943));
#2327 = CARTESIAN_POINT('',(-4.701504757442,-296.6674012529));
#2328 = CARTESIAN_POINT('',(-4.717869624163,-297.1674747115));
#2329 = CARTESIAN_POINT('',(-4.734234489561,-297.6675481702));
#2330 = CARTESIAN_POINT('',(-4.75059935367,-298.1676216288));
#2331 = CARTESIAN_POINT('',(-4.766964216566,-298.6676950874));
#2332 = CARTESIAN_POINT('',(-4.783329078361,-299.167768546));
#2333 = CARTESIAN_POINT('',(-4.799693939189,-299.6678420047));
#2334 = CARTESIAN_POINT('',(-4.816058799208,-300.1679154633));
#2335 = CARTESIAN_POINT('',(-4.832423658588,-300.6679889219));
#2336 = CARTESIAN_POINT('',(-4.848788517506,-301.1680623806));
#2337 = CARTESIAN_POINT('',(-4.865153376143,-301.6681358392));
#2338 = CARTESIAN_POINT('',(-4.88151823468,-302.1682092978));
#2339 = CARTESIAN_POINT('',(-4.892428140418,-302.5015916036));
#2340 = CARTESIAN_POINT('',(-4.897883093328,-302.6682827564));
#2341 = ( GEOMETRIC_REPRESENTATION_CONTEXT(2) 
PARAMETRIC_REPRESENTATION_CONTEXT() REPRESENTATION_CONTEXT('2D SPACE',''
  ) );
#2342 = PCURVE('',#2238,#2343);
#2343 = DEFINITIONAL_REPRESENTATION('',(#2344),#2348);
#2344 = LINE('',#2345,#2346);
#2345 = CARTESIAN_POINT('',(1.574015826874E-14,6.841232259054E-15));
#2346 = VECTOR('',#2347,1.);
#2347 = DIRECTION('',(9.909476868611E-16,1.));
#2348 = ( GEOMETRIC_REPRESENTATION_CONTEXT(2) 
PARAMETRIC_REPRESENTATION_CONTEXT() REPRESENTATION_CONTEXT('2D SPACE',''
  ) );
#2349 = ORIENTED_EDGE('',*,*,#2350,.F.);
#2350 = EDGE_CURVE('',#2351,#2300,#2353,.T.);
#2351 = VERTEX_POINT('',#2352);
#2352 = CARTESIAN_POINT('',(-197.6646159292,36.7695526217,
    47.756670838055));
#2353 = SURFACE_CURVE('',#2354,(#2364,#2393),.PCURVE_S1.);
#2354 = B_SPLINE_CURVE_WITH_KNOTS('',8,(#2355,#2356,#2357,#2358,#2359,
    #2360,#2361,#2362,#2363),.UNSPECIFIED.,.F.,.F.,(9,9),(0.,
    66.666666666679),.PIECEWISE_BEZIER_KNOTS.);
#2355 = CARTESIAN_POINT('',(-197.6646159292,36.7695526217,
    47.756670838055));
#2356 = CARTESIAN_POINT('',(-209.3559813391,26.742212657105,
    41.985711986793));
#2357 = CARTESIAN_POINT('',(-219.7762198391,13.589613147458,
    39.069750919448));
#2358 = CARTESIAN_POINT('',(-228.4631549141,-1.551255046378,
    40.04685308487));
#2359 = CARTESIAN_POINT('',(-235.1561838516,-17.05078440414,
    45.502341759048));
#2360 = CARTESIAN_POINT('',(-239.9066037789,-31.04441976732,
    55.32100170709));
#2361 = CARTESIAN_POINT('',(-243.1073851139,-41.93246820846,
    68.620206919925));
#2362 = CARTESIAN_POINT('',(-245.3521796614,-48.74753304883,
    84.066593612756));
#2363 = CARTESIAN_POINT('',(-247.2848340347,-51.21000315663,
    100.21405861556));
#2364 = PCURVE('',#616,#2365);
#2365 = DEFINITIONAL_REPRESENTATION('',(#2366),#2392);
#2366 = B_SPLINE_CURVE_WITH_KNOTS('',3,(#2367,#2368,#2369,#2370,#2371,
    #2372,#2373,#2374,#2375,#2376,#2377,#2378,#2379,#2380,#2381,#2382,
    #2383,#2384,#2385,#2386,#2387,#2388,#2389,#2390,#2391),
  .UNSPECIFIED.,.F.,.F.,(4,1,1,1,1,1,1,1,1,1,1,1,1,1,1,1,1,1,1,1,1,1,4),
  (0.,3.030303030304,6.060606060607,9.090909090911,12.121212121214,
    15.151515151518,18.181818181821,21.212121212125,24.242424242429,
    27.272727272732,30.303030303036,33.333333333339,36.363636363643,
    39.393939393947,42.42424242425,45.454545454554,48.484848484857,
    51.515151515161,54.545454545464,57.575757575768,60.606060606072,
    63.636363636375,66.666666666679),.QUASI_UNIFORM_KNOTS.);
#2367 = CARTESIAN_POINT('',(-2.356194490192,-225.));
#2368 = CARTESIAN_POINT('',(-2.389249977213,-226.0101010101));
#2369 = CARTESIAN_POINT('',(-2.455360955951,-228.0303030303));
#2370 = CARTESIAN_POINT('',(-2.554527415443,-231.0606060606));
#2371 = CARTESIAN_POINT('',(-2.653693817043,-234.0909090909));
#2372 = CARTESIAN_POINT('',(-2.752860204479,-237.1212121212));
#2373 = CARTESIAN_POINT('',(-2.852026613763,-240.1515151515));
#2374 = CARTESIAN_POINT('',(-2.951193060283,-243.1818181818));
#2375 = CARTESIAN_POINT('',(-3.050359532536,-246.2121212121));
#2376 = CARTESIAN_POINT('',(-3.149526005197,-249.2424242424));
#2377 = CARTESIAN_POINT('',(-3.24869245533,-252.2727272727));
#2378 = CARTESIAN_POINT('',(-3.347858874651,-255.303030303));
#2379 = CARTESIAN_POINT('',(-3.447025272689,-258.3333333333));
#2380 = CARTESIAN_POINT('',(-3.546191670727,-261.3636363636));
#2381 = CARTESIAN_POINT('',(-3.645358090047,-264.3939393939));
#2382 = CARTESIAN_POINT('',(-3.74452454018,-267.4242424242));
#2383 = CARTESIAN_POINT('',(-3.843691012841,-270.4545454545));
#2384 = CARTESIAN_POINT('',(-3.942857485095,-273.4848484848));
#2385 = CARTESIAN_POINT('',(-4.042023931615,-276.5151515151));
#2386 = CARTESIAN_POINT('',(-4.141190340899,-279.5454545454));
#2387 = CARTESIAN_POINT('',(-4.240356728334,-282.5757575757));
#2388 = CARTESIAN_POINT('',(-4.339523129934,-285.606060606));
#2389 = CARTESIAN_POINT('',(-4.438689589426,-288.6363636363));
#2390 = CARTESIAN_POINT('',(-4.504800568164,-290.6565656565));
#2391 = CARTESIAN_POINT('',(-4.537856055185,-291.6666666666));
#2392 = ( GEOMETRIC_REPRESENTATION_CONTEXT(2) 
PARAMETRIC_REPRESENTATION_CONTEXT() REPRESENTATION_CONTEXT('2D SPACE',''
  ) );
#2393 = PCURVE('',#2394,#2413);
#2394 = B_SPLINE_SURFACE_WITH_KNOTS('',1,8,(
    (#2395,#2396,#2397,#2398,#2399,#2400,#2401,#2402,#2403)
    ,(#2404,#2405,#2406,#2407,#2408,#2409,#2410,#2411,#2412
  )),.UNSPECIFIED.,.F.,.F.,.F.,(2,2),(9,9),(0.,44.),(0.,66.666666666667)
  ,.PIECEWISE_BEZIER_KNOTS.);
#2395 = CARTESIAN_POINT('',(-197.6646159292,36.7695526217,
    47.756670838055));
#2396 = CARTESIAN_POINT('',(-209.3559813391,26.742212657107,
    41.985711986794));
#2397 = CARTESIAN_POINT('',(-219.7762198391,13.589613147463,
    39.069750919449));
#2398 = CARTESIAN_POINT('',(-228.4631549141,-1.551255046369,
    40.046853084864));
#2399 = CARTESIAN_POINT('',(-235.1561838515,-17.0507844041,
    45.502341759001));
#2400 = CARTESIAN_POINT('',(-239.9066037789,-31.04441976735,
    55.321001707115));
#2401 = CARTESIAN_POINT('',(-243.1073851139,-41.93246820845,
    68.620206919919));
#2402 = CARTESIAN_POINT('',(-245.3521796614,-48.74753304882,
    84.066593612751));
#2403 = CARTESIAN_POINT('',(-247.2848340347,-51.21000315663,
    100.21405861556));
#2404 = CARTESIAN_POINT('',(-210.3192904222,67.882250993909,
    19.33380656512));
#2405 = CARTESIAN_POINT('',(-225.4616829519,49.370238751582,
    5.81171389495));
#2406 = CARTESIAN_POINT('',(-238.2573796479,25.088516579933,
    -2.439613635683));
#2407 = CARTESIAN_POINT('',(-247.8531315595,-2.863855470221,
    -3.503747505837));
#2408 = CARTESIAN_POINT('',(-253.7678259863,-31.47837120757,
    3.699909101651));
#2409 = CARTESIAN_POINT('',(-256.0961653175,-57.31277495511,
    18.95865113802));
#2410 = CARTESIAN_POINT('',(-255.5636334013,-77.41378746175,
    40.643015201508));
#2411 = CARTESIAN_POINT('',(-253.2662028006,-89.9954456286,
    66.29140661274));
#2412 = CARTESIAN_POINT('',(-250.3925134166,-94.54154428917,
    93.234096442401));
#2413 = DEFINITIONAL_REPRESENTATION('',(#2414),#2418);
#2414 = LINE('',#2415,#2416);
#2415 = CARTESIAN_POINT('',(5.510774034235E-15,-1.27780327633E-14));
#2416 = VECTOR('',#2417,1.);
#2417 = DIRECTION('',(3.418348517053E-16,1.));
#2418 = ( GEOMETRIC_REPRESENTATION_CONTEXT(2) 
PARAMETRIC_REPRESENTATION_CONTEXT() REPRESENTATION_CONTEXT('2D SPACE',''
  ) );
#2419 = ORIENTED_EDGE('',*,*,#2420,.F.);
#2420 = EDGE_CURVE('',#2421,#2351,#2423,.T.);
#2421 = VERTEX_POINT('',#2422);
#2422 = CARTESIAN_POINT('',(-100.9770762431,9.02970523868,
    101.01421817971));
#2423 = SURFACE_CURVE('',#2424,(#2434,#2463),.PCURVE_S1.);
#2424 = B_SPLINE_CURVE_WITH_KNOTS('',8,(#2425,#2426,#2427,#2428,#2429,
    #2430,#2431,#2432,#2433),.UNSPECIFIED.,.F.,.F.,(9,9),(0.,
    66.666666666658),.PIECEWISE_BEZIER_KNOTS.);
#2425 = CARTESIAN_POINT('',(-100.9770762431,9.02970523868,
    101.01421817971));
#2426 = CARTESIAN_POINT('',(-109.5915318821,22.995067192428,
    102.15411182377));
#2427 = CARTESIAN_POINT('',(-119.9763472914,36.193003393996,
    99.317712320943));
#2428 = CARTESIAN_POINT('',(-132.0177943776,47.040556850988,
    92.760457150618));
#2429 = CARTESIAN_POINT('',(-145.3223974635,54.078179192269,
    83.366107154219));
#2430 = CARTESIAN_POINT('',(-159.2395028172,56.339715967716,
    72.596054539545));
#2431 = CARTESIAN_POINT('',(-173.0107275334,53.699048401569,
    62.153655201918));
#2432 = CARTESIAN_POINT('',(-185.9732505194,46.796892586296,
    53.527629689315));
#2433 = CARTESIAN_POINT('',(-197.6646159292,36.7695526217,
    47.756670838055));
#2434 = PCURVE('',#616,#2435);
#2435 = DEFINITIONAL_REPRESENTATION('',(#2436),#2462);
#2436 = B_SPLINE_CURVE_WITH_KNOTS('',3,(#2437,#2438,#2439,#2440,#2441,
    #2442,#2443,#2444,#2445,#2446,#2447,#2448,#2449,#2450,#2451,#2452,
    #2453,#2454,#2455,#2456,#2457,#2458,#2459,#2460,#2461),
  .UNSPECIFIED.,.F.,.F.,(4,1,1,1,1,1,1,1,1,1,1,1,1,1,1,1,1,1,1,1,1,1,4),
  (0.,3.030303030303,6.060606060605,9.090909090908,12.121212121211,
    15.151515151513,18.181818181816,21.212121212119,24.242424242421,
    27.272727272724,30.303030303027,33.333333333329,36.363636363632,
    39.393939393935,42.424242424237,45.45454545454,48.484848484843,
    51.515151515145,54.545454545448,57.57575757575,60.606060606053,
    63.636363636356,66.666666666658),.QUASI_UNIFORM_KNOTS.);
#2437 = CARTESIAN_POINT('',(-0.174532925199,-158.3333333333));
#2438 = CARTESIAN_POINT('',(-0.20758841222,-159.3434343434));
#2439 = CARTESIAN_POINT('',(-0.273699390958,-161.3636363636));
#2440 = CARTESIAN_POINT('',(-0.37286585045,-164.3939393939));
#2441 = CARTESIAN_POINT('',(-0.47203225205,-167.4242424242));
#2442 = CARTESIAN_POINT('',(-0.571198639486,-170.4545454545));
#2443 = CARTESIAN_POINT('',(-0.67036504877,-173.4848484848));
#2444 = CARTESIAN_POINT('',(-0.76953149529,-176.5151515151));
#2445 = CARTESIAN_POINT('',(-0.868697967543,-179.5454545454));
#2446 = CARTESIAN_POINT('',(-0.967864440204,-182.5757575757));
#2447 = CARTESIAN_POINT('',(-1.067030890337,-185.606060606));
#2448 = CARTESIAN_POINT('',(-1.166197309658,-188.6363636363));
#2449 = CARTESIAN_POINT('',(-1.265363707696,-191.6666666666));
#2450 = CARTESIAN_POINT('',(-1.364530105733,-194.6969696969));
#2451 = CARTESIAN_POINT('',(-1.463696525054,-197.7272727272));
#2452 = CARTESIAN_POINT('',(-1.562862975187,-200.7575757575));
#2453 = CARTESIAN_POINT('',(-1.662029447848,-203.7878787878));
#2454 = CARTESIAN_POINT('',(-1.761195920102,-206.8181818181));
#2455 = CARTESIAN_POINT('',(-1.860362366622,-209.8484848484));
#2456 = CARTESIAN_POINT('',(-1.959528775906,-212.8787878787));
#2457 = CARTESIAN_POINT('',(-2.058695163341,-215.909090909));
#2458 = CARTESIAN_POINT('',(-2.157861564941,-218.9393939393));
#2459 = CARTESIAN_POINT('',(-2.257028024433,-221.9696969696));
#2460 = CARTESIAN_POINT('',(-2.323139003171,-223.9898989898));
#2461 = CARTESIAN_POINT('',(-2.356194490192,-225.));
#2462 = ( GEOMETRIC_REPRESENTATION_CONTEXT(2) 
PARAMETRIC_REPRESENTATION_CONTEXT() REPRESENTATION_CONTEXT('2D SPACE',''
  ) );
#2463 = PCURVE('',#2464,#2483);
#2464 = B_SPLINE_SURFACE_WITH_KNOTS('',1,8,(
    (#2465,#2466,#2467,#2468,#2469,#2470,#2471,#2472,#2473)
    ,(#2474,#2475,#2476,#2477,#2478,#2479,#2480,#2481,#2482
  )),.UNSPECIFIED.,.F.,.F.,.F.,(2,2),(9,9),(0.,44.),(0.,66.666666666667)
  ,.PIECEWISE_BEZIER_KNOTS.);
#2465 = CARTESIAN_POINT('',(-100.9770762431,9.02970523868,
    101.01421817971));
#2466 = CARTESIAN_POINT('',(-109.5915318821,22.99506719243,
    102.15411182377));
#2467 = CARTESIAN_POINT('',(-119.9763472914,36.193003394,99.317712320943
    ));
#2468 = CARTESIAN_POINT('',(-132.0177943776,47.040556850992,
    92.760457150614));
#2469 = CARTESIAN_POINT('',(-145.3223974634,54.078179192277,
    83.36610715425));
#2470 = CARTESIAN_POINT('',(-159.2395028173,56.339715967726,
    72.596054539519));
#2471 = CARTESIAN_POINT('',(-173.0107275334,53.69904840156,
    62.153655201912));
#2472 = CARTESIAN_POINT('',(-185.9732505194,46.796892586294,
    53.527629689316));
#2473 = CARTESIAN_POINT('',(-197.6646159292,36.7695526217,
    47.756670838055));
#2474 = CARTESIAN_POINT('',(-83.35255066363,16.670225056025,
    140.59955075399));
#2475 = CARTESIAN_POINT('',(-92.81449438561,42.452431739871,
    139.83595499827));
#2476 = CARTESIAN_POINT('',(-105.5447946064,66.817852419691,
    131.73151035596));
#2477 = CARTESIAN_POINT('',(-121.3334917694,86.844104955678,
    116.75779371213));
#2478 = CARTESIAN_POINT('',(-139.4541692393,99.836638508819,
    96.54636354331));
#2479 = CARTESIAN_POINT('',(-158.7056201272,104.01178332503,
    73.795174694426));
#2480 = CARTESIAN_POINT('',(-177.6877529146,99.13670474134,
    51.64888420331));
#2481 = CARTESIAN_POINT('',(-195.1768978925,86.394263236236,
    32.85589923529));
#2482 = CARTESIAN_POINT('',(-210.3192904222,67.882250993909,
    19.33380656512));
#2483 = DEFINITIONAL_REPRESENTATION('',(#2484),#2488);
#2484 = LINE('',#2485,#2486);
#2485 = CARTESIAN_POINT('',(3.073586719124E-14,3.717672027372E-16));
#2486 = VECTOR('',#2487,1.);
#2487 = DIRECTION('',(7.303019142472E-17,1.));
#2488 = ( GEOMETRIC_REPRESENTATION_CONTEXT(2) 
PARAMETRIC_REPRESENTATION_CONTEXT() REPRESENTATION_CONTEXT('2D SPACE',''
  ) );
#2489 = ORIENTED_EDGE('',*,*,#2490,.F.);
#2490 = EDGE_CURVE('',#1899,#2421,#2491,.T.);
#2491 = SURFACE_CURVE('',#2492,(#2502,#2512),.PCURVE_S1.);
#2492 = B_SPLINE_CURVE_WITH_KNOTS('',8,(#2493,#2494,#2495,#2496,#2497,
    #2498,#2499,#2500,#2501),.UNSPECIFIED.,.F.,.F.,(9,9),(0.,
    66.666666666667),.PIECEWISE_BEZIER_KNOTS.);
#2493 = CARTESIAN_POINT('',(-69.84153582982,-47.1280049259,
    7.039564551892));
#2494 = CARTESIAN_POINT('',(-72.22696631492,-53.12107004488,
    22.170077757199));
#2495 = CARTESIAN_POINT('',(-73.85265041383,-55.1085209626,
    39.007009284764));
#2496 = CARTESIAN_POINT('',(-75.31122815032,-52.41145487875,
    56.219267847437));
#2497 = CARTESIAN_POINT('',(-77.31467899092,-44.98515420681,
    72.207721381219));
#2498 = CARTESIAN_POINT('',(-80.55810510515,-33.58584725224,
    85.411144851645));
#2499 = CARTESIAN_POINT('',(-85.51851720448,-19.66854942676,
    94.758154659296));
#2500 = CARTESIAN_POINT('',(-92.36262060417,-4.935656715069,
    99.874324535648));
#2501 = CARTESIAN_POINT('',(-100.9770762431,9.02970523868,
    101.01421817971));
#2502 = PCURVE('',#616,#2503);
#2503 = DEFINITIONAL_REPRESENTATION('',(#2504),#2511);
#2504 = B_SPLINE_CURVE_WITH_KNOTS('',5,(#2505,#2506,#2507,#2508,#2509,
    #2510),.UNSPECIFIED.,.F.,.F.,(6,6),(61.33333474607,66.666666666667),
  .PIECEWISE_BEZIER_KNOTS.);
#2505 = CARTESIAN_POINT('',(1.7763568394E-15,-153.0000014127));
#2506 = CARTESIAN_POINT('',(-3.490657646328E-02,-154.0666677968));
#2507 = CARTESIAN_POINT('',(-6.981316472342E-02,-155.1333341809));
#2508 = CARTESIAN_POINT('',(-0.104719754151,-156.200000565));
#2509 = CARTESIAN_POINT('',(-0.139626349406,-157.2666669492));
#2510 = CARTESIAN_POINT('',(-0.174532925199,-158.3333333333));
#2511 = ( GEOMETRIC_REPRESENTATION_CONTEXT(2) 
PARAMETRIC_REPRESENTATION_CONTEXT() REPRESENTATION_CONTEXT('2D SPACE',''
  ) );
#2512 = PCURVE('',#1965,#2513);
#2513 = DEFINITIONAL_REPRESENTATION('',(#2514),#2518);
#2514 = LINE('',#2515,#2516);
#2515 = CARTESIAN_POINT('',(0.,0.));
#2516 = VECTOR('',#2517,1.);
#2517 = DIRECTION('',(0.,1.));
#2518 = ( GEOMETRIC_REPRESENTATION_CONTEXT(2) 
PARAMETRIC_REPRESENTATION_CONTEXT() REPRESENTATION_CONTEXT('2D SPACE',''
  ) );
#2519 = ORIENTED_EDGE('',*,*,#1898,.T.);
#2520 = ORIENTED_EDGE('',*,*,#2521,.F.);
#2521 = EDGE_CURVE('',#2522,#1829,#2524,.T.);
#2522 = VERTEX_POINT('',#2523);
#2523 = CARTESIAN_POINT('',(-224.2530046819,20.942827872654,
    151.94439431225));
#2524 = SURFACE_CURVE('',#2525,(#2535,#2564),.PCURVE_S1.);
#2525 = B_SPLINE_CURVE_WITH_KNOTS('',8,(#2526,#2527,#2528,#2529,#2530,
    #2531,#2532,#2533,#2534),.UNSPECIFIED.,.F.,.F.,(9,9),(
    57.125125034118,69.791790271046),.PIECEWISE_BEZIER_KNOTS.);
#2526 = CARTESIAN_POINT('',(-224.2530046819,20.942827872654,
    151.94439431225));
#2527 = CARTESIAN_POINT('',(-222.3651911654,18.476656806641,
    152.2917205508));
#2528 = CARTESIAN_POINT('',(-220.5367771581,15.946224835469,
    152.50563330714));
#2529 = CARTESIAN_POINT('',(-218.7695675406,13.361625140609,
    152.58207875333));
#2530 = CARTESIAN_POINT('',(-217.0650277224,10.733315154025,
    152.51776552551));
#2531 = CARTESIAN_POINT('',(-215.4242675874,8.072032752243,
    152.31020078403));
#2532 = CARTESIAN_POINT('',(-213.8480306496,5.388705210166,
    151.95771456879));
#2533 = CARTESIAN_POINT('',(-212.3366886793,2.694354753275,
    151.45947187012));
#2534 = CARTESIAN_POINT('',(-210.8902417067,3.857699511389E-06,
    150.81547262006));
#2535 = PCURVE('',#616,#2536);
#2536 = DEFINITIONAL_REPRESENTATION('',(#2537),#2563);
#2537 = B_SPLINE_CURVE_WITH_KNOTS('',3,(#2538,#2539,#2540,#2541,#2542,
    #2543,#2544,#2545,#2546,#2547,#2548,#2549,#2550,#2551,#2552,#2553,
    #2554,#2555,#2556,#2557,#2558,#2559,#2560,#2561,#2562),
  .UNSPECIFIED.,.F.,.F.,(4,1,1,1,1,1,1,1,1,1,1,1,1,1,1,1,1,1,1,1,1,1,4),
  (57.125125034118,57.700882544888,58.276640055657,58.852397566427,
    59.428155077196,60.003912587965,60.579670098735,61.155427609504,
    61.731185120274,62.306942631043,62.882700141813,63.458457652582,
    64.034215163351,64.609972674121,65.18573018489,65.76148769566,
    66.337245206429,66.913002717199,67.488760227968,68.064517738737,
    68.640275249507,69.216032760276,69.791790271046),
  .QUASI_UNIFORM_KNOTS.);
#2538 = CARTESIAN_POINT('',(-0.414515697349,-291.6666666666));
#2539 = CARTESIAN_POINT('',(-0.408235157171,-291.4747474964));
#2540 = CARTESIAN_POINT('',(-0.395674075455,-291.0909091558));
#2541 = CARTESIAN_POINT('',(-0.376832449959,-290.5151516451));
#2542 = CARTESIAN_POINT('',(-0.357990822784,-289.9393941343));
#2543 = CARTESIAN_POINT('',(-0.339149194895,-289.3636366235));
#2544 = CARTESIAN_POINT('',(-0.32030756709,-288.7878791128));
#2545 = CARTESIAN_POINT('',(-0.301465939989,-288.212121602));
#2546 = CARTESIAN_POINT('',(-0.282624314052,-287.6363640912));
#2547 = CARTESIAN_POINT('',(-0.263782689599,-287.0606065805));
#2548 = CARTESIAN_POINT('',(-0.244941066818,-286.4848490697));
#2549 = CARTESIAN_POINT('',(-0.226099445792,-285.9090915589));
#2550 = CARTESIAN_POINT('',(-0.207257826506,-285.3333340482));
#2551 = CARTESIAN_POINT('',(-0.188416208867,-284.7575765374));
#2552 = CARTESIAN_POINT('',(-0.16957459272,-284.1818190266));
#2553 = CARTESIAN_POINT('',(-0.15073297786,-283.6060615158));
#2554 = CARTESIAN_POINT('',(-0.131891364048,-283.0303040051));
#2555 = CARTESIAN_POINT('',(-0.113049751021,-282.4545464943));
#2556 = CARTESIAN_POINT('',(-9.420813850478E-02,-281.8787889835));
#2557 = CARTESIAN_POINT('',(-7.536652622323E-02,-281.3030314728));
#2558 = CARTESIAN_POINT('',(-5.652491390791E-02,-280.727273962));
#2559 = CARTESIAN_POINT('',(-3.768330130589E-02,-280.1515164512));
#2560 = CARTESIAN_POINT('',(-1.884168818261E-02,-279.5757589405));
#2561 = CARTESIAN_POINT('',(-6.280612288143E-03,-279.1919205999));
#2562 = CARTESIAN_POINT('',(-7.418652765987E-08,-279.0000014297));
#2563 = ( GEOMETRIC_REPRESENTATION_CONTEXT(2) 
PARAMETRIC_REPRESENTATION_CONTEXT() REPRESENTATION_CONTEXT('2D SPACE',''
  ) );
#2564 = PCURVE('',#1872,#2565);
#2565 = DEFINITIONAL_REPRESENTATION('',(#2566),#2570);
#2566 = LINE('',#2567,#2568);
#2567 = CARTESIAN_POINT('',(44.,123.79179170078));
#2568 = VECTOR('',#2569,1.);
#2569 = DIRECTION('',(2.243819418827E-15,-1.));
#2570 = ( GEOMETRIC_REPRESENTATION_CONTEXT(2) 
PARAMETRIC_REPRESENTATION_CONTEXT() REPRESENTATION_CONTEXT('2D SPACE',''
  ) );
#2571 = ORIENTED_EDGE('',*,*,#2572,.F.);
#2572 = EDGE_CURVE('',#2573,#2522,#2575,.T.);
#2573 = VERTEX_POINT('',#2574);
#2574 = CARTESIAN_POINT('',(-322.5967997364,26.976209424347,
    94.96683650609));
#2575 = SURFACE_CURVE('',#2576,(#2586,#2615),.PCURVE_S1.);
#2576 = B_SPLINE_CURVE_WITH_KNOTS('',8,(#2577,#2578,#2579,#2580,#2581,
    #2582,#2583,#2584,#2585),.UNSPECIFIED.,.F.,.F.,(9,9),(
    57.125125045733,123.7917917124),.PIECEWISE_BEZIER_KNOTS.);
#2577 = CARTESIAN_POINT('',(-322.5967997364,26.976209424347,
    94.96683650609));
#2578 = CARTESIAN_POINT('',(-311.9917140367,39.09954382742,
    98.297971181735));
#2579 = CARTESIAN_POINT('',(-299.849770572,48.930085494052,
    105.08094491351));
#2580 = CARTESIAN_POINT('',(-286.5103193237,55.093847760702,
    114.55356516439));
#2581 = CARTESIAN_POINT('',(-272.5552447154,56.581141414341,
    125.40889812118));
#2582 = CARTESIAN_POINT('',(-258.7333885716,53.071292470959,
    135.96501750683));
#2583 = CARTESIAN_POINT('',(-245.7701617596,45.122542953038,
    144.59262383883));
#2584 = CARTESIAN_POINT('',(-234.1888664169,33.9226770536,
    150.11636127146));
#2585 = CARTESIAN_POINT('',(-224.2530046819,20.942827872654,
    151.94439431225));
#2586 = PCURVE('',#616,#2587);
#2587 = DEFINITIONAL_REPRESENTATION('',(#2588),#2614);
#2588 = B_SPLINE_CURVE_WITH_KNOTS('',3,(#2589,#2590,#2591,#2592,#2593,
    #2594,#2595,#2596,#2597,#2598,#2599,#2600,#2601,#2602,#2603,#2604,
    #2605,#2606,#2607,#2608,#2609,#2610,#2611,#2612,#2613),
  .UNSPECIFIED.,.F.,.F.,(4,1,1,1,1,1,1,1,1,1,1,1,1,1,1,1,1,1,1,1,1,1,4),
  (57.125125045733,60.155428076036,63.185731106339,66.216034136642,
    69.246337166946,72.276640197249,75.306943227552,78.337246257855,
    81.367549288158,84.397852318462,87.428155348765,90.458458379068,
    93.488761409371,96.519064439675,99.549367469978,102.57967050028,
    105.60997353058,108.64027656088,111.67057959119,114.70088262149,
    117.73118565179,120.7614886821,123.7917917124),
  .QUASI_UNIFORM_KNOTS.);
#2589 = CARTESIAN_POINT('',(-2.596177262342,-358.3333333333));
#2590 = CARTESIAN_POINT('',(-2.563121775321,-357.3232323232));
#2591 = CARTESIAN_POINT('',(-2.497010796582,-355.303030303));
#2592 = CARTESIAN_POINT('',(-2.397844337091,-352.2727272727));
#2593 = CARTESIAN_POINT('',(-2.29867793549,-349.2424242424));
#2594 = CARTESIAN_POINT('',(-2.199511548055,-346.2121212121));
#2595 = CARTESIAN_POINT('',(-2.100345138771,-343.1818181818));
#2596 = CARTESIAN_POINT('',(-2.001178692251,-340.1515151515));
#2597 = CARTESIAN_POINT('',(-1.902012219998,-337.1212121212));
#2598 = CARTESIAN_POINT('',(-1.802845747337,-334.0909090909));
#2599 = CARTESIAN_POINT('',(-1.703679297204,-331.0606060606));
#2600 = CARTESIAN_POINT('',(-1.604512877883,-328.0303030303));
#2601 = CARTESIAN_POINT('',(-1.505346479845,-325.));
#2602 = CARTESIAN_POINT('',(-1.406180081807,-321.9696969697));
#2603 = CARTESIAN_POINT('',(-1.307013662486,-318.9393939394));
#2604 = CARTESIAN_POINT('',(-1.207847212353,-315.909090909));
#2605 = CARTESIAN_POINT('',(-1.108680739692,-312.8787878787));
#2606 = CARTESIAN_POINT('',(-1.009514267439,-309.8484848484));
#2607 = CARTESIAN_POINT('',(-0.910347820919,-306.8181818181));
#2608 = CARTESIAN_POINT('',(-0.811181411635,-303.7878787878));
#2609 = CARTESIAN_POINT('',(-0.7120150242,-300.7575757575));
#2610 = CARTESIAN_POINT('',(-0.612848622599,-297.7272727272));
#2611 = CARTESIAN_POINT('',(-0.513682163108,-294.6969696969));
#2612 = CARTESIAN_POINT('',(-0.44757118437,-292.6767676767));
#2613 = CARTESIAN_POINT('',(-0.414515697349,-291.6666666666));
#2614 = ( GEOMETRIC_REPRESENTATION_CONTEXT(2) 
PARAMETRIC_REPRESENTATION_CONTEXT() REPRESENTATION_CONTEXT('2D SPACE',''
  ) );
#2615 = PCURVE('',#2616,#2635);
#2616 = B_SPLINE_SURFACE_WITH_KNOTS('',1,8,(
    (#2617,#2618,#2619,#2620,#2621,#2622,#2623,#2624,#2625)
    ,(#2626,#2627,#2628,#2629,#2630,#2631,#2632,#2633,#2634
  )),.UNSPECIFIED.,.F.,.F.,.F.,(2,2),(9,9),(0.,44.),(0.,66.666666666667)
  ,.PIECEWISE_BEZIER_KNOTS.);
#2617 = CARTESIAN_POINT('',(-207.8722130729,38.663682226439,
    188.73625465167));
#2618 = CARTESIAN_POINT('',(-219.7736757414,62.62648071434,
    182.49340963158));
#2619 = CARTESIAN_POINT('',(-234.7128619932,83.303156221015,
    169.42772573433));
#2620 = CARTESIAN_POINT('',(-252.2033063424,97.977770715623,
    150.63182233037));
#2621 = CARTESIAN_POINT('',(-271.2789125344,104.4574918418,
    128.27558713521));
#2622 = CARTESIAN_POINT('',(-290.6004605077,101.71171894283,
    105.36695765487));
#2623 = CARTESIAN_POINT('',(-308.7854730468,90.332465527479,
    85.011028554638));
#2624 = CARTESIAN_POINT('',(-324.7597019853,72.183773219851,
    69.620600720434));
#2625 = CARTESIAN_POINT('',(-337.8966550502,49.80223278341,
    60.602798836018));
#2626 = CARTESIAN_POINT('',(-224.2530046819,20.942827872654,
    151.94439431225));
#2627 = CARTESIAN_POINT('',(-234.1888664169,33.922677053601,
    150.11636127145));
#2628 = CARTESIAN_POINT('',(-245.7701617596,45.12254295305,
    144.59262383885));
#2629 = CARTESIAN_POINT('',(-258.7333885717,53.071292470962,
    135.96501750679));
#2630 = CARTESIAN_POINT('',(-272.5552447153,56.58114141431,
    125.40889812116));
#2631 = CARTESIAN_POINT('',(-286.5103193238,55.093847760704,
    114.55356516439));
#2632 = CARTESIAN_POINT('',(-299.849770572,48.930085494051,
    105.08094491351));
#2633 = CARTESIAN_POINT('',(-311.9917140367,39.099543827419,
    98.297971181734));
#2634 = CARTESIAN_POINT('',(-322.5967997364,26.976209424347,
    94.96683650609));
#2635 = DEFINITIONAL_REPRESENTATION('',(#2636),#2640);
#2636 = LINE('',#2637,#2638);
#2637 = CARTESIAN_POINT('',(44.,123.79179171239));
#2638 = VECTOR('',#2639,1.);
#2639 = DIRECTION('',(-3.19744231092E-16,-1.));
#2640 = ( GEOMETRIC_REPRESENTATION_CONTEXT(2) 
PARAMETRIC_REPRESENTATION_CONTEXT() REPRESENTATION_CONTEXT('2D SPACE',''
  ) );
#2641 = ORIENTED_EDGE('',*,*,#2642,.F.);
#2642 = EDGE_CURVE('',#596,#2573,#2643,.T.);
#2643 = SURFACE_CURVE('',#2644,(#2654,#2683),.PCURVE_S1.);
#2644 = B_SPLINE_CURVE_WITH_KNOTS('',8,(#2645,#2646,#2647,#2648,#2649,
    #2650,#2651,#2652,#2653),.UNSPECIFIED.,.F.,.F.,(9,9),(
    57.125125036105,123.79179170277),.PIECEWISE_BEZIER_KNOTS.);
#2645 = CARTESIAN_POINT('',(-364.034886897,-51.8886640084,
    165.80159127475));
#2646 = CARTESIAN_POINT('',(-362.1775097298,-52.81613271467,
    149.48505089902));
#2647 = CARTESIAN_POINT('',(-360.4377272213,-49.33333676964,
    132.90438859524));
#2648 = CARTESIAN_POINT('',(-358.1631125064,-41.33562768361,
    117.52497909499));
#2649 = CARTESIAN_POINT('',(-354.6835029944,-29.41576449161,
    104.8520322208));
#2650 = CARTESIAN_POINT('',(-349.4625387742,-14.89795495083,
    96.090232058648));
#2651 = CARTESIAN_POINT('',(-342.2701358696,0.436656726232,
    91.756355678576));
#2652 = CARTESIAN_POINT('',(-333.2018854362,14.852875021277,
    91.635701830443));
#2653 = CARTESIAN_POINT('',(-322.5967997364,26.976209424347,
    94.96683650609));
#2654 = PCURVE('',#616,#2655);
#2655 = DEFINITIONAL_REPRESENTATION('',(#2656),#2682);
#2656 = B_SPLINE_CURVE_WITH_KNOTS('',3,(#2657,#2658,#2659,#2660,#2661,
    #2662,#2663,#2664,#2665,#2666,#2667,#2668,#2669,#2670,#2671,#2672,
    #2673,#2674,#2675,#2676,#2677,#2678,#2679,#2680,#2681),
  .UNSPECIFIED.,.F.,.F.,(4,1,1,1,1,1,1,1,1,1,1,1,1,1,1,1,1,1,1,1,1,1,4),
  (57.125125036105,60.155428066408,63.185731096712,66.216034127015,
    69.246337157318,72.276640187621,75.306943217924,78.337246248227,
    81.36754927853,84.397852308833,87.428155339136,90.45845836944,
    93.488761399743,96.519064430046,99.549367460349,102.57967049065,
    105.60997352095,108.64027655125,111.67057958156,114.70088261186,
    117.73118564216,120.76148867247,123.79179170277),
  .QUASI_UNIFORM_KNOTS.);
#2657 = CARTESIAN_POINT('',(-4.777838827334,-425.));
#2658 = CARTESIAN_POINT('',(-4.744783340314,-423.9898989898));
#2659 = CARTESIAN_POINT('',(-4.678672361575,-421.9696969696));
#2660 = CARTESIAN_POINT('',(-4.579505902084,-418.9393939393));
#2661 = CARTESIAN_POINT('',(-4.480339500483,-415.909090909));
#2662 = CARTESIAN_POINT('',(-4.381173113048,-412.8787878787));
#2663 = CARTESIAN_POINT('',(-4.282006703764,-409.8484848484));
#2664 = CARTESIAN_POINT('',(-4.182840257244,-406.8181818181));
#2665 = CARTESIAN_POINT('',(-4.08367378499,-403.7878787878));
#2666 = CARTESIAN_POINT('',(-3.984507312329,-400.7575757575));
#2667 = CARTESIAN_POINT('',(-3.885340862196,-397.7272727272));
#2668 = CARTESIAN_POINT('',(-3.786174442875,-394.6969696969));
#2669 = CARTESIAN_POINT('',(-3.687008044838,-391.6666666666));
#2670 = CARTESIAN_POINT('',(-3.5878416468,-388.6363636363));
#2671 = CARTESIAN_POINT('',(-3.48867522748,-385.606060606));
#2672 = CARTESIAN_POINT('',(-3.389508777347,-382.5757575757));
#2673 = CARTESIAN_POINT('',(-3.290342304686,-379.5454545454));
#2674 = CARTESIAN_POINT('',(-3.191175832432,-376.5151515151));
#2675 = CARTESIAN_POINT('',(-3.092009385912,-373.4848484848));
#2676 = CARTESIAN_POINT('',(-2.992842976628,-370.4545454545));
#2677 = CARTESIAN_POINT('',(-2.893676589193,-367.4242424242));
#2678 = CARTESIAN_POINT('',(-2.794510187592,-364.3939393939));
#2679 = CARTESIAN_POINT('',(-2.695343728101,-361.3636363636));
#2680 = CARTESIAN_POINT('',(-2.629232749363,-359.3434343434));
#2681 = CARTESIAN_POINT('',(-2.596177262342,-358.3333333333));
#2682 = ( GEOMETRIC_REPRESENTATION_CONTEXT(2) 
PARAMETRIC_REPRESENTATION_CONTEXT() REPRESENTATION_CONTEXT('2D SPACE',''
  ) );
#2683 = PCURVE('',#642,#2684);
#2684 = DEFINITIONAL_REPRESENTATION('',(#2685),#2689);
#2685 = LINE('',#2686,#2687);
#2686 = CARTESIAN_POINT('',(44.,123.79179170277));
#2687 = VECTOR('',#2688,1.);
#2688 = DIRECTION('',(-2.13162820728E-16,-1.));
#2689 = ( GEOMETRIC_REPRESENTATION_CONTEXT(2) 
PARAMETRIC_REPRESENTATION_CONTEXT() REPRESENTATION_CONTEXT('2D SPACE',''
  ) );
#2690 = ORIENTED_EDGE('',*,*,#593,.F.);
#2691 = ORIENTED_EDGE('',*,*,#2692,.F.);
#2692 = EDGE_CURVE('',#2195,#594,#2693,.T.);
#2693 = SURFACE_CURVE('',#2694,(#2698,#2705),.PCURVE_S1.);
#2694 = LINE('',#2695,#2696);
#2695 = CARTESIAN_POINT('',(43.988941881007,0.,37.33594772052));
#2696 = VECTOR('',#2697,1.);
#2697 = DIRECTION('',(-0.913545457643,0.,0.406736643076));
#2698 = PCURVE('',#616,#2699);
#2699 = DEFINITIONAL_REPRESENTATION('',(#2700),#2704);
#2700 = LINE('',#2701,#2702);
#2701 = CARTESIAN_POINT('',(-6.28318530718,0.));
#2702 = VECTOR('',#2703,1.);
#2703 = DIRECTION('',(-0.,-1.));
#2704 = ( GEOMETRIC_REPRESENTATION_CONTEXT(2) 
PARAMETRIC_REPRESENTATION_CONTEXT() REPRESENTATION_CONTEXT('2D SPACE',''
  ) );
#2705 = PCURVE('',#1030,#2706);
#2706 = DEFINITIONAL_REPRESENTATION('',(#2707),#2711);
#2707 = LINE('',#2708,#2709);
#2708 = CARTESIAN_POINT('',(-0.,0.));
#2709 = VECTOR('',#2710,1.);
#2710 = DIRECTION('',(-0.,-1.));
#2711 = ( GEOMETRIC_REPRESENTATION_CONTEXT(2) 
PARAMETRIC_REPRESENTATION_CONTEXT() REPRESENTATION_CONTEXT('2D SPACE',''
  ) );
#2712 = ADVANCED_FACE('',(#2713),#1030,.F.);
#2713 = FACE_BOUND('',#2714,.T.);
#2714 = EDGE_LOOP('',(#2715,#2766,#2767,#2768));
#2715 = ORIENTED_EDGE('',*,*,#2716,.F.);
#2716 = EDGE_CURVE('',#2195,#2717,#2719,.T.);
#2717 = VERTEX_POINT('',#2718);
#2718 = CARTESIAN_POINT('',(-285.3464660291,21.976149610516,
    178.63245585308));
#2719 = SURFACE_CURVE('',#2720,(#2730,#2759),.PCURVE_S1.);
#2720 = B_SPLINE_CURVE_WITH_KNOTS('',8,(#2721,#2722,#2723,#2724,#2725,
    #2726,#2727,#2728,#2729),.UNSPECIFIED.,.F.,.F.,(9,9),(
    53.333329905703,66.666666666667),.PIECEWISE_BEZIER_KNOTS.);
#2721 = CARTESIAN_POINT('',(-271.1842374517,-4.069120787431E-06,
    177.66008913671));
#2722 = CARTESIAN_POINT('',(-272.7068135416,2.836155991748,
    178.33798386049));
#2723 = CARTESIAN_POINT('',(-274.3012955024,5.672315530919,
    178.85437535387));
#2724 = CARTESIAN_POINT('',(-275.9676833188,8.495618384956,
    179.20926365143));
#2725 = CARTESIAN_POINT('',(-277.7055205802,11.293208696177,
    179.40367386796));
#2726 = CARTESIAN_POINT('',(-279.5138944659,14.052353346556,
    179.43965623227));
#2727 = CARTESIAN_POINT('',(-281.3914430313,16.760564105373,
    179.32026972235));
#2728 = CARTESIAN_POINT('',(-283.336369912,19.405715025185,
    179.04954903871));
#2729 = CARTESIAN_POINT('',(-285.3464660291,21.976149610516,
    178.63245585308));
#2730 = PCURVE('',#1030,#2731);
#2731 = DEFINITIONAL_REPRESENTATION('',(#2732),#2758);
#2732 = B_SPLINE_CURVE_WITH_KNOTS('',3,(#2733,#2734,#2735,#2736,#2737,
    #2738,#2739,#2740,#2741,#2742,#2743,#2744,#2745,#2746,#2747,#2748,
    #2749,#2750,#2751,#2752,#2753,#2754,#2755,#2756,#2757),
  .UNSPECIFIED.,.F.,.F.,(4,1,1,1,1,1,1,1,1,1,1,1,1,1,1,1,1,1,1,1,1,1,4),
  (53.333329905703,53.939390667565,54.545451429427,55.151512191289,
    55.757572953151,56.363633715013,56.969694476875,57.575755238737,
    58.181816000599,58.787876762461,59.393937524323,59.999998286185,
    60.606059048047,61.212119809909,61.818180571771,62.424241333633,
    63.030302095495,63.636362857357,64.242423619219,64.848484381081,
    65.454545142943,66.060605904805,66.666666666667),
  .QUASI_UNIFORM_KNOTS.);
#2733 = CARTESIAN_POINT('',(7.82523210674E-08,-344.9999965723));
#2734 = CARTESIAN_POINT('',(-6.61101733192E-03,-345.2020168263));
#2735 = CARTESIAN_POINT('',(-1.98332080963E-02,-345.6060573342));
#2736 = CARTESIAN_POINT('',(-3.966649323544E-02,-346.212118096));
#2737 = CARTESIAN_POINT('',(-5.949977755704E-02,-346.8181788579));
#2738 = CARTESIAN_POINT('',(-7.93330613035E-02,-347.4242396198));
#2739 = CARTESIAN_POINT('',(-9.916634474561E-02,-348.0303003816));
#2740 = CARTESIAN_POINT('',(-0.118999628181,-348.6363611435));
#2741 = CARTESIAN_POINT('',(-0.138832911925,-349.2424219054));
#2742 = CARTESIAN_POINT('',(-0.158666196298,-349.8484826672));
#2743 = CARTESIAN_POINT('',(-0.17849948162,-350.4545434291));
#2744 = CARTESIAN_POINT('',(-0.198332768191,-351.0606041909));
#2745 = CARTESIAN_POINT('',(-0.218166056277,-351.6666649528));
#2746 = CARTESIAN_POINT('',(-0.237999346096,-352.2727257147));
#2747 = CARTESIAN_POINT('',(-0.257832637801,-352.8787864765));
#2748 = CARTESIAN_POINT('',(-0.277665931454,-353.4848472384));
#2749 = CARTESIAN_POINT('',(-0.297499227013,-354.0909080003));
#2750 = CARTESIAN_POINT('',(-0.31733252431,-354.6969687621));
#2751 = CARTESIAN_POINT('',(-0.337165823027,-355.303029524));
#2752 = CARTESIAN_POINT('',(-0.356999122675,-355.9090902859));
#2753 = CARTESIAN_POINT('',(-0.376832422579,-356.5151510477));
#2754 = CARTESIAN_POINT('',(-0.396665721846,-357.1212118096));
#2755 = CARTESIAN_POINT('',(-0.416499019381,-357.7272725715));
#2756 = CARTESIAN_POINT('',(-0.429721215626,-358.1313130793));
#2757 = CARTESIAN_POINT('',(-0.436332312999,-358.3333333333));
#2758 = ( GEOMETRIC_REPRESENTATION_CONTEXT(2) 
PARAMETRIC_REPRESENTATION_CONTEXT() REPRESENTATION_CONTEXT('2D SPACE',''
  ) );
#2759 = PCURVE('',#2238,#2760);
#2760 = DEFINITIONAL_REPRESENTATION('',(#2761),#2765);
#2761 = LINE('',#2762,#2763);
#2762 = CARTESIAN_POINT('',(6.333170619512E-15,-2.84217094304E-14));
#2763 = VECTOR('',#2764,1.);
#2764 = DIRECTION('',(-9.500965870091E-16,1.));
#2765 = ( GEOMETRIC_REPRESENTATION_CONTEXT(2) 
PARAMETRIC_REPRESENTATION_CONTEXT() REPRESENTATION_CONTEXT('2D SPACE',''
  ) );
#2766 = ORIENTED_EDGE('',*,*,#2692,.T.);
#2767 = ORIENTED_EDGE('',*,*,#1011,.F.);
#2768 = ORIENTED_EDGE('',*,*,#2769,.F.);
#2769 = EDGE_CURVE('',#2717,#972,#2770,.T.);
#2770 = SURFACE_CURVE('',#2771,(#2781,#2810),.PCURVE_S1.);
#2771 = B_SPLINE_CURVE_WITH_KNOTS('',8,(#2772,#2773,#2774,#2775,#2776,
    #2777,#2778,#2779,#2780),.UNSPECIFIED.,.F.,.F.,(9,9),(0.,
    66.666666666648),.PIECEWISE_BEZIER_KNOTS.);
#2772 = CARTESIAN_POINT('',(-285.3464660291,21.976149610516,
    178.63245585308));
#2773 = CARTESIAN_POINT('',(-295.396944031,34.828319233219,
    176.54699046192));
#2774 = CARTESIAN_POINT('',(-307.0766704349,45.812678089729,
    170.802173246));
#2775 = CARTESIAN_POINT('',(-320.1091525729,53.472575825333,
    162.01901690528));
#2776 = CARTESIAN_POINT('',(-333.9606737325,56.648577658207,
    151.39626880231));
#2777 = CARTESIAN_POINT('',(-347.901042443,54.821481048866,
    140.57396583365));
#2778 = CARTESIAN_POINT('',(-361.1844403951,48.352047000066,
    131.22724334734));
#2779 = CARTESIAN_POINT('',(-373.2380805229,38.280933195333,
    124.64260215714));
#2780 = CARTESIAN_POINT('',(-383.7348848658,26.,121.55467139114));
#2781 = PCURVE('',#1030,#2782);
#2782 = DEFINITIONAL_REPRESENTATION('',(#2783),#2809);
#2783 = B_SPLINE_CURVE_WITH_KNOTS('',3,(#2784,#2785,#2786,#2787,#2788,
    #2789,#2790,#2791,#2792,#2793,#2794,#2795,#2796,#2797,#2798,#2799,
    #2800,#2801,#2802,#2803,#2804,#2805,#2806,#2807,#2808),
  .UNSPECIFIED.,.F.,.F.,(4,1,1,1,1,1,1,1,1,1,1,1,1,1,1,1,1,1,1,1,1,1,4),
  (0.,3.030303030302,6.060606060604,9.090909090907,12.121212121209,
    15.151515151511,18.181818181813,21.212121212115,24.242424242417,
    27.27272727272,30.303030303022,33.333333333324,36.363636363626,
    39.393939393928,42.42424242423,45.454545454533,48.484848484835,
    51.515151515137,54.545454545439,57.575757575741,60.606060606043,
    63.636363636346,66.666666666648),.QUASI_UNIFORM_KNOTS.);
#2784 = CARTESIAN_POINT('',(-0.436332312999,-358.3333333333));
#2785 = CARTESIAN_POINT('',(-0.46938780002,-359.3434343434));
#2786 = CARTESIAN_POINT('',(-0.535498778758,-361.3636363636));
#2787 = CARTESIAN_POINT('',(-0.634665238249,-364.3939393939));
#2788 = CARTESIAN_POINT('',(-0.73383163985,-367.4242424242));
#2789 = CARTESIAN_POINT('',(-0.832998027285,-370.4545454545));
#2790 = CARTESIAN_POINT('',(-0.932164436569,-373.4848484848));
#2791 = CARTESIAN_POINT('',(-1.031330883088,-376.5151515151));
#2792 = CARTESIAN_POINT('',(-1.130497355342,-379.5454545454));
#2793 = CARTESIAN_POINT('',(-1.229663828003,-382.5757575757));
#2794 = CARTESIAN_POINT('',(-1.328830278136,-385.606060606));
#2795 = CARTESIAN_POINT('',(-1.427996697457,-388.6363636363));
#2796 = CARTESIAN_POINT('',(-1.527163095495,-391.6666666666));
#2797 = CARTESIAN_POINT('',(-1.626329493532,-394.6969696969));
#2798 = CARTESIAN_POINT('',(-1.725495912853,-397.7272727272));
#2799 = CARTESIAN_POINT('',(-1.824662362986,-400.7575757575));
#2800 = CARTESIAN_POINT('',(-1.923828835647,-403.7878787878));
#2801 = CARTESIAN_POINT('',(-2.022995307901,-406.8181818181));
#2802 = CARTESIAN_POINT('',(-2.122161754421,-409.8484848484));
#2803 = CARTESIAN_POINT('',(-2.221328163705,-412.8787878787));
#2804 = CARTESIAN_POINT('',(-2.32049455114,-415.909090909));
#2805 = CARTESIAN_POINT('',(-2.419660952741,-418.9393939393));
#2806 = CARTESIAN_POINT('',(-2.518827412232,-421.9696969696));
#2807 = CARTESIAN_POINT('',(-2.584938390971,-423.9898989898));
#2808 = CARTESIAN_POINT('',(-2.617993877991,-425.));
#2809 = ( GEOMETRIC_REPRESENTATION_CONTEXT(2) 
PARAMETRIC_REPRESENTATION_CONTEXT() REPRESENTATION_CONTEXT('2D SPACE',''
  ) );
#2810 = PCURVE('',#985,#2811);
#2811 = DEFINITIONAL_REPRESENTATION('',(#2812),#2816);
#2812 = LINE('',#2813,#2814);
#2813 = CARTESIAN_POINT('',(3.015655913906E-15,-2.610551791692E-14));
#2814 = VECTOR('',#2815,1.);
#2815 = DIRECTION('',(8.417676536212E-16,1.));
#2816 = ( GEOMETRIC_REPRESENTATION_CONTEXT(2) 
PARAMETRIC_REPRESENTATION_CONTEXT() REPRESENTATION_CONTEXT('2D SPACE',''
  ) );
#2817 = ADVANCED_FACE('',(#2818),#985,.F.);
#2818 = FACE_BOUND('',#2819,.F.);
#2819 = EDGE_LOOP('',(#2820,#2821,#2843,#2870));
#2820 = ORIENTED_EDGE('',*,*,#2769,.F.);
#2821 = ORIENTED_EDGE('',*,*,#2822,.T.);
#2822 = EDGE_CURVE('',#2717,#2823,#2825,.T.);
#2823 = VERTEX_POINT('',#2824);
#2824 = CARTESIAN_POINT('',(-269.1268082058,40.571353127107,
    215.06240378431));
#2825 = SURFACE_CURVE('',#2826,(#2829,#2836),.PCURVE_S1.);
#2826 = B_SPLINE_CURVE_WITH_KNOTS('',1,(#2827,#2828),.UNSPECIFIED.,.F.,
  .F.,(2,2),(0.,44.),.PIECEWISE_BEZIER_KNOTS.);
#2827 = CARTESIAN_POINT('',(-285.3464660291,21.976149610516,
    178.63245585308));
#2828 = CARTESIAN_POINT('',(-269.1268082058,40.571353127107,
    215.06240378431));
#2829 = PCURVE('',#985,#2830);
#2830 = DEFINITIONAL_REPRESENTATION('',(#2831),#2835);
#2831 = LINE('',#2832,#2833);
#2832 = CARTESIAN_POINT('',(0.,0.));
#2833 = VECTOR('',#2834,1.);
#2834 = DIRECTION('',(1.,0.));
#2835 = ( GEOMETRIC_REPRESENTATION_CONTEXT(2) 
PARAMETRIC_REPRESENTATION_CONTEXT() REPRESENTATION_CONTEXT('2D SPACE',''
  ) );
#2836 = PCURVE('',#2238,#2837);
#2837 = DEFINITIONAL_REPRESENTATION('',(#2838),#2842);
#2838 = LINE('',#2839,#2840);
#2839 = CARTESIAN_POINT('',(0.,66.666666666667));
#2840 = VECTOR('',#2841,1.);
#2841 = DIRECTION('',(1.,0.));
#2842 = ( GEOMETRIC_REPRESENTATION_CONTEXT(2) 
PARAMETRIC_REPRESENTATION_CONTEXT() REPRESENTATION_CONTEXT('2D SPACE',''
  ) );
#2843 = ORIENTED_EDGE('',*,*,#2844,.T.);
#2844 = EDGE_CURVE('',#2823,#877,#2845,.T.);
#2845 = SURFACE_CURVE('',#2846,(#2856,#2863),.PCURVE_S1.);
#2846 = B_SPLINE_CURVE_WITH_KNOTS('',8,(#2847,#2848,#2849,#2850,#2851,
    #2852,#2853,#2854,#2855),.UNSPECIFIED.,.F.,.F.,(9,9),(0.,
    66.666666666667),.PIECEWISE_BEZIER_KNOTS.);
#2847 = CARTESIAN_POINT('',(-269.1268082058,40.571353127107,
    215.06240378431));
#2848 = CARTESIAN_POINT('',(-281.2398701362,64.298435507487,
    208.34429904048));
#2849 = CARTESIAN_POINT('',(-296.3607752703,84.577251857972,
    194.87046785093));
#2850 = CARTESIAN_POINT('',(-313.9790756058,98.718601523705,
    175.78739520022));
#2851 = CARTESIAN_POINT('',(-333.1094479816,104.58198952288,
    153.30815314226));
#2852 = CARTESIAN_POINT('',(-352.4038466043,101.20888809014,
    130.46050210162));
#2853 = CARTESIAN_POINT('',(-370.4853761351,89.265317538597,
    110.33699964354));
#2854 = CARTESIAN_POINT('',(-386.2965835288,70.672492052928,
    95.312724193849));
#2855 = CARTESIAN_POINT('',(-399.2336325501,48.,86.743914142604));
#2856 = PCURVE('',#985,#2857);
#2857 = DEFINITIONAL_REPRESENTATION('',(#2858),#2862);
#2858 = LINE('',#2859,#2860);
#2859 = CARTESIAN_POINT('',(44.,0.));
#2860 = VECTOR('',#2861,1.);
#2861 = DIRECTION('',(0.,1.));
#2862 = ( GEOMETRIC_REPRESENTATION_CONTEXT(2) 
PARAMETRIC_REPRESENTATION_CONTEXT() REPRESENTATION_CONTEXT('2D SPACE',''
  ) );
#2863 = PCURVE('',#900,#2864);
#2864 = DEFINITIONAL_REPRESENTATION('',(#2865),#2869);
#2865 = LINE('',#2866,#2867);
#2866 = CARTESIAN_POINT('',(0.,0.));
#2867 = VECTOR('',#2868,1.);
#2868 = DIRECTION('',(0.,1.));
#2869 = ( GEOMETRIC_REPRESENTATION_CONTEXT(2) 
PARAMETRIC_REPRESENTATION_CONTEXT() REPRESENTATION_CONTEXT('2D SPACE',''
  ) );
#2870 = ORIENTED_EDGE('',*,*,#971,.F.);
#2871 = ADVANCED_FACE('',(#2872),#900,.F.);
#2872 = FACE_BOUND('',#2873,.F.);
#2873 = EDGE_LOOP('',(#2874,#2875,#2966,#2993));
#2874 = ORIENTED_EDGE('',*,*,#2844,.F.);
#2875 = ORIENTED_EDGE('',*,*,#2876,.T.);
#2876 = EDGE_CURVE('',#2823,#2877,#2879,.T.);
#2877 = VERTEX_POINT('',#2878);
#2878 = CARTESIAN_POINT('',(-270.2818503864,46.174921816261,
    212.46813657121));
#2879 = SURFACE_CURVE('',#2880,(#2888,#2895),.PCURVE_S1.);
#2880 = ( BOUNDED_CURVE() B_SPLINE_CURVE(6,(#2881,#2882,#2883,#2884,
#2885,#2886,#2887),.UNSPECIFIED.,.F.,.F.) B_SPLINE_CURVE_WITH_KNOTS((7,7
),(0.,6.544984694977E-02),.PIECEWISE_BEZIER_KNOTS.) CURVE() 
GEOMETRIC_REPRESENTATION_ITEM() RATIONAL_B_SPLINE_CURVE((1.000053547667,
    1.000017847948,0.999996430156,0.999989291231,0.999996430156,
1.000017847948,1.000053547667)) REPRESENTATION_ITEM('') );
#2881 = CARTESIAN_POINT('',(-269.1268082058,40.571353127107,
    215.06240378431));
#2882 = CARTESIAN_POINT('',(-269.3316848053,41.489492014298,
    214.60224340763));
#2883 = CARTESIAN_POINT('',(-269.5316641954,42.414185234343,
    214.15308234356));
#2884 = CARTESIAN_POINT('',(-269.7267075643,43.345254887733,
    213.71500776452));
#2885 = CARTESIAN_POINT('',(-269.9167772272,44.282521614691,
    213.28810431198));
#2886 = CARTESIAN_POINT('',(-270.1018366356,45.225804639644,
    212.87245407524));
#2887 = CARTESIAN_POINT('',(-270.2818503864,46.174921816261,
    212.46813657121));
#2888 = PCURVE('',#900,#2889);
#2889 = DEFINITIONAL_REPRESENTATION('',(#2890),#2894);
#2890 = LINE('',#2891,#2892);
#2891 = CARTESIAN_POINT('',(0.,0.));
#2892 = VECTOR('',#2893,1.);
#2893 = DIRECTION('',(1.,0.));
#2894 = ( GEOMETRIC_REPRESENTATION_CONTEXT(2) 
PARAMETRIC_REPRESENTATION_CONTEXT() REPRESENTATION_CONTEXT('2D SPACE',''
  ) );
#2895 = PCURVE('',#2896,#2960);
#2896 = ( BOUNDED_SURFACE() B_SPLINE_SURFACE(6,8,(
    (#2897,#2898,#2899,#2900,#2901,#2902,#2903,#2904,#2905)
    ,(#2906,#2907,#2908,#2909,#2910,#2911,#2912,#2913,#2914)
    ,(#2915,#2916,#2917,#2918,#2919,#2920,#2921,#2922,#2923)
    ,(#2924,#2925,#2926,#2927,#2928,#2929,#2930,#2931,#2932)
    ,(#2933,#2934,#2935,#2936,#2937,#2938,#2939,#2940,#2941)
    ,(#2942,#2943,#2944,#2945,#2946,#2947,#2948,#2949,#2950)
    ,(#2951,#2952,#2953,#2954,#2955,#2956,#2957,#2958,#2959
)),.UNSPECIFIED.,.F.,.F.,.F.) B_SPLINE_SURFACE_WITH_KNOTS((7,7),(9,9),(
    0.,6.544984694977E-02),(0.,66.666666666667),
.PIECEWISE_BEZIER_KNOTS.) GEOMETRIC_REPRESENTATION_ITEM() 
RATIONAL_B_SPLINE_SURFACE((
    (1.000053547667,1.000053547667,1.000053547667,1.000053547667
      ,1.000053547667,1.000053547667,1.000053547667,1.000053547667
      ,1.000053547667)
    ,(1.000017847948,1.000017847948,1.000017847948,1.000017847948
      ,1.000017847948,1.000017847948,1.000017847948,1.000017847948
      ,1.000017847948)
    ,(0.999996430156,0.999996430156,0.999996430156,0.999996430156
      ,0.999996430156,0.999996430156,0.999996430156,0.999996430156
      ,0.999996430156)
    ,(0.999989291231,0.999989291231,0.999989291231,0.999989291231
      ,0.999989291231,0.999989291231,0.999989291231,0.999989291231
      ,0.999989291231)
    ,(0.999996430156,0.999996430156,0.999996430156,0.999996430156
      ,0.999996430156,0.999996430156,0.999996430156,0.999996430156
      ,0.999996430156)
    ,(1.000017847948,1.000017847948,1.000017847948,1.000017847948
      ,1.000017847948,1.000017847948,1.000017847948,1.000017847948
      ,1.000017847948)
    ,(1.000053547667,1.000053547667,1.000053547667,1.000053547667
      ,1.000053547667,1.000053547667,1.000053547667,1.000053547667
,1.000053547667))) REPRESENTATION_ITEM('') SURFACE() );
#2897 = CARTESIAN_POINT('',(-250.3925134166,-94.54154428917,
    93.234096442402));
#2898 = CARTESIAN_POINT('',(-247.5188240326,-99.08764294973,
    120.17678627206));
#2899 = CARTESIAN_POINT('',(-244.0687970167,-95.59821628619,
    148.41395161715));
#2900 = CARTESIAN_POINT('',(-241.2311989106,-83.558824926,
    175.27557910947));
#2901 = CARTESIAN_POINT('',(-240.284356166,-63.72613455006,
    197.89050052948));
#2902 = CARTESIAN_POINT('',(-242.3208375536,-38.26526889274,
    213.80476623992));
#2903 = CARTESIAN_POINT('',(-247.9084937117,-10.33125606784,
    221.74296282531));
#2904 = CARTESIAN_POINT('',(-257.0137462754,16.844270746728,
    221.78050852815));
#2905 = CARTESIAN_POINT('',(-269.1268082058,40.571353127107,
    215.06240378431));
#2906 = CARTESIAN_POINT('',(-249.9690962903,-94.6555534838,
    94.185106878811));
#2907 = CARTESIAN_POINT('',(-247.0827609822,-98.91776056299,
    121.15619991907));
#2908 = CARTESIAN_POINT('',(-243.656076261,-95.13475105875,
    149.34093761187));
#2909 = CARTESIAN_POINT('',(-240.8792381909,-82.82426714697,
    176.06609582894));
#2910 = CARTESIAN_POINT('',(-240.0263110727,-62.77664602907,
    198.47007929837));
#2911 = CARTESIAN_POINT('',(-242.1794981559,-37.18470671389,
    214.12221972473));
#2912 = CARTESIAN_POINT('',(-247.8922761556,-9.216423494164,
    221.77938805283));
#2913 = CARTESIAN_POINT('',(-257.1167827143,17.899774747928,
    221.54908489728));
#2914 = CARTESIAN_POINT('',(-269.3316848053,41.489492014298,
    214.60224340763));
#2915 = CARTESIAN_POINT('',(-249.5463043209,-94.78318488194,
    95.134713189829));
#2916 = CARTESIAN_POINT('',(-246.6458121109,-98.76191953328,
    122.13760315219));
#2917 = CARTESIAN_POINT('',(-243.240905566,-94.68458852658,
    150.27342626036));
#2918 = CARTESIAN_POINT('',(-240.523381555,-82.10106820031,
    176.86536291928));
#2919 = CARTESIAN_POINT('',(-239.7632216875,-61.83550300524,
    199.06098773236));
#2920 = CARTESIAN_POINT('',(-242.0324115931,-36.10873963798,
    214.45258155367));
#2921 = CARTESIAN_POINT('',(-247.8701236087,-8.102160620198,
    221.82914348778));
#2922 = CARTESIAN_POINT('',(-257.2141949357,18.958549614073,
    221.3302934657));
#2923 = CARTESIAN_POINT('',(-269.5316641954,42.414185234343,
    214.15308234356));
#2924 = CARTESIAN_POINT('',(-249.1242190422,-94.92441460983,
    96.082732247403));
#2925 = CARTESIAN_POINT('',(-246.2080616008,-98.62015065346,
    123.12080689567));
#2926 = CARTESIAN_POINT('',(-242.8233648317,-94.2478161785,
    151.2112381041));
#2927 = CARTESIAN_POINT('',(-240.1636973919,-81.38936810318,
    177.67322677658));
#2928 = CARTESIAN_POINT('',(-239.4951384553,-60.90288734682,
    199.66311253037));
#2929 = CARTESIAN_POINT('',(-241.879605911,-35.03757532211,
    214.79578873497));
#2930 = CARTESIAN_POINT('',(-247.8420400236,-6.988682269693,
    221.89222025269));
#2931 = CARTESIAN_POINT('',(-257.3059638607,20.020391423311,
    221.12417708558));
#2932 = CARTESIAN_POINT('',(-269.7267075643,43.345254887733,
    213.71500776452));
#2933 = CARTESIAN_POINT('',(-248.7029218284,-95.07921568671,
    97.028981282402));
#2934 = CARTESIAN_POINT('',(-245.7695938186,-98.49248150221,
    124.10562165865));
#2935 = CARTESIAN_POINT('',(-242.4035345013,-93.82451844608,
    152.15419246487));
#2936 = CARTESIAN_POINT('',(-239.8002549662,-80.68930424866,
    178.48953182994));
#2937 = CARTESIAN_POINT('',(-239.2221129628,-59.9789789777,
    200.27633782665));
#2938 = CARTESIAN_POINT('',(-241.7211104624,-33.97142033039,
    215.15177534113));
#2939 = CARTESIAN_POINT('',(-247.8080307078,-5.876203091491,
    221.96860642666));
#2940 = CARTESIAN_POINT('',(-257.3920716989,21.085095549056,
    220.93077571434));
#2941 = CARTESIAN_POINT('',(-269.9167772272,44.282521614691,
    213.28810431198));
#2942 = CARTESIAN_POINT('',(-248.2824938734,-95.24755803125,
    97.973277930081));
#2943 = CARTESIAN_POINT('',(-245.330493295,-98.37893643697,
    125.0918575822));
#2944 = CARTESIAN_POINT('',(-241.9814955411,-93.41477668247,
    153.10210748961));
#2945 = CARTESIAN_POINT('',(-239.4331244011,-80.00101137137,
    179.31412057997));
#2946 = CARTESIAN_POINT('',(-238.944197926,-59.06395583243,
    200.90054521943));
#2947 = CARTESIAN_POINT('',(-241.5569558999,-32.91048008247,
    215.520472525));
#2948 = CARTESIAN_POINT('',(-247.7681023226,-4.764937506163,
    222.05828704809));
#2949 = CARTESIAN_POINT('',(-257.4725019536,22.152456710787,
    220.7501264045));
#2950 = CARTESIAN_POINT('',(-270.1018366356,45.225804639644,
    212.87245407524));
#2951 = CARTESIAN_POINT('',(-247.863016171,-95.42940846934,
    98.915440275373));
#2952 = CARTESIAN_POINT('',(-244.8908447034,-98.27953658812,
    126.07932448654));
#2953 = CARTESIAN_POINT('',(-241.5573294201,-93.01866914239,
    154.05480019565));
#2954 = CARTESIAN_POINT('',(-239.062376661,-79.32462151425,
    180.14683363807));
#2955 = CARTESIAN_POINT('',(-238.6614471765,-58.15799381223,
    201.5356138005));
#2956 = CARTESIAN_POINT('',(-241.3871741686,-31.85495880261,
    215.90180853717));
#2957 = CARTESIAN_POINT('',(-247.7222628814,-3.655099652729,
    222.16124411866));
#2958 = CARTESIAN_POINT('',(-257.5472394253,23.222269025125,
    220.58226329468));
#2959 = CARTESIAN_POINT('',(-270.2818503864,46.174921816261,
    212.46813657121));
#2960 = DEFINITIONAL_REPRESENTATION('',(#2961),#2965);
#2961 = LINE('',#2962,#2963);
#2962 = CARTESIAN_POINT('',(0.,66.666666666667));
#2963 = VECTOR('',#2964,1.);
#2964 = DIRECTION('',(1.,0.));
#2965 = ( GEOMETRIC_REPRESENTATION_CONTEXT(2) 
PARAMETRIC_REPRESENTATION_CONTEXT() REPRESENTATION_CONTEXT('2D SPACE',''
  ) );
#2966 = ORIENTED_EDGE('',*,*,#2967,.T.);
#2967 = EDGE_CURVE('',#2877,#837,#2968,.T.);
#2968 = SURFACE_CURVE('',#2969,(#2979,#2986),.PCURVE_S1.);
#2969 = ( BOUNDED_CURVE() B_SPLINE_CURVE(8,(#2970,#2971,#2972,#2973,
    #2974,#2975,#2976,#2977,#2978),.UNSPECIFIED.,.F.,.F.) 
B_SPLINE_CURVE_WITH_KNOTS((9,9),(0.,66.666666666667),
.PIECEWISE_BEZIER_KNOTS.) CURVE() GEOMETRIC_REPRESENTATION_ITEM() 
RATIONAL_B_SPLINE_CURVE((1.000053547667,1.000053547667,1.000053547667,
    1.000053547667,1.000053547667,1.000053547667,1.000053547667,
1.000053547667,1.000053547667)) REPRESENTATION_ITEM('') );
#2970 = CARTESIAN_POINT('',(-270.2818503864,46.174921816261,
    212.46813657121));
#2971 = CARTESIAN_POINT('',(-283.0164613475,69.127574607398,
    204.35400984775));
#2972 = CARTESIAN_POINT('',(-298.660745236,88.155684093162,
    189.70465072907));
#2973 = CARTESIAN_POINT('',(-316.6338092477,100.65788728817,
    169.82476581555));
#2974 = CARTESIAN_POINT('',(-335.8954987492,104.65671184109,
    147.0505806642));
#2975 = CARTESIAN_POINT('',(-355.0751556056,99.412447624041,
    124.46064385028));
#2976 = CARTESIAN_POINT('',(-372.8165498885,85.811093303734,
    105.10109766698));
#2977 = CARTESIAN_POINT('',(-388.1156004911,65.939787727724,
    91.227145204167));
#2978 = CARTESIAN_POINT('',(-400.4381198401,42.459714261024,
    84.038591395697));
#2979 = PCURVE('',#900,#2980);
#2980 = DEFINITIONAL_REPRESENTATION('',(#2981),#2985);
#2981 = LINE('',#2982,#2983);
#2982 = CARTESIAN_POINT('',(6.544984694977E-02,0.));
#2983 = VECTOR('',#2984,1.);
#2984 = DIRECTION('',(0.,1.));
#2985 = ( GEOMETRIC_REPRESENTATION_CONTEXT(2) 
PARAMETRIC_REPRESENTATION_CONTEXT() REPRESENTATION_CONTEXT('2D SPACE',''
  ) );
#2986 = PCURVE('',#850,#2987);
#2987 = DEFINITIONAL_REPRESENTATION('',(#2988),#2992);
#2988 = LINE('',#2989,#2990);
#2989 = CARTESIAN_POINT('',(0.,0.));
#2990 = VECTOR('',#2991,1.);
#2991 = DIRECTION('',(0.,1.));
#2992 = ( GEOMETRIC_REPRESENTATION_CONTEXT(2) 
PARAMETRIC_REPRESENTATION_CONTEXT() REPRESENTATION_CONTEXT('2D SPACE',''
  ) );
#2993 = ORIENTED_EDGE('',*,*,#876,.F.);
#2994 = ADVANCED_FACE('',(#2995),#850,.F.);
#2995 = FACE_BOUND('',#2996,.F.);
#2996 = EDGE_LOOP('',(#2997,#2998,#3039,#3088));
#2997 = ORIENTED_EDGE('',*,*,#2967,.F.);
#2998 = ORIENTED_EDGE('',*,*,#2999,.T.);
#2999 = EDGE_CURVE('',#2877,#3000,#3002,.T.);
#3000 = VERTEX_POINT('',#3001);
#3001 = CARTESIAN_POINT('',(-285.9721138769,25.011415983808,
    177.22722777932));
#3002 = SURFACE_CURVE('',#3003,(#3006,#3013),.PCURVE_S1.);
#3003 = B_SPLINE_CURVE_WITH_KNOTS('',1,(#3004,#3005),.UNSPECIFIED.,.F.,
  .F.,(2,2),(0.,44.),.PIECEWISE_BEZIER_KNOTS.);
#3004 = CARTESIAN_POINT('',(-270.2818503864,46.174921816261,
    212.46813657121));
#3005 = CARTESIAN_POINT('',(-285.9721138769,25.011415983808,
    177.22722777932));
#3006 = PCURVE('',#850,#3007);
#3007 = DEFINITIONAL_REPRESENTATION('',(#3008),#3012);
#3008 = LINE('',#3009,#3010);
#3009 = CARTESIAN_POINT('',(0.,0.));
#3010 = VECTOR('',#3011,1.);
#3011 = DIRECTION('',(1.,0.));
#3012 = ( GEOMETRIC_REPRESENTATION_CONTEXT(2) 
PARAMETRIC_REPRESENTATION_CONTEXT() REPRESENTATION_CONTEXT('2D SPACE',''
  ) );
#3013 = PCURVE('',#3014,#3033);
#3014 = B_SPLINE_SURFACE_WITH_KNOTS('',1,8,(
    (#3015,#3016,#3017,#3018,#3019,#3020,#3021,#3022,#3023)
    ,(#3024,#3025,#3026,#3027,#3028,#3029,#3030,#3031,#3032
  )),.UNSPECIFIED.,.F.,.F.,.F.,(2,2),(9,9),(0.,44.),(0.,66.666666666667)
  ,.PIECEWISE_BEZIER_KNOTS.);
#3015 = CARTESIAN_POINT('',(-247.863016171,-95.42940846934,
    98.915440275373));
#3016 = CARTESIAN_POINT('',(-244.8908447034,-98.27953658812,
    126.07932448654));
#3017 = CARTESIAN_POINT('',(-241.5573294201,-93.01866914239,
    154.05480019565));
#3018 = CARTESIAN_POINT('',(-239.062376661,-79.32462151425,
    180.14683363807));
#3019 = CARTESIAN_POINT('',(-238.6614471765,-58.15799381223,
    201.5356138005));
#3020 = CARTESIAN_POINT('',(-241.3871741686,-31.85495880261,
    215.90180853717));
#3021 = CARTESIAN_POINT('',(-247.7222628814,-3.655099652729,
    222.16124411866));
#3022 = CARTESIAN_POINT('',(-257.5472394253,23.222269025125,
    220.58226329468));
#3023 = CARTESIAN_POINT('',(-270.2818503864,46.174921816261,
    212.46813657121));
#3024 = CARTESIAN_POINT('',(-245.9146896934,-51.69092958756,
    103.29145319175));
#3025 = CARTESIAN_POINT('',(-247.7939996047,-53.23474898523,
    119.55873181789));
#3026 = CARTESIAN_POINT('',(-249.4775816158,-50.38511245212,
    136.2656225054));
#3027 = CARTESIAN_POINT('',(-251.6153849943,-42.96750332022,
    151.95231529846));
#3028 = CARTESIAN_POINT('',(-254.8874509798,-31.50224664829,
    165.09141256486));
#3029 = CARTESIAN_POINT('',(-259.8531225567,-17.25476935141,
    174.4266093923));
#3030 = CARTESIAN_POINT('',(-266.7738650658,-1.979845645228,
    179.37064501069));
#3031 = CARTESIAN_POINT('',(-275.5849634834,12.578729055276,
    180.06887174278));
#3032 = CARTESIAN_POINT('',(-285.9721138769,25.011415983808,
    177.22722777932));
#3033 = DEFINITIONAL_REPRESENTATION('',(#3034),#3038);
#3034 = LINE('',#3035,#3036);
#3035 = CARTESIAN_POINT('',(0.,66.666666666667));
#3036 = VECTOR('',#3037,1.);
#3037 = DIRECTION('',(1.,0.));
#3038 = ( GEOMETRIC_REPRESENTATION_CONTEXT(2) 
PARAMETRIC_REPRESENTATION_CONTEXT() REPRESENTATION_CONTEXT('2D SPACE',''
  ) );
#3039 = ORIENTED_EDGE('',*,*,#3040,.F.);
#3040 = EDGE_CURVE('',#804,#3000,#3041,.T.);
#3041 = SURFACE_CURVE('',#3042,(#3052,#3059),.PCURVE_S1.);
#3042 = B_SPLINE_CURVE_WITH_KNOTS('',8,(#3043,#3044,#3045,#3046,#3047,
    #3048,#3049,#3050,#3051),.UNSPECIFIED.,.F.,.F.,(9,9),(
    57.151721081553,123.81838774821),.PIECEWISE_BEZIER_KNOTS.);
#3043 = CARTESIAN_POINT('',(-384.3873154812,22.999011891388,
    120.08928823656));
#3044 = CARTESIAN_POINT('',(-374.2233813775,35.717385019183,
    122.4295802044));
#3045 = CARTESIAN_POINT('',(-362.4471595115,46.481008872853,
    128.39112977668));
#3046 = CARTESIAN_POINT('',(-349.3480014854,53.848409129689,
    137.32404261423));
#3047 = CARTESIAN_POINT('',(-335.4697845652,56.68905224725,
    148.00675037666));
#3048 = CARTESIAN_POINT('',(-321.5471332957,54.523022281118,
    158.78925932191));
#3049 = CARTESIAN_POINT('',(-308.3224874997,47.75099555046,
    168.00402230498));
#3050 = CARTESIAN_POINT('',(-296.3592642704,37.444102912343,
    174.38558381586));
#3051 = CARTESIAN_POINT('',(-285.9721138769,25.011415983808,
    177.22722777932));
#3052 = PCURVE('',#850,#3053);
#3053 = DEFINITIONAL_REPRESENTATION('',(#3054),#3058);
#3054 = LINE('',#3055,#3056);
#3055 = CARTESIAN_POINT('',(44.,123.81838774821));
#3056 = VECTOR('',#3057,1.);
#3057 = DIRECTION('',(-1.06581410364E-16,-1.));
#3058 = ( GEOMETRIC_REPRESENTATION_CONTEXT(2) 
PARAMETRIC_REPRESENTATION_CONTEXT() REPRESENTATION_CONTEXT('2D SPACE',''
  ) );
#3059 = PCURVE('',#824,#3060);
#3060 = DEFINITIONAL_REPRESENTATION('',(#3061),#3087);
#3061 = B_SPLINE_CURVE_WITH_KNOTS('',3,(#3062,#3063,#3064,#3065,#3066,
    #3067,#3068,#3069,#3070,#3071,#3072,#3073,#3074,#3075,#3076,#3077,
    #3078,#3079,#3080,#3081,#3082,#3083,#3084,#3085,#3086),
  .UNSPECIFIED.,.F.,.F.,(4,1,1,1,1,1,1,1,1,1,1,1,1,1,1,1,1,1,1,1,1,1,4),
  (57.151721081553,60.182024111855,63.212327142158,66.242630172461,
    69.272933202763,72.303236233066,75.333539263369,78.363842293671,
    81.394145323974,84.424448354277,87.454751384579,90.485054414882,
    93.515357445185,96.545660475487,99.57596350579,102.60626653609,
    105.63656956639,108.66687259669,111.697175627,114.7274786573,
    117.7577816876,120.7880847179,123.81838774821),
  .QUASI_UNIFORM_KNOTS.);
#3062 = CARTESIAN_POINT('',(-2.683443724941,-425.));
#3063 = CARTESIAN_POINT('',(-2.65038823792,-423.9898989898));
#3064 = CARTESIAN_POINT('',(-2.584277259182,-421.9696969696));
#3065 = CARTESIAN_POINT('',(-2.48511079969,-418.9393939393));
#3066 = CARTESIAN_POINT('',(-2.38594439809,-415.909090909));
#3067 = CARTESIAN_POINT('',(-2.286778010655,-412.8787878787));
#3068 = CARTESIAN_POINT('',(-2.187611601371,-409.8484848484));
#3069 = CARTESIAN_POINT('',(-2.088445154851,-406.8181818181));
#3070 = CARTESIAN_POINT('',(-1.989278682597,-403.7878787878));
#3071 = CARTESIAN_POINT('',(-1.890112209937,-400.7575757575));
#3072 = CARTESIAN_POINT('',(-1.790945759804,-397.7272727272));
#3073 = CARTESIAN_POINT('',(-1.691779340483,-394.6969696969));
#3074 = CARTESIAN_POINT('',(-1.592612942445,-391.6666666666));
#3075 = CARTESIAN_POINT('',(-1.493446544407,-388.6363636363));
#3076 = CARTESIAN_POINT('',(-1.394280125087,-385.606060606));
#3077 = CARTESIAN_POINT('',(-1.295113674953,-382.5757575757));
#3078 = CARTESIAN_POINT('',(-1.195947202293,-379.5454545454));
#3079 = CARTESIAN_POINT('',(-1.096780730039,-376.5151515151));
#3080 = CARTESIAN_POINT('',(-0.997614283519,-373.4848484848));
#3081 = CARTESIAN_POINT('',(-0.898447874235,-370.4545454545));
#3082 = CARTESIAN_POINT('',(-0.799281486799,-367.4242424242));
#3083 = CARTESIAN_POINT('',(-0.700115085199,-364.3939393939));
#3084 = CARTESIAN_POINT('',(-0.600948625707,-361.3636363636));
#3085 = CARTESIAN_POINT('',(-0.534837646969,-359.3434343434));
#3086 = CARTESIAN_POINT('',(-0.501782159948,-358.3333333333));
#3087 = ( GEOMETRIC_REPRESENTATION_CONTEXT(2) 
PARAMETRIC_REPRESENTATION_CONTEXT() REPRESENTATION_CONTEXT('2D SPACE',''
  ) );
#3088 = ORIENTED_EDGE('',*,*,#836,.F.);
#3089 = ADVANCED_FACE('',(#3090),#824,.F.);
#3090 = FACE_BOUND('',#3091,.T.);
#3091 = EDGE_LOOP('',(#3092,#3093,#3094,#3145,#3215,#3285,#3308));
#3092 = ORIENTED_EDGE('',*,*,#3040,.F.);
#3093 = ORIENTED_EDGE('',*,*,#803,.F.);
#3094 = ORIENTED_EDGE('',*,*,#3095,.F.);
#3095 = EDGE_CURVE('',#3096,#764,#3098,.T.);
#3096 = VERTEX_POINT('',#3097);
#3097 = CARTESIAN_POINT('',(-321.8404684859,29.825974690254,
    96.665584307966));
#3098 = SURFACE_CURVE('',#3099,(#3109,#3138),.PCURVE_S1.);
#3099 = B_SPLINE_CURVE_WITH_KNOTS('',8,(#3100,#3101,#3102,#3103,#3104,
    #3105,#3106,#3107,#3108),.UNSPECIFIED.,.F.,.F.,(9,9),(0.,
    66.666666666689),.PIECEWISE_BEZIER_KNOTS.);
#3100 = CARTESIAN_POINT('',(-321.8404684859,29.825974690254,
    96.665584307966));
#3101 = CARTESIAN_POINT('',(-332.761650755,18.209743239331,
    92.624485113516));
#3102 = CARTESIAN_POINT('',(-342.2102831916,4.05841449067,
    91.890786994361));
#3103 = CARTESIAN_POINT('',(-349.8115153952,-11.31097700464,
    95.30641773447));
#3104 = CARTESIAN_POINT('',(-355.423801469,-26.18232194442,
    103.18929462386));
#3105 = CARTESIAN_POINT('',(-359.2293510311,-38.74129224827,
    115.13016815894));
#3106 = CARTESIAN_POINT('',(-361.7281492304,-47.58026887827,
    130.00605330875));
#3107 = CARTESIAN_POINT('',(-363.5731553016,-52.,146.35037962141));
#3108 = CARTESIAN_POINT('',(-365.418183057,-52.,162.69465723032));
#3109 = PCURVE('',#824,#3110);
#3110 = DEFINITIONAL_REPRESENTATION('',(#3111),#3137);
#3111 = B_SPLINE_CURVE_WITH_KNOTS('',3,(#3112,#3113,#3114,#3115,#3116,
    #3117,#3118,#3119,#3120,#3121,#3122,#3123,#3124,#3125,#3126,#3127,
    #3128,#3129,#3130,#3131,#3132,#3133,#3134,#3135,#3136),
  .UNSPECIFIED.,.F.,.F.,(4,1,1,1,1,1,1,1,1,1,1,1,1,1,1,1,1,1,1,1,1,1,4),
  (0.,3.030303030304,6.060606060608,9.090909090912,12.121212121216,
    15.15151515152,18.181818181824,21.212121212128,24.242424242432,
    27.272727272736,30.30303030304,33.333333333344,36.363636363649,
    39.393939393953,42.424242424257,45.454545454561,48.484848484865,
    51.515151515169,54.545454545473,57.575757575777,60.606060606081,
    63.636363636385,66.666666666689),.QUASI_UNIFORM_KNOTS.);
#3112 = CARTESIAN_POINT('',(-2.530727415392,-358.3333333333));
#3113 = CARTESIAN_POINT('',(-2.563782902413,-359.3434343434));
#3114 = CARTESIAN_POINT('',(-2.629893881151,-361.3636363636));
#3115 = CARTESIAN_POINT('',(-2.729060340643,-364.3939393939));
#3116 = CARTESIAN_POINT('',(-2.828226742243,-367.4242424242));
#3117 = CARTESIAN_POINT('',(-2.927393129678,-370.4545454545));
#3118 = CARTESIAN_POINT('',(-3.026559538962,-373.4848484848));
#3119 = CARTESIAN_POINT('',(-3.125725985482,-376.5151515151));
#3120 = CARTESIAN_POINT('',(-3.224892457736,-379.5454545454));
#3121 = CARTESIAN_POINT('',(-3.324058930397,-382.5757575757));
#3122 = CARTESIAN_POINT('',(-3.42322538053,-385.606060606));
#3123 = CARTESIAN_POINT('',(-3.522391799851,-388.6363636364));
#3124 = CARTESIAN_POINT('',(-3.621558197889,-391.6666666667));
#3125 = CARTESIAN_POINT('',(-3.720724595926,-394.696969697));
#3126 = CARTESIAN_POINT('',(-3.819891015247,-397.7272727273));
#3127 = CARTESIAN_POINT('',(-3.91905746538,-400.7575757576));
#3128 = CARTESIAN_POINT('',(-4.018223938041,-403.7878787879));
#3129 = CARTESIAN_POINT('',(-4.117390410295,-406.8181818181));
#3130 = CARTESIAN_POINT('',(-4.216556856815,-409.8484848484));
#3131 = CARTESIAN_POINT('',(-4.315723266099,-412.8787878787));
#3132 = CARTESIAN_POINT('',(-4.414889653534,-415.909090909));
#3133 = CARTESIAN_POINT('',(-4.514056055134,-418.9393939393));
#3134 = CARTESIAN_POINT('',(-4.613222514626,-421.9696969696));
#3135 = CARTESIAN_POINT('',(-4.679333493364,-423.9898989899));
#3136 = CARTESIAN_POINT('',(-4.712388980385,-425.));
#3137 = ( GEOMETRIC_REPRESENTATION_CONTEXT(2) 
PARAMETRIC_REPRESENTATION_CONTEXT() REPRESENTATION_CONTEXT('2D SPACE',''
  ) );
#3138 = PCURVE('',#777,#3139);
#3139 = DEFINITIONAL_REPRESENTATION('',(#3140),#3144);
#3140 = LINE('',#3141,#3142);
#3141 = CARTESIAN_POINT('',(-5.337671107685E-15,-1.068325478839E-14));
#3142 = VECTOR('',#3143,1.);
#3143 = DIRECTION('',(-3.362457930208E-16,1.));
#3144 = ( GEOMETRIC_REPRESENTATION_CONTEXT(2) 
PARAMETRIC_REPRESENTATION_CONTEXT() REPRESENTATION_CONTEXT('2D SPACE',''
  ) );
#3145 = ORIENTED_EDGE('',*,*,#3146,.F.);
#3146 = EDGE_CURVE('',#3147,#3096,#3149,.T.);
#3147 = VERTEX_POINT('',#3148);
#3148 = CARTESIAN_POINT('',(-223.7373360887,17.785047452935,
    153.10260493577));
#3149 = SURFACE_CURVE('',#3150,(#3160,#3189),.PCURVE_S1.);
#3150 = B_SPLINE_CURVE_WITH_KNOTS('',8,(#3151,#3152,#3153,#3154,#3155,
    #3156,#3157,#3158,#3159),.UNSPECIFIED.,.F.,.F.,(9,9),(0.,
    66.666666666644),.PIECEWISE_BEZIER_KNOTS.);
#3151 = CARTESIAN_POINT('',(-223.7373360887,17.785047452935,
    153.10260493577));
#3152 = CARTESIAN_POINT('',(-233.322936148,31.110640731825,
    152.06127249905));
#3153 = CARTESIAN_POINT('',(-244.5977976622,42.924647036674,
    147.22579671395));
#3154 = CARTESIAN_POINT('',(-257.3381175323,51.716712012188,
    139.09884757078));
#3155 = CARTESIAN_POINT('',(-271.0533113061,56.217447776895,
    128.7822957895));
#3156 = CARTESIAN_POINT('',(-285.0343715486,55.753161699476,
    117.8685981441));
#3157 = CARTESIAN_POINT('',(-298.52552924,50.523427636956,
    108.05523964275));
#3158 = CARTESIAN_POINT('',(-310.9192862168,41.442206141174,
    100.70668350241));
#3159 = CARTESIAN_POINT('',(-321.8404684859,29.825974690254,
    96.665584307966));
#3160 = PCURVE('',#824,#3161);
#3161 = DEFINITIONAL_REPRESENTATION('',(#3162),#3188);
#3162 = B_SPLINE_CURVE_WITH_KNOTS('',3,(#3163,#3164,#3165,#3166,#3167,
    #3168,#3169,#3170,#3171,#3172,#3173,#3174,#3175,#3176,#3177,#3178,
    #3179,#3180,#3181,#3182,#3183,#3184,#3185,#3186,#3187),
  .UNSPECIFIED.,.F.,.F.,(4,1,1,1,1,1,1,1,1,1,1,1,1,1,1,1,1,1,1,1,1,1,4),
  (0.,3.030303030302,6.060606060604,9.090909090906,12.121212121208,
    15.15151515151,18.181818181812,21.212121212114,24.242424242416,
    27.272727272718,30.30303030302,33.333333333322,36.363636363624,
    39.393939393926,42.424242424228,45.45454545453,48.484848484832,
    51.515151515134,54.545454545436,57.575757575738,60.60606060604,
    63.636363636342,66.666666666644),.QUASI_UNIFORM_KNOTS.);
#3163 = CARTESIAN_POINT('',(-0.349065850399,-291.6666666666));
#3164 = CARTESIAN_POINT('',(-0.38212133742,-292.6767676767));
#3165 = CARTESIAN_POINT('',(-0.448232316158,-294.6969696969));
#3166 = CARTESIAN_POINT('',(-0.54739877565,-297.7272727272));
#3167 = CARTESIAN_POINT('',(-0.64656517725,-300.7575757575));
#3168 = CARTESIAN_POINT('',(-0.745731564685,-303.7878787878));
#3169 = CARTESIAN_POINT('',(-0.844897973969,-306.8181818181));
#3170 = CARTESIAN_POINT('',(-0.944064420489,-309.8484848484));
#3171 = CARTESIAN_POINT('',(-1.043230892742,-312.8787878787));
#3172 = CARTESIAN_POINT('',(-1.142397365403,-315.909090909));
#3173 = CARTESIAN_POINT('',(-1.241563815536,-318.9393939393));
#3174 = CARTESIAN_POINT('',(-1.340730234857,-321.9696969696));
#3175 = CARTESIAN_POINT('',(-1.439896632895,-324.9999999999));
#3176 = CARTESIAN_POINT('',(-1.539063030933,-328.0303030302));
#3177 = CARTESIAN_POINT('',(-1.638229450254,-331.0606060605));
#3178 = CARTESIAN_POINT('',(-1.737395900387,-334.0909090909));
#3179 = CARTESIAN_POINT('',(-1.836562373048,-337.1212121212));
#3180 = CARTESIAN_POINT('',(-1.935728845302,-340.1515151515));
#3181 = CARTESIAN_POINT('',(-2.034895291822,-343.1818181818));
#3182 = CARTESIAN_POINT('',(-2.134061701106,-346.2121212121));
#3183 = CARTESIAN_POINT('',(-2.233228088541,-349.2424242424));
#3184 = CARTESIAN_POINT('',(-2.332394490141,-352.2727272727));
#3185 = CARTESIAN_POINT('',(-2.431560949633,-355.303030303));
#3186 = CARTESIAN_POINT('',(-2.497671928371,-357.3232323232));
#3187 = CARTESIAN_POINT('',(-2.530727415392,-358.3333333333));
#3188 = ( GEOMETRIC_REPRESENTATION_CONTEXT(2) 
PARAMETRIC_REPRESENTATION_CONTEXT() REPRESENTATION_CONTEXT('2D SPACE',''
  ) );
#3189 = PCURVE('',#3190,#3209);
#3190 = B_SPLINE_SURFACE_WITH_KNOTS('',1,8,(
    (#3191,#3192,#3193,#3194,#3195,#3196,#3197,#3198,#3199)
    ,(#3200,#3201,#3202,#3203,#3204,#3205,#3206,#3207,#3208
  )),.UNSPECIFIED.,.F.,.F.,.F.,(2,2),(9,9),(0.,44.),(0.,66.666666666667)
  ,.PIECEWISE_BEZIER_KNOTS.);
#3191 = CARTESIAN_POINT('',(-223.7373360887,17.785047452935,
    153.10260493577));
#3192 = CARTESIAN_POINT('',(-233.322936148,31.110640731829,
    152.06127249905));
#3193 = CARTESIAN_POINT('',(-244.5977976622,42.924647036682,
    147.22579671394));
#3194 = CARTESIAN_POINT('',(-257.3381175323,51.716712012196,
    139.09884757078));
#3195 = CARTESIAN_POINT('',(-271.0533113064,56.217447776903,
    128.7822957894));
#3196 = CARTESIAN_POINT('',(-285.0343715484,55.75316169942,
    117.8685981442));
#3197 = CARTESIAN_POINT('',(-298.52552924,50.523427636978,
    108.05523964273));
#3198 = CARTESIAN_POINT('',(-310.9192862169,41.442206141174,
    100.70668350241));
#3199 = CARTESIAN_POINT('',(-321.8404684859,29.825974690254,
    96.665584307966));
#3200 = CARTESIAN_POINT('',(-206.9202095162,32.833933759264,
    190.87448964894));
#3201 = CARTESIAN_POINT('',(-218.1750352449,57.435029043377,
    186.08401497484));
#3202 = CARTESIAN_POINT('',(-232.5484975057,79.245502221566,
    174.28896796527));
#3203 = CARTESIAN_POINT('',(-249.6274213467,95.477006791747,
    156.4173547562));
#3204 = CARTESIAN_POINT('',(-268.506112395,103.78605743428,
    134.50339821504));
#3205 = CARTESIAN_POINT('',(-287.8756338455,102.92891390662,
    111.48701854067));
#3206 = CARTESIAN_POINT('',(-306.3407198184,93.274020252882,
    90.50203420858));
#3207 = CARTESIAN_POINT('',(-322.779835241,76.508688260629,
    74.067454235535));
#3208 = CARTESIAN_POINT('',(-336.5003512031,55.0633378897,
    63.738948624096));
#3209 = DEFINITIONAL_REPRESENTATION('',(#3210),#3214);
#3210 = LINE('',#3211,#3212);
#3211 = CARTESIAN_POINT('',(-3.30901150306E-14,-1.59390161775E-14));
#3212 = VECTOR('',#3213,1.);
#3213 = DIRECTION('',(3.165972255613E-16,1.));
#3214 = ( GEOMETRIC_REPRESENTATION_CONTEXT(2) 
PARAMETRIC_REPRESENTATION_CONTEXT() REPRESENTATION_CONTEXT('2D SPACE',''
  ) );
#3215 = ORIENTED_EDGE('',*,*,#3216,.F.);
#3216 = EDGE_CURVE('',#3217,#3147,#3219,.T.);
#3217 = VERTEX_POINT('',#3218);
#3218 = CARTESIAN_POINT('',(-212.7173277063,0.,151.62894263934));
#3219 = SURFACE_CURVE('',#3220,(#3230,#3259),.PCURVE_S1.);
#3220 = B_SPLINE_CURVE_WITH_KNOTS('',8,(#3221,#3222,#3223,#3224,#3225,
    #3226,#3227,#3228,#3229),.UNSPECIFIED.,.F.,.F.,(9,9),(
    55.999998832202,66.666666666667),.PIECEWISE_BEZIER_KNOTS.);
#3221 = CARTESIAN_POINT('',(-212.717330453,-1.893388919649E-06,
    151.62894439149));
#3222 = CARTESIAN_POINT('',(-213.9353913628,2.268925424828,
    152.17125960173));
#3223 = CARTESIAN_POINT('',(-215.1994719817,4.537852644688,
    152.61021285274));
#3224 = CARTESIAN_POINT('',(-216.5095722595,6.800197556172,
    152.94580425778));
#3225 = CARTESIAN_POINT('',(-217.865505205,9.049378049032,
    153.17845380445));
#3226 = CARTESIAN_POINT('',(-219.266896906,11.278852152828,
    153.30900132777));
#3227 = CARTESIAN_POINT('',(-220.7131884291,13.482157936829,
    153.33870207121));
#3228 = CARTESIAN_POINT('',(-222.2036400331,15.652952296001,
    153.26921846146));
#3229 = CARTESIAN_POINT('',(-223.7373360887,17.785047452935,
    153.10260493577));
#3230 = PCURVE('',#824,#3231);
#3231 = DEFINITIONAL_REPRESENTATION('',(#3232),#3258);
#3232 = B_SPLINE_CURVE_WITH_KNOTS('',3,(#3233,#3234,#3235,#3236,#3237,
    #3238,#3239,#3240,#3241,#3242,#3243,#3244,#3245,#3246,#3247,#3248,
    #3249,#3250,#3251,#3252,#3253,#3254,#3255,#3256,#3257),
  .UNSPECIFIED.,.F.,.F.,(4,1,1,1,1,1,1,1,1,1,1,1,1,1,1,1,1,1,1,1,1,1,4),
  (55.999998832202,56.484847370132,56.969695908063,57.454544445993,
    57.939392983923,58.424241521853,58.909090059783,59.393938597714,
    59.878787135644,60.363635673574,60.848484211504,61.333332749434,
    61.818181287365,62.303029825295,62.787878363225,63.272726901155,
    63.757575439086,64.242423977016,64.727272514946,65.212121052876,
    65.696969590806,66.181818128737,66.666666666667),
  .QUASI_UNIFORM_KNOTS.);
#3233 = CARTESIAN_POINT('',(3.641132462207E-08,-280.9999988322));
#3234 = CARTESIAN_POINT('',(-5.288838407615E-03,-281.1616150115));
#3235 = CARTESIAN_POINT('',(-1.586658800394E-02,-281.4848473701));
#3236 = CARTESIAN_POINT('',(-3.173321243531E-02,-281.969695908));
#3237 = CARTESIAN_POINT('',(-4.759983706366E-02,-282.4545444459));
#3238 = CARTESIAN_POINT('',(-6.346646205419E-02,-282.9393929839));
#3239 = CARTESIAN_POINT('',(-7.933308757078E-02,-283.4242415218));
#3240 = CARTESIAN_POINT('',(-9.519971377245E-02,-283.9090900597));
#3241 = CARTESIAN_POINT('',(-0.111066340808,-284.3939385977));
#3242 = CARTESIAN_POINT('',(-0.126932968813,-284.8787871358));
#3243 = CARTESIAN_POINT('',(-0.1427995979,-285.3636356742));
#3244 = CARTESIAN_POINT('',(-0.158666228157,-285.8484842131));
#3245 = CARTESIAN_POINT('',(-0.174532859637,-286.3333327529));
#3246 = CARTESIAN_POINT('',(-0.190399492357,-286.8181812941));
#3247 = CARTESIAN_POINT('',(-0.206266126284,-287.3030298373));
#3248 = CARTESIAN_POINT('',(-0.222132761335,-287.7878783829));
#3249 = CARTESIAN_POINT('',(-0.237999397368,-288.2727269315));
#3250 = CARTESIAN_POINT('',(-0.253866034175,-288.757575483));
#3251 = CARTESIAN_POINT('',(-0.269732671481,-289.2424240365));
#3252 = CARTESIAN_POINT('',(-0.285599308939,-289.72727259));
#3253 = CARTESIAN_POINT('',(-0.301465946128,-290.2121211397));
#3254 = CARTESIAN_POINT('',(-0.317332582555,-290.6969696785));
#3255 = CARTESIAN_POINT('',(-0.333199217665,-291.1818181964));
#3256 = CARTESIAN_POINT('',(-0.343776973105,-291.5050505159));
#3257 = CARTESIAN_POINT('',(-0.349065850399,-291.6666666666));
#3258 = ( GEOMETRIC_REPRESENTATION_CONTEXT(2) 
PARAMETRIC_REPRESENTATION_CONTEXT() REPRESENTATION_CONTEXT('2D SPACE',''
  ) );
#3259 = PCURVE('',#3260,#3279);
#3260 = B_SPLINE_SURFACE_WITH_KNOTS('',1,8,(
    (#3261,#3262,#3263,#3264,#3265,#3266,#3267,#3268,#3269)
    ,(#3270,#3271,#3272,#3273,#3274,#3275,#3276,#3277,#3278
  )),.UNSPECIFIED.,.F.,.F.,.F.,(2,2),(9,9),(0.,44.),(0.,66.666666666667)
  ,.PIECEWISE_BEZIER_KNOTS.);
#3261 = CARTESIAN_POINT('',(-188.1831933861,-50.22814296703,
    69.05229453891));
#3262 = CARTESIAN_POINT('',(-190.2247559004,-53.89840412645,
    84.955147851988));
#3263 = CARTESIAN_POINT('',(-191.8010271165,-53.29954664853,
    101.90306253132));
#3264 = CARTESIAN_POINT('',(-193.5435938028,-48.01599774686,
    118.4774714695));
#3265 = CARTESIAN_POINT('',(-196.1567772195,-38.30768476886,
    133.09644321495));
#3266 = CARTESIAN_POINT('',(-200.2717076654,-25.21610735744,
    144.34243590784));
#3267 = CARTESIAN_POINT('',(-206.255382592,-10.37782627423,
    151.39115977611));
#3268 = CARTESIAN_POINT('',(-214.1517360294,4.45945417404,
    154.14393737249));
#3269 = CARTESIAN_POINT('',(-223.7373360887,17.785047452935,
    153.10260493577));
#3270 = CARTESIAN_POINT('',(-192.8151257271,-92.72887932375,
    58.648804166699));
#3271 = CARTESIAN_POINT('',(-190.1424975266,-99.50474607961,
    85.13990318454));
#3272 = CARTESIAN_POINT('',(-186.6108700063,-98.39916304344,
    113.56034626316));
#3273 = CARTESIAN_POINT('',(-183.3862495078,-88.64491891729,
    141.29124028119));
#3274 = CARTESIAN_POINT('',(-181.7689214349,-70.72187957329,
    165.41209640494));
#3275 = CARTESIAN_POINT('',(-182.9240494157,-46.55281358298,
    183.30591427783));
#3276 = CARTESIAN_POINT('',(-187.5291672071,-19.15906389089,
    193.45092816678));
#3277 = CARTESIAN_POINT('',(-195.6653837875,8.232838475151,
    195.66496432303));
#3278 = CARTESIAN_POINT('',(-206.9202095162,32.833933759264,
    190.87448964894));
#3279 = DEFINITIONAL_REPRESENTATION('',(#3280),#3284);
#3280 = LINE('',#3281,#3282);
#3281 = CARTESIAN_POINT('',(-7.173133243671E-14,-1.42108547152E-14));
#3282 = VECTOR('',#3283,1.);
#3283 = DIRECTION('',(1.210918313516E-15,1.));
#3284 = ( GEOMETRIC_REPRESENTATION_CONTEXT(2) 
PARAMETRIC_REPRESENTATION_CONTEXT() REPRESENTATION_CONTEXT('2D SPACE',''
  ) );
#3285 = ORIENTED_EDGE('',*,*,#3286,.T.);
#3286 = EDGE_CURVE('',#3217,#3287,#3289,.T.);
#3287 = VERTEX_POINT('',#3288);
#3288 = CARTESIAN_POINT('',(-269.3571561033,0.,176.84661897267));
#3289 = SURFACE_CURVE('',#3290,(#3294,#3301),.PCURVE_S1.);
#3290 = LINE('',#3291,#3292);
#3291 = CARTESIAN_POINT('',(43.988941881007,0.,37.33594772052));
#3292 = VECTOR('',#3293,1.);
#3293 = DIRECTION('',(-0.913545457643,0.,0.406736643076));
#3294 = PCURVE('',#824,#3295);
#3295 = DEFINITIONAL_REPRESENTATION('',(#3296),#3300);
#3296 = LINE('',#3297,#3298);
#3297 = CARTESIAN_POINT('',(-0.,0.));
#3298 = VECTOR('',#3299,1.);
#3299 = DIRECTION('',(-0.,-1.));
#3300 = ( GEOMETRIC_REPRESENTATION_CONTEXT(2) 
PARAMETRIC_REPRESENTATION_CONTEXT() REPRESENTATION_CONTEXT('2D SPACE',''
  ) );
#3301 = PCURVE('',#1308,#3302);
#3302 = DEFINITIONAL_REPRESENTATION('',(#3303),#3307);
#3303 = LINE('',#3304,#3305);
#3304 = CARTESIAN_POINT('',(-6.28318530718,0.));
#3305 = VECTOR('',#3306,1.);
#3306 = DIRECTION('',(-0.,-1.));
#3307 = ( GEOMETRIC_REPRESENTATION_CONTEXT(2) 
PARAMETRIC_REPRESENTATION_CONTEXT() REPRESENTATION_CONTEXT('2D SPACE',''
  ) );
#3308 = ORIENTED_EDGE('',*,*,#3309,.F.);
#3309 = EDGE_CURVE('',#3000,#3287,#3310,.T.);
#3310 = SURFACE_CURVE('',#3311,(#3321,#3350),.PCURVE_S1.);
#3311 = B_SPLINE_CURVE_WITH_KNOTS('',8,(#3312,#3313,#3314,#3315,#3316,
    #3317,#3318,#3319,#3320),.UNSPECIFIED.,.F.,.F.,(9,9),(57.15172104061
    ,72.485053693599),.PIECEWISE_BEZIER_KNOTS.);
#3312 = CARTESIAN_POINT('',(-285.9721138769,25.011415983808,
    177.22722777932));
#3313 = CARTESIAN_POINT('',(-283.5830693924,22.151898117123,
    177.88080586192));
#3314 = CARTESIAN_POINT('',(-281.27739805,19.179920797281,
    178.34712480134));
#3315 = CARTESIAN_POINT('',(-279.0589239852,16.112633880167,
    178.61759544875));
#3316 = CARTESIAN_POINT('',(-276.9307728814,12.968122608652,
    178.68519740417));
#3317 = CARTESIAN_POINT('',(-274.8953226733,9.76519953992,
    178.54458973899));
#3318 = CARTESIAN_POINT('',(-272.9541697778,6.523170263321,
    178.19218684198));
#3319 = CARTESIAN_POINT('',(-271.1081123511,3.261587264138,
    177.62619602496));
#3320 = CARTESIAN_POINT('',(-269.3571503517,3.468121970496E-06,
    176.84661738123));
#3321 = PCURVE('',#824,#3322);
#3322 = DEFINITIONAL_REPRESENTATION('',(#3323),#3349);
#3323 = B_SPLINE_CURVE_WITH_KNOTS('',3,(#3324,#3325,#3326,#3327,#3328,
    #3329,#3330,#3331,#3332,#3333,#3334,#3335,#3336,#3337,#3338,#3339,
    #3340,#3341,#3342,#3343,#3344,#3345,#3346,#3347,#3348),
  .UNSPECIFIED.,.F.,.F.,(4,1,1,1,1,1,1,1,1,1,1,1,1,1,1,1,1,1,1,1,1,1,4),
  (57.15172104061,57.848690706655,58.5456603727,59.242630038745,
    59.93959970479,60.636569370835,61.33353903688,62.030508702925,
    62.72747836897,63.424448035015,64.12141770106,64.818387367105,
    65.51535703315,66.212326699195,66.90929636524,67.606266031284,
    68.303235697329,69.000205363374,69.697175029419,70.394144695464,
    71.091114361509,71.788084027554,72.485053693599),
  .QUASI_UNIFORM_KNOTS.);
#3324 = CARTESIAN_POINT('',(-0.501782159948,-358.3333333333));
#3325 = CARTESIAN_POINT('',(-0.49417940025,-358.1010101113));
#3326 = CARTESIAN_POINT('',(-0.478973878901,-357.6363636672));
#3327 = CARTESIAN_POINT('',(-0.456165592966,-356.9393940012));
#3328 = CARTESIAN_POINT('',(-0.43335730523,-356.2424243351));
#3329 = CARTESIAN_POINT('',(-0.410549017221,-355.5454546691));
#3330 = CARTESIAN_POINT('',(-0.387740730128,-354.8484850031));
#3331 = CARTESIAN_POINT('',(-0.364932444778,-354.151515337));
#3332 = CARTESIAN_POINT('',(-0.342124161699,-353.454545671));
#3333 = CARTESIAN_POINT('',(-0.319315881152,-352.7575760049));
#3334 = CARTESIAN_POINT('',(-0.29650760318,-352.0606063389));
#3335 = CARTESIAN_POINT('',(-0.273699327645,-351.3636366728));
#3336 = CARTESIAN_POINT('',(-0.25089105427,-350.6666670068));
#3337 = CARTESIAN_POINT('',(-0.228082782677,-349.9696973407));
#3338 = CARTESIAN_POINT('',(-0.205274512421,-349.2727276747));
#3339 = CARTESIAN_POINT('',(-0.182466243019,-348.5757580087));
#3340 = CARTESIAN_POINT('',(-0.159657973983,-347.8787883426));
#3341 = CARTESIAN_POINT('',(-0.136849704836,-347.1818186766));
#3342 = CARTESIAN_POINT('',(-0.114041435137,-346.4848490105));
#3343 = CARTESIAN_POINT('',(-9.123316449595E-02,-345.7878793445));
#3344 = CARTESIAN_POINT('',(-6.842489258288E-02,-345.0909096784));
#3345 = CARTESIAN_POINT('',(-4.561661914065E-02,-344.3939400124));
#3346 = CARTESIAN_POINT('',(-2.280834397944E-02,-343.6969703463));
#3347 = CARTESIAN_POINT('',(-7.602826002762E-03,-343.2323239023));
#3348 = CARTESIAN_POINT('',(-6.669465214296E-08,-343.0000006803));
#3349 = ( GEOMETRIC_REPRESENTATION_CONTEXT(2) 
PARAMETRIC_REPRESENTATION_CONTEXT() REPRESENTATION_CONTEXT('2D SPACE',''
  ) );
#3350 = PCURVE('',#3014,#3351);
#3351 = DEFINITIONAL_REPRESENTATION('',(#3352),#3356);
#3352 = LINE('',#3353,#3354);
#3353 = CARTESIAN_POINT('',(44.,123.81838770727));
#3354 = VECTOR('',#3355,1.);
#3355 = DIRECTION('',(0.,-1.));
#3356 = ( GEOMETRIC_REPRESENTATION_CONTEXT(2) 
PARAMETRIC_REPRESENTATION_CONTEXT() REPRESENTATION_CONTEXT('2D SPACE',''
  ) );
#3357 = ADVANCED_FACE('',(#3358),#777,.F.);
#3358 = FACE_BOUND('',#3359,.F.);
#3359 = EDGE_LOOP('',(#3360,#3361,#3383,#3410));
#3360 = ORIENTED_EDGE('',*,*,#3095,.F.);
#3361 = ORIENTED_EDGE('',*,*,#3362,.T.);
#3362 = EDGE_CURVE('',#3096,#3363,#3365,.T.);
#3363 = VERTEX_POINT('',#3364);
#3364 = CARTESIAN_POINT('',(-336.5003512031,55.0633378897,
    63.738948624096));
#3365 = SURFACE_CURVE('',#3366,(#3369,#3376),.PCURVE_S1.);
#3366 = B_SPLINE_CURVE_WITH_KNOTS('',1,(#3367,#3368),.UNSPECIFIED.,.F.,
  .F.,(2,2),(0.,44.),.PIECEWISE_BEZIER_KNOTS.);
#3367 = CARTESIAN_POINT('',(-321.8404684859,29.825974690254,
    96.665584307966));
#3368 = CARTESIAN_POINT('',(-336.5003512031,55.0633378897,
    63.738948624096));
#3369 = PCURVE('',#777,#3370);
#3370 = DEFINITIONAL_REPRESENTATION('',(#3371),#3375);
#3371 = LINE('',#3372,#3373);
#3372 = CARTESIAN_POINT('',(0.,0.));
#3373 = VECTOR('',#3374,1.);
#3374 = DIRECTION('',(1.,0.));
#3375 = ( GEOMETRIC_REPRESENTATION_CONTEXT(2) 
PARAMETRIC_REPRESENTATION_CONTEXT() REPRESENTATION_CONTEXT('2D SPACE',''
  ) );
#3376 = PCURVE('',#3190,#3377);
#3377 = DEFINITIONAL_REPRESENTATION('',(#3378),#3382);
#3378 = LINE('',#3379,#3380);
#3379 = CARTESIAN_POINT('',(0.,66.666666666667));
#3380 = VECTOR('',#3381,1.);
#3381 = DIRECTION('',(1.,0.));
#3382 = ( GEOMETRIC_REPRESENTATION_CONTEXT(2) 
PARAMETRIC_REPRESENTATION_CONTEXT() REPRESENTATION_CONTEXT('2D SPACE',''
  ) );
#3383 = ORIENTED_EDGE('',*,*,#3384,.T.);
#3384 = EDGE_CURVE('',#3363,#669,#3385,.T.);
#3385 = SURFACE_CURVE('',#3386,(#3396,#3403),.PCURVE_S1.);
#3386 = B_SPLINE_CURVE_WITH_KNOTS('',8,(#3387,#3388,#3389,#3390,#3391,
    #3392,#3393,#3394,#3395),.UNSPECIFIED.,.F.,.F.,(9,9),(0.,
    66.666666666667),.PIECEWISE_BEZIER_KNOTS.);
#3387 = CARTESIAN_POINT('',(-336.5003512031,55.0633378897,
    63.738948624096));
#3388 = CARTESIAN_POINT('',(-350.2208671652,33.617987518772,
    53.410443012657));
#3389 = CARTESIAN_POINT('',(-361.2228295904,7.492457521255,
    49.18790861714));
#3390 = CARTESIAN_POINT('',(-368.8142069701,-20.88180370086,
    52.625673654112));
#3391 = CARTESIAN_POINT('',(-372.7336838022,-48.33659435886,
    64.310662351243));
#3392 = CARTESIAN_POINT('',(-373.3176470745,-71.5223856891,
    83.487337163407));
#3393 = CARTESIAN_POINT('',(-371.4891462927,-87.84049639067,
    108.08249495704));
#3394 = CARTESIAN_POINT('',(-368.4536446586,-96.,135.38862105093));
#3395 = CARTESIAN_POINT('',(-365.418183057,-96.,162.69465723032));
#3396 = PCURVE('',#777,#3397);
#3397 = DEFINITIONAL_REPRESENTATION('',(#3398),#3402);
#3398 = LINE('',#3399,#3400);
#3399 = CARTESIAN_POINT('',(44.,0.));
#3400 = VECTOR('',#3401,1.);
#3401 = DIRECTION('',(0.,1.));
#3402 = ( GEOMETRIC_REPRESENTATION_CONTEXT(2) 
PARAMETRIC_REPRESENTATION_CONTEXT() REPRESENTATION_CONTEXT('2D SPACE',''
  ) );
#3403 = PCURVE('',#692,#3404);
#3404 = DEFINITIONAL_REPRESENTATION('',(#3405),#3409);
#3405 = LINE('',#3406,#3407);
#3406 = CARTESIAN_POINT('',(0.,0.));
#3407 = VECTOR('',#3408,1.);
#3408 = DIRECTION('',(0.,1.));
#3409 = ( GEOMETRIC_REPRESENTATION_CONTEXT(2) 
PARAMETRIC_REPRESENTATION_CONTEXT() REPRESENTATION_CONTEXT('2D SPACE',''
  ) );
#3410 = ORIENTED_EDGE('',*,*,#763,.F.);
#3411 = ADVANCED_FACE('',(#3412),#692,.F.);
#3412 = FACE_BOUND('',#3413,.F.);
#3413 = EDGE_LOOP('',(#3414,#3415,#3506,#3533));
#3414 = ORIENTED_EDGE('',*,*,#3384,.F.);
#3415 = ORIENTED_EDGE('',*,*,#3416,.T.);
#3416 = EDGE_CURVE('',#3363,#3417,#3419,.T.);
#3417 = VERTEX_POINT('',#3418);
#3418 = CARTESIAN_POINT('',(-337.8966550502,49.80223278341,
    60.602798836018));
#3419 = SURFACE_CURVE('',#3420,(#3428,#3435),.PCURVE_S1.);
#3420 = ( BOUNDED_CURVE() B_SPLINE_CURVE(6,(#3421,#3422,#3423,#3424,
#3425,#3426,#3427),.UNSPECIFIED.,.F.,.F.) B_SPLINE_CURVE_WITH_KNOTS((7,7
),(0.,6.544984694977E-02),.PIECEWISE_BEZIER_KNOTS.) CURVE() 
GEOMETRIC_REPRESENTATION_ITEM() RATIONAL_B_SPLINE_CURVE((1.000053547667,
    1.000017847948,0.999996430156,0.999989291231,0.999996430156,
1.000017847948,1.000053547667)) REPRESENTATION_ITEM('') );
#3421 = CARTESIAN_POINT('',(-336.5003512031,55.0633378897,
    63.738948624096));
#3422 = CARTESIAN_POINT('',(-336.7213220613,54.168044312225,
    63.242639950563));
#3423 = CARTESIAN_POINT('',(-336.9470502505,53.279900727762,
    62.735646136863));
#3424 = CARTESIAN_POINT('',(-337.1774925123,52.399078724025,
    62.218064342621));
#3425 = CARTESIAN_POINT('',(-337.4126045107,51.525748219569,
    61.689994148225));
#3426 = CARTESIAN_POINT('',(-337.6523408428,50.66007742142,
    61.151537530269));
#3427 = CARTESIAN_POINT('',(-337.8966550502,49.80223278341,
    60.602798836018));
#3428 = PCURVE('',#692,#3429);
#3429 = DEFINITIONAL_REPRESENTATION('',(#3430),#3434);
#3430 = LINE('',#3431,#3432);
#3431 = CARTESIAN_POINT('',(0.,0.));
#3432 = VECTOR('',#3433,1.);
#3433 = DIRECTION('',(1.,0.));
#3434 = ( GEOMETRIC_REPRESENTATION_CONTEXT(2) 
PARAMETRIC_REPRESENTATION_CONTEXT() REPRESENTATION_CONTEXT('2D SPACE',''
  ) );
#3435 = PCURVE('',#3436,#3500);
#3436 = ( BOUNDED_SURFACE() B_SPLINE_SURFACE(6,8,(
    (#3437,#3438,#3439,#3440,#3441,#3442,#3443,#3444,#3445)
    ,(#3446,#3447,#3448,#3449,#3450,#3451,#3452,#3453,#3454)
    ,(#3455,#3456,#3457,#3458,#3459,#3460,#3461,#3462,#3463)
    ,(#3464,#3465,#3466,#3467,#3468,#3469,#3470,#3471,#3472)
    ,(#3473,#3474,#3475,#3476,#3477,#3478,#3479,#3480,#3481)
    ,(#3482,#3483,#3484,#3485,#3486,#3487,#3488,#3489,#3490)
    ,(#3491,#3492,#3493,#3494,#3495,#3496,#3497,#3498,#3499
)),.UNSPECIFIED.,.F.,.F.,.F.) B_SPLINE_SURFACE_WITH_KNOTS((7,7),(9,9),(
    0.,6.544984694977E-02),(0.,66.666666666667),
.PIECEWISE_BEZIER_KNOTS.) GEOMETRIC_REPRESENTATION_ITEM() 
RATIONAL_B_SPLINE_SURFACE((
    (1.000053547667,1.000053547667,1.000053547667,1.000053547667
      ,1.000053547667,1.000053547667,1.000053547667,1.000053547667
      ,1.000053547667)
    ,(1.000017847948,1.000017847948,1.000017847948,1.000017847948
      ,1.000017847948,1.000017847948,1.000017847948,1.000017847948
      ,1.000017847948)
    ,(0.999996430156,0.999996430156,0.999996430156,0.999996430156
      ,0.999996430156,0.999996430156,0.999996430156,0.999996430156
      ,0.999996430156)
    ,(0.999989291231,0.999989291231,0.999989291231,0.999989291231
      ,0.999989291231,0.999989291231,0.999989291231,0.999989291231
      ,0.999989291231)
    ,(0.999996430156,0.999996430156,0.999996430156,0.999996430156
      ,0.999996430156,0.999996430156,0.999996430156,0.999996430156
      ,0.999996430156)
    ,(1.000017847948,1.000017847948,1.000017847948,1.000017847948
      ,1.000017847948,1.000017847948,1.000017847948,1.000017847948
      ,1.000017847948)
    ,(1.000053547667,1.000053547667,1.000053547667,1.000053547667
      ,1.000053547667,1.000053547667,1.000053547667,1.000053547667
,1.000053547667))) REPRESENTATION_ITEM('') SURFACE() );
#3437 = CARTESIAN_POINT('',(-206.9202095162,32.833933759264,
    190.87448964894));
#3438 = CARTESIAN_POINT('',(-218.1750352449,57.435029043377,
    186.08401497484));
#3439 = CARTESIAN_POINT('',(-232.5484975057,79.245502221566,
    174.28896796527));
#3440 = CARTESIAN_POINT('',(-249.6274213467,95.477006791747,
    156.41735475619));
#3441 = CARTESIAN_POINT('',(-268.506112395,103.78605743428,
    134.50339821505));
#3442 = CARTESIAN_POINT('',(-287.8756338455,102.92891390662,
    111.48701854066));
#3443 = CARTESIAN_POINT('',(-306.3407198184,93.274020252883,
    90.502034208581));
#3444 = CARTESIAN_POINT('',(-322.779835241,76.508688260628,
    74.067454235535));
#3445 = CARTESIAN_POINT('',(-336.5003512031,55.0633378897,
    63.738948624096));
#3446 = CARTESIAN_POINT('',(-207.0917589944,33.792479916777,
    190.48918321251));
#3447 = CARTESIAN_POINT('',(-218.4529068667,58.278555166027,
    185.45990509394));
#3448 = CARTESIAN_POINT('',(-232.9181108522,79.892536409937,
    173.45880279687));
#3449 = CARTESIAN_POINT('',(-250.0621454719,95.859124175235,
    155.4409483844));
#3450 = CARTESIAN_POINT('',(-268.9695868283,103.86074389248,
    133.46241759391));
#3451 = CARTESIAN_POINT('',(-288.3269253754,102.68957326856,
    110.47340116871));
#3452 = CARTESIAN_POINT('',(-306.7415219776,92.751134456137,
    89.60181781993));
#3453 = CARTESIAN_POINT('',(-323.1001122532,75.761550632641,
    73.34810028823));
#3454 = CARTESIAN_POINT('',(-336.7213220613,54.168044312225,
    63.242639950563));
#3455 = CARTESIAN_POINT('',(-207.258197551,34.756506089291,
    190.11535609378));
#3456 = CARTESIAN_POINT('',(-218.7262754114,59.130988060661,
    184.84590928977));
#3457 = CARTESIAN_POINT('',(-233.2842633703,80.551438367212,
    172.6364107765));
#3458 = CARTESIAN_POINT('',(-250.4948164716,96.255216176204,
    154.46915340798));
#3459 = CARTESIAN_POINT('',(-269.4326437542,103.95034342718,
    132.42237471013));
#3460 = CARTESIAN_POINT('',(-288.7794718892,102.46476707051,
    109.45696505681));
#3461 = CARTESIAN_POINT('',(-307.1450909588,92.241170316941,
    88.695387047531));
#3462 = CARTESIAN_POINT('',(-323.4243535176,75.024752680159,
    72.619842484785));
#3463 = CARTESIAN_POINT('',(-336.9470502505,53.279900727762,
    62.735646136863));
#3464 = CARTESIAN_POINT('',(-207.4194928285,35.725826737675,
    189.75308096894));
#3465 = CARTESIAN_POINT('',(-218.9950879414,59.992163883137,
    184.2421464621));
#3466 = CARTESIAN_POINT('',(-233.6468842924,81.222081714199,
    171.82195085049));
#3467 = CARTESIAN_POINT('',(-250.9253508312,96.665207189368,
    153.50215740399));
#3468 = CARTESIAN_POINT('',(-269.8951938879,104.05483956505,
    131.38347009996));
#3469 = CARTESIAN_POINT('',(-289.233186218,102.2545394259,108.4379059895
    ));
#3470 = CARTESIAN_POINT('',(-307.5513491151,91.744226831484,
    87.782916288693));
#3471 = CARTESIAN_POINT('',(-323.7524967434,74.298436987217,
    71.882820732622));
#3472 = CARTESIAN_POINT('',(-337.1774925123,52.399078724025,
    62.218064342621));
#3473 = CARTESIAN_POINT('',(-207.5756136438,36.70025510955,
    189.40242787665));
#3474 = CARTESIAN_POINT('',(-219.2592925589,60.861916788713,
    183.64873317533));
#3475 = CARTESIAN_POINT('',(-234.0059036564,81.904337386853,
    171.0155801563));
#3476 = CARTESIAN_POINT('',(-251.3536655223,97.08901843273,
    152.5401468569));
#3477 = CARTESIAN_POINT('',(-270.357148059,104.17421242927,
    130.34590404369));
#3478 = CARTESIAN_POINT('',(-289.6879809243,102.05893111864,
    107.41642035447));
#3479 = CARTESIAN_POINT('',(-307.9602181841,91.260400023381,
    86.86458132406));
#3480 = CARTESIAN_POINT('',(-324.084478747,73.58274374606,
    71.137176944088));
#3481 = CARTESIAN_POINT('',(-337.4126045107,51.525748219569,
    61.689994148225));
#3482 = CARTESIAN_POINT('',(-207.7265299958,37.679603285614,
    189.06346420032));
#3483 = CARTESIAN_POINT('',(-219.5188384188,61.740078973103,
    183.06578362941));
#3484 = CARTESIAN_POINT('',(-234.3612523231,82.598073668143,
    170.21745398331));
#3485 = CARTESIAN_POINT('',(-251.7796780239,97.52656796688,
    151.58330711218));
#3486 = CARTESIAN_POINT('',(-270.8184172332,104.30843874429,
    129.30987651578));
#3487 = CARTESIAN_POINT('',(-290.143768324,101.87797959264,
    106.39270509377));
#3488 = CARTESIAN_POINT('',(-308.3716193066,90.78978291958,
    85.940559274037));
#3489 = CARTESIAN_POINT('',(-324.4202354682,72.877810722094,
    70.38305500134));
#3490 = CARTESIAN_POINT('',(-337.6523408428,50.66007742142,
    61.151537530269));
#3491 = CARTESIAN_POINT('',(-207.8722130729,38.663682226439,
    188.73625465167));
#3492 = CARTESIAN_POINT('',(-219.7736757414,62.62648071434,
    182.49340963158));
#3493 = CARTESIAN_POINT('',(-234.7128619932,83.303156221016,
    169.42772573433));
#3494 = CARTESIAN_POINT('',(-252.2033063424,97.977770715622,
    150.63182233036));
#3495 = CARTESIAN_POINT('',(-271.2789125344,104.4574918418,
    128.27558713521));
#3496 = CARTESIAN_POINT('',(-290.6004605077,101.71171894283,
    105.36695765487));
#3497 = CARTESIAN_POINT('',(-308.7854730468,90.33246552748,
    85.011028554638));
#3498 = CARTESIAN_POINT('',(-324.7597019853,72.18377321985,
    69.620600720434));
#3499 = CARTESIAN_POINT('',(-337.8966550502,49.80223278341,
    60.602798836018));
#3500 = DEFINITIONAL_REPRESENTATION('',(#3501),#3505);
#3501 = LINE('',#3502,#3503);
#3502 = CARTESIAN_POINT('',(0.,66.666666666667));
#3503 = VECTOR('',#3504,1.);
#3504 = DIRECTION('',(1.,0.));
#3505 = ( GEOMETRIC_REPRESENTATION_CONTEXT(2) 
PARAMETRIC_REPRESENTATION_CONTEXT() REPRESENTATION_CONTEXT('2D SPACE',''
  ) );
#3506 = ORIENTED_EDGE('',*,*,#3507,.T.);
#3507 = EDGE_CURVE('',#3417,#629,#3508,.T.);
#3508 = SURFACE_CURVE('',#3509,(#3519,#3526),.PCURVE_S1.);
#3509 = ( BOUNDED_CURVE() B_SPLINE_CURVE(8,(#3510,#3511,#3512,#3513,
    #3514,#3515,#3516,#3517,#3518),.UNSPECIFIED.,.F.,.F.) 
B_SPLINE_CURVE_WITH_KNOTS((9,9),(0.,66.666666666667),
.PIECEWISE_BEZIER_KNOTS.) CURVE() GEOMETRIC_REPRESENTATION_ITEM() 
RATIONAL_B_SPLINE_CURVE((1.000053547667,1.000053547667,1.000053547667,
    1.000053547667,1.000053547667,1.000053547667,1.000053547667,
1.000053547667,1.000053547667)) REPRESENTATION_ITEM('') );
#3510 = CARTESIAN_POINT('',(-337.8966550502,49.80223278341,
    60.602798836018));
#3511 = CARTESIAN_POINT('',(-351.0336081151,27.420692346969,
    51.584996951602));
#3512 = CARTESIAN_POINT('',(-361.333326842,0.806135494574,
    48.939727726493));
#3513 = CARTESIAN_POINT('',(-368.169942439,-27.50391683213,
    54.072715483204));
#3514 = CARTESIAN_POINT('',(-371.3669789265,-54.30602675393,
    67.380331761178));
#3515 = CARTESIAN_POINT('',(-371.3492067213,-76.31192803129,
    87.908526584007));
#3516 = CARTESIAN_POINT('',(-369.1068287373,-91.07692942087,
    113.43326779355));
#3517 = CARTESIAN_POINT('',(-365.8770682183,-97.50670655016,
    141.17570648654));
#3518 = CARTESIAN_POINT('',(-362.8644055309,-95.7944566309,
    168.4305354662));
#3519 = PCURVE('',#692,#3520);
#3520 = DEFINITIONAL_REPRESENTATION('',(#3521),#3525);
#3521 = LINE('',#3522,#3523);
#3522 = CARTESIAN_POINT('',(6.544984694977E-02,0.));
#3523 = VECTOR('',#3524,1.);
#3524 = DIRECTION('',(0.,1.));
#3525 = ( GEOMETRIC_REPRESENTATION_CONTEXT(2) 
PARAMETRIC_REPRESENTATION_CONTEXT() REPRESENTATION_CONTEXT('2D SPACE',''
  ) );
#3526 = PCURVE('',#642,#3527);
#3527 = DEFINITIONAL_REPRESENTATION('',(#3528),#3532);
#3528 = LINE('',#3529,#3530);
#3529 = CARTESIAN_POINT('',(0.,0.));
#3530 = VECTOR('',#3531,1.);
#3531 = DIRECTION('',(0.,1.));
#3532 = ( GEOMETRIC_REPRESENTATION_CONTEXT(2) 
PARAMETRIC_REPRESENTATION_CONTEXT() REPRESENTATION_CONTEXT('2D SPACE',''
  ) );
#3533 = ORIENTED_EDGE('',*,*,#668,.F.);
#3534 = ADVANCED_FACE('',(#3535),#642,.F.);
#3535 = FACE_BOUND('',#3536,.F.);
#3536 = EDGE_LOOP('',(#3537,#3538,#3558,#3559));
#3537 = ORIENTED_EDGE('',*,*,#3507,.F.);
#3538 = ORIENTED_EDGE('',*,*,#3539,.T.);
#3539 = EDGE_CURVE('',#3417,#2573,#3540,.T.);
#3540 = SURFACE_CURVE('',#3541,(#3544,#3551),.PCURVE_S1.);
#3541 = B_SPLINE_CURVE_WITH_KNOTS('',1,(#3542,#3543),.UNSPECIFIED.,.F.,
  .F.,(2,2),(0.,44.),.PIECEWISE_BEZIER_KNOTS.);
#3542 = CARTESIAN_POINT('',(-337.8966550502,49.80223278341,
    60.602798836018));
#3543 = CARTESIAN_POINT('',(-322.5967997364,26.976209424347,
    94.96683650609));
#3544 = PCURVE('',#642,#3545);
#3545 = DEFINITIONAL_REPRESENTATION('',(#3546),#3550);
#3546 = LINE('',#3547,#3548);
#3547 = CARTESIAN_POINT('',(0.,0.));
#3548 = VECTOR('',#3549,1.);
#3549 = DIRECTION('',(1.,0.));
#3550 = ( GEOMETRIC_REPRESENTATION_CONTEXT(2) 
PARAMETRIC_REPRESENTATION_CONTEXT() REPRESENTATION_CONTEXT('2D SPACE',''
  ) );
#3551 = PCURVE('',#2616,#3552);
#3552 = DEFINITIONAL_REPRESENTATION('',(#3553),#3557);
#3553 = LINE('',#3554,#3555);
#3554 = CARTESIAN_POINT('',(0.,66.666666666667));
#3555 = VECTOR('',#3556,1.);
#3556 = DIRECTION('',(1.,0.));
#3557 = ( GEOMETRIC_REPRESENTATION_CONTEXT(2) 
PARAMETRIC_REPRESENTATION_CONTEXT() REPRESENTATION_CONTEXT('2D SPACE',''
  ) );
#3558 = ORIENTED_EDGE('',*,*,#2642,.F.);
#3559 = ORIENTED_EDGE('',*,*,#628,.F.);
#3560 = ADVANCED_FACE('',(#3561),#1139,.F.);
#3561 = FACE_BOUND('',#3562,.F.);
#3562 = EDGE_LOOP('',(#3563,#3592,#3593,#3594,#3626));
#3563 = ORIENTED_EDGE('',*,*,#3564,.F.);
#3564 = EDGE_CURVE('',#1046,#3565,#3567,.T.);
#3565 = VERTEX_POINT('',#3566);
#3566 = CARTESIAN_POINT('',(-83.87834139461,22.817845663313,
    139.41860543683));
#3567 = SURFACE_CURVE('',#3568,(#3578,#3585),.PCURVE_S1.);
#3568 = ( BOUNDED_CURVE() B_SPLINE_CURVE(8,(#3569,#3570,#3571,#3572,
    #3573,#3574,#3575,#3576,#3577),.UNSPECIFIED.,.F.,.F.) 
B_SPLINE_CURVE_WITH_KNOTS((9,9),(0.,66.666666666667),
.PIECEWISE_BEZIER_KNOTS.) CURVE() GEOMETRIC_REPRESENTATION_ITEM() 
RATIONAL_B_SPLINE_CURVE((1.000053547667,1.000053547667,1.000053547667,
    1.000053547667,1.000053547667,1.000053547667,1.000053547667,
1.000053547667,1.000053547667)) REPRESENTATION_ITEM('') );
#3569 = CARTESIAN_POINT('',(-75.05504628689,-89.47275545114,
    -4.67017165584));
#3570 = CARTESIAN_POINT('',(-72.74358803874,-98.96136110492,
    21.009726367296));
#3571 = CARTESIAN_POINT('',(-69.22924431524,-100.8452808578,
    49.391349402885));
#3572 = CARTESIAN_POINT('',(-65.63711888121,-94.04977093022,
    77.947673020627));
#3573 = CARTESIAN_POINT('',(-63.28101721538,-78.70381145782,
    103.72784180162));
#3574 = CARTESIAN_POINT('',(-63.40431808281,-56.40687575999,
    123.93918131554));
#3575 = CARTESIAN_POINT('',(-66.81431371912,-29.9810006802,136.768483514
    ));
#3576 = CARTESIAN_POINT('',(-73.73450228753,-2.611830258755,
    141.71376330346));
#3577 = CARTESIAN_POINT('',(-83.87834139461,22.817845663313,
    139.41860543683));
#3578 = PCURVE('',#1139,#3579);
#3579 = DEFINITIONAL_REPRESENTATION('',(#3580),#3584);
#3580 = LINE('',#3581,#3582);
#3581 = CARTESIAN_POINT('',(0.,0.));
#3582 = VECTOR('',#3583,1.);
#3583 = DIRECTION('',(0.,1.));
#3584 = ( GEOMETRIC_REPRESENTATION_CONTEXT(2) 
PARAMETRIC_REPRESENTATION_CONTEXT() REPRESENTATION_CONTEXT('2D SPACE',''
  ) );
#3585 = PCURVE('',#2118,#3586);
#3586 = DEFINITIONAL_REPRESENTATION('',(#3587),#3591);
#3587 = LINE('',#3588,#3589);
#3588 = CARTESIAN_POINT('',(6.544984694977E-02,0.));
#3589 = VECTOR('',#3590,1.);
#3590 = DIRECTION('',(0.,1.));
#3591 = ( GEOMETRIC_REPRESENTATION_CONTEXT(2) 
PARAMETRIC_REPRESENTATION_CONTEXT() REPRESENTATION_CONTEXT('2D SPACE',''
  ) );
#3592 = ORIENTED_EDGE('',*,*,#1126,.T.);
#3593 = ORIENTED_EDGE('',*,*,#1221,.F.);
#3594 = ORIENTED_EDGE('',*,*,#3595,.T.);
#3595 = EDGE_CURVE('',#1222,#3596,#3598,.T.);
#3596 = VERTEX_POINT('',#3597);
#3597 = CARTESIAN_POINT('',(-101.2618795557,12.359666400961,
    100.37453946625));
#3598 = SURFACE_CURVE('',#3599,(#3609,#3616),.PCURVE_S1.);
#3599 = B_SPLINE_CURVE_WITH_KNOTS('',8,(#3600,#3601,#3602,#3603,#3604,
    #3605,#3606,#3607,#3608),.UNSPECIFIED.,.F.,.F.,(9,9),(0.,
    66.666666666667),.PIECEWISE_BEZIER_KNOTS.);
#3600 = CARTESIAN_POINT('',(-68.56870572226,-48.4644092027,
    9.898387780403));
#3601 = CARTESIAN_POINT('',(-70.80590196078,-53.6040705985,
    25.361840554683));
#3602 = CARTESIAN_POINT('',(-72.39153523349,-54.62452713133,
    42.288727710708));
#3603 = CARTESIAN_POINT('',(-73.93503674633,-50.94362592053,
    59.310244348733));
#3604 = CARTESIAN_POINT('',(-76.14805113362,-42.63123120632,
    74.828010450185));
#3605 = CARTESIAN_POINT('',(-79.70407522641,-30.55372436999,
    87.329327365309));
#3606 = CARTESIAN_POINT('',(-85.04039231902,-16.23970870177,
    95.832040734556));
#3607 = CARTESIAN_POINT('',(-92.27806391651,-1.414741390159,
    100.06424196559));
#3608 = CARTESIAN_POINT('',(-101.2618795557,12.359666400961,
    100.37453946625));
#3609 = PCURVE('',#1139,#3610);
#3610 = DEFINITIONAL_REPRESENTATION('',(#3611),#3615);
#3611 = LINE('',#3612,#3613);
#3612 = CARTESIAN_POINT('',(44.,0.));
#3613 = VECTOR('',#3614,1.);
#3614 = DIRECTION('',(0.,1.));
#3615 = ( GEOMETRIC_REPRESENTATION_CONTEXT(2) 
PARAMETRIC_REPRESENTATION_CONTEXT() REPRESENTATION_CONTEXT('2D SPACE',''
  ) );
#3616 = PCURVE('',#1308,#3617);
#3617 = DEFINITIONAL_REPRESENTATION('',(#3618),#3625);
#3618 = B_SPLINE_CURVE_WITH_KNOTS('',5,(#3619,#3620,#3621,#3622,#3623,
    #3624),.UNSPECIFIED.,.F.,.F.,(6,6),(59.333334538484,66.666666666667)
  ,.PIECEWISE_BEZIER_KNOTS.);
#3619 = CARTESIAN_POINT('',(3.552713678801E-15,-151.0000012051));
#3620 = CARTESIAN_POINT('',(-4.799653378352E-02,-152.4666676307));
#3621 = CARTESIAN_POINT('',(-9.599308213756E-02,-153.9333340564));
#3622 = CARTESIAN_POINT('',(-0.143989643323,-155.400000482));
#3623 = CARTESIAN_POINT('',(-0.191986225607,-156.8666669076));
#3624 = CARTESIAN_POINT('',(-0.239982772149,-158.3333333333));
#3625 = ( GEOMETRIC_REPRESENTATION_CONTEXT(2) 
PARAMETRIC_REPRESENTATION_CONTEXT() REPRESENTATION_CONTEXT('2D SPACE',''
  ) );
#3626 = ORIENTED_EDGE('',*,*,#3627,.F.);
#3627 = EDGE_CURVE('',#3565,#3596,#3628,.T.);
#3628 = SURFACE_CURVE('',#3629,(#3632,#3639),.PCURVE_S1.);
#3629 = B_SPLINE_CURVE_WITH_KNOTS('',1,(#3630,#3631),.UNSPECIFIED.,.F.,
  .F.,(2,2),(0.,44.),.PIECEWISE_BEZIER_KNOTS.);
#3630 = CARTESIAN_POINT('',(-83.87834139461,22.817845663313,
    139.41860543683));
#3631 = CARTESIAN_POINT('',(-101.2618795557,12.359666400961,
    100.37453946625));
#3632 = PCURVE('',#1139,#3633);
#3633 = DEFINITIONAL_REPRESENTATION('',(#3634),#3638);
#3634 = LINE('',#3635,#3636);
#3635 = CARTESIAN_POINT('',(0.,66.666666666667));
#3636 = VECTOR('',#3637,1.);
#3637 = DIRECTION('',(1.,0.));
#3638 = ( GEOMETRIC_REPRESENTATION_CONTEXT(2) 
PARAMETRIC_REPRESENTATION_CONTEXT() REPRESENTATION_CONTEXT('2D SPACE',''
  ) );
#3639 = PCURVE('',#3640,#3659);
#3640 = B_SPLINE_SURFACE_WITH_KNOTS('',1,8,(
    (#3641,#3642,#3643,#3644,#3645,#3646,#3647,#3648,#3649)
    ,(#3650,#3651,#3652,#3653,#3654,#3655,#3656,#3657,#3658
  )),.UNSPECIFIED.,.F.,.F.,.F.,(2,2),(9,9),(0.,44.),(0.,66.666666666667)
  ,.PIECEWISE_BEZIER_KNOTS.);
#3641 = CARTESIAN_POINT('',(-83.87834139461,22.817845663313,
    139.41860543683));
#3642 = CARTESIAN_POINT('',(-94.0221805017,48.24752158538,137.1234475702
    ));
#3643 = CARTESIAN_POINT('',(-107.3896891777,71.737894214185,
    127.58780930467));
#3644 = CARTESIAN_POINT('',(-123.6936166367,90.406599887621,
    111.45686646915));
#3645 = CARTESIAN_POINT('',(-142.1374215217,101.68166458221,
    90.519680243193));
#3646 = CARTESIAN_POINT('',(-161.4750199064,103.97639122225,
    67.57500094872));
#3647 = CARTESIAN_POINT('',(-180.3031241428,97.283577954547,
    45.774664247256));
#3648 = CARTESIAN_POINT('',(-197.432150769,82.98031838171,
    27.790518340136));
#3649 = CARTESIAN_POINT('',(-212.0659682732,63.297198249607,
    15.410703879419));
#3650 = CARTESIAN_POINT('',(-101.2618795557,12.359666400961,
    100.37453946625));
#3651 = CARTESIAN_POINT('',(-110.245695195,26.134074192081,
    100.6848369669));
#3652 = CARTESIAN_POINT('',(-120.9756651842,38.858026032683,
    97.073207584824));
#3653 = CARTESIAN_POINT('',(-133.2961953474,48.970241605794,
    89.889121560671));
#3654 = CARTESIAN_POINT('',(-146.7758257831,55.077568315367,
    80.101653700019));
#3655 = CARTESIAN_POINT('',(-160.7395943643,56.32054524539,
    69.226793760596));
#3656 = CARTESIAN_POINT('',(-174.4273869487,52.695271392047,
    58.971786059049));
#3657 = CARTESIAN_POINT('',(-187.1948458275,44.947672456759,
    50.783881704441));
#3658 = CARTESIAN_POINT('',(-198.6107330986,34.285982385204,
    45.6316568833));
#3659 = DEFINITIONAL_REPRESENTATION('',(#3660),#3664);
#3660 = LINE('',#3661,#3662);
#3661 = CARTESIAN_POINT('',(0.,0.));
#3662 = VECTOR('',#3663,1.);
#3663 = DIRECTION('',(1.,0.));
#3664 = ( GEOMETRIC_REPRESENTATION_CONTEXT(2) 
PARAMETRIC_REPRESENTATION_CONTEXT() REPRESENTATION_CONTEXT('2D SPACE',''
  ) );
#3665 = ADVANCED_FACE('',(#3666),#1308,.F.);
#3666 = FACE_BOUND('',#3667,.T.);
#3667 = EDGE_LOOP('',(#3668,#3669,#3670,#3671,#3722,#3792,#3822,#3823,
    #3872,#3873,#3924,#3994));
#3668 = ORIENTED_EDGE('',*,*,#1323,.F.);
#3669 = ORIENTED_EDGE('',*,*,#1294,.T.);
#3670 = ORIENTED_EDGE('',*,*,#3595,.T.);
#3671 = ORIENTED_EDGE('',*,*,#3672,.F.);
#3672 = EDGE_CURVE('',#3673,#3596,#3675,.T.);
#3673 = VERTEX_POINT('',#3674);
#3674 = CARTESIAN_POINT('',(-198.6107330986,34.285982385204,
    45.6316568833));
#3675 = SURFACE_CURVE('',#3676,(#3686,#3715),.PCURVE_S1.);
#3676 = B_SPLINE_CURVE_WITH_KNOTS('',8,(#3677,#3678,#3679,#3680,#3681,
    #3682,#3683,#3684,#3685),.UNSPECIFIED.,.F.,.F.,(9,9),(
    57.151721048834,123.8183877155),.PIECEWISE_BEZIER_KNOTS.);
#3677 = CARTESIAN_POINT('',(-198.6107330986,34.285982385204,
    45.6316568833));
#3678 = CARTESIAN_POINT('',(-187.1948458275,44.94767245676,
    50.783881704441));
#3679 = CARTESIAN_POINT('',(-174.4273869487,52.695271392047,
    58.971786059049));
#3680 = CARTESIAN_POINT('',(-160.7395943644,56.320545245394,
    69.226793760602));
#3681 = CARTESIAN_POINT('',(-146.7758257831,55.077568315407,
    80.101653700009));
#3682 = CARTESIAN_POINT('',(-133.2961953474,48.970241605777,
    89.889121560675));
#3683 = CARTESIAN_POINT('',(-120.9756651842,38.85802603268,
    97.073207584824));
#3684 = CARTESIAN_POINT('',(-110.245695195,26.134074192084,
    100.6848369669));
#3685 = CARTESIAN_POINT('',(-101.2618795557,12.359666400961,
    100.37453946625));
#3686 = PCURVE('',#1308,#3687);
#3687 = DEFINITIONAL_REPRESENTATION('',(#3688),#3714);
#3688 = B_SPLINE_CURVE_WITH_KNOTS('',3,(#3689,#3690,#3691,#3692,#3693,
    #3694,#3695,#3696,#3697,#3698,#3699,#3700,#3701,#3702,#3703,#3704,
    #3705,#3706,#3707,#3708,#3709,#3710,#3711,#3712,#3713),
  .UNSPECIFIED.,.F.,.F.,(4,1,1,1,1,1,1,1,1,1,1,1,1,1,1,1,1,1,1,1,1,1,4),
  (57.151721048834,60.182024079138,63.212327109441,66.242630139744,
    69.272933170047,72.30323620035,75.333539230653,78.363842260956,
    81.394145291259,84.424448321562,87.454751351865,90.485054382169,
    93.515357412472,96.545660442775,99.575963473078,102.60626650338,
    105.63656953368,108.66687256398,111.69717559429,114.72747862459,
    117.75778165489,120.78808468519,123.8183877155),
  .QUASI_UNIFORM_KNOTS.);
#3689 = CARTESIAN_POINT('',(-2.421644337142,-225.));
#3690 = CARTESIAN_POINT('',(-2.388588850121,-223.9898989898));
#3691 = CARTESIAN_POINT('',(-2.322477871383,-221.9696969696));
#3692 = CARTESIAN_POINT('',(-2.223311411891,-218.9393939393));
#3693 = CARTESIAN_POINT('',(-2.124145010291,-215.909090909));
#3694 = CARTESIAN_POINT('',(-2.024978622856,-212.8787878787));
#3695 = CARTESIAN_POINT('',(-1.925812213572,-209.8484848484));
#3696 = CARTESIAN_POINT('',(-1.826645767052,-206.8181818181));
#3697 = CARTESIAN_POINT('',(-1.727479294798,-203.7878787878));
#3698 = CARTESIAN_POINT('',(-1.628312822137,-200.7575757575));
#3699 = CARTESIAN_POINT('',(-1.529146372004,-197.7272727272));
#3700 = CARTESIAN_POINT('',(-1.429979952683,-194.6969696969));
#3701 = CARTESIAN_POINT('',(-1.330813554646,-191.6666666666));
#3702 = CARTESIAN_POINT('',(-1.231647156608,-188.6363636363));
#3703 = CARTESIAN_POINT('',(-1.132480737287,-185.606060606));
#3704 = CARTESIAN_POINT('',(-1.033314287154,-182.5757575757));
#3705 = CARTESIAN_POINT('',(-0.934147814493,-179.5454545454));
#3706 = CARTESIAN_POINT('',(-0.834981342239,-176.5151515151));
#3707 = CARTESIAN_POINT('',(-0.735814895719,-173.4848484848));
#3708 = CARTESIAN_POINT('',(-0.636648486435,-170.4545454545));
#3709 = CARTESIAN_POINT('',(-0.537482099,-167.4242424242));
#3710 = CARTESIAN_POINT('',(-0.4383156974,-164.3939393939));
#3711 = CARTESIAN_POINT('',(-0.339149237908,-161.3636363636));
#3712 = CARTESIAN_POINT('',(-0.27303825917,-159.3434343434));
#3713 = CARTESIAN_POINT('',(-0.239982772149,-158.3333333333));
#3714 = ( GEOMETRIC_REPRESENTATION_CONTEXT(2) 
PARAMETRIC_REPRESENTATION_CONTEXT() REPRESENTATION_CONTEXT('2D SPACE',''
  ) );
#3715 = PCURVE('',#3640,#3716);
#3716 = DEFINITIONAL_REPRESENTATION('',(#3717),#3721);
#3717 = LINE('',#3718,#3719);
#3718 = CARTESIAN_POINT('',(44.,123.8183877155));
#3719 = VECTOR('',#3720,1.);
#3720 = DIRECTION('',(-3.19744231092E-16,-1.));
#3721 = ( GEOMETRIC_REPRESENTATION_CONTEXT(2) 
PARAMETRIC_REPRESENTATION_CONTEXT() REPRESENTATION_CONTEXT('2D SPACE',''
  ) );
#3722 = ORIENTED_EDGE('',*,*,#3723,.F.);
#3723 = EDGE_CURVE('',#3724,#3673,#3726,.T.);
#3724 = VERTEX_POINT('',#3725);
#3725 = CARTESIAN_POINT('',(-245.9146896934,-51.69092958756,
    103.29145319175));
#3726 = SURFACE_CURVE('',#3727,(#3737,#3766),.PCURVE_S1.);
#3727 = B_SPLINE_CURVE_WITH_KNOTS('',8,(#3728,#3729,#3730,#3731,#3732,
    #3733,#3734,#3735,#3736),.UNSPECIFIED.,.F.,.F.,(9,9),(
    57.151721035458,123.81838770213),.PIECEWISE_BEZIER_KNOTS.);
#3728 = CARTESIAN_POINT('',(-245.9146896934,-51.69092958756,
    103.29145319175));
#3729 = CARTESIAN_POINT('',(-244.0353797821,-50.14711018988,
    87.024174565624));
#3730 = CARTESIAN_POINT('',(-241.9603850815,-44.20982325342,
    71.196411172452));
#3731 = CARTESIAN_POINT('',(-239.0397993301,-34.05455090039,
    57.267876374869));
#3732 = CARTESIAN_POINT('',(-234.6555072365,-20.55115950799,
    46.626879847739));
#3733 = CARTESIAN_POINT('',(-228.3728249732,-5.232727414568,
    40.249737454168));
#3734 = CARTESIAN_POINT('',(-220.0909646279,10.048430940432,
    38.362822549323));
#3735 = CARTESIAN_POINT('',(-210.0266203696,23.62429231365,
    40.479432062152));
#3736 = CARTESIAN_POINT('',(-198.6107330986,34.285982385204,
    45.6316568833));
#3737 = PCURVE('',#1308,#3738);
#3738 = DEFINITIONAL_REPRESENTATION('',(#3739),#3765);
#3739 = B_SPLINE_CURVE_WITH_KNOTS('',3,(#3740,#3741,#3742,#3743,#3744,
    #3745,#3746,#3747,#3748,#3749,#3750,#3751,#3752,#3753,#3754,#3755,
    #3756,#3757,#3758,#3759,#3760,#3761,#3762,#3763,#3764),
  .UNSPECIFIED.,.F.,.F.,(4,1,1,1,1,1,1,1,1,1,1,1,1,1,1,1,1,1,1,1,1,1,4),
  (57.151721035458,60.182024065761,63.212327096065,66.242630126368,
    69.272933156672,72.303236186975,75.333539217278,78.363842247582,
    81.394145277885,84.424448308189,87.454751338492,90.485054368795,
    93.515357399099,96.545660429402,99.575963459706,102.60626649,
    105.63656952031,108.66687255061,111.69717558091,114.72747861122,
    117.75778164152,120.78808467182,123.81838770213),
  .QUASI_UNIFORM_KNOTS.);
#3740 = CARTESIAN_POINT('',(-4.603305902135,-291.6666666666));
#3741 = CARTESIAN_POINT('',(-4.570250415114,-290.6565656565));
#3742 = CARTESIAN_POINT('',(-4.504139436376,-288.6363636363));
#3743 = CARTESIAN_POINT('',(-4.404972976884,-285.606060606));
#3744 = CARTESIAN_POINT('',(-4.305806575284,-282.5757575757));
#3745 = CARTESIAN_POINT('',(-4.206640187849,-279.5454545454));
#3746 = CARTESIAN_POINT('',(-4.107473778565,-276.5151515151));
#3747 = CARTESIAN_POINT('',(-4.008307332045,-273.4848484848));
#3748 = CARTESIAN_POINT('',(-3.909140859791,-270.4545454545));
#3749 = CARTESIAN_POINT('',(-3.80997438713,-267.4242424242));
#3750 = CARTESIAN_POINT('',(-3.710807936997,-264.3939393939));
#3751 = CARTESIAN_POINT('',(-3.611641517676,-261.3636363635));
#3752 = CARTESIAN_POINT('',(-3.512475119638,-258.3333333333));
#3753 = CARTESIAN_POINT('',(-3.413308721601,-255.303030303));
#3754 = CARTESIAN_POINT('',(-3.31414230228,-252.2727272727));
#3755 = CARTESIAN_POINT('',(-3.214975852147,-249.2424242424));
#3756 = CARTESIAN_POINT('',(-3.115809379486,-246.2121212121));
#3757 = CARTESIAN_POINT('',(-3.016642907232,-243.1818181818));
#3758 = CARTESIAN_POINT('',(-2.917476460712,-240.1515151515));
#3759 = CARTESIAN_POINT('',(-2.818310051428,-237.1212121212));
#3760 = CARTESIAN_POINT('',(-2.719143663993,-234.0909090909));
#3761 = CARTESIAN_POINT('',(-2.619977262393,-231.0606060606));
#3762 = CARTESIAN_POINT('',(-2.520810802901,-228.0303030303));
#3763 = CARTESIAN_POINT('',(-2.454699824163,-226.01010101));
#3764 = CARTESIAN_POINT('',(-2.421644337142,-225.));
#3765 = ( GEOMETRIC_REPRESENTATION_CONTEXT(2) 
PARAMETRIC_REPRESENTATION_CONTEXT() REPRESENTATION_CONTEXT('2D SPACE',''
  ) );
#3766 = PCURVE('',#3767,#3786);
#3767 = B_SPLINE_SURFACE_WITH_KNOTS('',1,8,(
    (#3768,#3769,#3770,#3771,#3772,#3773,#3774,#3775,#3776)
    ,(#3777,#3778,#3779,#3780,#3781,#3782,#3783,#3784,#3785
  )),.UNSPECIFIED.,.F.,.F.,.F.,(2,2),(9,9),(0.,44.),(0.,66.666666666667)
  ,.PIECEWISE_BEZIER_KNOTS.);
#3768 = CARTESIAN_POINT('',(-212.0659682732,63.297198249607,
    15.410703879419));
#3769 = CARTESIAN_POINT('',(-226.6997857775,43.614078117504,
    3.030889418701));
#3770 = CARTESIAN_POINT('',(-238.8384469504,18.550949428457,
    -3.74471216512));
#3771 = CARTESIAN_POINT('',(-247.6863685915,-9.660419842091,
    -3.129191747313));
#3772 = CARTESIAN_POINT('',(-252.843499928,-37.94060216879,5.77597941954
    ));
#3773 = CARTESIAN_POINT('',(-254.4959109505,-62.86994012381,
    22.552881293887));
#3774 = CARTESIAN_POINT('',(-253.4460948799,-81.61813523709,
    45.399084590806));
#3775 = CARTESIAN_POINT('',(-250.8351876387,-92.57928035055,
    71.751556064202));
#3776 = CARTESIAN_POINT('',(-247.863016171,-95.42940846934,
    98.915440275373));
#3777 = CARTESIAN_POINT('',(-198.6107330986,34.285982385204,
    45.6316568833));
#3778 = CARTESIAN_POINT('',(-210.0266203696,23.624292313648,
    40.479432062159));
#3779 = CARTESIAN_POINT('',(-220.0909646279,10.048430940414,
    38.362822549338));
#3780 = CARTESIAN_POINT('',(-228.3728249731,-5.232727414465,
    40.249737454064));
#3781 = CARTESIAN_POINT('',(-234.6555072367,-20.55115950809,
    46.626879847858));
#3782 = CARTESIAN_POINT('',(-239.0397993301,-34.0545509004,
    57.267876374876));
#3783 = CARTESIAN_POINT('',(-241.9603850815,-44.20982325342,
    71.196411172456));
#3784 = CARTESIAN_POINT('',(-244.0353797821,-50.14711018988,
    87.024174565626));
#3785 = CARTESIAN_POINT('',(-245.9146896934,-51.69092958756,
    103.29145319175));
#3786 = DEFINITIONAL_REPRESENTATION('',(#3787),#3791);
#3787 = LINE('',#3788,#3789);
#3788 = CARTESIAN_POINT('',(44.,123.81838770212));
#3789 = VECTOR('',#3790,1.);
#3790 = DIRECTION('',(2.13162820728E-16,-1.));
#3791 = ( GEOMETRIC_REPRESENTATION_CONTEXT(2) 
PARAMETRIC_REPRESENTATION_CONTEXT() REPRESENTATION_CONTEXT('2D SPACE',''
  ) );
#3792 = ORIENTED_EDGE('',*,*,#3793,.T.);
#3793 = EDGE_CURVE('',#3724,#2265,#3794,.T.);
#3794 = SURFACE_CURVE('',#3795,(#3805,#3815),.PCURVE_S1.);
#3795 = B_SPLINE_CURVE_WITH_KNOTS('',8,(#3796,#3797,#3798,#3799,#3800,
    #3801,#3802,#3803,#3804),.UNSPECIFIED.,.F.,.F.,(9,9),(0.,
    66.666666666667),.PIECEWISE_BEZIER_KNOTS.);
#3796 = CARTESIAN_POINT('',(-245.9146896934,-51.69092958756,
    103.29145319175));
#3797 = CARTESIAN_POINT('',(-247.7939996047,-53.23474898523,
    119.55873181789));
#3798 = CARTESIAN_POINT('',(-249.4775816158,-50.38511245212,
    136.2656225054));
#3799 = CARTESIAN_POINT('',(-251.6153849943,-42.96750332022,
    151.95231529846));
#3800 = CARTESIAN_POINT('',(-254.8874509798,-31.50224664829,
    165.09141256486));
#3801 = CARTESIAN_POINT('',(-259.8531225567,-17.25476935141,
    174.4266093923));
#3802 = CARTESIAN_POINT('',(-266.7738650658,-1.979845645228,
    179.37064501069));
#3803 = CARTESIAN_POINT('',(-275.5849634834,12.578729055276,
    180.06887174278));
#3804 = CARTESIAN_POINT('',(-285.9721138769,25.011415983808,
    177.22722777932));
#3805 = PCURVE('',#1308,#3806);
#3806 = DEFINITIONAL_REPRESENTATION('',(#3807),#3814);
#3807 = B_SPLINE_CURVE_WITH_KNOTS('',5,(#3808,#3809,#3810,#3811,#3812,
    #3813),.UNSPECIFIED.,.F.,.F.,(6,6),(0.,9.515011140653),
  .PIECEWISE_BEZIER_KNOTS.);
#3808 = CARTESIAN_POINT('',(-4.603305902135,-291.6666666666));
#3809 = CARTESIAN_POINT('',(-4.665581504423,-293.5696688947));
#3810 = CARTESIAN_POINT('',(-4.727857165292,-295.4726711229));
#3811 = CARTESIAN_POINT('',(-4.790132770728,-297.375673351));
#3812 = CARTESIAN_POINT('',(-4.85240835197,-299.2786755791));
#3813 = CARTESIAN_POINT('',(-4.914683928019,-301.1816778073));
#3814 = ( GEOMETRIC_REPRESENTATION_CONTEXT(2) 
PARAMETRIC_REPRESENTATION_CONTEXT() REPRESENTATION_CONTEXT('2D SPACE',''
  ) );
#3815 = PCURVE('',#3014,#3816);
#3816 = DEFINITIONAL_REPRESENTATION('',(#3817),#3821);
#3817 = LINE('',#3818,#3819);
#3818 = CARTESIAN_POINT('',(44.,0.));
#3819 = VECTOR('',#3820,1.);
#3820 = DIRECTION('',(0.,1.));
#3821 = ( GEOMETRIC_REPRESENTATION_CONTEXT(2) 
PARAMETRIC_REPRESENTATION_CONTEXT() REPRESENTATION_CONTEXT('2D SPACE',''
  ) );
#3822 = ORIENTED_EDGE('',*,*,#2264,.F.);
#3823 = ORIENTED_EDGE('',*,*,#3824,.T.);
#3824 = EDGE_CURVE('',#2193,#3287,#3825,.T.);
#3825 = SURFACE_CURVE('',#3826,(#3836,#3865),.PCURVE_S1.);
#3826 = B_SPLINE_CURVE_WITH_KNOTS('',8,(#3827,#3828,#3829,#3830,#3831,
    #3832,#3833,#3834,#3835),.UNSPECIFIED.,.F.,.F.,(9,9),(18.72328472776
    ,51.333334013671),.PIECEWISE_BEZIER_KNOTS.);
#3827 = CARTESIAN_POINT('',(-250.5092954599,-45.54337211445,
    139.00474273023));
#3828 = CARTESIAN_POINT('',(-251.7621070095,-42.19570607227,
    146.21273814994));
#3829 = CARTESIAN_POINT('',(-253.2224987505,-37.92185476904,
    152.95450082627));
#3830 = CARTESIAN_POINT('',(-254.957474099,-32.81259393967,
    159.07953862259));
#3831 = CARTESIAN_POINT('',(-257.0261573493,-26.99385990274,
    164.45505619979));
#3832 = CARTESIAN_POINT('',(-259.475973754,-20.62156738882,
    168.97453469641));
#3833 = CARTESIAN_POINT('',(-262.339579759,-13.8730974913,
    172.56462653422));
#3834 = CARTESIAN_POINT('',(-265.6333051583,-6.936545209541,
    175.18865439499));
#3835 = CARTESIAN_POINT('',(-269.3571503517,3.468121968386E-06,
    176.84661738123));
#3836 = PCURVE('',#1308,#3837);
#3837 = DEFINITIONAL_REPRESENTATION('',(#3838),#3864);
#3838 = B_SPLINE_CURVE_WITH_KNOTS('',3,(#3839,#3840,#3841,#3842,#3843,
    #3844,#3845,#3846,#3847,#3848,#3849,#3850,#3851,#3852,#3853,#3854,
    #3855,#3856,#3857,#3858,#3859,#3860,#3861,#3862,#3863),
  .UNSPECIFIED.,.F.,.F.,(4,1,1,1,1,1,1,1,1,1,1,1,1,1,1,1,1,1,1,1,1,1,4),
  (18.72328472776,20.205559695302,21.687834662843,23.170109630384,
    24.652384597926,26.134659565467,27.616934533009,29.09920950055,
    30.581484468091,32.063759435633,33.546034403174,35.028309370716,
    36.510584338257,37.992859305798,39.47513427334,40.957409240881,
    42.439684208423,43.921959175964,45.404234143505,46.886509111047,
    48.368784078588,49.85105904613,51.333334013671),
  .QUASI_UNIFORM_KNOTS.);
#3839 = CARTESIAN_POINT('',(-5.216023932581,-310.3899513944));
#3840 = CARTESIAN_POINT('',(-5.232193048892,-310.8840430502));
#3841 = CARTESIAN_POINT('',(-5.264531283215,-311.8722263619));
#3842 = CARTESIAN_POINT('',(-5.313038636876,-313.3545013295));
#3843 = CARTESIAN_POINT('',(-5.361545989719,-314.836776297));
#3844 = CARTESIAN_POINT('',(-5.410053338997,-316.3190512645));
#3845 = CARTESIAN_POINT('',(-5.458560682615,-317.8013262321));
#3846 = CARTESIAN_POINT('',(-5.507068019369,-319.2836011996));
#3847 = CARTESIAN_POINT('',(-5.555575349077,-320.7658761672));
#3848 = CARTESIAN_POINT('',(-5.604082672559,-322.2481511347));
#3849 = CARTESIAN_POINT('',(-5.652589991504,-323.7304261022));
#3850 = CARTESIAN_POINT('',(-5.701097308219,-325.2127010698));
#3851 = CARTESIAN_POINT('',(-5.749604625314,-326.6949760373));
#3852 = CARTESIAN_POINT('',(-5.798111945347,-328.1772510049));
#3853 = CARTESIAN_POINT('',(-5.846619270478,-329.6595259724));
#3854 = CARTESIAN_POINT('',(-5.895126602166,-331.14180094));
#3855 = CARTESIAN_POINT('',(-5.943633940954,-332.6240759075));
#3856 = CARTESIAN_POINT('',(-5.992141286363,-334.106350875));
#3857 = CARTESIAN_POINT('',(-6.040648636912,-335.5886258426));
#3858 = CARTESIAN_POINT('',(-6.089155990292,-337.0709008101));
#3859 = CARTESIAN_POINT('',(-6.137663343633,-338.5531757777));
#3860 = CARTESIAN_POINT('',(-6.186170693944,-340.0354507452));
#3861 = CARTESIAN_POINT('',(-6.234678038423,-341.5177257128));
#3862 = CARTESIAN_POINT('',(-6.267016263104,-342.5059090244));
#3863 = CARTESIAN_POINT('',(-6.283185373874,-343.0000006803));
#3864 = ( GEOMETRIC_REPRESENTATION_CONTEXT(2) 
PARAMETRIC_REPRESENTATION_CONTEXT() REPRESENTATION_CONTEXT('2D SPACE',''
  ) );
#3865 = PCURVE('',#3014,#3866);
#3866 = DEFINITIONAL_REPRESENTATION('',(#3867),#3871);
#3867 = LINE('',#3868,#3869);
#3868 = CARTESIAN_POINT('',(44.,-2.48689957516E-14));
#3869 = VECTOR('',#3870,1.);
#3870 = DIRECTION('',(-2.17890727343E-16,1.));
#3871 = ( GEOMETRIC_REPRESENTATION_CONTEXT(2) 
PARAMETRIC_REPRESENTATION_CONTEXT() REPRESENTATION_CONTEXT('2D SPACE',''
  ) );
#3872 = ORIENTED_EDGE('',*,*,#3286,.F.);
#3873 = ORIENTED_EDGE('',*,*,#3874,.F.);
#3874 = EDGE_CURVE('',#3875,#3217,#3877,.T.);
#3875 = VERTEX_POINT('',#3876);
#3876 = CARTESIAN_POINT('',(-188.1831933861,-50.22814296703,
    69.05229453891));
#3877 = SURFACE_CURVE('',#3878,(#3888,#3917),.PCURVE_S1.);
#3878 = B_SPLINE_CURVE_WITH_KNOTS('',8,(#3879,#3880,#3881,#3882,#3883,
    #3884,#3885,#3886,#3887),.UNSPECIFIED.,.F.,.F.,(9,9),(0.,
    55.999998832208),.PIECEWISE_BEZIER_KNOTS.);
#3879 = CARTESIAN_POINT('',(-188.1831933861,-50.22814296703,
    69.05229453891));
#3880 = CARTESIAN_POINT('',(-189.8981058623,-53.31116227665,
    82.410691043328));
#3881 = CARTESIAN_POINT('',(-191.2847088123,-53.3818916014,
    96.506482817021));
#3882 = CARTESIAN_POINT('',(-192.7173462164,-50.19401930389,
    110.49887951376));
#3883 = CARTESIAN_POINT('',(-194.6065744727,-43.83754588899,
    123.46575636586));
#3884 = CARTESIAN_POINT('',(-197.3381346356,-34.78314464396,
    134.54072478021));
#3885 = CARTESIAN_POINT('',(-201.1961104726,-23.82373834057,
    143.08572216759));
#3886 = CARTESIAN_POINT('',(-206.3225115105,-11.91186876149,
    148.78178990883));
#3887 = CARTESIAN_POINT('',(-212.717330453,-1.893388922758E-06,
    151.62894439149));
#3888 = PCURVE('',#1308,#3889);
#3889 = DEFINITIONAL_REPRESENTATION('',(#3890),#3916);
#3890 = B_SPLINE_CURVE_WITH_KNOTS('',3,(#3891,#3892,#3893,#3894,#3895,
    #3896,#3897,#3898,#3899,#3900,#3901,#3902,#3903,#3904,#3905,#3906,
    #3907,#3908,#3909,#3910,#3911,#3912,#3913,#3914,#3915),
  .UNSPECIFIED.,.F.,.F.,(4,1,1,1,1,1,1,1,1,1,1,1,1,1,1,1,1,1,1,1,1,1,4),
  (0.,2.545454492373,5.090908984746,7.636363477119,10.181817969492,
    12.727272461865,15.272726954238,17.818181446611,20.363635938985,
    22.909090431358,25.454544923731,27.999999416104,30.545453908477,
    33.09090840085,35.636362893223,38.181817385596,40.727271877969,
    43.272726370342,45.818180862715,48.363635355088,50.909089847461,
    53.454544339834,55.999998832208),.QUASI_UNIFORM_KNOTS.);
#3891 = CARTESIAN_POINT('',(-4.450589592586,-225.));
#3892 = CARTESIAN_POINT('',(-4.478356198605,-225.8484848307));
#3893 = CARTESIAN_POINT('',(-4.533889419455,-227.5454544923));
#3894 = CARTESIAN_POINT('',(-4.617189251983,-230.0909089847));
#3895 = CARTESIAN_POINT('',(-4.700489043815,-232.6363634771));
#3896 = CARTESIAN_POINT('',(-4.783788811685,-235.1818179694));
#3897 = CARTESIAN_POINT('',(-4.867088578728,-237.7272724618));
#3898 = CARTESIAN_POINT('',(-4.950388364802,-240.2727269542));
#3899 = CARTESIAN_POINT('',(-5.033688176582,-242.8181814466));
#3900 = CARTESIAN_POINT('',(-5.116988007976,-245.3636359389));
#3901 = CARTESIAN_POINT('',(-5.20028784494,-247.9090904313));
#3902 = CARTESIAN_POINT('',(-5.283587672424,-250.4545449237));
#3903 = CARTESIAN_POINT('',(-5.366887480456,-252.999999416));
#3904 = CARTESIAN_POINT('',(-5.450187267584,-255.5454539084));
#3905 = CARTESIAN_POINT('',(-5.533487040878,-258.0909084008));
#3906 = CARTESIAN_POINT('',(-5.616786812868,-260.6363628932));
#3907 = CARTESIAN_POINT('',(-5.70008659659,-263.1818173855));
#3908 = CARTESIAN_POINT('',(-5.783386400472,-265.7272718779));
#3909 = CARTESIAN_POINT('',(-5.866686224783,-268.2727263703));
#3910 = CARTESIAN_POINT('',(-5.949986061032,-270.8181808627));
#3911 = CARTESIAN_POINT('',(-6.03328589465,-273.363635355));
#3912 = CARTESIAN_POINT('',(-6.116585711144,-275.9090898474));
#3913 = CARTESIAN_POINT('',(-6.199885501372,-278.4545443398));
#3914 = CARTESIAN_POINT('',(-6.25541868266,-280.1515140014));
#3915 = CARTESIAN_POINT('',(-6.283185270768,-280.9999988322));
#3916 = ( GEOMETRIC_REPRESENTATION_CONTEXT(2) 
PARAMETRIC_REPRESENTATION_CONTEXT() REPRESENTATION_CONTEXT('2D SPACE',''
  ) );
#3917 = PCURVE('',#3260,#3918);
#3918 = DEFINITIONAL_REPRESENTATION('',(#3919),#3923);
#3919 = LINE('',#3920,#3921);
#3920 = CARTESIAN_POINT('',(2.061076200431E-14,-1.650527249735E-15));
#3921 = VECTOR('',#3922,1.);
#3922 = DIRECTION('',(-4.380474847744E-16,1.));
#3923 = ( GEOMETRIC_REPRESENTATION_CONTEXT(2) 
PARAMETRIC_REPRESENTATION_CONTEXT() REPRESENTATION_CONTEXT('2D SPACE',''
  ) );
#3924 = ORIENTED_EDGE('',*,*,#3925,.F.);
#3925 = EDGE_CURVE('',#3926,#3875,#3928,.T.);
#3926 = VERTEX_POINT('',#3927);
#3927 = CARTESIAN_POINT('',(-135.4012152968,39.834311042187,
    23.696335955086));
#3928 = SURFACE_CURVE('',#3929,(#3939,#3968),.PCURVE_S1.);
#3929 = B_SPLINE_CURVE_WITH_KNOTS('',8,(#3930,#3931,#3932,#3933,#3934,
    #3935,#3936,#3937,#3938),.UNSPECIFIED.,.F.,.F.,(9,9),(0.,
    66.666666666674),.PIECEWISE_BEZIER_KNOTS.);
#3930 = CARTESIAN_POINT('',(-135.4012152968,39.834311042187,
    23.696335955086));
#3931 = CARTESIAN_POINT('',(-147.4325243625,30.719068395892,
    17.161851151957));
#3932 = CARTESIAN_POINT('',(-158.3083322225,18.218081014898,
    13.222664548766));
#3933 = CARTESIAN_POINT('',(-167.5279154005,3.364977738775,
    13.003419487563));
#3934 = CARTESIAN_POINT('',(-174.773894191,-12.27267714779,
    17.216962457659));
#3935 = CARTESIAN_POINT('',(-180.031273095,-26.82643170588,
    25.896973901149));
#3936 = CARTESIAN_POINT('',(-183.6348189501,-38.6184744141,
    38.291555190711));
#3937 = CARTESIAN_POINT('',(-186.1416308718,-46.5578818076,
    53.149441225834));
#3938 = CARTESIAN_POINT('',(-188.1831933861,-50.22814296703,
    69.05229453891));
#3939 = PCURVE('',#1308,#3940);
#3940 = DEFINITIONAL_REPRESENTATION('',(#3941),#3967);
#3941 = B_SPLINE_CURVE_WITH_KNOTS('',3,(#3942,#3943,#3944,#3945,#3946,
    #3947,#3948,#3949,#3950,#3951,#3952,#3953,#3954,#3955,#3956,#3957,
    #3958,#3959,#3960,#3961,#3962,#3963,#3964,#3965,#3966),
  .UNSPECIFIED.,.F.,.F.,(4,1,1,1,1,1,1,1,1,1,1,1,1,1,1,1,1,1,1,1,1,1,4),
  (0.,3.030303030303,6.060606060607,9.09090909091,12.121212121213,
    15.151515151517,18.18181818182,21.212121212123,24.242424242427,
    27.27272727273,30.303030303033,33.333333333337,36.36363636364,
    39.393939393943,42.424242424247,45.45454545455,48.484848484854,
    51.515151515157,54.54545454546,57.575757575764,60.606060606067,
    63.63636363637,66.666666666674),.QUASI_UNIFORM_KNOTS.);
#3942 = CARTESIAN_POINT('',(-2.268928027593,-158.3333333333));
#3943 = CARTESIAN_POINT('',(-2.301983514614,-159.3434343434));
#3944 = CARTESIAN_POINT('',(-2.368094493352,-161.3636363636));
#3945 = CARTESIAN_POINT('',(-2.467260952843,-164.3939393939));
#3946 = CARTESIAN_POINT('',(-2.566427354444,-167.4242424242));
#3947 = CARTESIAN_POINT('',(-2.665593741879,-170.4545454545));
#3948 = CARTESIAN_POINT('',(-2.764760151163,-173.4848484848));
#3949 = CARTESIAN_POINT('',(-2.863926597683,-176.5151515151));
#3950 = CARTESIAN_POINT('',(-2.963093069937,-179.5454545454));
#3951 = CARTESIAN_POINT('',(-3.062259542598,-182.5757575757));
#3952 = CARTESIAN_POINT('',(-3.161425992731,-185.606060606));
#3953 = CARTESIAN_POINT('',(-3.260592412052,-188.6363636363));
#3954 = CARTESIAN_POINT('',(-3.359758810089,-191.6666666666));
#3955 = CARTESIAN_POINT('',(-3.458925208127,-194.6969696969));
#3956 = CARTESIAN_POINT('',(-3.558091627448,-197.7272727272));
#3957 = CARTESIAN_POINT('',(-3.657258077581,-200.7575757575));
#3958 = CARTESIAN_POINT('',(-3.756424550241,-203.7878787878));
#3959 = CARTESIAN_POINT('',(-3.855591022495,-206.8181818181));
#3960 = CARTESIAN_POINT('',(-3.954757469015,-209.8484848484));
#3961 = CARTESIAN_POINT('',(-4.053923878299,-212.8787878787));
#3962 = CARTESIAN_POINT('',(-4.153090265734,-215.909090909));
#3963 = CARTESIAN_POINT('',(-4.252256667335,-218.9393939393));
#3964 = CARTESIAN_POINT('',(-4.351423126826,-221.9696969696));
#3965 = CARTESIAN_POINT('',(-4.417534105565,-223.9898989899));
#3966 = CARTESIAN_POINT('',(-4.450589592586,-225.));
#3967 = ( GEOMETRIC_REPRESENTATION_CONTEXT(2) 
PARAMETRIC_REPRESENTATION_CONTEXT() REPRESENTATION_CONTEXT('2D SPACE',''
  ) );
#3968 = PCURVE('',#3969,#3988);
#3969 = B_SPLINE_SURFACE_WITH_KNOTS('',1,8,(
    (#3970,#3971,#3972,#3973,#3974,#3975,#3976,#3977,#3978)
    ,(#3979,#3980,#3981,#3982,#3983,#3984,#3985,#3986,#3987
  )),.UNSPECIFIED.,.F.,.F.,.F.,(2,2),(9,9),(0.,44.),(0.,66.666666666667)
  ,.PIECEWISE_BEZIER_KNOTS.);
#3970 = CARTESIAN_POINT('',(-135.4012152968,39.834311042187,
    23.696335955086));
#3971 = CARTESIAN_POINT('',(-147.4325243625,30.719068395893,
    17.161851151957));
#3972 = CARTESIAN_POINT('',(-158.3083322225,18.218081014901,
    13.222664548767));
#3973 = CARTESIAN_POINT('',(-167.5279154004,3.364977738778,
    13.003419487561));
#3974 = CARTESIAN_POINT('',(-174.773894191,-12.27267714773,
    17.216962457618));
#3975 = CARTESIAN_POINT('',(-180.031273095,-26.82643170595,
    25.896973901182));
#3976 = CARTESIAN_POINT('',(-183.6348189501,-38.61847441408,
    38.291555190706));
#3977 = CARTESIAN_POINT('',(-186.1416308717,-46.5578818076,
    53.149441225832));
#3978 = CARTESIAN_POINT('',(-188.1831933861,-50.22814296703,
    69.05229453891));
#3979 = CARTESIAN_POINT('',(-146.9048073781,73.540266539422,
    -2.141154891469));
#3980 = CARTESIAN_POINT('',(-162.6747881954,56.71212626934,
    -17.07283393431));
#3981 = CARTESIAN_POINT('',(-176.3115360178,33.633380335203,
    -27.21319322343));
#3982 = CARTESIAN_POINT('',(-186.8906382731,6.212266594666,
    -30.48596812735));
#3983 = CARTESIAN_POINT('',(-193.8261631978,-22.65725011888,
    -25.57513435816));
#3984 = CARTESIAN_POINT('',(-197.0904267938,-49.52572007254,
    -12.41851263788));
#3985 = CARTESIAN_POINT('',(-197.3014601454,-71.29564507215,
    7.595776490314));
#3986 = CARTESIAN_POINT('',(-195.4877539276,-85.95301256789,
    32.157705148858));
#3987 = CARTESIAN_POINT('',(-192.8151257271,-92.72887932375,
    58.648804166699));
#3988 = DEFINITIONAL_REPRESENTATION('',(#3989),#3993);
#3989 = LINE('',#3990,#3991);
#3990 = CARTESIAN_POINT('',(7.703154316499E-15,-6.466604489448E-15));
#3991 = VECTOR('',#3992,1.);
#3992 = DIRECTION('',(-9.751405998069E-17,1.));
#3993 = ( GEOMETRIC_REPRESENTATION_CONTEXT(2) 
PARAMETRIC_REPRESENTATION_CONTEXT() REPRESENTATION_CONTEXT('2D SPACE',''
  ) );
#3994 = ORIENTED_EDGE('',*,*,#3995,.F.);
#3995 = EDGE_CURVE('',#1324,#3926,#3996,.T.);
#3996 = SURFACE_CURVE('',#3997,(#4007,#4036),.PCURVE_S1.);
#3997 = B_SPLINE_CURVE_WITH_KNOTS('',8,(#3998,#3999,#4000,#4001,#4002,
    #4003,#4004,#4005,#4006),.UNSPECIFIED.,.F.,.F.,(9,9),(0.,
    66.666666666676),.PIECEWISE_BEZIER_KNOTS.);
#3998 = CARTESIAN_POINT('',(-39.83320836721,4.532098622878,
    74.43937155626));
#3999 = CARTESIAN_POINT('',(-47.94878852394,18.658936569377,
    76.699757879129));
#4000 = CARTESIAN_POINT('',(-57.85519650619,32.400622677173,
    74.937879050165));
#4001 = CARTESIAN_POINT('',(-69.49525192033,44.155853867253,
    69.282164336174));
#4002 = CARTESIAN_POINT('',(-82.52871654656,52.386321614637,
    60.496801290772));
#4003 = CARTESIAN_POINT('',(-96.34166221595,55.990125553275,
    49.960695157734));
#4004 = CARTESIAN_POINT('',(-110.1830627378,54.679120137729,
    39.360678379662));
#4005 = CARTESIAN_POINT('',(-123.3699062312,48.949553688479,
    30.230820758213));
#4006 = CARTESIAN_POINT('',(-135.4012152968,39.834311042187,
    23.696335955086));
#4007 = PCURVE('',#1308,#4008);
#4008 = DEFINITIONAL_REPRESENTATION('',(#4009),#4035);
#4009 = B_SPLINE_CURVE_WITH_KNOTS('',3,(#4010,#4011,#4012,#4013,#4014,
    #4015,#4016,#4017,#4018,#4019,#4020,#4021,#4022,#4023,#4024,#4025,
    #4026,#4027,#4028,#4029,#4030,#4031,#4032,#4033,#4034),
  .UNSPECIFIED.,.F.,.F.,(4,1,1,1,1,1,1,1,1,1,1,1,1,1,1,1,1,1,1,1,1,1,4),
  (0.,3.030303030303,6.060606060607,9.09090909091,12.121212121214,
    15.151515151517,18.181818181821,21.212121212124,24.242424242428,
    27.272727272731,30.303030303035,33.333333333338,36.363636363642,
    39.393939393945,42.424242424249,45.454545454552,48.484848484856,
    51.515151515159,54.545454545462,57.575757575766,60.606060606069,
    63.636363636373,66.666666666676),.QUASI_UNIFORM_KNOTS.);
#4010 = CARTESIAN_POINT('',(-8.726646259972E-02,-91.66666666666));
#4011 = CARTESIAN_POINT('',(-0.120321949621,-92.67676767676));
#4012 = CARTESIAN_POINT('',(-0.186432928359,-94.69696969697));
#4013 = CARTESIAN_POINT('',(-0.285599387851,-97.72727272727));
#4014 = CARTESIAN_POINT('',(-0.384765789451,-100.7575757575));
#4015 = CARTESIAN_POINT('',(-0.483932176886,-103.7878787878));
#4016 = CARTESIAN_POINT('',(-0.58309858617,-106.8181818181));
#4017 = CARTESIAN_POINT('',(-0.68226503269,-109.8484848484));
#4018 = CARTESIAN_POINT('',(-0.781431504944,-112.8787878787));
#4019 = CARTESIAN_POINT('',(-0.880597977605,-115.909090909));
#4020 = CARTESIAN_POINT('',(-0.979764427738,-118.9393939393));
#4021 = CARTESIAN_POINT('',(-1.078930847059,-121.9696969697));
#4022 = CARTESIAN_POINT('',(-1.178097245096,-125.));
#4023 = CARTESIAN_POINT('',(-1.277263643134,-128.0303030303));
#4024 = CARTESIAN_POINT('',(-1.376430062455,-131.0606060606));
#4025 = CARTESIAN_POINT('',(-1.475596512588,-134.0909090909));
#4026 = CARTESIAN_POINT('',(-1.574762985249,-137.1212121212));
#4027 = CARTESIAN_POINT('',(-1.673929457503,-140.1515151515));
#4028 = CARTESIAN_POINT('',(-1.773095904022,-143.1818181818));
#4029 = CARTESIAN_POINT('',(-1.872262313306,-146.2121212121));
#4030 = CARTESIAN_POINT('',(-1.971428700742,-149.2424242424));
#4031 = CARTESIAN_POINT('',(-2.070595102342,-152.2727272727));
#4032 = CARTESIAN_POINT('',(-2.169761561834,-155.303030303));
#4033 = CARTESIAN_POINT('',(-2.235872540572,-157.3232323232));
#4034 = CARTESIAN_POINT('',(-2.268928027593,-158.3333333333));
#4035 = ( GEOMETRIC_REPRESENTATION_CONTEXT(2) 
PARAMETRIC_REPRESENTATION_CONTEXT() REPRESENTATION_CONTEXT('2D SPACE',''
  ) );
#4036 = PCURVE('',#1399,#4037);
#4037 = DEFINITIONAL_REPRESENTATION('',(#4038),#4042);
#4038 = LINE('',#4039,#4040);
#4039 = CARTESIAN_POINT('',(1.479425296293E-14,-8.577865235383E-15));
#4040 = VECTOR('',#4041,1.);
#4041 = DIRECTION('',(-4.158546649099E-16,1.));
#4042 = ( GEOMETRIC_REPRESENTATION_CONTEXT(2) 
PARAMETRIC_REPRESENTATION_CONTEXT() REPRESENTATION_CONTEXT('2D SPACE',''
  ) );
#4043 = ADVANCED_FACE('',(#4044),#1399,.F.);
#4044 = FACE_BOUND('',#4045,.F.);
#4045 = EDGE_LOOP('',(#4046,#4047,#4048,#4077));
#4046 = ORIENTED_EDGE('',*,*,#3995,.F.);
#4047 = ORIENTED_EDGE('',*,*,#1386,.T.);
#4048 = ORIENTED_EDGE('',*,*,#4049,.T.);
#4049 = EDGE_CURVE('',#1358,#4050,#4052,.T.);
#4050 = VERTEX_POINT('',#4051);
#4051 = CARTESIAN_POINT('',(-146.9048073781,73.540266539422,
    -2.141154891469));
#4052 = SURFACE_CURVE('',#4053,(#4063,#4070),.PCURVE_S1.);
#4053 = B_SPLINE_CURVE_WITH_KNOTS('',8,(#4054,#4055,#4056,#4057,#4058,
    #4059,#4060,#4061,#4062),.UNSPECIFIED.,.F.,.F.,(9,9),(0.,
    66.666666666667),.PIECEWISE_BEZIER_KNOTS.);
#4054 = CARTESIAN_POINT('',(-22.00489732373,8.366951303775,
    114.48241377651));
#4055 = CARTESIAN_POINT('',(-30.54584015535,34.447267512693,
    115.78741988935));
#4056 = CARTESIAN_POINT('',(-42.39292666483,59.816534173235,
    109.66670572188));
#4057 = CARTESIAN_POINT('',(-57.44059304857,81.518499447227,
    96.357371458984));
#4058 = CARTESIAN_POINT('',(-75.06070720846,96.713209134704,
    77.270224891976));
#4059 = CARTESIAN_POINT('',(-94.1198632943,103.36638563683,
    54.95093724001));
#4060 = CARTESIAN_POINT('',(-113.2315514154,100.94606794657,
    32.513660704975));
#4061 = CARTESIAN_POINT('',(-131.1348265609,90.368406809504,
    12.79052415138));
#4062 = CARTESIAN_POINT('',(-146.9048073781,73.540266539422,
    -2.141154891469));
#4063 = PCURVE('',#1399,#4064);
#4064 = DEFINITIONAL_REPRESENTATION('',(#4065),#4069);
#4065 = LINE('',#4066,#4067);
#4066 = CARTESIAN_POINT('',(44.,0.));
#4067 = VECTOR('',#4068,1.);
#4068 = DIRECTION('',(0.,1.));
#4069 = ( GEOMETRIC_REPRESENTATION_CONTEXT(2) 
PARAMETRIC_REPRESENTATION_CONTEXT() REPRESENTATION_CONTEXT('2D SPACE',''
  ) );
#4070 = PCURVE('',#1477,#4071);
#4071 = DEFINITIONAL_REPRESENTATION('',(#4072),#4076);
#4072 = LINE('',#4073,#4074);
#4073 = CARTESIAN_POINT('',(0.,0.));
#4074 = VECTOR('',#4075,1.);
#4075 = DIRECTION('',(0.,1.));
#4076 = ( GEOMETRIC_REPRESENTATION_CONTEXT(2) 
PARAMETRIC_REPRESENTATION_CONTEXT() REPRESENTATION_CONTEXT('2D SPACE',''
  ) );
#4077 = ORIENTED_EDGE('',*,*,#4078,.F.);
#4078 = EDGE_CURVE('',#3926,#4050,#4079,.T.);
#4079 = SURFACE_CURVE('',#4080,(#4083,#4090),.PCURVE_S1.);
#4080 = B_SPLINE_CURVE_WITH_KNOTS('',1,(#4081,#4082),.UNSPECIFIED.,.F.,
  .F.,(2,2),(0.,44.),.PIECEWISE_BEZIER_KNOTS.);
#4081 = CARTESIAN_POINT('',(-135.4012152968,39.834311042187,
    23.696335955086));
#4082 = CARTESIAN_POINT('',(-146.9048073781,73.540266539422,
    -2.141154891469));
#4083 = PCURVE('',#1399,#4084);
#4084 = DEFINITIONAL_REPRESENTATION('',(#4085),#4089);
#4085 = LINE('',#4086,#4087);
#4086 = CARTESIAN_POINT('',(0.,66.666666666667));
#4087 = VECTOR('',#4088,1.);
#4088 = DIRECTION('',(1.,0.));
#4089 = ( GEOMETRIC_REPRESENTATION_CONTEXT(2) 
PARAMETRIC_REPRESENTATION_CONTEXT() REPRESENTATION_CONTEXT('2D SPACE',''
  ) );
#4090 = PCURVE('',#3969,#4091);
#4091 = DEFINITIONAL_REPRESENTATION('',(#4092),#4096);
#4092 = LINE('',#4093,#4094);
#4093 = CARTESIAN_POINT('',(0.,0.));
#4094 = VECTOR('',#4095,1.);
#4095 = DIRECTION('',(1.,0.));
#4096 = ( GEOMETRIC_REPRESENTATION_CONTEXT(2) 
PARAMETRIC_REPRESENTATION_CONTEXT() REPRESENTATION_CONTEXT('2D SPACE',''
  ) );
#4097 = ADVANCED_FACE('',(#4098),#1477,.F.);
#4098 = FACE_BOUND('',#4099,.F.);
#4099 = EDGE_LOOP('',(#4100,#4101,#4102,#4131));
#4100 = ORIENTED_EDGE('',*,*,#4049,.F.);
#4101 = ORIENTED_EDGE('',*,*,#1459,.T.);
#4102 = ORIENTED_EDGE('',*,*,#4103,.T.);
#4103 = EDGE_CURVE('',#1431,#4104,#4106,.T.);
#4104 = VERTEX_POINT('',#4105);
#4105 = CARTESIAN_POINT('',(-148.8073761184,69.346940357737,
    -6.414394246896));
#4106 = SURFACE_CURVE('',#4107,(#4117,#4124),.PCURVE_S1.);
#4107 = ( BOUNDED_CURVE() B_SPLINE_CURVE(8,(#4108,#4109,#4110,#4111,
    #4112,#4113,#4114,#4115,#4116),.UNSPECIFIED.,.F.,.F.) 
B_SPLINE_CURVE_WITH_KNOTS((9,9),(0.,66.666666666667),
.PIECEWISE_BEZIER_KNOTS.) CURVE() GEOMETRIC_REPRESENTATION_ITEM() 
RATIONAL_B_SPLINE_CURVE((1.000053547667,1.000053547667,1.000053547667,
    1.000053547667,1.000053547667,1.000053547667,1.000053547667,
1.000053547667,1.000053547667)) REPRESENTATION_ITEM('') );
#4108 = CARTESIAN_POINT('',(-22.31075758986,14.603845074232,
    113.79544037112));
#4109 = CARTESIAN_POINT('',(-31.54349800482,40.479088910703,
    113.54664367166));
#4110 = CARTESIAN_POINT('',(-44.05638815737,65.113178706668,
    105.93051003765));
#4111 = CARTESIAN_POINT('',(-59.66544849843,85.573166813771,
    91.360264301977));
#4112 = CARTESIAN_POINT('',(-77.66834377547,99.126183043454,
    71.413377269497));
#4113 = CARTESIAN_POINT('',(-96.87997930125,103.92455665939,
    48.751615188166));
#4114 = CARTESIAN_POINT('',(-115.9026626627,99.660415995105,
    26.514246616418));
#4115 = CARTESIAN_POINT('',(-133.5025199329,87.450709823628,
    7.472597768433));
#4116 = CARTESIAN_POINT('',(-148.8073761184,69.346940357737,
    -6.414394246896));
#4117 = PCURVE('',#1477,#4118);
#4118 = DEFINITIONAL_REPRESENTATION('',(#4119),#4123);
#4119 = LINE('',#4120,#4121);
#4120 = CARTESIAN_POINT('',(6.544984694977E-02,0.));
#4121 = VECTOR('',#4122,1.);
#4122 = DIRECTION('',(0.,1.));
#4123 = ( GEOMETRIC_REPRESENTATION_CONTEXT(2) 
PARAMETRIC_REPRESENTATION_CONTEXT() REPRESENTATION_CONTEXT('2D SPACE',''
  ) );
#4124 = PCURVE('',#1649,#4125);
#4125 = DEFINITIONAL_REPRESENTATION('',(#4126),#4130);
#4126 = LINE('',#4127,#4128);
#4127 = CARTESIAN_POINT('',(0.,0.));
#4128 = VECTOR('',#4129,1.);
#4129 = DIRECTION('',(0.,1.));
#4130 = ( GEOMETRIC_REPRESENTATION_CONTEXT(2) 
PARAMETRIC_REPRESENTATION_CONTEXT() REPRESENTATION_CONTEXT('2D SPACE',''
  ) );
#4131 = ORIENTED_EDGE('',*,*,#4132,.F.);
#4132 = EDGE_CURVE('',#4050,#4104,#4133,.T.);
#4133 = SURFACE_CURVE('',#4134,(#4142,#4149),.PCURVE_S1.);
#4134 = ( BOUNDED_CURVE() B_SPLINE_CURVE(6,(#4135,#4136,#4137,#4138,
#4139,#4140,#4141),.UNSPECIFIED.,.F.,.F.) B_SPLINE_CURVE_WITH_KNOTS((7,7
),(0.,6.544984694977E-02),.PIECEWISE_BEZIER_KNOTS.) CURVE() 
GEOMETRIC_REPRESENTATION_ITEM() RATIONAL_B_SPLINE_CURVE((1.000053547667,
    1.000017847948,0.999996430156,0.999989291231,0.999996430156,
1.000017847948,1.000053547667)) REPRESENTATION_ITEM('') );
#4135 = CARTESIAN_POINT('',(-146.9048073781,73.540266539422,
    -2.141154891469));
#4136 = CARTESIAN_POINT('',(-147.2124974569,72.816089909268,
    -2.832238123264));
#4137 = CARTESIAN_POINT('',(-147.5240300761,72.101846878109,
    -3.531951842369));
#4138 = CARTESIAN_POINT('',(-147.8393453884,71.397675660389,
    -4.240161629088));
#4139 = CARTESIAN_POINT('',(-148.1583826808,70.70371217244,
    -4.956731120105));
#4140 = CARTESIAN_POINT('',(-148.4810803902,70.020089998506,
    -5.681522042226));
#4141 = CARTESIAN_POINT('',(-148.8073761184,69.346940357737,
    -6.414394246896));
#4142 = PCURVE('',#1477,#4143);
#4143 = DEFINITIONAL_REPRESENTATION('',(#4144),#4148);
#4144 = LINE('',#4145,#4146);
#4145 = CARTESIAN_POINT('',(0.,66.666666666667));
#4146 = VECTOR('',#4147,1.);
#4147 = DIRECTION('',(1.,0.));
#4148 = ( GEOMETRIC_REPRESENTATION_CONTEXT(2) 
PARAMETRIC_REPRESENTATION_CONTEXT() REPRESENTATION_CONTEXT('2D SPACE',''
  ) );
#4149 = PCURVE('',#4150,#4214);
#4150 = ( BOUNDED_SURFACE() B_SPLINE_SURFACE(6,8,(
    (#4151,#4152,#4153,#4154,#4155,#4156,#4157,#4158,#4159)
    ,(#4160,#4161,#4162,#4163,#4164,#4165,#4166,#4167,#4168)
    ,(#4169,#4170,#4171,#4172,#4173,#4174,#4175,#4176,#4177)
    ,(#4178,#4179,#4180,#4181,#4182,#4183,#4184,#4185,#4186)
    ,(#4187,#4188,#4189,#4190,#4191,#4192,#4193,#4194,#4195)
    ,(#4196,#4197,#4198,#4199,#4200,#4201,#4202,#4203,#4204)
    ,(#4205,#4206,#4207,#4208,#4209,#4210,#4211,#4212,#4213
)),.UNSPECIFIED.,.F.,.F.,.F.) B_SPLINE_SURFACE_WITH_KNOTS((7,7),(9,9),(
    0.,6.544984694977E-02),(0.,66.666666666667),
.PIECEWISE_BEZIER_KNOTS.) GEOMETRIC_REPRESENTATION_ITEM() 
RATIONAL_B_SPLINE_SURFACE((
    (1.000053547667,1.000053547667,1.000053547667,1.000053547667
      ,1.000053547667,1.000053547667,1.000053547667,1.000053547667
      ,1.000053547667)
    ,(1.000017847948,1.000017847948,1.000017847948,1.000017847948
      ,1.000017847948,1.000017847948,1.000017847948,1.000017847948
      ,1.000017847948)
    ,(0.999996430156,0.999996430156,0.999996430156,0.999996430156
      ,0.999996430156,0.999996430156,0.999996430156,0.999996430156
      ,0.999996430156)
    ,(0.999989291231,0.999989291231,0.999989291231,0.999989291231
      ,0.999989291231,0.999989291231,0.999989291231,0.999989291231
      ,0.999989291231)
    ,(0.999996430156,0.999996430156,0.999996430156,0.999996430156
      ,0.999996430156,0.999996430156,0.999996430156,0.999996430156
      ,0.999996430156)
    ,(1.000017847948,1.000017847948,1.000017847948,1.000017847948
      ,1.000017847948,1.000017847948,1.000017847948,1.000017847948
      ,1.000017847948)
    ,(1.000053547667,1.000053547667,1.000053547667,1.000053547667
      ,1.000053547667,1.000053547667,1.000053547667,1.000053547667
,1.000053547667))) REPRESENTATION_ITEM('') SURFACE() );
#4151 = CARTESIAN_POINT('',(-146.9048073781,73.540266539422,
    -2.141154891469));
#4152 = CARTESIAN_POINT('',(-162.6747881954,56.71212626934,
    -17.07283393431));
#4153 = CARTESIAN_POINT('',(-176.3115360178,33.633380335204,
    -27.21319322343));
#4154 = CARTESIAN_POINT('',(-186.8906382731,6.212266594665,
    -30.48596812735));
#4155 = CARTESIAN_POINT('',(-193.8261631978,-22.65725011888,
    -25.57513435816));
#4156 = CARTESIAN_POINT('',(-197.0904267938,-49.52572007254,
    -12.41851263788));
#4157 = CARTESIAN_POINT('',(-197.3014601454,-71.29564507215,
    7.595776490313));
#4158 = CARTESIAN_POINT('',(-195.4877539276,-85.95301256789,
    32.157705148858));
#4159 = CARTESIAN_POINT('',(-192.8151257271,-92.72887932375,
    58.648804166699));
#4160 = CARTESIAN_POINT('',(-147.2124974569,72.816089909268,
    -2.832238123264));
#4161 = CARTESIAN_POINT('',(-162.9021524483,55.781650418879,
    -17.58350240742));
#4162 = CARTESIAN_POINT('',(-176.4324220772,32.558155757888,
    -27.48470775829));
#4163 = CARTESIAN_POINT('',(-186.8880019656,5.077222035416,
    -30.48004688366));
#4164 = CARTESIAN_POINT('',(-193.6961913244,-23.75356957882,
    -25.28321275076));
#4165 = CARTESIAN_POINT('',(-196.8445982317,-50.48648950994,
    -11.86637264751));
#4166 = CARTESIAN_POINT('',(-196.964526901,-72.04278964907,8.35254094751
    ));
#4167 = CARTESIAN_POINT('',(-195.0926511913,-86.43741948152,
    33.045120424227));
#4168 = CARTESIAN_POINT('',(-192.3973613922,-92.93318472448,
    59.587118225646));
#4169 = CARTESIAN_POINT('',(-147.5240300761,72.101846878109,
    -3.531951842369));
#4170 = CARTESIAN_POINT('',(-163.1344610786,54.858531831131,
    -18.10527613407));
#4171 = CARTESIAN_POINT('',(-176.559027759,31.486867792769,
    -27.76906877542));
#4172 = CARTESIAN_POINT('',(-186.8914090708,3.942141256552,
    -30.48769936738));
#4173 = CARTESIAN_POINT('',(-193.5720621354,-24.85402503441,
    -25.00441402765));
#4174 = CARTESIAN_POINT('',(-196.6038956108,-51.45512943549,
    -11.3257457093));
#4175 = CARTESIAN_POINT('',(-196.6315861012,-72.80074594273,
    9.100338227329));
#4176 = CARTESIAN_POINT('',(-194.7001445015,-86.93452147149,
    33.926704883404));
#4177 = CARTESIAN_POINT('',(-191.9807027348,-93.15092653318,
    60.522948892497));
#4178 = CARTESIAN_POINT('',(-147.8393453884,71.397675660389,
    -4.240161629088));
#4179 = CARTESIAN_POINT('',(-163.3716695697,53.942948846937,
    -18.63805512804));
#4180 = CARTESIAN_POINT('',(-176.691328964,30.419723159719,
    -28.06622214721));
#4181 = CARTESIAN_POINT('',(-186.9008592557,2.807243062392,
    -30.5089248301));
#4182 = CARTESIAN_POINT('',(-193.4537998718,-25.95840457547,
    -24.73879263471));
#4183 = CARTESIAN_POINT('',(-196.3683656049,-52.43145354865,
    -10.79673665477));
#4184 = CARTESIAN_POINT('',(-196.3027021399,-73.56936842295,
    9.839023698903));
#4185 = CARTESIAN_POINT('',(-194.3103096598,-87.44422339262,
    34.802288273693));
#4186 = CARTESIAN_POINT('',(-191.565230132,-93.3820634958,
    61.456115636901));
#4187 = CARTESIAN_POINT('',(-148.1583826808,70.70371217244,
    -4.956731120105));
#4188 = CARTESIAN_POINT('',(-163.6137322844,53.035078089224,
    -19.18173688698));
#4189 = CARTESIAN_POINT('',(-176.8293002916,29.356927636228,
    -28.37611082254));
#4190 = CARTESIAN_POINT('',(-186.9163508064,1.672746219933,
    -30.54371942273));
#4191 = CARTESIAN_POINT('',(-193.3414274347,-27.06649539112,
    -24.48640000857));
#4192 = CARTESIAN_POINT('',(-196.1380537074,-53.41527378972,
    -10.2794476635));
#4193 = CARTESIAN_POINT('',(-195.9779384852,-74.34850911999,
    10.568454810054));
#4194 = CARTESIAN_POINT('',(-193.9232218586,-87.96642721937,
    35.671701709913));
#4195 = CARTESIAN_POINT('',(-191.1510236918,-93.62655129738,
    62.386438533447));
#4196 = CARTESIAN_POINT('',(-148.4810803902,70.020089998506,
    -5.681522042226));
#4197 = CARTESIAN_POINT('',(-163.8606024769,52.13509441896,
    -19.73621641764));
#4198 = CARTESIAN_POINT('',(-176.9729150453,28.298686006178,
    -28.69867484079));
#4199 = CARTESIAN_POINT('',(-186.9378806291,0.538869404478,
    -30.59207619611));
#4200 = CARTESIAN_POINT('',(-193.2349663795,-28.17808382257,
    -24.24728456353));
#4201 = CARTESIAN_POINT('',(-195.9130042194,-54.40640038642,
    -9.773978237441));
#4202 = CARTESIAN_POINT('',(-195.6573576643,-75.13801766105,
    11.288491122876));
#4203 = CARTESIAN_POINT('',(-193.5389556629,-88.50103206997,
    36.534777716487));
#4204 = CARTESIAN_POINT('',(-190.738163233,-93.88434257278,
    63.313738306441));
#4205 = CARTESIAN_POINT('',(-148.8073761184,69.346940357737,
    -6.414394246896));
#4206 = CARTESIAN_POINT('',(-164.1122323038,51.243170891845,
    -20.30138626222));
#4207 = CARTESIAN_POINT('',(-177.1221452405,27.245202009019,
    -29.03385134689));
#4208 = CARTESIAN_POINT('',(-186.9654442503,-0.594168854697,
    -30.65398510302));
#4209 = CARTESIAN_POINT('',(-193.1344369108,-29.29295541635,
    -24.02149167988));
#4210 = CARTESIAN_POINT('',(-195.6932602389,-55.40464190115,
    -9.280425176441));
#4211 = CARTESIAN_POINT('',(-195.3410212473,-75.9377413079,
    11.998994348472));
#4212 = CARTESIAN_POINT('',(-193.1575849915,-89.04793423177,
    37.391350268953));
#4213 = CARTESIAN_POINT('',(-190.3267282651,-94.15538691871,
    64.237836374405));
#4214 = DEFINITIONAL_REPRESENTATION('',(#4215),#4219);
#4215 = LINE('',#4216,#4217);
#4216 = CARTESIAN_POINT('',(0.,0.));
#4217 = VECTOR('',#4218,1.);
#4218 = DIRECTION('',(1.,0.));
#4219 = ( GEOMETRIC_REPRESENTATION_CONTEXT(2) 
PARAMETRIC_REPRESENTATION_CONTEXT() REPRESENTATION_CONTEXT('2D SPACE',''
  ) );
#4220 = ADVANCED_FACE('',(#4221),#1649,.F.);
#4221 = FACE_BOUND('',#4222,.F.);
#4222 = EDGE_LOOP('',(#4223,#4224,#4225,#4226));
#4223 = ORIENTED_EDGE('',*,*,#4103,.F.);
#4224 = ORIENTED_EDGE('',*,*,#1636,.T.);
#4225 = ORIENTED_EDGE('',*,*,#1707,.F.);
#4226 = ORIENTED_EDGE('',*,*,#4227,.F.);
#4227 = EDGE_CURVE('',#4104,#1708,#4228,.T.);
#4228 = SURFACE_CURVE('',#4229,(#4232,#4239),.PCURVE_S1.);
#4229 = B_SPLINE_CURVE_WITH_KNOTS('',1,(#4230,#4231),.UNSPECIFIED.,.F.,
  .F.,(2,2),(0.,44.),.PIECEWISE_BEZIER_KNOTS.);
#4230 = CARTESIAN_POINT('',(-148.8073761184,69.346940357737,
    -6.414394246896));
#4231 = CARTESIAN_POINT('',(-136.4317733645,37.562926027107,
    21.381664637564));
#4232 = PCURVE('',#1649,#4233);
#4233 = DEFINITIONAL_REPRESENTATION('',(#4234),#4238);
#4234 = LINE('',#4235,#4236);
#4235 = CARTESIAN_POINT('',(0.,66.666666666667));
#4236 = VECTOR('',#4237,1.);
#4237 = DIRECTION('',(1.,0.));
#4238 = ( GEOMETRIC_REPRESENTATION_CONTEXT(2) 
PARAMETRIC_REPRESENTATION_CONTEXT() REPRESENTATION_CONTEXT('2D SPACE',''
  ) );
#4239 = PCURVE('',#1802,#4240);
#4240 = DEFINITIONAL_REPRESENTATION('',(#4241),#4245);
#4241 = LINE('',#4242,#4243);
#4242 = CARTESIAN_POINT('',(0.,0.));
#4243 = VECTOR('',#4244,1.);
#4244 = DIRECTION('',(1.,0.));
#4245 = ( GEOMETRIC_REPRESENTATION_CONTEXT(2) 
PARAMETRIC_REPRESENTATION_CONTEXT() REPRESENTATION_CONTEXT('2D SPACE',''
  ) );
#4246 = ADVANCED_FACE('',(#4247),#1965,.F.);
#4247 = FACE_BOUND('',#4248,.F.);
#4248 = EDGE_LOOP('',(#4249,#4250,#4251,#4252,#4281));
#4249 = ORIENTED_EDGE('',*,*,#2490,.F.);
#4250 = ORIENTED_EDGE('',*,*,#1921,.F.);
#4251 = ORIENTED_EDGE('',*,*,#2074,.T.);
#4252 = ORIENTED_EDGE('',*,*,#4253,.T.);
#4253 = EDGE_CURVE('',#2046,#4254,#4256,.T.);
#4254 = VERTEX_POINT('',#4255);
#4255 = CARTESIAN_POINT('',(-83.35255066363,16.670225056025,
    140.59955075399));
#4256 = SURFACE_CURVE('',#4257,(#4267,#4274),.PCURVE_S1.);
#4257 = B_SPLINE_CURVE_WITH_KNOTS('',8,(#4258,#4259,#4260,#4261,#4262,
    #4263,#4264,#4265,#4266),.UNSPECIFIED.,.F.,.F.,(9,9),(0.,
    66.666666666667),.PIECEWISE_BEZIER_KNOTS.);
#4258 = CARTESIAN_POINT('',(-77.40488648546,-87.00554755551,
    -9.947999154629));
#4259 = CARTESIAN_POINT('',(-75.36709146177,-98.06966777516,
    15.11724120271));
#4260 = CARTESIAN_POINT('',(-71.92668772509,-101.7388079309,
    43.332792308835));
#4261 = CARTESIAN_POINT('',(-68.17777993473,-96.75960900692,
    72.241254864391));
#4262 = CARTESIAN_POINT('',(-65.43479172117,-83.04951545873,
    98.890385058912));
#4263 = CARTESIAN_POINT('',(-64.98098862817,-62.00464108106,
    120.39792129032));
#4264 = CARTESIAN_POINT('',(-67.69700581535,-36.31116817249,
    134.78592460583));
#4265 = CARTESIAN_POINT('',(-73.89060694165,-9.11198162782,
    141.36314650971));
#4266 = CARTESIAN_POINT('',(-83.35255066363,16.670225056025,
    140.59955075399));
#4267 = PCURVE('',#1965,#4268);
#4268 = DEFINITIONAL_REPRESENTATION('',(#4269),#4273);
#4269 = LINE('',#4270,#4271);
#4270 = CARTESIAN_POINT('',(44.,0.));
#4271 = VECTOR('',#4272,1.);
#4272 = DIRECTION('',(0.,1.));
#4273 = ( GEOMETRIC_REPRESENTATION_CONTEXT(2) 
PARAMETRIC_REPRESENTATION_CONTEXT() REPRESENTATION_CONTEXT('2D SPACE',''
  ) );
#4274 = PCURVE('',#2118,#4275);
#4275 = DEFINITIONAL_REPRESENTATION('',(#4276),#4280);
#4276 = LINE('',#4277,#4278);
#4277 = CARTESIAN_POINT('',(0.,0.));
#4278 = VECTOR('',#4279,1.);
#4279 = DIRECTION('',(0.,1.));
#4280 = ( GEOMETRIC_REPRESENTATION_CONTEXT(2) 
PARAMETRIC_REPRESENTATION_CONTEXT() REPRESENTATION_CONTEXT('2D SPACE',''
  ) );
#4281 = ORIENTED_EDGE('',*,*,#4282,.F.);
#4282 = EDGE_CURVE('',#2421,#4254,#4283,.T.);
#4283 = SURFACE_CURVE('',#4284,(#4287,#4294),.PCURVE_S1.);
#4284 = B_SPLINE_CURVE_WITH_KNOTS('',1,(#4285,#4286),.UNSPECIFIED.,.F.,
  .F.,(2,2),(0.,44.),.PIECEWISE_BEZIER_KNOTS.);
#4285 = CARTESIAN_POINT('',(-100.9770762431,9.02970523868,
    101.01421817971));
#4286 = CARTESIAN_POINT('',(-83.35255066363,16.670225056025,
    140.59955075399));
#4287 = PCURVE('',#1965,#4288);
#4288 = DEFINITIONAL_REPRESENTATION('',(#4289),#4293);
#4289 = LINE('',#4290,#4291);
#4290 = CARTESIAN_POINT('',(0.,66.666666666667));
#4291 = VECTOR('',#4292,1.);
#4292 = DIRECTION('',(1.,0.));
#4293 = ( GEOMETRIC_REPRESENTATION_CONTEXT(2) 
PARAMETRIC_REPRESENTATION_CONTEXT() REPRESENTATION_CONTEXT('2D SPACE',''
  ) );
#4294 = PCURVE('',#2464,#4295);
#4295 = DEFINITIONAL_REPRESENTATION('',(#4296),#4300);
#4296 = LINE('',#4297,#4298);
#4297 = CARTESIAN_POINT('',(0.,0.));
#4298 = VECTOR('',#4299,1.);
#4299 = DIRECTION('',(1.,0.));
#4300 = ( GEOMETRIC_REPRESENTATION_CONTEXT(2) 
PARAMETRIC_REPRESENTATION_CONTEXT() REPRESENTATION_CONTEXT('2D SPACE',''
  ) );
#4301 = ADVANCED_FACE('',(#4302),#1872,.F.);
#4302 = FACE_BOUND('',#4303,.F.);
#4303 = EDGE_LOOP('',(#4304,#4399,#4419,#4420,#4421));
#4304 = ORIENTED_EDGE('',*,*,#4305,.F.);
#4305 = EDGE_CURVE('',#4306,#4308,#4310,.T.);
#4306 = VERTEX_POINT('',#4307);
#4307 = CARTESIAN_POINT('',(-190.3267282651,-94.15538691871,
    64.237836374405));
#4308 = VERTEX_POINT('',#4309);
#4309 = CARTESIAN_POINT('',(-207.8722130729,38.663682226439,
    188.73625465167));
#4310 = SURFACE_CURVE('',#4311,(#4321,#4328),.PCURVE_S1.);
#4311 = ( BOUNDED_CURVE() B_SPLINE_CURVE(8,(#4312,#4313,#4314,#4315,
    #4316,#4317,#4318,#4319,#4320),.UNSPECIFIED.,.F.,.F.) 
B_SPLINE_CURVE_WITH_KNOTS((9,9),(0.,66.666666666667),
.PIECEWISE_BEZIER_KNOTS.) CURVE() GEOMETRIC_REPRESENTATION_ITEM() 
RATIONAL_B_SPLINE_CURVE((1.000053547667,1.000053547667,1.000053547667,
    1.000053547667,1.000053547667,1.000053547667,1.000053547667,
1.000053547667,1.000053547667)) REPRESENTATION_ITEM('') );
#4312 = CARTESIAN_POINT('',(-190.3267282651,-94.15538691871,
    64.237836374405));
#4313 = CARTESIAN_POINT('',(-187.4958715388,-99.26283960564,
    91.084322479857));
#4314 = CARTESIAN_POINT('',(-184.0175158153,-96.36759045866,
    119.38511514392));
#4315 = CARTESIAN_POINT('',(-181.0755801663,-84.89156430523,
    146.4810885945));
#4316 = CARTESIAN_POINT('',(-179.9548006652,-65.52268508764,
    169.48667836588));
#4317 = CARTESIAN_POINT('',(-181.7666970358,-40.36696254144,
    185.90537028348));
#4318 = CARTESIAN_POINT('',(-187.1069790735,-12.54821790723,
    194.39917824022));
#4319 = CARTESIAN_POINT('',(-195.9707504045,14.700883738538,
    194.97909967175));
#4320 = CARTESIAN_POINT('',(-207.8722130729,38.663682226439,
    188.73625465167));
#4321 = PCURVE('',#1872,#4322);
#4322 = DEFINITIONAL_REPRESENTATION('',(#4323),#4327);
#4323 = LINE('',#4324,#4325);
#4324 = CARTESIAN_POINT('',(0.,0.));
#4325 = VECTOR('',#4326,1.);
#4326 = DIRECTION('',(0.,1.));
#4327 = ( GEOMETRIC_REPRESENTATION_CONTEXT(2) 
PARAMETRIC_REPRESENTATION_CONTEXT() REPRESENTATION_CONTEXT('2D SPACE',''
  ) );
#4328 = PCURVE('',#4329,#4393);
#4329 = ( BOUNDED_SURFACE() B_SPLINE_SURFACE(6,8,(
    (#4330,#4331,#4332,#4333,#4334,#4335,#4336,#4337,#4338)
    ,(#4339,#4340,#4341,#4342,#4343,#4344,#4345,#4346,#4347)
    ,(#4348,#4349,#4350,#4351,#4352,#4353,#4354,#4355,#4356)
    ,(#4357,#4358,#4359,#4360,#4361,#4362,#4363,#4364,#4365)
    ,(#4366,#4367,#4368,#4369,#4370,#4371,#4372,#4373,#4374)
    ,(#4375,#4376,#4377,#4378,#4379,#4380,#4381,#4382,#4383)
    ,(#4384,#4385,#4386,#4387,#4388,#4389,#4390,#4391,#4392
)),.UNSPECIFIED.,.F.,.F.,.F.) B_SPLINE_SURFACE_WITH_KNOTS((7,7),(9,9),(
    0.,6.544984694977E-02),(0.,66.666666666667),
.PIECEWISE_BEZIER_KNOTS.) GEOMETRIC_REPRESENTATION_ITEM() 
RATIONAL_B_SPLINE_SURFACE((
    (1.000053547667,1.000053547667,1.000053547667,1.000053547667
      ,1.000053547667,1.000053547667,1.000053547667,1.000053547667
      ,1.000053547667)
    ,(1.000017847948,1.000017847948,1.000017847948,1.000017847948
      ,1.000017847948,1.000017847948,1.000017847948,1.000017847948
      ,1.000017847948)
    ,(0.999996430156,0.999996430156,0.999996430156,0.999996430156
      ,0.999996430156,0.999996430156,0.999996430156,0.999996430156
      ,0.999996430156)
    ,(0.999989291231,0.999989291231,0.999989291231,0.999989291231
      ,0.999989291231,0.999989291231,0.999989291231,0.999989291231
      ,0.999989291231)
    ,(0.999996430156,0.999996430156,0.999996430156,0.999996430156
      ,0.999996430156,0.999996430156,0.999996430156,0.999996430156
      ,0.999996430156)
    ,(1.000017847948,1.000017847948,1.000017847948,1.000017847948
      ,1.000017847948,1.000017847948,1.000017847948,1.000017847948
      ,1.000017847948)
    ,(1.000053547667,1.000053547667,1.000053547667,1.000053547667
      ,1.000053547667,1.000053547667,1.000053547667,1.000053547667
,1.000053547667))) REPRESENTATION_ITEM('') SURFACE() );
#4330 = CARTESIAN_POINT('',(-192.8151257271,-92.72887932375,
    58.648804166699));
#4331 = CARTESIAN_POINT('',(-190.1424975266,-99.50474607961,
    85.13990318454));
#4332 = CARTESIAN_POINT('',(-186.6108700063,-98.39916304344,
    113.56034626316));
#4333 = CARTESIAN_POINT('',(-183.3862495078,-88.64491891728,
    141.29124028119));
#4334 = CARTESIAN_POINT('',(-181.7689214349,-70.72187957329,
    165.41209640494));
#4335 = CARTESIAN_POINT('',(-182.9240494157,-46.55281358298,
    183.30591427783));
#4336 = CARTESIAN_POINT('',(-187.5291672071,-19.15906389089,
    193.45092816678));
#4337 = CARTESIAN_POINT('',(-195.6653837875,8.232838475151,
    195.66496432303));
#4338 = CARTESIAN_POINT('',(-206.9202095162,32.833933759264,
    190.87448964894));
#4339 = CARTESIAN_POINT('',(-192.3973613922,-92.93318472448,
    59.587118225646));
#4340 = CARTESIAN_POINT('',(-189.7020715932,-99.42894996744,
    86.129116027067));
#4341 = CARTESIAN_POINT('',(-186.1832901976,-98.02589946268,
    114.52070623738));
#4342 = CARTESIAN_POINT('',(-183.0095884472,-87.98857468133,
    142.1372348746));
#4343 = CARTESIAN_POINT('',(-181.4781994502,-69.8312981817,
    166.06506867355));
#4344 = CARTESIAN_POINT('',(-182.7449425392,-45.50664955025,
    183.70819490892));
#4345 = CARTESIAN_POINT('',(-187.4734911796,-18.05194869824,
    193.57597857189));
#4346 = CARTESIAN_POINT('',(-195.730611122,9.306404667526,
    195.51846133109));
#4347 = CARTESIAN_POINT('',(-207.0917589944,33.792479916777,
    190.48918321251));
#4348 = CARTESIAN_POINT('',(-191.9807027348,-93.15092653318,
    60.522948892497));
#4349 = CARTESIAN_POINT('',(-189.261260968,-99.36733159486,
    87.119192901591));
#4350 = CARTESIAN_POINT('',(-185.7537413453,-97.66641293071,
    115.48548875577));
#4351 = CARTESIAN_POINT('',(-182.6294489598,-87.34438087292,
    142.99104214251));
#4352 = CARTESIAN_POINT('',(-181.1827482118,-68.95011142365,
    166.72866301986));
#4353 = CARTESIAN_POINT('',(-182.5602732611,-44.46629464028,
    184.12296889851));
#4354 = CARTESIAN_POINT('',(-187.4119229414,-16.94667279036,
    193.71426309905));
#4355 = CARTESIAN_POINT('',(-195.7901196906,10.382024117922,
    195.38480289778));
#4356 = CARTESIAN_POINT('',(-207.258197551,34.756506089291,
    190.11535609378));
#4357 = CARTESIAN_POINT('',(-191.565230132,-93.3820634958,61.4561156369)
  );
#4358 = CARTESIAN_POINT('',(-188.8201506042,-99.31990359898,
    88.109943000108));
#4359 = CARTESIAN_POINT('',(-185.322306147,-97.32077348239,
    116.45450807677));
#4360 = CARTESIAN_POINT('',(-182.2459041377,-86.712462322,
    143.85249791727));
#4361 = CARTESIAN_POINT('',(-180.8826244198,-68.078489666,
    167.40275209346));
#4362 = CARTESIAN_POINT('',(-182.3700768818,-43.43194971032,
    184.55015696075));
#4363 = CARTESIAN_POINT('',(-187.3444740452,-15.8434493266,
    193.86575580015));
#4364 = CARTESIAN_POINT('',(-195.8438977157,11.459489592213,
    195.26401547578));
#4365 = CARTESIAN_POINT('',(-207.4194928285,35.725826737675,
    189.75308096894));
#4366 = CARTESIAN_POINT('',(-191.1510236918,-93.62655129738,
    62.386438533447));
#4367 = CARTESIAN_POINT('',(-188.3788255251,-99.2866753754,
    89.101175356981));
#4368 = CARTESIAN_POINT('',(-184.8890677327,-96.98904799062,
    117.42757748721));
#4369 = CARTESIAN_POINT('',(-181.8590278526,-86.09294105678,
    144.72143628063));
#4370 = CARTESIAN_POINT('',(-180.5778858428,-67.21660109391,
    168.08720614383));
#4371 = CARTESIAN_POINT('',(-182.1743899649,-42.40381424869,
    184.98967697222));
#4372 = CARTESIAN_POINT('',(-187.2711573877,-14.7424910017,
    194.03042770916));
#4373 = CARTESIAN_POINT('',(-195.8919347287,12.538593430387,
    195.15612257796));
#4374 = CARTESIAN_POINT('',(-207.5756136438,36.70025510955,
    189.40242787665));
#4375 = CARTESIAN_POINT('',(-190.738163233,-93.88434257278,
    63.313738306441));
#4376 = CARTESIAN_POINT('',(-187.9373708032,-99.26765307559,
    90.092698896396));
#4377 = CARTESIAN_POINT('',(-184.4541096444,-96.67130014948,
    118.40450934861));
#4378 = CARTESIAN_POINT('',(-181.4688947371,-85.48593627313,
    145.59768960485));
#4379 = CARTESIAN_POINT('',(-180.2685913037,-66.36461166888,
    168.78189305247));
#4380 = CARTESIAN_POINT('',(-181.9732503286,-41.38208632508,
    185.44144399208));
#4381 = CARTESIAN_POINT('',(-187.1919872058,-13.64400999289,
    194.2082468491));
#4382 = CARTESIAN_POINT('',(-195.9342215727,13.619127598124,
    195.06114477123));
#4383 = CARTESIAN_POINT('',(-207.7265299958,37.679603285613,
    189.06346420032));
#4384 = CARTESIAN_POINT('',(-190.3267282651,-94.15538691871,
    64.237836374405));
#4385 = CARTESIAN_POINT('',(-187.4958715388,-99.26283960564,
    91.084322479857));
#4386 = CARTESIAN_POINT('',(-184.0175158153,-96.36759045866,
    119.38511514392));
#4387 = CARTESIAN_POINT('',(-181.0755801663,-84.89156430523,
    146.4810885945));
#4388 = CARTESIAN_POINT('',(-179.9548006652,-65.52268508764,
    169.48667836588));
#4389 = CARTESIAN_POINT('',(-181.7666970358,-40.36696254144,
    185.90537028348));
#4390 = CARTESIAN_POINT('',(-187.1069790735,-12.54821790723,
    194.39917824022));
#4391 = CARTESIAN_POINT('',(-195.9707504045,14.700883738538,
    194.97909967175));
#4392 = CARTESIAN_POINT('',(-207.8722130729,38.663682226439,
    188.73625465167));
#4393 = DEFINITIONAL_REPRESENTATION('',(#4394),#4398);
#4394 = LINE('',#4395,#4396);
#4395 = CARTESIAN_POINT('',(6.544984694977E-02,0.));
#4396 = VECTOR('',#4397,1.);
#4397 = DIRECTION('',(0.,1.));
#4398 = ( GEOMETRIC_REPRESENTATION_CONTEXT(2) 
PARAMETRIC_REPRESENTATION_CONTEXT() REPRESENTATION_CONTEXT('2D SPACE',''
  ) );
#4399 = ORIENTED_EDGE('',*,*,#4400,.T.);
#4400 = EDGE_CURVE('',#4306,#1759,#4401,.T.);
#4401 = SURFACE_CURVE('',#4402,(#4405,#4412),.PCURVE_S1.);
#4402 = B_SPLINE_CURVE_WITH_KNOTS('',1,(#4403,#4404),.UNSPECIFIED.,.F.,
  .F.,(2,2),(0.,44.),.PIECEWISE_BEZIER_KNOTS.);
#4403 = CARTESIAN_POINT('',(-190.3267282651,-94.15538691871,
    64.237836374405));
#4404 = CARTESIAN_POINT('',(-186.8353114275,-51.00083458096,
    72.079686984751));
#4405 = PCURVE('',#1872,#4406);
#4406 = DEFINITIONAL_REPRESENTATION('',(#4407),#4411);
#4407 = LINE('',#4408,#4409);
#4408 = CARTESIAN_POINT('',(0.,0.));
#4409 = VECTOR('',#4410,1.);
#4410 = DIRECTION('',(1.,0.));
#4411 = ( GEOMETRIC_REPRESENTATION_CONTEXT(2) 
PARAMETRIC_REPRESENTATION_CONTEXT() REPRESENTATION_CONTEXT('2D SPACE',''
  ) );
#4412 = PCURVE('',#1802,#4413);
#4413 = DEFINITIONAL_REPRESENTATION('',(#4414),#4418);
#4414 = LINE('',#4415,#4416);
#4415 = CARTESIAN_POINT('',(0.,66.666666666667));
#4416 = VECTOR('',#4417,1.);
#4417 = DIRECTION('',(1.,0.));
#4418 = ( GEOMETRIC_REPRESENTATION_CONTEXT(2) 
PARAMETRIC_REPRESENTATION_CONTEXT() REPRESENTATION_CONTEXT('2D SPACE',''
  ) );
#4419 = ORIENTED_EDGE('',*,*,#1828,.T.);
#4420 = ORIENTED_EDGE('',*,*,#2521,.F.);
#4421 = ORIENTED_EDGE('',*,*,#4422,.F.);
#4422 = EDGE_CURVE('',#4308,#2522,#4423,.T.);
#4423 = SURFACE_CURVE('',#4424,(#4427,#4434),.PCURVE_S1.);
#4424 = B_SPLINE_CURVE_WITH_KNOTS('',1,(#4425,#4426),.UNSPECIFIED.,.F.,
  .F.,(2,2),(0.,44.),.PIECEWISE_BEZIER_KNOTS.);
#4425 = CARTESIAN_POINT('',(-207.8722130729,38.663682226439,
    188.73625465167));
#4426 = CARTESIAN_POINT('',(-224.2530046819,20.942827872654,
    151.94439431225));
#4427 = PCURVE('',#1872,#4428);
#4428 = DEFINITIONAL_REPRESENTATION('',(#4429),#4433);
#4429 = LINE('',#4430,#4431);
#4430 = CARTESIAN_POINT('',(0.,66.666666666667));
#4431 = VECTOR('',#4432,1.);
#4432 = DIRECTION('',(1.,0.));
#4433 = ( GEOMETRIC_REPRESENTATION_CONTEXT(2) 
PARAMETRIC_REPRESENTATION_CONTEXT() REPRESENTATION_CONTEXT('2D SPACE',''
  ) );
#4434 = PCURVE('',#2616,#4435);
#4435 = DEFINITIONAL_REPRESENTATION('',(#4436),#4440);
#4436 = LINE('',#4437,#4438);
#4437 = CARTESIAN_POINT('',(0.,0.));
#4438 = VECTOR('',#4439,1.);
#4439 = DIRECTION('',(1.,0.));
#4440 = ( GEOMETRIC_REPRESENTATION_CONTEXT(2) 
PARAMETRIC_REPRESENTATION_CONTEXT() REPRESENTATION_CONTEXT('2D SPACE',''
  ) );
#4441 = ADVANCED_FACE('',(#4442),#1802,.F.);
#4442 = FACE_BOUND('',#4443,.F.);
#4443 = EDGE_LOOP('',(#4444,#4471,#4472,#4473));
#4444 = ORIENTED_EDGE('',*,*,#4445,.F.);
#4445 = EDGE_CURVE('',#4104,#4306,#4446,.T.);
#4446 = SURFACE_CURVE('',#4447,(#4457,#4464),.PCURVE_S1.);
#4447 = ( BOUNDED_CURVE() B_SPLINE_CURVE(8,(#4448,#4449,#4450,#4451,
    #4452,#4453,#4454,#4455,#4456),.UNSPECIFIED.,.F.,.F.) 
B_SPLINE_CURVE_WITH_KNOTS((9,9),(0.,66.666666666667),
.PIECEWISE_BEZIER_KNOTS.) CURVE() GEOMETRIC_REPRESENTATION_ITEM() 
RATIONAL_B_SPLINE_CURVE((1.000053547667,1.000053547667,1.000053547667,
    1.000053547667,1.000053547667,1.000053547667,1.000053547667,
1.000053547667,1.000053547667)) REPRESENTATION_ITEM('') );
#4448 = CARTESIAN_POINT('',(-148.8073761184,69.346940357737,
    -6.414394246896));
#4449 = CARTESIAN_POINT('',(-164.1122323038,51.243170891845,
    -20.30138626222));
#4450 = CARTESIAN_POINT('',(-177.1221452405,27.245202009019,
    -29.03385134689));
#4451 = CARTESIAN_POINT('',(-186.9654442503,-0.594168854697,
    -30.65398510302));
#4452 = CARTESIAN_POINT('',(-193.1344369108,-29.29295541635,
    -24.02149167988));
#4453 = CARTESIAN_POINT('',(-195.6932602389,-55.40464190115,
    -9.280425176441));
#4454 = CARTESIAN_POINT('',(-195.3410212473,-75.9377413079,
    11.998994348472));
#4455 = CARTESIAN_POINT('',(-193.1575849915,-89.04793423177,
    37.391350268953));
#4456 = CARTESIAN_POINT('',(-190.3267282651,-94.15538691871,
    64.237836374405));
#4457 = PCURVE('',#1802,#4458);
#4458 = DEFINITIONAL_REPRESENTATION('',(#4459),#4463);
#4459 = LINE('',#4460,#4461);
#4460 = CARTESIAN_POINT('',(0.,0.));
#4461 = VECTOR('',#4462,1.);
#4462 = DIRECTION('',(0.,1.));
#4463 = ( GEOMETRIC_REPRESENTATION_CONTEXT(2) 
PARAMETRIC_REPRESENTATION_CONTEXT() REPRESENTATION_CONTEXT('2D SPACE',''
  ) );
#4464 = PCURVE('',#4150,#4465);
#4465 = DEFINITIONAL_REPRESENTATION('',(#4466),#4470);
#4466 = LINE('',#4467,#4468);
#4467 = CARTESIAN_POINT('',(6.544984694977E-02,0.));
#4468 = VECTOR('',#4469,1.);
#4469 = DIRECTION('',(0.,1.));
#4470 = ( GEOMETRIC_REPRESENTATION_CONTEXT(2) 
PARAMETRIC_REPRESENTATION_CONTEXT() REPRESENTATION_CONTEXT('2D SPACE',''
  ) );
#4471 = ORIENTED_EDGE('',*,*,#4227,.T.);
#4472 = ORIENTED_EDGE('',*,*,#1758,.F.);
#4473 = ORIENTED_EDGE('',*,*,#4400,.F.);
#4474 = ADVANCED_FACE('',(#4475),#2118,.F.);
#4475 = FACE_BOUND('',#4476,.F.);
#4476 = EDGE_LOOP('',(#4477,#4478,#4479,#4480));
#4477 = ORIENTED_EDGE('',*,*,#4253,.F.);
#4478 = ORIENTED_EDGE('',*,*,#2100,.T.);
#4479 = ORIENTED_EDGE('',*,*,#3564,.T.);
#4480 = ORIENTED_EDGE('',*,*,#4481,.F.);
#4481 = EDGE_CURVE('',#4254,#3565,#4482,.T.);
#4482 = SURFACE_CURVE('',#4483,(#4491,#4498),.PCURVE_S1.);
#4483 = ( BOUNDED_CURVE() B_SPLINE_CURVE(6,(#4484,#4485,#4486,#4487,
#4488,#4489,#4490),.UNSPECIFIED.,.F.,.F.) B_SPLINE_CURVE_WITH_KNOTS((7,7
),(0.,6.544984694977E-02),.PIECEWISE_BEZIER_KNOTS.) CURVE() 
GEOMETRIC_REPRESENTATION_ITEM() RATIONAL_B_SPLINE_CURVE((1.000053547667,
    1.000017847948,0.999996430156,0.999989291231,0.999996430156,
1.000017847948,1.000053547667)) REPRESENTATION_ITEM('') );
#4484 = CARTESIAN_POINT('',(-83.35255066363,16.670225056025,
    140.59955075399));
#4485 = CARTESIAN_POINT('',(-83.45379268948,17.687448405551,
    140.37215744086));
#4486 = CARTESIAN_POINT('',(-83.5496143918,18.707886509323,
    140.15693837373));
#4487 = CARTESIAN_POINT('',(-83.63999700907,19.731342832553,
    139.9539356916));
#4488 = CARTESIAN_POINT('',(-83.724923022,20.757620146996,
    139.76318874351));
#4489 = CARTESIAN_POINT('',(-83.80437615788,21.786520579914,
    139.58473407851));
#4490 = CARTESIAN_POINT('',(-83.87834139461,22.817845663313,
    139.41860543683));
#4491 = PCURVE('',#2118,#4492);
#4492 = DEFINITIONAL_REPRESENTATION('',(#4493),#4497);
#4493 = LINE('',#4494,#4495);
#4494 = CARTESIAN_POINT('',(0.,66.666666666667));
#4495 = VECTOR('',#4496,1.);
#4496 = DIRECTION('',(1.,0.));
#4497 = ( GEOMETRIC_REPRESENTATION_CONTEXT(2) 
PARAMETRIC_REPRESENTATION_CONTEXT() REPRESENTATION_CONTEXT('2D SPACE',''
  ) );
#4498 = PCURVE('',#4499,#4563);
#4499 = ( BOUNDED_SURFACE() B_SPLINE_SURFACE(6,8,(
    (#4500,#4501,#4502,#4503,#4504,#4505,#4506,#4507,#4508)
    ,(#4509,#4510,#4511,#4512,#4513,#4514,#4515,#4516,#4517)
    ,(#4518,#4519,#4520,#4521,#4522,#4523,#4524,#4525,#4526)
    ,(#4527,#4528,#4529,#4530,#4531,#4532,#4533,#4534,#4535)
    ,(#4536,#4537,#4538,#4539,#4540,#4541,#4542,#4543,#4544)
    ,(#4545,#4546,#4547,#4548,#4549,#4550,#4551,#4552,#4553)
    ,(#4554,#4555,#4556,#4557,#4558,#4559,#4560,#4561,#4562
)),.UNSPECIFIED.,.F.,.F.,.F.) B_SPLINE_SURFACE_WITH_KNOTS((7,7),(9,9),(
    0.,6.544984694977E-02),(0.,66.666666666667),
.PIECEWISE_BEZIER_KNOTS.) GEOMETRIC_REPRESENTATION_ITEM() 
RATIONAL_B_SPLINE_SURFACE((
    (1.000053547667,1.000053547667,1.000053547667,1.000053547667
      ,1.000053547667,1.000053547667,1.000053547667,1.000053547667
      ,1.000053547667)
    ,(1.000017847948,1.000017847948,1.000017847948,1.000017847948
      ,1.000017847948,1.000017847948,1.000017847948,1.000017847948
      ,1.000017847948)
    ,(0.999996430156,0.999996430156,0.999996430156,0.999996430156
      ,0.999996430156,0.999996430156,0.999996430156,0.999996430156
      ,0.999996430156)
    ,(0.999989291231,0.999989291231,0.999989291231,0.999989291231
      ,0.999989291231,0.999989291231,0.999989291231,0.999989291231
      ,0.999989291231)
    ,(0.999996430156,0.999996430156,0.999996430156,0.999996430156
      ,0.999996430156,0.999996430156,0.999996430156,0.999996430156
      ,0.999996430156)
    ,(1.000017847948,1.000017847948,1.000017847948,1.000017847948
      ,1.000017847948,1.000017847948,1.000017847948,1.000017847948
      ,1.000017847948)
    ,(1.000053547667,1.000053547667,1.000053547667,1.000053547667
      ,1.000053547667,1.000053547667,1.000053547667,1.000053547667
,1.000053547667))) REPRESENTATION_ITEM('') SURFACE() );
#4500 = CARTESIAN_POINT('',(-83.35255066363,16.670225056025,
    140.59955075399));
#4501 = CARTESIAN_POINT('',(-92.81449438561,42.452431739871,
    139.83595499827));
#4502 = CARTESIAN_POINT('',(-105.5447946064,66.817852419691,
    131.73151035596));
#4503 = CARTESIAN_POINT('',(-121.3334917694,86.844104955678,
    116.75779371213));
#4504 = CARTESIAN_POINT('',(-139.4541692393,99.836638508819,
    96.546363543312));
#4505 = CARTESIAN_POINT('',(-158.7056201272,104.01178332503,
    73.795174694424));
#4506 = CARTESIAN_POINT('',(-177.6877529146,99.136704741341,
    51.648884203311));
#4507 = CARTESIAN_POINT('',(-195.1768978925,86.394263236235,
    32.85589923529));
#4508 = CARTESIAN_POINT('',(-210.3192904222,67.882250993909,
    19.33380656512));
#4509 = CARTESIAN_POINT('',(-83.45379268948,17.687448405551,
    140.37215744086));
#4510 = CARTESIAN_POINT('',(-93.02856704171,43.401774606925,
    139.35513994037));
#4511 = CARTESIAN_POINT('',(-105.8630932682,67.612855824161,
    131.01659985638));
#4512 = CARTESIAN_POINT('',(-121.7346228603,87.406013997989,
    115.85683853078));
#4513 = CARTESIAN_POINT('',(-139.905327419,100.10806156869,
    95.533045680816));
#4514 = CARTESIAN_POINT('',(-159.166959933,103.96874881581,
    72.75898852521));
#4515 = CARTESIAN_POINT('',(-178.1193969295,98.792877321739,
    50.679395872511));
#4516 = CARTESIAN_POINT('',(-195.5450788182,85.795212253278,
    32.028951336699));
#4517 = CARTESIAN_POINT('',(-210.6001379954,67.094898081852,
    18.703012587704));
#4518 = CARTESIAN_POINT('',(-83.5496143918,18.707886509323,
    140.15693837373));
#4519 = CARTESIAN_POINT('',(-93.2375759555,44.357966432243,
    138.88569823393));
#4520 = CARTESIAN_POINT('',(-106.1771454698,68.418069167083,
    130.31122706274));
#4521 = CARTESIAN_POINT('',(-122.132745003,87.98080881055,
    114.96264155785));
#4522 = CARTESIAN_POINT('',(-140.3550211372,100.39399289532,
    94.523017052739));
#4523 = CARTESIAN_POINT('',(-159.6285091027,103.94056372638,
    71.722332117248));
#4524 = CARTESIAN_POINT('',(-178.5528530874,98.462956490648,
    49.705837402074));
#4525 = CARTESIAN_POINT('',(-195.9164334884,85.208036322099,
    31.194875091183));
#4526 = CARTESIAN_POINT('',(-210.8851656276,66.316617586833,
    18.062830044155));
#4527 = CARTESIAN_POINT('',(-83.63999700907,19.731342832553,
    139.9539356916));
#4528 = CARTESIAN_POINT('',(-93.4414805658,45.320823260192,
    138.42772098083));
#4529 = CARTESIAN_POINT('',(-106.4868904448,69.233337776478,
    129.6155284584));
#4530 = CARTESIAN_POINT('',(-122.5277812914,88.568379281748,
    114.07537552697));
#4531 = CARTESIAN_POINT('',(-140.8031636293,100.69437814738,
    93.516472535496));
#4532 = CARTESIAN_POINT('',(-160.0901786758,103.92723428495,
    70.685405278642));
#4533 = CARTESIAN_POINT('',(-178.9880379291,98.147006590566,
    48.72839624413));
#4534 = CARTESIAN_POINT('',(-196.2908904881,84.632849266735,
    30.353830899549));
#4535 = CARTESIAN_POINT('',(-211.1743185987,65.547560021506,
    17.413381837927));
#4536 = CARTESIAN_POINT('',(-83.724923022,20.757620146996,
    139.76318874351));
#4537 = CARTESIAN_POINT('',(-93.64024147669,46.290159608834,
    137.98129666576));
#4538 = CARTESIAN_POINT('',(-106.7922684096,70.058504680132,
    128.92963831941));
#4539 = CARTESIAN_POINT('',(-122.9196555231,89.168612379195,
    113.19521159187));
#4540 = CARTESIAN_POINT('',(-141.2496684834,101.00915968043,
    92.51360621349));
#4541 = CARTESIAN_POINT('',(-160.5518796628,103.92876332615,
    69.648407883276));
#4542 = CARTESIAN_POINT('',(-179.424867599,97.845088773625,
    47.747260741577));
#4543 = CARTESIAN_POINT('',(-196.6683776921,84.069762174669,
    29.505980757641));
#4544 = CARTESIAN_POINT('',(-211.4675412449,64.787873794583,
    16.754792991674));
#4545 = CARTESIAN_POINT('',(-83.80437615788,21.786520579914,
    139.58473407851));
#4546 = CARTESIAN_POINT('',(-93.8338204674,47.2657885159,137.54651113397
    ));
#4547 = CARTESIAN_POINT('',(-107.0932205785,70.893410644444,
    128.25368868094));
#4548 = CARTESIAN_POINT('',(-123.3082922179,89.781392177561,
    112.32231928373));
#4549 = CARTESIAN_POINT('',(-141.6944496616,101.33827656105,
    91.514611330801));
#4550 = CARTESIAN_POINT('',(-161.0135230669,103.94515028998,
    68.611539821151));
#4551 = CARTESIAN_POINT('',(-179.8632578657,97.557260986159,
    46.762620081337));
#4552 = CARTESIAN_POINT('',(-197.048822283,83.518883368993,
    28.651488216209));
#4553 = CARTESIAN_POINT('',(-211.7647769727,64.037705173773,
    16.087190616344));
#4554 = CARTESIAN_POINT('',(-83.87834139461,22.817845663313,
    139.41860543683));
#4555 = CARTESIAN_POINT('',(-94.0221805017,48.24752158538,137.1234475702
    ));
#4556 = CARTESIAN_POINT('',(-107.3896891777,71.737894214185,
    127.58780930467));
#4557 = CARTESIAN_POINT('',(-123.6936166367,90.406599887619,
    111.45686646915));
#4558 = CARTESIAN_POINT('',(-142.1374215217,101.68166458221,
    90.519680243194));
#4559 = CARTESIAN_POINT('',(-161.4750199064,103.97639122225,
    67.57500094872));
#4560 = CARTESIAN_POINT('',(-180.3031241428,97.283577954549,
    45.774664247256));
#4561 = CARTESIAN_POINT('',(-197.432150769,82.980318381709,
    27.790518340136));
#4562 = CARTESIAN_POINT('',(-212.0659682732,63.297198249607,
    15.410703879419));
#4563 = DEFINITIONAL_REPRESENTATION('',(#4564),#4568);
#4564 = LINE('',#4565,#4566);
#4565 = CARTESIAN_POINT('',(0.,0.));
#4566 = VECTOR('',#4567,1.);
#4567 = DIRECTION('',(1.,0.));
#4568 = ( GEOMETRIC_REPRESENTATION_CONTEXT(2) 
PARAMETRIC_REPRESENTATION_CONTEXT() REPRESENTATION_CONTEXT('2D SPACE',''
  ) );
#4569 = ADVANCED_FACE('',(#4570),#2238,.F.);
#4570 = FACE_BOUND('',#4571,.F.);
#4571 = EDGE_LOOP('',(#4572,#4573,#4574,#4575,#4576,#4598,#4625));
#4572 = ORIENTED_EDGE('',*,*,#2716,.F.);
#4573 = ORIENTED_EDGE('',*,*,#2192,.F.);
#4574 = ORIENTED_EDGE('',*,*,#2264,.T.);
#4575 = ORIENTED_EDGE('',*,*,#2299,.F.);
#4576 = ORIENTED_EDGE('',*,*,#4577,.T.);
#4577 = EDGE_CURVE('',#2300,#4578,#4580,.T.);
#4578 = VERTEX_POINT('',#4579);
#4579 = CARTESIAN_POINT('',(-250.3925134166,-94.54154428917,
    93.234096442402));
#4580 = SURFACE_CURVE('',#4581,(#4584,#4591),.PCURVE_S1.);
#4581 = B_SPLINE_CURVE_WITH_KNOTS('',1,(#4582,#4583),.UNSPECIFIED.,.F.,
  .F.,(2,2),(0.,44.),.PIECEWISE_BEZIER_KNOTS.);
#4582 = CARTESIAN_POINT('',(-247.2848340347,-51.21000315663,
    100.21405861556));
#4583 = CARTESIAN_POINT('',(-250.3925134166,-94.54154428917,
    93.234096442401));
#4584 = PCURVE('',#2238,#4585);
#4585 = DEFINITIONAL_REPRESENTATION('',(#4586),#4590);
#4586 = LINE('',#4587,#4588);
#4587 = CARTESIAN_POINT('',(0.,0.));
#4588 = VECTOR('',#4589,1.);
#4589 = DIRECTION('',(1.,0.));
#4590 = ( GEOMETRIC_REPRESENTATION_CONTEXT(2) 
PARAMETRIC_REPRESENTATION_CONTEXT() REPRESENTATION_CONTEXT('2D SPACE',''
  ) );
#4591 = PCURVE('',#2394,#4592);
#4592 = DEFINITIONAL_REPRESENTATION('',(#4593),#4597);
#4593 = LINE('',#4594,#4595);
#4594 = CARTESIAN_POINT('',(0.,66.666666666667));
#4595 = VECTOR('',#4596,1.);
#4596 = DIRECTION('',(1.,0.));
#4597 = ( GEOMETRIC_REPRESENTATION_CONTEXT(2) 
PARAMETRIC_REPRESENTATION_CONTEXT() REPRESENTATION_CONTEXT('2D SPACE',''
  ) );
#4598 = ORIENTED_EDGE('',*,*,#4599,.T.);
#4599 = EDGE_CURVE('',#4578,#2823,#4600,.T.);
#4600 = SURFACE_CURVE('',#4601,(#4611,#4618),.PCURVE_S1.);
#4601 = B_SPLINE_CURVE_WITH_KNOTS('',8,(#4602,#4603,#4604,#4605,#4606,
    #4607,#4608,#4609,#4610),.UNSPECIFIED.,.F.,.F.,(9,9),(0.,
    66.666666666667),.PIECEWISE_BEZIER_KNOTS.);
#4602 = CARTESIAN_POINT('',(-250.3925134166,-94.54154428917,
    93.234096442402));
#4603 = CARTESIAN_POINT('',(-247.5188240326,-99.08764294973,
    120.17678627206));
#4604 = CARTESIAN_POINT('',(-244.0687970167,-95.59821628619,
    148.41395161715));
#4605 = CARTESIAN_POINT('',(-241.2311989106,-83.55882492601,
    175.27557910947));
#4606 = CARTESIAN_POINT('',(-240.284356166,-63.72613455006,
    197.89050052948));
#4607 = CARTESIAN_POINT('',(-242.3208375536,-38.26526889274,
    213.80476623992));
#4608 = CARTESIAN_POINT('',(-247.9084937117,-10.33125606784,
    221.74296282531));
#4609 = CARTESIAN_POINT('',(-257.0137462754,16.844270746727,
    221.78050852815));
#4610 = CARTESIAN_POINT('',(-269.1268082058,40.571353127107,
    215.06240378431));
#4611 = PCURVE('',#2238,#4612);
#4612 = DEFINITIONAL_REPRESENTATION('',(#4613),#4617);
#4613 = LINE('',#4614,#4615);
#4614 = CARTESIAN_POINT('',(44.,0.));
#4615 = VECTOR('',#4616,1.);
#4616 = DIRECTION('',(0.,1.));
#4617 = ( GEOMETRIC_REPRESENTATION_CONTEXT(2) 
PARAMETRIC_REPRESENTATION_CONTEXT() REPRESENTATION_CONTEXT('2D SPACE',''
  ) );
#4618 = PCURVE('',#2896,#4619);
#4619 = DEFINITIONAL_REPRESENTATION('',(#4620),#4624);
#4620 = LINE('',#4621,#4622);
#4621 = CARTESIAN_POINT('',(0.,0.));
#4622 = VECTOR('',#4623,1.);
#4623 = DIRECTION('',(0.,1.));
#4624 = ( GEOMETRIC_REPRESENTATION_CONTEXT(2) 
PARAMETRIC_REPRESENTATION_CONTEXT() REPRESENTATION_CONTEXT('2D SPACE',''
  ) );
#4625 = ORIENTED_EDGE('',*,*,#2822,.F.);
#4626 = ADVANCED_FACE('',(#4627),#2616,.F.);
#4627 = FACE_BOUND('',#4628,.F.);
#4628 = EDGE_LOOP('',(#4629,#4656,#4657,#4658));
#4629 = ORIENTED_EDGE('',*,*,#4630,.F.);
#4630 = EDGE_CURVE('',#4308,#3417,#4631,.T.);
#4631 = SURFACE_CURVE('',#4632,(#4642,#4649),.PCURVE_S1.);
#4632 = ( BOUNDED_CURVE() B_SPLINE_CURVE(8,(#4633,#4634,#4635,#4636,
    #4637,#4638,#4639,#4640,#4641),.UNSPECIFIED.,.F.,.F.) 
B_SPLINE_CURVE_WITH_KNOTS((9,9),(0.,66.666666666667),
.PIECEWISE_BEZIER_KNOTS.) CURVE() GEOMETRIC_REPRESENTATION_ITEM() 
RATIONAL_B_SPLINE_CURVE((1.000053547667,1.000053547667,1.000053547667,
    1.000053547667,1.000053547667,1.000053547667,1.000053547667,
1.000053547667,1.000053547667)) REPRESENTATION_ITEM('') );
#4633 = CARTESIAN_POINT('',(-207.8722130729,38.663682226439,
    188.73625465167));
#4634 = CARTESIAN_POINT('',(-219.7736757414,62.62648071434,
    182.49340963158));
#4635 = CARTESIAN_POINT('',(-234.7128619932,83.303156221016,
    169.42772573433));
#4636 = CARTESIAN_POINT('',(-252.2033063424,97.977770715622,
    150.63182233036));
#4637 = CARTESIAN_POINT('',(-271.2789125344,104.4574918418,
    128.27558713521));
#4638 = CARTESIAN_POINT('',(-290.6004605077,101.71171894283,
    105.36695765487));
#4639 = CARTESIAN_POINT('',(-308.7854730468,90.33246552748,
    85.011028554638));
#4640 = CARTESIAN_POINT('',(-324.7597019853,72.18377321985,
    69.620600720434));
#4641 = CARTESIAN_POINT('',(-337.8966550502,49.80223278341,
    60.602798836018));
#4642 = PCURVE('',#2616,#4643);
#4643 = DEFINITIONAL_REPRESENTATION('',(#4644),#4648);
#4644 = LINE('',#4645,#4646);
#4645 = CARTESIAN_POINT('',(0.,0.));
#4646 = VECTOR('',#4647,1.);
#4647 = DIRECTION('',(0.,1.));
#4648 = ( GEOMETRIC_REPRESENTATION_CONTEXT(2) 
PARAMETRIC_REPRESENTATION_CONTEXT() REPRESENTATION_CONTEXT('2D SPACE',''
  ) );
#4649 = PCURVE('',#3436,#4650);
#4650 = DEFINITIONAL_REPRESENTATION('',(#4651),#4655);
#4651 = LINE('',#4652,#4653);
#4652 = CARTESIAN_POINT('',(6.544984694977E-02,0.));
#4653 = VECTOR('',#4654,1.);
#4654 = DIRECTION('',(0.,1.));
#4655 = ( GEOMETRIC_REPRESENTATION_CONTEXT(2) 
PARAMETRIC_REPRESENTATION_CONTEXT() REPRESENTATION_CONTEXT('2D SPACE',''
  ) );
#4656 = ORIENTED_EDGE('',*,*,#4422,.T.);
#4657 = ORIENTED_EDGE('',*,*,#2572,.F.);
#4658 = ORIENTED_EDGE('',*,*,#3539,.F.);
#4659 = ADVANCED_FACE('',(#4660),#2464,.F.);
#4660 = FACE_BOUND('',#4661,.F.);
#4661 = EDGE_LOOP('',(#4662,#4663,#4664,#4693));
#4662 = ORIENTED_EDGE('',*,*,#2420,.F.);
#4663 = ORIENTED_EDGE('',*,*,#4282,.T.);
#4664 = ORIENTED_EDGE('',*,*,#4665,.T.);
#4665 = EDGE_CURVE('',#4254,#4666,#4668,.T.);
#4666 = VERTEX_POINT('',#4667);
#4667 = CARTESIAN_POINT('',(-210.3192904222,67.882250993909,
    19.33380656512));
#4668 = SURFACE_CURVE('',#4669,(#4679,#4686),.PCURVE_S1.);
#4669 = B_SPLINE_CURVE_WITH_KNOTS('',8,(#4670,#4671,#4672,#4673,#4674,
    #4675,#4676,#4677,#4678),.UNSPECIFIED.,.F.,.F.,(9,9),(0.,
    66.666666666667),.PIECEWISE_BEZIER_KNOTS.);
#4670 = CARTESIAN_POINT('',(-83.35255066363,16.670225056025,
    140.59955075399));
#4671 = CARTESIAN_POINT('',(-92.81449438561,42.452431739871,
    139.83595499827));
#4672 = CARTESIAN_POINT('',(-105.5447946064,66.817852419691,
    131.73151035596));
#4673 = CARTESIAN_POINT('',(-121.3334917694,86.844104955678,
    116.75779371213));
#4674 = CARTESIAN_POINT('',(-139.4541692393,99.836638508819,
    96.54636354331));
#4675 = CARTESIAN_POINT('',(-158.7056201272,104.01178332503,
    73.795174694426));
#4676 = CARTESIAN_POINT('',(-177.6877529146,99.13670474134,
    51.64888420331));
#4677 = CARTESIAN_POINT('',(-195.1768978925,86.394263236236,
    32.85589923529));
#4678 = CARTESIAN_POINT('',(-210.3192904222,67.882250993909,
    19.33380656512));
#4679 = PCURVE('',#2464,#4680);
#4680 = DEFINITIONAL_REPRESENTATION('',(#4681),#4685);
#4681 = LINE('',#4682,#4683);
#4682 = CARTESIAN_POINT('',(44.,0.));
#4683 = VECTOR('',#4684,1.);
#4684 = DIRECTION('',(0.,1.));
#4685 = ( GEOMETRIC_REPRESENTATION_CONTEXT(2) 
PARAMETRIC_REPRESENTATION_CONTEXT() REPRESENTATION_CONTEXT('2D SPACE',''
  ) );
#4686 = PCURVE('',#4499,#4687);
#4687 = DEFINITIONAL_REPRESENTATION('',(#4688),#4692);
#4688 = LINE('',#4689,#4690);
#4689 = CARTESIAN_POINT('',(0.,0.));
#4690 = VECTOR('',#4691,1.);
#4691 = DIRECTION('',(0.,1.));
#4692 = ( GEOMETRIC_REPRESENTATION_CONTEXT(2) 
PARAMETRIC_REPRESENTATION_CONTEXT() REPRESENTATION_CONTEXT('2D SPACE',''
  ) );
#4693 = ORIENTED_EDGE('',*,*,#4694,.F.);
#4694 = EDGE_CURVE('',#2351,#4666,#4695,.T.);
#4695 = SURFACE_CURVE('',#4696,(#4699,#4706),.PCURVE_S1.);
#4696 = B_SPLINE_CURVE_WITH_KNOTS('',1,(#4697,#4698),.UNSPECIFIED.,.F.,
  .F.,(2,2),(0.,44.),.PIECEWISE_BEZIER_KNOTS.);
#4697 = CARTESIAN_POINT('',(-197.6646159292,36.7695526217,
    47.756670838055));
#4698 = CARTESIAN_POINT('',(-210.3192904222,67.882250993909,
    19.33380656512));
#4699 = PCURVE('',#2464,#4700);
#4700 = DEFINITIONAL_REPRESENTATION('',(#4701),#4705);
#4701 = LINE('',#4702,#4703);
#4702 = CARTESIAN_POINT('',(0.,66.666666666667));
#4703 = VECTOR('',#4704,1.);
#4704 = DIRECTION('',(1.,0.));
#4705 = ( GEOMETRIC_REPRESENTATION_CONTEXT(2) 
PARAMETRIC_REPRESENTATION_CONTEXT() REPRESENTATION_CONTEXT('2D SPACE',''
  ) );
#4706 = PCURVE('',#2394,#4707);
#4707 = DEFINITIONAL_REPRESENTATION('',(#4708),#4712);
#4708 = LINE('',#4709,#4710);
#4709 = CARTESIAN_POINT('',(0.,0.));
#4710 = VECTOR('',#4711,1.);
#4711 = DIRECTION('',(1.,0.));
#4712 = ( GEOMETRIC_REPRESENTATION_CONTEXT(2) 
PARAMETRIC_REPRESENTATION_CONTEXT() REPRESENTATION_CONTEXT('2D SPACE',''
  ) );
#4713 = ADVANCED_FACE('',(#4714),#2394,.F.);
#4714 = FACE_BOUND('',#4715,.F.);
#4715 = EDGE_LOOP('',(#4716,#4717,#4718,#4809));
#4716 = ORIENTED_EDGE('',*,*,#2350,.F.);
#4717 = ORIENTED_EDGE('',*,*,#4694,.T.);
#4718 = ORIENTED_EDGE('',*,*,#4719,.T.);
#4719 = EDGE_CURVE('',#4666,#4578,#4720,.T.);
#4720 = SURFACE_CURVE('',#4721,(#4731,#4738),.PCURVE_S1.);
#4721 = B_SPLINE_CURVE_WITH_KNOTS('',8,(#4722,#4723,#4724,#4725,#4726,
    #4727,#4728,#4729,#4730),.UNSPECIFIED.,.F.,.F.,(9,9),(0.,
    66.666666666667),.PIECEWISE_BEZIER_KNOTS.);
#4722 = CARTESIAN_POINT('',(-210.3192904222,67.882250993909,
    19.33380656512));
#4723 = CARTESIAN_POINT('',(-225.4616829519,49.370238751582,
    5.81171389495));
#4724 = CARTESIAN_POINT('',(-238.2573796479,25.088516579933,
    -2.439613635683));
#4725 = CARTESIAN_POINT('',(-247.8531315595,-2.863855470221,
    -3.503747505837));
#4726 = CARTESIAN_POINT('',(-253.7678259863,-31.47837120757,
    3.699909101651));
#4727 = CARTESIAN_POINT('',(-256.0961653175,-57.31277495511,
    18.95865113802));
#4728 = CARTESIAN_POINT('',(-255.5636334013,-77.41378746175,
    40.643015201508));
#4729 = CARTESIAN_POINT('',(-253.2662028006,-89.9954456286,
    66.29140661274));
#4730 = CARTESIAN_POINT('',(-250.3925134166,-94.54154428917,
    93.234096442401));
#4731 = PCURVE('',#2394,#4732);
#4732 = DEFINITIONAL_REPRESENTATION('',(#4733),#4737);
#4733 = LINE('',#4734,#4735);
#4734 = CARTESIAN_POINT('',(44.,0.));
#4735 = VECTOR('',#4736,1.);
#4736 = DIRECTION('',(0.,1.));
#4737 = ( GEOMETRIC_REPRESENTATION_CONTEXT(2) 
PARAMETRIC_REPRESENTATION_CONTEXT() REPRESENTATION_CONTEXT('2D SPACE',''
  ) );
#4738 = PCURVE('',#4739,#4803);
#4739 = ( BOUNDED_SURFACE() B_SPLINE_SURFACE(6,8,(
    (#4740,#4741,#4742,#4743,#4744,#4745,#4746,#4747,#4748)
    ,(#4749,#4750,#4751,#4752,#4753,#4754,#4755,#4756,#4757)
    ,(#4758,#4759,#4760,#4761,#4762,#4763,#4764,#4765,#4766)
    ,(#4767,#4768,#4769,#4770,#4771,#4772,#4773,#4774,#4775)
    ,(#4776,#4777,#4778,#4779,#4780,#4781,#4782,#4783,#4784)
    ,(#4785,#4786,#4787,#4788,#4789,#4790,#4791,#4792,#4793)
    ,(#4794,#4795,#4796,#4797,#4798,#4799,#4800,#4801,#4802
)),.UNSPECIFIED.,.F.,.F.,.F.) B_SPLINE_SURFACE_WITH_KNOTS((7,7),(9,9),(
    0.,6.544984694977E-02),(0.,66.666666666667),
.PIECEWISE_BEZIER_KNOTS.) GEOMETRIC_REPRESENTATION_ITEM() 
RATIONAL_B_SPLINE_SURFACE((
    (1.000053547667,1.000053547667,1.000053547667,1.000053547667
      ,1.000053547667,1.000053547667,1.000053547667,1.000053547667
      ,1.000053547667)
    ,(1.000017847948,1.000017847948,1.000017847948,1.000017847948
      ,1.000017847948,1.000017847948,1.000017847948,1.000017847948
      ,1.000017847948)
    ,(0.999996430156,0.999996430156,0.999996430156,0.999996430156
      ,0.999996430156,0.999996430156,0.999996430156,0.999996430156
      ,0.999996430156)
    ,(0.999989291231,0.999989291231,0.999989291231,0.999989291231
      ,0.999989291231,0.999989291231,0.999989291231,0.999989291231
      ,0.999989291231)
    ,(0.999996430156,0.999996430156,0.999996430156,0.999996430156
      ,0.999996430156,0.999996430156,0.999996430156,0.999996430156
      ,0.999996430156)
    ,(1.000017847948,1.000017847948,1.000017847948,1.000017847948
      ,1.000017847948,1.000017847948,1.000017847948,1.000017847948
      ,1.000017847948)
    ,(1.000053547667,1.000053547667,1.000053547667,1.000053547667
      ,1.000053547667,1.000053547667,1.000053547667,1.000053547667
,1.000053547667))) REPRESENTATION_ITEM('') SURFACE() );
#4740 = CARTESIAN_POINT('',(-210.3192904222,67.882250993909,
    19.33380656512));
#4741 = CARTESIAN_POINT('',(-225.4616829519,49.370238751582,
    5.81171389495));
#4742 = CARTESIAN_POINT('',(-238.2573796479,25.088516579934,
    -2.439613635683));
#4743 = CARTESIAN_POINT('',(-247.8531315595,-2.863855470223,
    -3.503747505837));
#4744 = CARTESIAN_POINT('',(-253.7678259863,-31.47837120757,
    3.699909101651));
#4745 = CARTESIAN_POINT('',(-256.0961653175,-57.31277495511,
    18.958651138021));
#4746 = CARTESIAN_POINT('',(-255.5636334013,-77.41378746175,
    40.643015201507));
#4747 = CARTESIAN_POINT('',(-253.2662028006,-89.9954456286,
    66.29140661274));
#4748 = CARTESIAN_POINT('',(-250.3925134166,-94.54154428917,
    93.234096442401));
#4749 = CARTESIAN_POINT('',(-210.6001379954,67.094898081852,
    18.703012587704));
#4750 = CARTESIAN_POINT('',(-225.6551971727,48.394583910425,
    5.37707383871));
#4751 = CARTESIAN_POINT('',(-238.3396895964,23.991480028084,
    -2.624484806897));
#4752 = CARTESIAN_POINT('',(-247.8102685964,-3.994015932872,
    -3.407475714597));
#4753 = CARTESIAN_POINT('',(-253.5994847904,-32.54266839927,
    4.07800961809));
#4754 = CARTESIAN_POINT('',(-255.8172134744,-58.2172121006,
    19.585187235787));
#4755 = CARTESIAN_POINT('',(-255.2014964371,-78.08589069439,
    41.456388140264));
#4756 = CARTESIAN_POINT('',(-252.8554315984,-90.39334640461,
    67.214013838551));
#4757 = CARTESIAN_POINT('',(-249.9690962903,-94.6555534838,
    94.185106878811));
#4758 = CARTESIAN_POINT('',(-210.8851656276,66.316617586833,
    18.062830044155));
#4759 = CARTESIAN_POINT('',(-225.8538977669,47.425198851567,
    4.930784997126));
#4760 = CARTESIAN_POINT('',(-238.4278369532,22.897139504722,
    -2.822467011579));
#4761 = CARTESIAN_POINT('',(-247.7734247652,-5.125507462998,
    -3.324723114795));
#4762 = CARTESIAN_POINT('',(-253.4368174272,-33.61233782142,
    4.44336649778));
#4763 = CARTESIAN_POINT('',(-255.5430890623,-59.13058817402,
    20.200880746061));
#4764 = CARTESIAN_POINT('',(-254.8429534558,-78.76962000505,
    42.26168886127));
#4765 = CARTESIAN_POINT('',(-252.4467965308,-90.8044502306,
    68.131823227468));
#4766 = CARTESIAN_POINT('',(-249.5463043209,-94.78318488194,
    95.134713189829));
#4767 = CARTESIAN_POINT('',(-211.1743185987,65.547560021507,
    17.413381837927));
#4768 = CARTESIAN_POINT('',(-226.0577467092,46.462270776278,
    4.472932776305));
#4769 = CARTESIAN_POINT('',(-238.5218050387,21.805706107071,
    -3.033522787283));
#4770 = CARTESIAN_POINT('',(-247.7426074904,-6.258112017499,
    -3.255506382246));
#4771 = CARTESIAN_POINT('',(-253.2798555574,-34.6871735646,
    4.795908629571));
#4772 = CARTESIAN_POINT('',(-255.2738451817,-60.05272758509,
    20.805612402854));
#4773 = CARTESIAN_POINT('',(-254.4880737652,-79.4648442157,
    43.058761696804));
#4774 = CARTESIAN_POINT('',(-252.0403764836,-91.22867856621,
    69.044657599129));
#4775 = CARTESIAN_POINT('',(-249.1242190422,-94.92441460983,
    96.082732247403));
#4776 = CARTESIAN_POINT('',(-211.4675412449,64.787873794583,
    16.754792991674));
#4777 = CARTESIAN_POINT('',(-226.2667047976,45.505985414497,
    4.003605225708));
#4778 = CARTESIAN_POINT('',(-238.6215758436,20.717390272467,
    -3.257611684155));
#4779 = CARTESIAN_POINT('',(-247.7178228199,-7.391611294633,
    -3.199839100879));
#4780 = CARTESIAN_POINT('',(-253.1286295388,-35.76696853496,
    5.135567828432));
#4781 = CARTESIAN_POINT('',(-255.0095338196,-60.98345273806,
    21.399265441973));
#4782 = CARTESIAN_POINT('',(-254.1369258374,-80.17142951968,
    43.847452855681));
#4783 = CARTESIAN_POINT('',(-251.6362498381,-91.66594987121,
    69.952340906148));
#4784 = CARTESIAN_POINT('',(-248.7029218284,-95.07921568671,
    97.028981282402));
#4785 = CARTESIAN_POINT('',(-211.7647769727,64.037705173773,
    16.087190616344));
#4786 = CARTESIAN_POINT('',(-226.4807316625,44.556526978554,
    3.522893016479));
#4787 = CARTESIAN_POINT('',(-238.7271300329,19.632401726005,
    -3.49469027476));
#4788 = CARTESIAN_POINT('',(-247.6990754235,-8.525786788246,
    -3.157731759077));
#4789 = CARTESIAN_POINT('',(-252.983168419,-36.85151450568,
    5.462278852598));
#4790 = CARTESIAN_POINT('',(-254.7502058357,-61.92258407564,
    21.981725630283));
#4791 = CARTESIAN_POINT('',(-253.7895772922,-80.88923951471,
    44.627610461614));
#4792 = CARTESIAN_POINT('',(-251.2344944518,-92.11617962554,
    70.854698277961));
#4793 = CARTESIAN_POINT('',(-248.2824938734,-95.24755803125,
    97.973277930081));
#4794 = CARTESIAN_POINT('',(-212.0659682732,63.297198249607,
    15.410703879419));
#4795 = CARTESIAN_POINT('',(-226.6997857775,43.614078117504,
    3.030889418701));
#4796 = CARTESIAN_POINT('',(-238.8384469504,18.550949428457,
    -3.74471216512));
#4797 = CARTESIAN_POINT('',(-247.6863685915,-9.66041984209,
    -3.129191747313));
#4798 = CARTESIAN_POINT('',(-252.843499928,-37.94060216879,5.77597941954
    ));
#4799 = CARTESIAN_POINT('',(-254.4959109505,-62.86994012381,
    22.552881293888));
#4800 = CARTESIAN_POINT('',(-253.4460948799,-81.61813523709,
    45.399084590806));
#4801 = CARTESIAN_POINT('',(-250.8351876387,-92.57928035055,
    71.751556064202));
#4802 = CARTESIAN_POINT('',(-247.863016171,-95.42940846934,
    98.915440275373));
#4803 = DEFINITIONAL_REPRESENTATION('',(#4804),#4808);
#4804 = LINE('',#4805,#4806);
#4805 = CARTESIAN_POINT('',(0.,0.));
#4806 = VECTOR('',#4807,1.);
#4807 = DIRECTION('',(0.,1.));
#4808 = ( GEOMETRIC_REPRESENTATION_CONTEXT(2) 
PARAMETRIC_REPRESENTATION_CONTEXT() REPRESENTATION_CONTEXT('2D SPACE',''
  ) );
#4809 = ORIENTED_EDGE('',*,*,#4577,.F.);
#4810 = ADVANCED_FACE('',(#4811),#2896,.F.);
#4811 = FACE_BOUND('',#4812,.F.);
#4812 = EDGE_LOOP('',(#4813,#4814,#4841,#4868));
#4813 = ORIENTED_EDGE('',*,*,#4599,.F.);
#4814 = ORIENTED_EDGE('',*,*,#4815,.T.);
#4815 = EDGE_CURVE('',#4578,#4816,#4818,.T.);
#4816 = VERTEX_POINT('',#4817);
#4817 = CARTESIAN_POINT('',(-247.863016171,-95.42940846934,
    98.915440275373));
#4818 = SURFACE_CURVE('',#4819,(#4827,#4834),.PCURVE_S1.);
#4819 = ( BOUNDED_CURVE() B_SPLINE_CURVE(6,(#4820,#4821,#4822,#4823,
#4824,#4825,#4826),.UNSPECIFIED.,.F.,.F.) B_SPLINE_CURVE_WITH_KNOTS((7,7
),(0.,6.544984694977E-02),.PIECEWISE_BEZIER_KNOTS.) CURVE() 
GEOMETRIC_REPRESENTATION_ITEM() RATIONAL_B_SPLINE_CURVE((1.000053547667,
    1.000017847948,0.999996430156,0.999989291231,0.999996430156,
1.000017847948,1.000053547667)) REPRESENTATION_ITEM('') );
#4820 = CARTESIAN_POINT('',(-250.3925134166,-94.54154428917,
    93.234096442401));
#4821 = CARTESIAN_POINT('',(-249.9690962903,-94.6555534838,
    94.185106878811));
#4822 = CARTESIAN_POINT('',(-249.5463043209,-94.78318488194,
    95.134713189829));
#4823 = CARTESIAN_POINT('',(-249.1242190422,-94.92441460983,
    96.082732247403));
#4824 = CARTESIAN_POINT('',(-248.7029218284,-95.07921568671,
    97.028981282402));
#4825 = CARTESIAN_POINT('',(-248.2824938734,-95.24755803125,
    97.973277930081));
#4826 = CARTESIAN_POINT('',(-247.863016171,-95.42940846934,
    98.915440275373));
#4827 = PCURVE('',#2896,#4828);
#4828 = DEFINITIONAL_REPRESENTATION('',(#4829),#4833);
#4829 = LINE('',#4830,#4831);
#4830 = CARTESIAN_POINT('',(0.,0.));
#4831 = VECTOR('',#4832,1.);
#4832 = DIRECTION('',(1.,0.));
#4833 = ( GEOMETRIC_REPRESENTATION_CONTEXT(2) 
PARAMETRIC_REPRESENTATION_CONTEXT() REPRESENTATION_CONTEXT('2D SPACE',''
  ) );
#4834 = PCURVE('',#4739,#4835);
#4835 = DEFINITIONAL_REPRESENTATION('',(#4836),#4840);
#4836 = LINE('',#4837,#4838);
#4837 = CARTESIAN_POINT('',(0.,66.666666666667));
#4838 = VECTOR('',#4839,1.);
#4839 = DIRECTION('',(1.,0.));
#4840 = ( GEOMETRIC_REPRESENTATION_CONTEXT(2) 
PARAMETRIC_REPRESENTATION_CONTEXT() REPRESENTATION_CONTEXT('2D SPACE',''
  ) );
#4841 = ORIENTED_EDGE('',*,*,#4842,.T.);
#4842 = EDGE_CURVE('',#4816,#2877,#4843,.T.);
#4843 = SURFACE_CURVE('',#4844,(#4854,#4861),.PCURVE_S1.);
#4844 = ( BOUNDED_CURVE() B_SPLINE_CURVE(8,(#4845,#4846,#4847,#4848,
    #4849,#4850,#4851,#4852,#4853),.UNSPECIFIED.,.F.,.F.) 
B_SPLINE_CURVE_WITH_KNOTS((9,9),(0.,66.666666666667),
.PIECEWISE_BEZIER_KNOTS.) CURVE() GEOMETRIC_REPRESENTATION_ITEM() 
RATIONAL_B_SPLINE_CURVE((1.000053547667,1.000053547667,1.000053547667,
    1.000053547667,1.000053547667,1.000053547667,1.000053547667,
1.000053547667,1.000053547667)) REPRESENTATION_ITEM('') );
#4845 = CARTESIAN_POINT('',(-247.863016171,-95.42940846934,
    98.915440275373));
#4846 = CARTESIAN_POINT('',(-244.8908447034,-98.27953658812,
    126.07932448654));
#4847 = CARTESIAN_POINT('',(-241.5573294201,-93.01866914239,
    154.05480019565));
#4848 = CARTESIAN_POINT('',(-239.062376661,-79.32462151425,
    180.14683363807));
#4849 = CARTESIAN_POINT('',(-238.6614471765,-58.15799381223,
    201.5356138005));
#4850 = CARTESIAN_POINT('',(-241.3871741686,-31.85495880261,
    215.90180853717));
#4851 = CARTESIAN_POINT('',(-247.7222628814,-3.655099652729,
    222.16124411866));
#4852 = CARTESIAN_POINT('',(-257.5472394253,23.222269025125,
    220.58226329468));
#4853 = CARTESIAN_POINT('',(-270.2818503864,46.174921816261,
    212.46813657121));
#4854 = PCURVE('',#2896,#4855);
#4855 = DEFINITIONAL_REPRESENTATION('',(#4856),#4860);
#4856 = LINE('',#4857,#4858);
#4857 = CARTESIAN_POINT('',(6.544984694977E-02,0.));
#4858 = VECTOR('',#4859,1.);
#4859 = DIRECTION('',(0.,1.));
#4860 = ( GEOMETRIC_REPRESENTATION_CONTEXT(2) 
PARAMETRIC_REPRESENTATION_CONTEXT() REPRESENTATION_CONTEXT('2D SPACE',''
  ) );
#4861 = PCURVE('',#3014,#4862);
#4862 = DEFINITIONAL_REPRESENTATION('',(#4863),#4867);
#4863 = LINE('',#4864,#4865);
#4864 = CARTESIAN_POINT('',(0.,0.));
#4865 = VECTOR('',#4866,1.);
#4866 = DIRECTION('',(0.,1.));
#4867 = ( GEOMETRIC_REPRESENTATION_CONTEXT(2) 
PARAMETRIC_REPRESENTATION_CONTEXT() REPRESENTATION_CONTEXT('2D SPACE',''
  ) );
#4868 = ORIENTED_EDGE('',*,*,#2876,.F.);
#4869 = ADVANCED_FACE('',(#4870),#3014,.F.);
#4870 = FACE_BOUND('',#4871,.F.);
#4871 = EDGE_LOOP('',(#4872,#4873,#4893,#4894,#4895,#4896,#4897));
#4872 = ORIENTED_EDGE('',*,*,#4842,.F.);
#4873 = ORIENTED_EDGE('',*,*,#4874,.T.);
#4874 = EDGE_CURVE('',#4816,#3724,#4875,.T.);
#4875 = SURFACE_CURVE('',#4876,(#4879,#4886),.PCURVE_S1.);
#4876 = B_SPLINE_CURVE_WITH_KNOTS('',1,(#4877,#4878),.UNSPECIFIED.,.F.,
  .F.,(2,2),(0.,44.),.PIECEWISE_BEZIER_KNOTS.);
#4877 = CARTESIAN_POINT('',(-247.863016171,-95.42940846934,
    98.915440275373));
#4878 = CARTESIAN_POINT('',(-245.9146896934,-51.69092958756,
    103.29145319175));
#4879 = PCURVE('',#3014,#4880);
#4880 = DEFINITIONAL_REPRESENTATION('',(#4881),#4885);
#4881 = LINE('',#4882,#4883);
#4882 = CARTESIAN_POINT('',(0.,0.));
#4883 = VECTOR('',#4884,1.);
#4884 = DIRECTION('',(1.,0.));
#4885 = ( GEOMETRIC_REPRESENTATION_CONTEXT(2) 
PARAMETRIC_REPRESENTATION_CONTEXT() REPRESENTATION_CONTEXT('2D SPACE',''
  ) );
#4886 = PCURVE('',#3767,#4887);
#4887 = DEFINITIONAL_REPRESENTATION('',(#4888),#4892);
#4888 = LINE('',#4889,#4890);
#4889 = CARTESIAN_POINT('',(0.,66.666666666667));
#4890 = VECTOR('',#4891,1.);
#4891 = DIRECTION('',(1.,0.));
#4892 = ( GEOMETRIC_REPRESENTATION_CONTEXT(2) 
PARAMETRIC_REPRESENTATION_CONTEXT() REPRESENTATION_CONTEXT('2D SPACE',''
  ) );
#4893 = ORIENTED_EDGE('',*,*,#3793,.T.);
#4894 = ORIENTED_EDGE('',*,*,#2264,.F.);
#4895 = ORIENTED_EDGE('',*,*,#3824,.T.);
#4896 = ORIENTED_EDGE('',*,*,#3309,.F.);
#4897 = ORIENTED_EDGE('',*,*,#2999,.F.);
#4898 = ADVANCED_FACE('',(#4899),#3260,.F.);
#4899 = FACE_BOUND('',#4900,.F.);
#4900 = EDGE_LOOP('',(#4901,#4902,#4903,#4925,#4954));
#4901 = ORIENTED_EDGE('',*,*,#3216,.F.);
#4902 = ORIENTED_EDGE('',*,*,#3874,.F.);
#4903 = ORIENTED_EDGE('',*,*,#4904,.T.);
#4904 = EDGE_CURVE('',#3875,#4905,#4907,.T.);
#4905 = VERTEX_POINT('',#4906);
#4906 = CARTESIAN_POINT('',(-192.8151257271,-92.72887932375,
    58.648804166699));
#4907 = SURFACE_CURVE('',#4908,(#4911,#4918),.PCURVE_S1.);
#4908 = B_SPLINE_CURVE_WITH_KNOTS('',1,(#4909,#4910),.UNSPECIFIED.,.F.,
  .F.,(2,2),(0.,44.),.PIECEWISE_BEZIER_KNOTS.);
#4909 = CARTESIAN_POINT('',(-188.1831933861,-50.22814296703,
    69.05229453891));
#4910 = CARTESIAN_POINT('',(-192.8151257271,-92.72887932375,
    58.648804166699));
#4911 = PCURVE('',#3260,#4912);
#4912 = DEFINITIONAL_REPRESENTATION('',(#4913),#4917);
#4913 = LINE('',#4914,#4915);
#4914 = CARTESIAN_POINT('',(0.,0.));
#4915 = VECTOR('',#4916,1.);
#4916 = DIRECTION('',(1.,0.));
#4917 = ( GEOMETRIC_REPRESENTATION_CONTEXT(2) 
PARAMETRIC_REPRESENTATION_CONTEXT() REPRESENTATION_CONTEXT('2D SPACE',''
  ) );
#4918 = PCURVE('',#3969,#4919);
#4919 = DEFINITIONAL_REPRESENTATION('',(#4920),#4924);
#4920 = LINE('',#4921,#4922);
#4921 = CARTESIAN_POINT('',(0.,66.666666666667));
#4922 = VECTOR('',#4923,1.);
#4923 = DIRECTION('',(1.,0.));
#4924 = ( GEOMETRIC_REPRESENTATION_CONTEXT(2) 
PARAMETRIC_REPRESENTATION_CONTEXT() REPRESENTATION_CONTEXT('2D SPACE',''
  ) );
#4925 = ORIENTED_EDGE('',*,*,#4926,.T.);
#4926 = EDGE_CURVE('',#4905,#4927,#4929,.T.);
#4927 = VERTEX_POINT('',#4928);
#4928 = CARTESIAN_POINT('',(-206.9202095162,32.833933759264,
    190.87448964894));
#4929 = SURFACE_CURVE('',#4930,(#4940,#4947),.PCURVE_S1.);
#4930 = B_SPLINE_CURVE_WITH_KNOTS('',8,(#4931,#4932,#4933,#4934,#4935,
    #4936,#4937,#4938,#4939),.UNSPECIFIED.,.F.,.F.,(9,9),(0.,
    66.666666666667),.PIECEWISE_BEZIER_KNOTS.);
#4931 = CARTESIAN_POINT('',(-192.8151257271,-92.72887932375,
    58.648804166699));
#4932 = CARTESIAN_POINT('',(-190.1424975266,-99.50474607961,
    85.13990318454));
#4933 = CARTESIAN_POINT('',(-186.6108700063,-98.39916304344,
    113.56034626316));
#4934 = CARTESIAN_POINT('',(-183.3862495078,-88.64491891729,
    141.29124028119));
#4935 = CARTESIAN_POINT('',(-181.7689214349,-70.72187957329,
    165.41209640494));
#4936 = CARTESIAN_POINT('',(-182.9240494157,-46.55281358298,
    183.30591427783));
#4937 = CARTESIAN_POINT('',(-187.5291672071,-19.15906389089,
    193.45092816678));
#4938 = CARTESIAN_POINT('',(-195.6653837875,8.232838475151,
    195.66496432303));
#4939 = CARTESIAN_POINT('',(-206.9202095162,32.833933759264,
    190.87448964894));
#4940 = PCURVE('',#3260,#4941);
#4941 = DEFINITIONAL_REPRESENTATION('',(#4942),#4946);
#4942 = LINE('',#4943,#4944);
#4943 = CARTESIAN_POINT('',(44.,0.));
#4944 = VECTOR('',#4945,1.);
#4945 = DIRECTION('',(0.,1.));
#4946 = ( GEOMETRIC_REPRESENTATION_CONTEXT(2) 
PARAMETRIC_REPRESENTATION_CONTEXT() REPRESENTATION_CONTEXT('2D SPACE',''
  ) );
#4947 = PCURVE('',#4329,#4948);
#4948 = DEFINITIONAL_REPRESENTATION('',(#4949),#4953);
#4949 = LINE('',#4950,#4951);
#4950 = CARTESIAN_POINT('',(0.,0.));
#4951 = VECTOR('',#4952,1.);
#4952 = DIRECTION('',(0.,1.));
#4953 = ( GEOMETRIC_REPRESENTATION_CONTEXT(2) 
PARAMETRIC_REPRESENTATION_CONTEXT() REPRESENTATION_CONTEXT('2D SPACE',''
  ) );
#4954 = ORIENTED_EDGE('',*,*,#4955,.F.);
#4955 = EDGE_CURVE('',#3147,#4927,#4956,.T.);
#4956 = SURFACE_CURVE('',#4957,(#4960,#4967),.PCURVE_S1.);
#4957 = B_SPLINE_CURVE_WITH_KNOTS('',1,(#4958,#4959),.UNSPECIFIED.,.F.,
  .F.,(2,2),(0.,44.),.PIECEWISE_BEZIER_KNOTS.);
#4958 = CARTESIAN_POINT('',(-223.7373360887,17.785047452935,
    153.10260493577));
#4959 = CARTESIAN_POINT('',(-206.9202095162,32.833933759264,
    190.87448964894));
#4960 = PCURVE('',#3260,#4961);
#4961 = DEFINITIONAL_REPRESENTATION('',(#4962),#4966);
#4962 = LINE('',#4963,#4964);
#4963 = CARTESIAN_POINT('',(0.,66.666666666667));
#4964 = VECTOR('',#4965,1.);
#4965 = DIRECTION('',(1.,0.));
#4966 = ( GEOMETRIC_REPRESENTATION_CONTEXT(2) 
PARAMETRIC_REPRESENTATION_CONTEXT() REPRESENTATION_CONTEXT('2D SPACE',''
  ) );
#4967 = PCURVE('',#3190,#4968);
#4968 = DEFINITIONAL_REPRESENTATION('',(#4969),#4973);
#4969 = LINE('',#4970,#4971);
#4970 = CARTESIAN_POINT('',(0.,0.));
#4971 = VECTOR('',#4972,1.);
#4972 = DIRECTION('',(1.,0.));
#4973 = ( GEOMETRIC_REPRESENTATION_CONTEXT(2) 
PARAMETRIC_REPRESENTATION_CONTEXT() REPRESENTATION_CONTEXT('2D SPACE',''
  ) );
#4974 = ADVANCED_FACE('',(#4975),#3190,.F.);
#4975 = FACE_BOUND('',#4976,.F.);
#4976 = EDGE_LOOP('',(#4977,#4978,#4979,#5006));
#4977 = ORIENTED_EDGE('',*,*,#3146,.F.);
#4978 = ORIENTED_EDGE('',*,*,#4955,.T.);
#4979 = ORIENTED_EDGE('',*,*,#4980,.T.);
#4980 = EDGE_CURVE('',#4927,#3363,#4981,.T.);
#4981 = SURFACE_CURVE('',#4982,(#4992,#4999),.PCURVE_S1.);
#4982 = B_SPLINE_CURVE_WITH_KNOTS('',8,(#4983,#4984,#4985,#4986,#4987,
    #4988,#4989,#4990,#4991),.UNSPECIFIED.,.F.,.F.,(9,9),(0.,
    66.666666666667),.PIECEWISE_BEZIER_KNOTS.);
#4983 = CARTESIAN_POINT('',(-206.9202095162,32.833933759264,
    190.87448964894));
#4984 = CARTESIAN_POINT('',(-218.1750352449,57.435029043377,
    186.08401497484));
#4985 = CARTESIAN_POINT('',(-232.5484975057,79.245502221566,
    174.28896796527));
#4986 = CARTESIAN_POINT('',(-249.6274213467,95.477006791747,
    156.4173547562));
#4987 = CARTESIAN_POINT('',(-268.506112395,103.78605743428,
    134.50339821504));
#4988 = CARTESIAN_POINT('',(-287.8756338455,102.92891390662,
    111.48701854067));
#4989 = CARTESIAN_POINT('',(-306.3407198184,93.274020252882,
    90.50203420858));
#4990 = CARTESIAN_POINT('',(-322.779835241,76.508688260629,
    74.067454235535));
#4991 = CARTESIAN_POINT('',(-336.5003512031,55.0633378897,
    63.738948624096));
#4992 = PCURVE('',#3190,#4993);
#4993 = DEFINITIONAL_REPRESENTATION('',(#4994),#4998);
#4994 = LINE('',#4995,#4996);
#4995 = CARTESIAN_POINT('',(44.,0.));
#4996 = VECTOR('',#4997,1.);
#4997 = DIRECTION('',(0.,1.));
#4998 = ( GEOMETRIC_REPRESENTATION_CONTEXT(2) 
PARAMETRIC_REPRESENTATION_CONTEXT() REPRESENTATION_CONTEXT('2D SPACE',''
  ) );
#4999 = PCURVE('',#3436,#5000);
#5000 = DEFINITIONAL_REPRESENTATION('',(#5001),#5005);
#5001 = LINE('',#5002,#5003);
#5002 = CARTESIAN_POINT('',(0.,0.));
#5003 = VECTOR('',#5004,1.);
#5004 = DIRECTION('',(0.,1.));
#5005 = ( GEOMETRIC_REPRESENTATION_CONTEXT(2) 
PARAMETRIC_REPRESENTATION_CONTEXT() REPRESENTATION_CONTEXT('2D SPACE',''
  ) );
#5006 = ORIENTED_EDGE('',*,*,#3362,.F.);
#5007 = ADVANCED_FACE('',(#5008),#3436,.F.);
#5008 = FACE_BOUND('',#5009,.F.);
#5009 = EDGE_LOOP('',(#5010,#5011,#5036,#5037));
#5010 = ORIENTED_EDGE('',*,*,#4980,.F.);
#5011 = ORIENTED_EDGE('',*,*,#5012,.T.);
#5012 = EDGE_CURVE('',#4927,#4308,#5013,.T.);
#5013 = SURFACE_CURVE('',#5014,(#5022,#5029),.PCURVE_S1.);
#5014 = ( BOUNDED_CURVE() B_SPLINE_CURVE(6,(#5015,#5016,#5017,#5018,
#5019,#5020,#5021),.UNSPECIFIED.,.F.,.F.) B_SPLINE_CURVE_WITH_KNOTS((7,7
),(0.,6.544984694977E-02),.PIECEWISE_BEZIER_KNOTS.) CURVE() 
GEOMETRIC_REPRESENTATION_ITEM() RATIONAL_B_SPLINE_CURVE((1.000053547667,
    1.000017847948,0.999996430156,0.999989291231,0.999996430156,
1.000017847948,1.000053547667)) REPRESENTATION_ITEM('') );
#5015 = CARTESIAN_POINT('',(-206.9202095162,32.833933759264,
    190.87448964894));
#5016 = CARTESIAN_POINT('',(-207.0917589944,33.792479916777,
    190.48918321251));
#5017 = CARTESIAN_POINT('',(-207.258197551,34.756506089291,
    190.11535609378));
#5018 = CARTESIAN_POINT('',(-207.4194928285,35.725826737675,
    189.75308096894));
#5019 = CARTESIAN_POINT('',(-207.5756136438,36.70025510955,
    189.40242787665));
#5020 = CARTESIAN_POINT('',(-207.7265299958,37.679603285613,
    189.06346420032));
#5021 = CARTESIAN_POINT('',(-207.8722130729,38.663682226439,
    188.73625465167));
#5022 = PCURVE('',#3436,#5023);
#5023 = DEFINITIONAL_REPRESENTATION('',(#5024),#5028);
#5024 = LINE('',#5025,#5026);
#5025 = CARTESIAN_POINT('',(0.,0.));
#5026 = VECTOR('',#5027,1.);
#5027 = DIRECTION('',(1.,0.));
#5028 = ( GEOMETRIC_REPRESENTATION_CONTEXT(2) 
PARAMETRIC_REPRESENTATION_CONTEXT() REPRESENTATION_CONTEXT('2D SPACE',''
  ) );
#5029 = PCURVE('',#4329,#5030);
#5030 = DEFINITIONAL_REPRESENTATION('',(#5031),#5035);
#5031 = LINE('',#5032,#5033);
#5032 = CARTESIAN_POINT('',(0.,66.666666666667));
#5033 = VECTOR('',#5034,1.);
#5034 = DIRECTION('',(1.,0.));
#5035 = ( GEOMETRIC_REPRESENTATION_CONTEXT(2) 
PARAMETRIC_REPRESENTATION_CONTEXT() REPRESENTATION_CONTEXT('2D SPACE',''
  ) );
#5036 = ORIENTED_EDGE('',*,*,#4630,.T.);
#5037 = ORIENTED_EDGE('',*,*,#3416,.F.);
#5038 = ADVANCED_FACE('',(#5039),#3640,.F.);
#5039 = FACE_BOUND('',#5040,.F.);
#5040 = EDGE_LOOP('',(#5041,#5070,#5071,#5072));
#5041 = ORIENTED_EDGE('',*,*,#5042,.F.);
#5042 = EDGE_CURVE('',#3565,#5043,#5045,.T.);
#5043 = VERTEX_POINT('',#5044);
#5044 = CARTESIAN_POINT('',(-212.0659682732,63.297198249607,
    15.410703879419));
#5045 = SURFACE_CURVE('',#5046,(#5056,#5063),.PCURVE_S1.);
#5046 = ( BOUNDED_CURVE() B_SPLINE_CURVE(8,(#5047,#5048,#5049,#5050,
    #5051,#5052,#5053,#5054,#5055),.UNSPECIFIED.,.F.,.F.) 
B_SPLINE_CURVE_WITH_KNOTS((9,9),(0.,66.666666666667),
.PIECEWISE_BEZIER_KNOTS.) CURVE() GEOMETRIC_REPRESENTATION_ITEM() 
RATIONAL_B_SPLINE_CURVE((1.000053547667,1.000053547667,1.000053547667,
    1.000053547667,1.000053547667,1.000053547667,1.000053547667,
1.000053547667,1.000053547667)) REPRESENTATION_ITEM('') );
#5047 = CARTESIAN_POINT('',(-83.87834139461,22.817845663313,
    139.41860543683));
#5048 = CARTESIAN_POINT('',(-94.0221805017,48.24752158538,137.1234475702
    ));
#5049 = CARTESIAN_POINT('',(-107.3896891777,71.737894214185,
    127.58780930467));
#5050 = CARTESIAN_POINT('',(-123.6936166367,90.406599887619,
    111.45686646915));
#5051 = CARTESIAN_POINT('',(-142.1374215217,101.68166458221,
    90.519680243194));
#5052 = CARTESIAN_POINT('',(-161.4750199064,103.97639122225,
    67.57500094872));
#5053 = CARTESIAN_POINT('',(-180.3031241428,97.283577954549,
    45.774664247256));
#5054 = CARTESIAN_POINT('',(-197.432150769,82.980318381709,
    27.790518340136));
#5055 = CARTESIAN_POINT('',(-212.0659682732,63.297198249607,
    15.410703879419));
#5056 = PCURVE('',#3640,#5057);
#5057 = DEFINITIONAL_REPRESENTATION('',(#5058),#5062);
#5058 = LINE('',#5059,#5060);
#5059 = CARTESIAN_POINT('',(0.,0.));
#5060 = VECTOR('',#5061,1.);
#5061 = DIRECTION('',(0.,1.));
#5062 = ( GEOMETRIC_REPRESENTATION_CONTEXT(2) 
PARAMETRIC_REPRESENTATION_CONTEXT() REPRESENTATION_CONTEXT('2D SPACE',''
  ) );
#5063 = PCURVE('',#4499,#5064);
#5064 = DEFINITIONAL_REPRESENTATION('',(#5065),#5069);
#5065 = LINE('',#5066,#5067);
#5066 = CARTESIAN_POINT('',(6.544984694977E-02,0.));
#5067 = VECTOR('',#5068,1.);
#5068 = DIRECTION('',(0.,1.));
#5069 = ( GEOMETRIC_REPRESENTATION_CONTEXT(2) 
PARAMETRIC_REPRESENTATION_CONTEXT() REPRESENTATION_CONTEXT('2D SPACE',''
  ) );
#5070 = ORIENTED_EDGE('',*,*,#3627,.T.);
#5071 = ORIENTED_EDGE('',*,*,#3672,.F.);
#5072 = ORIENTED_EDGE('',*,*,#5073,.F.);
#5073 = EDGE_CURVE('',#5043,#3673,#5074,.T.);
#5074 = SURFACE_CURVE('',#5075,(#5078,#5085),.PCURVE_S1.);
#5075 = B_SPLINE_CURVE_WITH_KNOTS('',1,(#5076,#5077),.UNSPECIFIED.,.F.,
  .F.,(2,2),(0.,44.),.PIECEWISE_BEZIER_KNOTS.);
#5076 = CARTESIAN_POINT('',(-212.0659682732,63.297198249607,
    15.410703879419));
#5077 = CARTESIAN_POINT('',(-198.6107330986,34.285982385204,
    45.6316568833));
#5078 = PCURVE('',#3640,#5079);
#5079 = DEFINITIONAL_REPRESENTATION('',(#5080),#5084);
#5080 = LINE('',#5081,#5082);
#5081 = CARTESIAN_POINT('',(0.,66.666666666667));
#5082 = VECTOR('',#5083,1.);
#5083 = DIRECTION('',(1.,0.));
#5084 = ( GEOMETRIC_REPRESENTATION_CONTEXT(2) 
PARAMETRIC_REPRESENTATION_CONTEXT() REPRESENTATION_CONTEXT('2D SPACE',''
  ) );
#5085 = PCURVE('',#3767,#5086);
#5086 = DEFINITIONAL_REPRESENTATION('',(#5087),#5091);
#5087 = LINE('',#5088,#5089);
#5088 = CARTESIAN_POINT('',(0.,0.));
#5089 = VECTOR('',#5090,1.);
#5090 = DIRECTION('',(1.,0.));
#5091 = ( GEOMETRIC_REPRESENTATION_CONTEXT(2) 
PARAMETRIC_REPRESENTATION_CONTEXT() REPRESENTATION_CONTEXT('2D SPACE',''
  ) );
#5092 = ADVANCED_FACE('',(#5093),#3767,.F.);
#5093 = FACE_BOUND('',#5094,.F.);
#5094 = EDGE_LOOP('',(#5095,#5122,#5123,#5124));
#5095 = ORIENTED_EDGE('',*,*,#5096,.F.);
#5096 = EDGE_CURVE('',#5043,#4816,#5097,.T.);
#5097 = SURFACE_CURVE('',#5098,(#5108,#5115),.PCURVE_S1.);
#5098 = ( BOUNDED_CURVE() B_SPLINE_CURVE(8,(#5099,#5100,#5101,#5102,
    #5103,#5104,#5105,#5106,#5107),.UNSPECIFIED.,.F.,.F.) 
B_SPLINE_CURVE_WITH_KNOTS((9,9),(0.,66.666666666667),
.PIECEWISE_BEZIER_KNOTS.) CURVE() GEOMETRIC_REPRESENTATION_ITEM() 
RATIONAL_B_SPLINE_CURVE((1.000053547667,1.000053547667,1.000053547667,
    1.000053547667,1.000053547667,1.000053547667,1.000053547667,
1.000053547667,1.000053547667)) REPRESENTATION_ITEM('') );
#5099 = CARTESIAN_POINT('',(-212.0659682732,63.297198249607,
    15.410703879419));
#5100 = CARTESIAN_POINT('',(-226.6997857775,43.614078117504,
    3.030889418701));
#5101 = CARTESIAN_POINT('',(-238.8384469504,18.550949428457,
    -3.74471216512));
#5102 = CARTESIAN_POINT('',(-247.6863685915,-9.66041984209,
    -3.129191747313));
#5103 = CARTESIAN_POINT('',(-252.843499928,-37.94060216879,5.77597941954
    ));
#5104 = CARTESIAN_POINT('',(-254.4959109505,-62.86994012381,
    22.552881293888));
#5105 = CARTESIAN_POINT('',(-253.4460948799,-81.61813523709,
    45.399084590806));
#5106 = CARTESIAN_POINT('',(-250.8351876387,-92.57928035055,
    71.751556064202));
#5107 = CARTESIAN_POINT('',(-247.863016171,-95.42940846934,
    98.915440275373));
#5108 = PCURVE('',#3767,#5109);
#5109 = DEFINITIONAL_REPRESENTATION('',(#5110),#5114);
#5110 = LINE('',#5111,#5112);
#5111 = CARTESIAN_POINT('',(0.,0.));
#5112 = VECTOR('',#5113,1.);
#5113 = DIRECTION('',(0.,1.));
#5114 = ( GEOMETRIC_REPRESENTATION_CONTEXT(2) 
PARAMETRIC_REPRESENTATION_CONTEXT() REPRESENTATION_CONTEXT('2D SPACE',''
  ) );
#5115 = PCURVE('',#4739,#5116);
#5116 = DEFINITIONAL_REPRESENTATION('',(#5117),#5121);
#5117 = LINE('',#5118,#5119);
#5118 = CARTESIAN_POINT('',(6.544984694977E-02,0.));
#5119 = VECTOR('',#5120,1.);
#5120 = DIRECTION('',(0.,1.));
#5121 = ( GEOMETRIC_REPRESENTATION_CONTEXT(2) 
PARAMETRIC_REPRESENTATION_CONTEXT() REPRESENTATION_CONTEXT('2D SPACE',''
  ) );
#5122 = ORIENTED_EDGE('',*,*,#5073,.T.);
#5123 = ORIENTED_EDGE('',*,*,#3723,.F.);
#5124 = ORIENTED_EDGE('',*,*,#4874,.F.);
#5125 = ADVANCED_FACE('',(#5126),#3969,.F.);
#5126 = FACE_BOUND('',#5127,.F.);
#5127 = EDGE_LOOP('',(#5128,#5129,#5130,#5157));
#5128 = ORIENTED_EDGE('',*,*,#3925,.F.);
#5129 = ORIENTED_EDGE('',*,*,#4078,.T.);
#5130 = ORIENTED_EDGE('',*,*,#5131,.T.);
#5131 = EDGE_CURVE('',#4050,#4905,#5132,.T.);
#5132 = SURFACE_CURVE('',#5133,(#5143,#5150),.PCURVE_S1.);
#5133 = B_SPLINE_CURVE_WITH_KNOTS('',8,(#5134,#5135,#5136,#5137,#5138,
    #5139,#5140,#5141,#5142),.UNSPECIFIED.,.F.,.F.,(9,9),(0.,
    66.666666666667),.PIECEWISE_BEZIER_KNOTS.);
#5134 = CARTESIAN_POINT('',(-146.9048073781,73.540266539422,
    -2.141154891469));
#5135 = CARTESIAN_POINT('',(-162.6747881954,56.71212626934,
    -17.07283393431));
#5136 = CARTESIAN_POINT('',(-176.3115360178,33.633380335203,
    -27.21319322343));
#5137 = CARTESIAN_POINT('',(-186.8906382731,6.212266594666,
    -30.48596812735));
#5138 = CARTESIAN_POINT('',(-193.8261631978,-22.65725011888,
    -25.57513435816));
#5139 = CARTESIAN_POINT('',(-197.0904267938,-49.52572007254,
    -12.41851263788));
#5140 = CARTESIAN_POINT('',(-197.3014601454,-71.29564507215,
    7.595776490314));
#5141 = CARTESIAN_POINT('',(-195.4877539276,-85.95301256789,
    32.157705148858));
#5142 = CARTESIAN_POINT('',(-192.8151257271,-92.72887932375,
    58.648804166699));
#5143 = PCURVE('',#3969,#5144);
#5144 = DEFINITIONAL_REPRESENTATION('',(#5145),#5149);
#5145 = LINE('',#5146,#5147);
#5146 = CARTESIAN_POINT('',(44.,0.));
#5147 = VECTOR('',#5148,1.);
#5148 = DIRECTION('',(0.,1.));
#5149 = ( GEOMETRIC_REPRESENTATION_CONTEXT(2) 
PARAMETRIC_REPRESENTATION_CONTEXT() REPRESENTATION_CONTEXT('2D SPACE',''
  ) );
#5150 = PCURVE('',#4150,#5151);
#5151 = DEFINITIONAL_REPRESENTATION('',(#5152),#5156);
#5152 = LINE('',#5153,#5154);
#5153 = CARTESIAN_POINT('',(0.,0.));
#5154 = VECTOR('',#5155,1.);
#5155 = DIRECTION('',(0.,1.));
#5156 = ( GEOMETRIC_REPRESENTATION_CONTEXT(2) 
PARAMETRIC_REPRESENTATION_CONTEXT() REPRESENTATION_CONTEXT('2D SPACE',''
  ) );
#5157 = ORIENTED_EDGE('',*,*,#4904,.F.);
#5158 = ADVANCED_FACE('',(#5159),#4150,.F.);
#5159 = FACE_BOUND('',#5160,.F.);
#5160 = EDGE_LOOP('',(#5161,#5162,#5163,#5164));
#5161 = ORIENTED_EDGE('',*,*,#5131,.F.);
#5162 = ORIENTED_EDGE('',*,*,#4132,.T.);
#5163 = ORIENTED_EDGE('',*,*,#4445,.T.);
#5164 = ORIENTED_EDGE('',*,*,#5165,.F.);
#5165 = EDGE_CURVE('',#4905,#4306,#5166,.T.);
#5166 = SURFACE_CURVE('',#5167,(#5175,#5182),.PCURVE_S1.);
#5167 = ( BOUNDED_CURVE() B_SPLINE_CURVE(6,(#5168,#5169,#5170,#5171,
#5172,#5173,#5174),.UNSPECIFIED.,.F.,.F.) B_SPLINE_CURVE_WITH_KNOTS((7,7
),(0.,6.544984694977E-02),.PIECEWISE_BEZIER_KNOTS.) CURVE() 
GEOMETRIC_REPRESENTATION_ITEM() RATIONAL_B_SPLINE_CURVE((1.000053547667,
    1.000017847948,0.999996430156,0.999989291231,0.999996430156,
1.000017847948,1.000053547667)) REPRESENTATION_ITEM('') );
#5168 = CARTESIAN_POINT('',(-192.8151257271,-92.72887932375,
    58.648804166699));
#5169 = CARTESIAN_POINT('',(-192.3973613922,-92.93318472448,
    59.587118225646));
#5170 = CARTESIAN_POINT('',(-191.9807027348,-93.15092653318,
    60.522948892497));
#5171 = CARTESIAN_POINT('',(-191.565230132,-93.3820634958,
    61.456115636901));
#5172 = CARTESIAN_POINT('',(-191.1510236918,-93.62655129738,
    62.386438533447));
#5173 = CARTESIAN_POINT('',(-190.738163233,-93.88434257278,
    63.313738306441));
#5174 = CARTESIAN_POINT('',(-190.3267282651,-94.15538691871,
    64.237836374405));
#5175 = PCURVE('',#4150,#5176);
#5176 = DEFINITIONAL_REPRESENTATION('',(#5177),#5181);
#5177 = LINE('',#5178,#5179);
#5178 = CARTESIAN_POINT('',(0.,66.666666666667));
#5179 = VECTOR('',#5180,1.);
#5180 = DIRECTION('',(1.,0.));
#5181 = ( GEOMETRIC_REPRESENTATION_CONTEXT(2) 
PARAMETRIC_REPRESENTATION_CONTEXT() REPRESENTATION_CONTEXT('2D SPACE',''
  ) );
#5182 = PCURVE('',#4329,#5183);
#5183 = DEFINITIONAL_REPRESENTATION('',(#5184),#5188);
#5184 = LINE('',#5185,#5186);
#5185 = CARTESIAN_POINT('',(0.,0.));
#5186 = VECTOR('',#5187,1.);
#5187 = DIRECTION('',(1.,0.));
#5188 = ( GEOMETRIC_REPRESENTATION_CONTEXT(2) 
PARAMETRIC_REPRESENTATION_CONTEXT() REPRESENTATION_CONTEXT('2D SPACE',''
  ) );
#5189 = ADVANCED_FACE('',(#5190),#4329,.F.);
#5190 = FACE_BOUND('',#5191,.F.);
#5191 = EDGE_LOOP('',(#5192,#5193,#5194,#5195));
#5192 = ORIENTED_EDGE('',*,*,#4926,.F.);
#5193 = ORIENTED_EDGE('',*,*,#5165,.T.);
#5194 = ORIENTED_EDGE('',*,*,#4305,.T.);
#5195 = ORIENTED_EDGE('',*,*,#5012,.F.);
#5196 = ADVANCED_FACE('',(#5197),#4499,.F.);
#5197 = FACE_BOUND('',#5198,.F.);
#5198 = EDGE_LOOP('',(#5199,#5200,#5201,#5202));
#5199 = ORIENTED_EDGE('',*,*,#4665,.F.);
#5200 = ORIENTED_EDGE('',*,*,#4481,.T.);
#5201 = ORIENTED_EDGE('',*,*,#5042,.T.);
#5202 = ORIENTED_EDGE('',*,*,#5203,.F.);
#5203 = EDGE_CURVE('',#4666,#5043,#5204,.T.);
#5204 = SURFACE_CURVE('',#5205,(#5213,#5220),.PCURVE_S1.);
#5205 = ( BOUNDED_CURVE() B_SPLINE_CURVE(6,(#5206,#5207,#5208,#5209,
#5210,#5211,#5212),.UNSPECIFIED.,.F.,.F.) B_SPLINE_CURVE_WITH_KNOTS((7,7
),(0.,6.544984694977E-02),.PIECEWISE_BEZIER_KNOTS.) CURVE() 
GEOMETRIC_REPRESENTATION_ITEM() RATIONAL_B_SPLINE_CURVE((1.000053547667,
    1.000017847948,0.999996430156,0.999989291231,0.999996430156,
1.000017847948,1.000053547667)) REPRESENTATION_ITEM('') );
#5206 = CARTESIAN_POINT('',(-210.3192904222,67.882250993909,
    19.33380656512));
#5207 = CARTESIAN_POINT('',(-210.6001379954,67.094898081852,
    18.703012587704));
#5208 = CARTESIAN_POINT('',(-210.8851656276,66.316617586833,
    18.062830044155));
#5209 = CARTESIAN_POINT('',(-211.1743185987,65.547560021506,
    17.413381837927));
#5210 = CARTESIAN_POINT('',(-211.4675412449,64.787873794583,
    16.754792991674));
#5211 = CARTESIAN_POINT('',(-211.7647769727,64.037705173773,
    16.087190616344));
#5212 = CARTESIAN_POINT('',(-212.0659682732,63.297198249607,
    15.410703879419));
#5213 = PCURVE('',#4499,#5214);
#5214 = DEFINITIONAL_REPRESENTATION('',(#5215),#5219);
#5215 = LINE('',#5216,#5217);
#5216 = CARTESIAN_POINT('',(0.,66.666666666667));
#5217 = VECTOR('',#5218,1.);
#5218 = DIRECTION('',(1.,0.));
#5219 = ( GEOMETRIC_REPRESENTATION_CONTEXT(2) 
PARAMETRIC_REPRESENTATION_CONTEXT() REPRESENTATION_CONTEXT('2D SPACE',''
  ) );
#5220 = PCURVE('',#4739,#5221);
#5221 = DEFINITIONAL_REPRESENTATION('',(#5222),#5226);
#5222 = LINE('',#5223,#5224);
#5223 = CARTESIAN_POINT('',(0.,0.));
#5224 = VECTOR('',#5225,1.);
#5225 = DIRECTION('',(1.,0.));
#5226 = ( GEOMETRIC_REPRESENTATION_CONTEXT(2) 
PARAMETRIC_REPRESENTATION_CONTEXT() REPRESENTATION_CONTEXT('2D SPACE',''
  ) );
#5227 = ADVANCED_FACE('',(#5228),#4739,.F.);
#5228 = FACE_BOUND('',#5229,.F.);
#5229 = EDGE_LOOP('',(#5230,#5231,#5232,#5233));
#5230 = ORIENTED_EDGE('',*,*,#4719,.F.);
#5231 = ORIENTED_EDGE('',*,*,#5203,.T.);
#5232 = ORIENTED_EDGE('',*,*,#5096,.T.);
#5233 = ORIENTED_EDGE('',*,*,#4815,.F.);
#5234 = ( GEOMETRIC_REPRESENTATION_CONTEXT(3) 
GLOBAL_UNCERTAINTY_ASSIGNED_CONTEXT((#5238)) 
GLOBAL_UNIT_ASSIGNED_CONTEXT((#5235,#5236,#5237)) REPRESENTATION_CONTEXT
('Context #1','3D Context with UNIT and UNCERTAINTY') );
#5235 = ( LENGTH_UNIT() NAMED_UNIT(*) SI_UNIT(.MILLI.,.METRE.) );
#5236 = ( NAMED_UNIT(*) PLANE_ANGLE_UNIT() SI_UNIT($,.RADIAN.) );
#5237 = ( NAMED_UNIT(*) SI_UNIT($,.STERADIAN.) SOLID_ANGLE_UNIT() );
#5238 = UNCERTAINTY_MEASURE_WITH_UNIT(LENGTH_MEASURE(5.E-02),#5235,
  'distance_accuracy_value','confusion accuracy');
#5239 = CONTEXT_DEPENDENT_SHAPE_REPRESENTATION(#5240,#5242);
#5240 = ( REPRESENTATION_RELATIONSHIP('','',#40,#10) 
REPRESENTATION_RELATIONSHIP_WITH_TRANSFORMATION(#5241) 
SHAPE_REPRESENTATION_RELATIONSHIP() );
#5241 = ITEM_DEFINED_TRANSFORMATION('','',#11,#15);
#5242 = PRODUCT_DEFINITION_SHAPE('Placement','Placement of an item',
  #5243);
#5243 = NEXT_ASSEMBLY_USAGE_OCCURRENCE('1','','',#5,#35,$);
#5244 = PRODUCT_RELATED_PRODUCT_CATEGORY('part',$,(#37));
#5245 = SHAPE_DEFINITION_REPRESENTATION(#5246,#5252);
#5246 = PRODUCT_DEFINITION_SHAPE('','',#5247);
#5247 = PRODUCT_DEFINITION('design','',#5248,#5251);
#5248 = PRODUCT_DEFINITION_FORMATION('','',#5249);
#5249 = PRODUCT('Open CASCADE STEP translator 7.9 1.2',
  'Open CASCADE STEP translator 7.9 1.2','',(#5250));
#5250 = PRODUCT_CONTEXT('',#2,'mechanical');
#5251 = PRODUCT_DEFINITION_CONTEXT('part definition',#2,'design');
#5252 = ADVANCED_BREP_SHAPE_REPRESENTATION('',(#11,#5253),#5747);
#5253 = MANIFOLD_SOLID_BREP('',#5254);
#5254 = CLOSED_SHELL('',(#5255,#5375,#5450,#5554,#5609,#5613,#5684,#5712
    ,#5739));
#5255 = ADVANCED_FACE('',(#5256),#5270,.F.);
#5256 = FACE_BOUND('',#5257,.F.);
#5257 = EDGE_LOOP('',(#5258,#5293,#5321,#5349));
#5258 = ORIENTED_EDGE('',*,*,#5259,.F.);
#5259 = EDGE_CURVE('',#5260,#5262,#5264,.T.);
#5260 = VERTEX_POINT('',#5261);
#5261 = CARTESIAN_POINT('',(-675.9647286786,-140.,4.080747838988));
#5262 = VERTEX_POINT('',#5263);
#5263 = CARTESIAN_POINT('',(-675.9647286786,-140.,311.30856662165));
#5264 = SURFACE_CURVE('',#5265,(#5269,#5281),.PCURVE_S1.);
#5265 = LINE('',#5266,#5267);
#5266 = CARTESIAN_POINT('',(-675.9647286786,-140.,4.080747838988));
#5267 = VECTOR('',#5268,1.);
#5268 = DIRECTION('',(0.,0.,1.));
#5269 = PCURVE('',#5270,#5275);
#5270 = PLANE('',#5271);
#5271 = AXIS2_PLACEMENT_3D('',#5272,#5273,#5274);
#5272 = CARTESIAN_POINT('',(-675.9647286786,-140.,4.080747838988));
#5273 = DIRECTION('',(1.,0.,0.));
#5274 = DIRECTION('',(0.,0.,1.));
#5275 = DEFINITIONAL_REPRESENTATION('',(#5276),#5280);
#5276 = LINE('',#5277,#5278);
#5277 = CARTESIAN_POINT('',(0.,0.));
#5278 = VECTOR('',#5279,1.);
#5279 = DIRECTION('',(1.,0.));
#5280 = ( GEOMETRIC_REPRESENTATION_CONTEXT(2) 
PARAMETRIC_REPRESENTATION_CONTEXT() REPRESENTATION_CONTEXT('2D SPACE',''
  ) );
#5281 = PCURVE('',#5282,#5287);
#5282 = PLANE('',#5283);
#5283 = AXIS2_PLACEMENT_3D('',#5284,#5285,#5286);
#5284 = CARTESIAN_POINT('',(-675.9647286786,-140.,4.080747838988));
#5285 = DIRECTION('',(0.,1.,0.));
#5286 = DIRECTION('',(0.,0.,1.));
#5287 = DEFINITIONAL_REPRESENTATION('',(#5288),#5292);
#5288 = LINE('',#5289,#5290);
#5289 = CARTESIAN_POINT('',(0.,0.));
#5290 = VECTOR('',#5291,1.);
#5291 = DIRECTION('',(1.,0.));
#5292 = ( GEOMETRIC_REPRESENTATION_CONTEXT(2) 
PARAMETRIC_REPRESENTATION_CONTEXT() REPRESENTATION_CONTEXT('2D SPACE',''
  ) );
#5293 = ORIENTED_EDGE('',*,*,#5294,.T.);
#5294 = EDGE_CURVE('',#5260,#5295,#5297,.T.);
#5295 = VERTEX_POINT('',#5296);
#5296 = CARTESIAN_POINT('',(-675.9647286786,140.,4.080747838988));
#5297 = SURFACE_CURVE('',#5298,(#5302,#5309),.PCURVE_S1.);
#5298 = LINE('',#5299,#5300);
#5299 = CARTESIAN_POINT('',(-675.9647286786,-140.,4.080747838988));
#5300 = VECTOR('',#5301,1.);
#5301 = DIRECTION('',(0.,1.,0.));
#5302 = PCURVE('',#5270,#5303);
#5303 = DEFINITIONAL_REPRESENTATION('',(#5304),#5308);
#5304 = LINE('',#5305,#5306);
#5305 = CARTESIAN_POINT('',(0.,0.));
#5306 = VECTOR('',#5307,1.);
#5307 = DIRECTION('',(0.,-1.));
#5308 = ( GEOMETRIC_REPRESENTATION_CONTEXT(2) 
PARAMETRIC_REPRESENTATION_CONTEXT() REPRESENTATION_CONTEXT('2D SPACE',''
  ) );
#5309 = PCURVE('',#5310,#5315);
#5310 = PLANE('',#5311);
#5311 = AXIS2_PLACEMENT_3D('',#5312,#5313,#5314);
#5312 = CARTESIAN_POINT('',(-675.9647286786,-140.,4.080747838988));
#5313 = DIRECTION('',(0.,0.,1.));
#5314 = DIRECTION('',(1.,0.,0.));
#5315 = DEFINITIONAL_REPRESENTATION('',(#5316),#5320);
#5316 = LINE('',#5317,#5318);
#5317 = CARTESIAN_POINT('',(0.,0.));
#5318 = VECTOR('',#5319,1.);
#5319 = DIRECTION('',(0.,1.));
#5320 = ( GEOMETRIC_REPRESENTATION_CONTEXT(2) 
PARAMETRIC_REPRESENTATION_CONTEXT() REPRESENTATION_CONTEXT('2D SPACE',''
  ) );
#5321 = ORIENTED_EDGE('',*,*,#5322,.T.);
#5322 = EDGE_CURVE('',#5295,#5323,#5325,.T.);
#5323 = VERTEX_POINT('',#5324);
#5324 = CARTESIAN_POINT('',(-675.9647286786,140.,311.30856662165));
#5325 = SURFACE_CURVE('',#5326,(#5330,#5337),.PCURVE_S1.);
#5326 = LINE('',#5327,#5328);
#5327 = CARTESIAN_POINT('',(-675.9647286786,140.,4.080747838988));
#5328 = VECTOR('',#5329,1.);
#5329 = DIRECTION('',(0.,0.,1.));
#5330 = PCURVE('',#5270,#5331);
#5331 = DEFINITIONAL_REPRESENTATION('',(#5332),#5336);
#5332 = LINE('',#5333,#5334);
#5333 = CARTESIAN_POINT('',(0.,-280.));
#5334 = VECTOR('',#5335,1.);
#5335 = DIRECTION('',(1.,0.));
#5336 = ( GEOMETRIC_REPRESENTATION_CONTEXT(2) 
PARAMETRIC_REPRESENTATION_CONTEXT() REPRESENTATION_CONTEXT('2D SPACE',''
  ) );
#5337 = PCURVE('',#5338,#5343);
#5338 = PLANE('',#5339);
#5339 = AXIS2_PLACEMENT_3D('',#5340,#5341,#5342);
#5340 = CARTESIAN_POINT('',(-675.9647286786,140.,4.080747838988));
#5341 = DIRECTION('',(0.,1.,0.));
#5342 = DIRECTION('',(0.,0.,1.));
#5343 = DEFINITIONAL_REPRESENTATION('',(#5344),#5348);
#5344 = LINE('',#5345,#5346);
#5345 = CARTESIAN_POINT('',(0.,0.));
#5346 = VECTOR('',#5347,1.);
#5347 = DIRECTION('',(1.,0.));
#5348 = ( GEOMETRIC_REPRESENTATION_CONTEXT(2) 
PARAMETRIC_REPRESENTATION_CONTEXT() REPRESENTATION_CONTEXT('2D SPACE',''
  ) );
#5349 = ORIENTED_EDGE('',*,*,#5350,.F.);
#5350 = EDGE_CURVE('',#5262,#5323,#5351,.T.);
#5351 = SURFACE_CURVE('',#5352,(#5356,#5363),.PCURVE_S1.);
#5352 = LINE('',#5353,#5354);
#5353 = CARTESIAN_POINT('',(-675.9647286786,-140.,311.30856662165));
#5354 = VECTOR('',#5355,1.);
#5355 = DIRECTION('',(0.,1.,0.));
#5356 = PCURVE('',#5270,#5357);
#5357 = DEFINITIONAL_REPRESENTATION('',(#5358),#5362);
#5358 = LINE('',#5359,#5360);
#5359 = CARTESIAN_POINT('',(307.22781878266,0.));
#5360 = VECTOR('',#5361,1.);
#5361 = DIRECTION('',(0.,-1.));
#5362 = ( GEOMETRIC_REPRESENTATION_CONTEXT(2) 
PARAMETRIC_REPRESENTATION_CONTEXT() REPRESENTATION_CONTEXT('2D SPACE',''
  ) );
#5363 = PCURVE('',#5364,#5369);
#5364 = PLANE('',#5365);
#5365 = AXIS2_PLACEMENT_3D('',#5366,#5367,#5368);
#5366 = CARTESIAN_POINT('',(-675.9647286786,-140.,311.30856662165));
#5367 = DIRECTION('',(0.,0.,1.));
#5368 = DIRECTION('',(1.,0.,0.));
#5369 = DEFINITIONAL_REPRESENTATION('',(#5370),#5374);
#5370 = LINE('',#5371,#5372);
#5371 = CARTESIAN_POINT('',(0.,0.));
#5372 = VECTOR('',#5373,1.);
#5373 = DIRECTION('',(0.,1.));
#5374 = ( GEOMETRIC_REPRESENTATION_CONTEXT(2) 
PARAMETRIC_REPRESENTATION_CONTEXT() REPRESENTATION_CONTEXT('2D SPACE',''
  ) );
#5375 = ADVANCED_FACE('',(#5376),#5310,.F.);
#5376 = FACE_BOUND('',#5377,.F.);
#5377 = EDGE_LOOP('',(#5378,#5401,#5402,#5425));
#5378 = ORIENTED_EDGE('',*,*,#5379,.F.);
#5379 = EDGE_CURVE('',#5295,#5380,#5382,.T.);
#5380 = VERTEX_POINT('',#5381);
#5381 = CARTESIAN_POINT('',(-436.0376454069,140.,4.080747838988));
#5382 = SURFACE_CURVE('',#5383,(#5387,#5394),.PCURVE_S1.);
#5383 = LINE('',#5384,#5385);
#5384 = CARTESIAN_POINT('',(-675.9647286786,140.,4.080747838988));
#5385 = VECTOR('',#5386,1.);
#5386 = DIRECTION('',(1.,0.,0.));
#5387 = PCURVE('',#5310,#5388);
#5388 = DEFINITIONAL_REPRESENTATION('',(#5389),#5393);
#5389 = LINE('',#5390,#5391);
#5390 = CARTESIAN_POINT('',(0.,280.));
#5391 = VECTOR('',#5392,1.);
#5392 = DIRECTION('',(1.,0.));
#5393 = ( GEOMETRIC_REPRESENTATION_CONTEXT(2) 
PARAMETRIC_REPRESENTATION_CONTEXT() REPRESENTATION_CONTEXT('2D SPACE',''
  ) );
#5394 = PCURVE('',#5338,#5395);
#5395 = DEFINITIONAL_REPRESENTATION('',(#5396),#5400);
#5396 = LINE('',#5397,#5398);
#5397 = CARTESIAN_POINT('',(0.,0.));
#5398 = VECTOR('',#5399,1.);
#5399 = DIRECTION('',(0.,1.));
#5400 = ( GEOMETRIC_REPRESENTATION_CONTEXT(2) 
PARAMETRIC_REPRESENTATION_CONTEXT() REPRESENTATION_CONTEXT('2D SPACE',''
  ) );
#5401 = ORIENTED_EDGE('',*,*,#5294,.F.);
#5402 = ORIENTED_EDGE('',*,*,#5403,.T.);
#5403 = EDGE_CURVE('',#5260,#5404,#5406,.T.);
#5404 = VERTEX_POINT('',#5405);
#5405 = CARTESIAN_POINT('',(-436.0376454069,-140.,4.080747838988));
#5406 = SURFACE_CURVE('',#5407,(#5411,#5418),.PCURVE_S1.);
#5407 = LINE('',#5408,#5409);
#5408 = CARTESIAN_POINT('',(-675.9647286786,-140.,4.080747838988));
#5409 = VECTOR('',#5410,1.);
#5410 = DIRECTION('',(1.,0.,0.));
#5411 = PCURVE('',#5310,#5412);
#5412 = DEFINITIONAL_REPRESENTATION('',(#5413),#5417);
#5413 = LINE('',#5414,#5415);
#5414 = CARTESIAN_POINT('',(0.,0.));
#5415 = VECTOR('',#5416,1.);
#5416 = DIRECTION('',(1.,0.));
#5417 = ( GEOMETRIC_REPRESENTATION_CONTEXT(2) 
PARAMETRIC_REPRESENTATION_CONTEXT() REPRESENTATION_CONTEXT('2D SPACE',''
  ) );
#5418 = PCURVE('',#5282,#5419);
#5419 = DEFINITIONAL_REPRESENTATION('',(#5420),#5424);
#5420 = LINE('',#5421,#5422);
#5421 = CARTESIAN_POINT('',(0.,0.));
#5422 = VECTOR('',#5423,1.);
#5423 = DIRECTION('',(0.,1.));
#5424 = ( GEOMETRIC_REPRESENTATION_CONTEXT(2) 
PARAMETRIC_REPRESENTATION_CONTEXT() REPRESENTATION_CONTEXT('2D SPACE',''
  ) );
#5425 = ORIENTED_EDGE('',*,*,#5426,.F.);
#5426 = EDGE_CURVE('',#5380,#5404,#5427,.T.);
#5427 = SURFACE_CURVE('',#5428,(#5432,#5438),.PCURVE_S1.);
#5428 = LINE('',#5429,#5430);
#5429 = CARTESIAN_POINT('',(-436.0376454069,-70.,4.080747838988));
#5430 = VECTOR('',#5431,1.);
#5431 = DIRECTION('',(0.,-1.,0.));
#5432 = PCURVE('',#5310,#5433);
#5433 = DEFINITIONAL_REPRESENTATION('',(#5434),#5437);
#5434 = B_SPLINE_CURVE_WITH_KNOTS('',1,(#5435,#5436),.UNSPECIFIED.,.F.,
  .F.,(2,2),(-210.,70.),.PIECEWISE_BEZIER_KNOTS.);
#5435 = CARTESIAN_POINT('',(239.92708327169,280.));
#5436 = CARTESIAN_POINT('',(239.92708327169,0.));
#5437 = ( GEOMETRIC_REPRESENTATION_CONTEXT(2) 
PARAMETRIC_REPRESENTATION_CONTEXT() REPRESENTATION_CONTEXT('2D SPACE',''
  ) );
#5438 = PCURVE('',#5439,#5444);
#5439 = PLANE('',#5440);
#5440 = AXIS2_PLACEMENT_3D('',#5441,#5442,#5443);
#5441 = CARTESIAN_POINT('',(-365.418183057,0.,162.69465723032));
#5442 = DIRECTION('',(-0.913545457643,0.,0.406736643076));
#5443 = DIRECTION('',(0.406736643076,0.,0.913545457643));
#5444 = DEFINITIONAL_REPRESENTATION('',(#5445),#5449);
#5445 = LINE('',#5446,#5447);
#5446 = CARTESIAN_POINT('',(-173.6245394954,-70.));
#5447 = VECTOR('',#5448,1.);
#5448 = DIRECTION('',(0.,-1.));
#5449 = ( GEOMETRIC_REPRESENTATION_CONTEXT(2) 
PARAMETRIC_REPRESENTATION_CONTEXT() REPRESENTATION_CONTEXT('2D SPACE',''
  ) );
#5450 = ADVANCED_FACE('',(#5451,#5523),#5439,.F.);
#5451 = FACE_BOUND('',#5452,.F.);
#5452 = EDGE_LOOP('',(#5453,#5482,#5502,#5503));
#5453 = ORIENTED_EDGE('',*,*,#5454,.F.);
#5454 = EDGE_CURVE('',#5455,#5457,#5459,.T.);
#5455 = VERTEX_POINT('',#5456);
#5456 = CARTESIAN_POINT('',(-325.9647286786,140.,251.30856662165));
#5457 = VERTEX_POINT('',#5458);
#5458 = CARTESIAN_POINT('',(-325.9647286786,-140.,251.30856662165));
#5459 = SURFACE_CURVE('',#5460,(#5464,#5471),.PCURVE_S1.);
#5460 = LINE('',#5461,#5462);
#5461 = CARTESIAN_POINT('',(-325.9647286786,-70.,251.30856662165));
#5462 = VECTOR('',#5463,1.);
#5463 = DIRECTION('',(0.,-1.,0.));
#5464 = PCURVE('',#5439,#5465);
#5465 = DEFINITIONAL_REPRESENTATION('',(#5466),#5470);
#5466 = LINE('',#5467,#5468);
#5467 = CARTESIAN_POINT('',(97.,-70.));
#5468 = VECTOR('',#5469,1.);
#5469 = DIRECTION('',(0.,-1.));
#5470 = ( GEOMETRIC_REPRESENTATION_CONTEXT(2) 
PARAMETRIC_REPRESENTATION_CONTEXT() REPRESENTATION_CONTEXT('2D SPACE',''
  ) );
#5471 = PCURVE('',#5472,#5477);
#5472 = PLANE('',#5473);
#5473 = AXIS2_PLACEMENT_3D('',#5474,#5475,#5476);
#5474 = CARTESIAN_POINT('',(-325.9647286786,-140.,4.080747838988));
#5475 = DIRECTION('',(1.,0.,0.));
#5476 = DIRECTION('',(0.,0.,1.));
#5477 = DEFINITIONAL_REPRESENTATION('',(#5478),#5481);
#5478 = B_SPLINE_CURVE_WITH_KNOTS('',1,(#5479,#5480),.UNSPECIFIED.,.F.,
  .F.,(2,2),(-210.,70.),.PIECEWISE_BEZIER_KNOTS.);
#5479 = CARTESIAN_POINT('',(247.22781878266,-280.));
#5480 = CARTESIAN_POINT('',(247.22781878266,0.));
#5481 = ( GEOMETRIC_REPRESENTATION_CONTEXT(2) 
PARAMETRIC_REPRESENTATION_CONTEXT() REPRESENTATION_CONTEXT('2D SPACE',''
  ) );
#5482 = ORIENTED_EDGE('',*,*,#5483,.F.);
#5483 = EDGE_CURVE('',#5380,#5455,#5484,.T.);
#5484 = SURFACE_CURVE('',#5485,(#5489,#5496),.PCURVE_S1.);
#5485 = LINE('',#5486,#5487);
#5486 = CARTESIAN_POINT('',(-420.574046372,140.,38.812559928343));
#5487 = VECTOR('',#5488,1.);
#5488 = DIRECTION('',(0.406736643076,-0.,0.913545457643));
#5489 = PCURVE('',#5439,#5490);
#5490 = DEFINITIONAL_REPRESENTATION('',(#5491),#5495);
#5491 = LINE('',#5492,#5493);
#5492 = CARTESIAN_POINT('',(-135.6058379641,140.));
#5493 = VECTOR('',#5494,1.);
#5494 = DIRECTION('',(1.,0.));
#5495 = ( GEOMETRIC_REPRESENTATION_CONTEXT(2) 
PARAMETRIC_REPRESENTATION_CONTEXT() REPRESENTATION_CONTEXT('2D SPACE',''
  ) );
#5496 = PCURVE('',#5338,#5497);
#5497 = DEFINITIONAL_REPRESENTATION('',(#5498),#5501);
#5498 = B_SPLINE_CURVE_WITH_KNOTS('',1,(#5499,#5500),.UNSPECIFIED.,.F.,
  .F.,(2,2),(-38.01870153126,232.60583796416),.PIECEWISE_BEZIER_KNOTS.);
#5499 = CARTESIAN_POINT('',(-1.42108547152E-14,239.92708327169));
#5500 = CARTESIAN_POINT('',(247.22781878266,350.));
#5501 = ( GEOMETRIC_REPRESENTATION_CONTEXT(2) 
PARAMETRIC_REPRESENTATION_CONTEXT() REPRESENTATION_CONTEXT('2D SPACE',''
  ) );
#5502 = ORIENTED_EDGE('',*,*,#5426,.T.);
#5503 = ORIENTED_EDGE('',*,*,#5504,.T.);
#5504 = EDGE_CURVE('',#5404,#5457,#5505,.T.);
#5505 = SURFACE_CURVE('',#5506,(#5510,#5517),.PCURVE_S1.);
#5506 = LINE('',#5507,#5508);
#5507 = CARTESIAN_POINT('',(-420.574046372,-140.,38.812559928343));
#5508 = VECTOR('',#5509,1.);
#5509 = DIRECTION('',(0.406736643076,-0.,0.913545457643));
#5510 = PCURVE('',#5439,#5511);
#5511 = DEFINITIONAL_REPRESENTATION('',(#5512),#5516);
#5512 = LINE('',#5513,#5514);
#5513 = CARTESIAN_POINT('',(-135.6058379641,-140.));
#5514 = VECTOR('',#5515,1.);
#5515 = DIRECTION('',(1.,0.));
#5516 = ( GEOMETRIC_REPRESENTATION_CONTEXT(2) 
PARAMETRIC_REPRESENTATION_CONTEXT() REPRESENTATION_CONTEXT('2D SPACE',''
  ) );
#5517 = PCURVE('',#5282,#5518);
#5518 = DEFINITIONAL_REPRESENTATION('',(#5519),#5522);
#5519 = B_SPLINE_CURVE_WITH_KNOTS('',1,(#5520,#5521),.UNSPECIFIED.,.F.,
  .F.,(2,2),(-38.01870153126,232.60583796416),.PIECEWISE_BEZIER_KNOTS.);
#5520 = CARTESIAN_POINT('',(-1.42108547152E-14,239.92708327169));
#5521 = CARTESIAN_POINT('',(247.22781878266,350.));
#5522 = ( GEOMETRIC_REPRESENTATION_CONTEXT(2) 
PARAMETRIC_REPRESENTATION_CONTEXT() REPRESENTATION_CONTEXT('2D SPACE',''
  ) );
#5523 = FACE_BOUND('',#5524,.F.);
#5524 = EDGE_LOOP('',(#5525));
#5525 = ORIENTED_EDGE('',*,*,#5526,.F.);
#5526 = EDGE_CURVE('',#5527,#5527,#5529,.T.);
#5527 = VERTEX_POINT('',#5528);
#5528 = CARTESIAN_POINT('',(-344.267877617,0.,210.19902102773));
#5529 = SURFACE_CURVE('',#5530,(#5535,#5542),.PCURVE_S1.);
#5530 = CIRCLE('',#5531,52.);
#5531 = AXIS2_PLACEMENT_3D('',#5532,#5533,#5534);
#5532 = CARTESIAN_POINT('',(-365.418183057,-2.84217094304E-14,
    162.69465723032));
#5533 = DIRECTION('',(-0.913545457643,-6.680882032077E-16,0.406736643076
    ));
#5534 = DIRECTION('',(0.406736643076,7.915006950295E-16,0.913545457643)
  );
#5535 = PCURVE('',#5439,#5536);
#5536 = DEFINITIONAL_REPRESENTATION('',(#5537),#5541);
#5537 = CIRCLE('',#5538,52.);
#5538 = AXIS2_PLACEMENT_2D('',#5539,#5540);
#5539 = CARTESIAN_POINT('',(-2.596452354858E-14,-2.84217094304E-14));
#5540 = DIRECTION('',(1.,7.915006950295E-16));
#5541 = ( GEOMETRIC_REPRESENTATION_CONTEXT(2) 
PARAMETRIC_REPRESENTATION_CONTEXT() REPRESENTATION_CONTEXT('2D SPACE',''
  ) );
#5542 = PCURVE('',#5543,#5548);
#5543 = CYLINDRICAL_SURFACE('',#5544,52.);
#5544 = AXIS2_PLACEMENT_3D('',#5545,#5546,#5547);
#5545 = CARTESIAN_POINT('',(22.838636441065,0.,-10.16841607689));
#5546 = DIRECTION('',(0.913545457643,-0.,-0.406736643076));
#5547 = DIRECTION('',(0.406736643076,0.,0.913545457643));
#5548 = DEFINITIONAL_REPRESENTATION('',(#5549),#5553);
#5549 = LINE('',#5550,#5551);
#5550 = CARTESIAN_POINT('',(-0.,-425.));
#5551 = VECTOR('',#5552,1.);
#5552 = DIRECTION('',(-1.,-0.));
#5553 = ( GEOMETRIC_REPRESENTATION_CONTEXT(2) 
PARAMETRIC_REPRESENTATION_CONTEXT() REPRESENTATION_CONTEXT('2D SPACE',''
  ) );
#5554 = ADVANCED_FACE('',(#5555),#5543,.F.);
#5555 = FACE_BOUND('',#5556,.T.);
#5556 = EDGE_LOOP('',(#5557,#5558,#5581,#5608));
#5557 = ORIENTED_EDGE('',*,*,#5526,.F.);
#5558 = ORIENTED_EDGE('',*,*,#5559,.T.);
#5559 = EDGE_CURVE('',#5527,#5560,#5562,.T.);
#5560 = VERTEX_POINT('',#5561);
#5561 = CARTESIAN_POINT('',(-367.1065140581,0.,220.36743710463));
#5562 = SEAM_CURVE('',#5563,(#5567,#5574),.PCURVE_S1.);
#5563 = LINE('',#5564,#5565);
#5564 = CARTESIAN_POINT('',(43.988941881007,0.,37.33594772052));
#5565 = VECTOR('',#5566,1.);
#5566 = DIRECTION('',(-0.913545457643,0.,0.406736643076));
#5567 = PCURVE('',#5543,#5568);
#5568 = DEFINITIONAL_REPRESENTATION('',(#5569),#5573);
#5569 = LINE('',#5570,#5571);
#5570 = CARTESIAN_POINT('',(-0.,0.));
#5571 = VECTOR('',#5572,1.);
#5572 = DIRECTION('',(-0.,-1.));
#5573 = ( GEOMETRIC_REPRESENTATION_CONTEXT(2) 
PARAMETRIC_REPRESENTATION_CONTEXT() REPRESENTATION_CONTEXT('2D SPACE',''
  ) );
#5574 = PCURVE('',#5543,#5575);
#5575 = DEFINITIONAL_REPRESENTATION('',(#5576),#5580);
#5576 = LINE('',#5577,#5578);
#5577 = CARTESIAN_POINT('',(-6.28318530718,0.));
#5578 = VECTOR('',#5579,1.);
#5579 = DIRECTION('',(-0.,-1.));
#5580 = ( GEOMETRIC_REPRESENTATION_CONTEXT(2) 
PARAMETRIC_REPRESENTATION_CONTEXT() REPRESENTATION_CONTEXT('2D SPACE',''
  ) );
#5581 = ORIENTED_EDGE('',*,*,#5582,.T.);
#5582 = EDGE_CURVE('',#5560,#5560,#5583,.T.);
#5583 = SURFACE_CURVE('',#5584,(#5589,#5596),.PCURVE_S1.);
#5584 = CIRCLE('',#5585,52.);
#5585 = AXIS2_PLACEMENT_3D('',#5586,#5587,#5588);
#5586 = CARTESIAN_POINT('',(-388.2568194981,0.,172.86307330721));
#5587 = DIRECTION('',(-0.913545457643,0.,0.406736643076));
#5588 = DIRECTION('',(0.406736643076,0.,0.913545457643));
#5589 = PCURVE('',#5543,#5590);
#5590 = DEFINITIONAL_REPRESENTATION('',(#5591),#5595);
#5591 = LINE('',#5592,#5593);
#5592 = CARTESIAN_POINT('',(-0.,-450.));
#5593 = VECTOR('',#5594,1.);
#5594 = DIRECTION('',(-1.,0.));
#5595 = ( GEOMETRIC_REPRESENTATION_CONTEXT(2) 
PARAMETRIC_REPRESENTATION_CONTEXT() REPRESENTATION_CONTEXT('2D SPACE',''
  ) );
#5596 = PCURVE('',#5597,#5602);
#5597 = PLANE('',#5598);
#5598 = AXIS2_PLACEMENT_3D('',#5599,#5600,#5601);
#5599 = CARTESIAN_POINT('',(-388.2568194981,4.609291841672E-15,
    172.86307330721));
#5600 = DIRECTION('',(-0.913545457643,0.,0.406736643076));
#5601 = DIRECTION('',(0.406736643076,0.,0.913545457643));
#5602 = DEFINITIONAL_REPRESENTATION('',(#5603),#5607);
#5603 = CIRCLE('',#5604,52.);
#5604 = AXIS2_PLACEMENT_2D('',#5605,#5606);
#5605 = CARTESIAN_POINT('',(0.,-4.609291841672E-15));
#5606 = DIRECTION('',(1.,0.));
#5607 = ( GEOMETRIC_REPRESENTATION_CONTEXT(2) 
PARAMETRIC_REPRESENTATION_CONTEXT() REPRESENTATION_CONTEXT('2D SPACE',''
  ) );
#5608 = ORIENTED_EDGE('',*,*,#5559,.F.);
#5609 = ADVANCED_FACE('',(#5610),#5597,.F.);
#5610 = FACE_BOUND('',#5611,.F.);
#5611 = EDGE_LOOP('',(#5612));
#5612 = ORIENTED_EDGE('',*,*,#5582,.T.);
#5613 = ADVANCED_FACE('',(#5614),#5472,.T.);
#5614 = FACE_BOUND('',#5615,.T.);
#5615 = EDGE_LOOP('',(#5616,#5639,#5640,#5663));
#5616 = ORIENTED_EDGE('',*,*,#5617,.F.);
#5617 = EDGE_CURVE('',#5457,#5618,#5620,.T.);
#5618 = VERTEX_POINT('',#5619);
#5619 = CARTESIAN_POINT('',(-325.9647286786,-140.,311.30856662165));
#5620 = SURFACE_CURVE('',#5621,(#5625,#5632),.PCURVE_S1.);
#5621 = LINE('',#5622,#5623);
#5622 = CARTESIAN_POINT('',(-325.9647286786,-140.,4.080747838988));
#5623 = VECTOR('',#5624,1.);
#5624 = DIRECTION('',(0.,0.,1.));
#5625 = PCURVE('',#5472,#5626);
#5626 = DEFINITIONAL_REPRESENTATION('',(#5627),#5631);
#5627 = LINE('',#5628,#5629);
#5628 = CARTESIAN_POINT('',(0.,0.));
#5629 = VECTOR('',#5630,1.);
#5630 = DIRECTION('',(1.,0.));
#5631 = ( GEOMETRIC_REPRESENTATION_CONTEXT(2) 
PARAMETRIC_REPRESENTATION_CONTEXT() REPRESENTATION_CONTEXT('2D SPACE',''
  ) );
#5632 = PCURVE('',#5282,#5633);
#5633 = DEFINITIONAL_REPRESENTATION('',(#5634),#5638);
#5634 = LINE('',#5635,#5636);
#5635 = CARTESIAN_POINT('',(0.,350.));
#5636 = VECTOR('',#5637,1.);
#5637 = DIRECTION('',(1.,0.));
#5638 = ( GEOMETRIC_REPRESENTATION_CONTEXT(2) 
PARAMETRIC_REPRESENTATION_CONTEXT() REPRESENTATION_CONTEXT('2D SPACE',''
  ) );
#5639 = ORIENTED_EDGE('',*,*,#5454,.F.);
#5640 = ORIENTED_EDGE('',*,*,#5641,.T.);
#5641 = EDGE_CURVE('',#5455,#5642,#5644,.T.);
#5642 = VERTEX_POINT('',#5643);
#5643 = CARTESIAN_POINT('',(-325.9647286786,140.,311.30856662165));
#5644 = SURFACE_CURVE('',#5645,(#5649,#5656),.PCURVE_S1.);
#5645 = LINE('',#5646,#5647);
#5646 = CARTESIAN_POINT('',(-325.9647286786,140.,4.080747838988));
#5647 = VECTOR('',#5648,1.);
#5648 = DIRECTION('',(0.,0.,1.));
#5649 = PCURVE('',#5472,#5650);
#5650 = DEFINITIONAL_REPRESENTATION('',(#5651),#5655);
#5651 = LINE('',#5652,#5653);
#5652 = CARTESIAN_POINT('',(0.,-280.));
#5653 = VECTOR('',#5654,1.);
#5654 = DIRECTION('',(1.,0.));
#5655 = ( GEOMETRIC_REPRESENTATION_CONTEXT(2) 
PARAMETRIC_REPRESENTATION_CONTEXT() REPRESENTATION_CONTEXT('2D SPACE',''
  ) );
#5656 = PCURVE('',#5338,#5657);
#5657 = DEFINITIONAL_REPRESENTATION('',(#5658),#5662);
#5658 = LINE('',#5659,#5660);
#5659 = CARTESIAN_POINT('',(0.,350.));
#5660 = VECTOR('',#5661,1.);
#5661 = DIRECTION('',(1.,0.));
#5662 = ( GEOMETRIC_REPRESENTATION_CONTEXT(2) 
PARAMETRIC_REPRESENTATION_CONTEXT() REPRESENTATION_CONTEXT('2D SPACE',''
  ) );
#5663 = ORIENTED_EDGE('',*,*,#5664,.F.);
#5664 = EDGE_CURVE('',#5618,#5642,#5665,.T.);
#5665 = SURFACE_CURVE('',#5666,(#5670,#5677),.PCURVE_S1.);
#5666 = LINE('',#5667,#5668);
#5667 = CARTESIAN_POINT('',(-325.9647286786,-140.,311.30856662165));
#5668 = VECTOR('',#5669,1.);
#5669 = DIRECTION('',(0.,1.,0.));
#5670 = PCURVE('',#5472,#5671);
#5671 = DEFINITIONAL_REPRESENTATION('',(#5672),#5676);
#5672 = LINE('',#5673,#5674);
#5673 = CARTESIAN_POINT('',(307.22781878266,0.));
#5674 = VECTOR('',#5675,1.);
#5675 = DIRECTION('',(0.,-1.));
#5676 = ( GEOMETRIC_REPRESENTATION_CONTEXT(2) 
PARAMETRIC_REPRESENTATION_CONTEXT() REPRESENTATION_CONTEXT('2D SPACE',''
  ) );
#5677 = PCURVE('',#5364,#5678);
#5678 = DEFINITIONAL_REPRESENTATION('',(#5679),#5683);
#5679 = LINE('',#5680,#5681);
#5680 = CARTESIAN_POINT('',(350.,0.));
#5681 = VECTOR('',#5682,1.);
#5682 = DIRECTION('',(0.,1.));
#5683 = ( GEOMETRIC_REPRESENTATION_CONTEXT(2) 
PARAMETRIC_REPRESENTATION_CONTEXT() REPRESENTATION_CONTEXT('2D SPACE',''
  ) );
#5684 = ADVANCED_FACE('',(#5685),#5338,.T.);
#5685 = FACE_BOUND('',#5686,.T.);
#5686 = EDGE_LOOP('',(#5687,#5688,#5689,#5710,#5711));
#5687 = ORIENTED_EDGE('',*,*,#5379,.F.);
#5688 = ORIENTED_EDGE('',*,*,#5322,.T.);
#5689 = ORIENTED_EDGE('',*,*,#5690,.T.);
#5690 = EDGE_CURVE('',#5323,#5642,#5691,.T.);
#5691 = SURFACE_CURVE('',#5692,(#5696,#5703),.PCURVE_S1.);
#5692 = LINE('',#5693,#5694);
#5693 = CARTESIAN_POINT('',(-675.9647286786,140.,311.30856662165));
#5694 = VECTOR('',#5695,1.);
#5695 = DIRECTION('',(1.,0.,0.));
#5696 = PCURVE('',#5338,#5697);
#5697 = DEFINITIONAL_REPRESENTATION('',(#5698),#5702);
#5698 = LINE('',#5699,#5700);
#5699 = CARTESIAN_POINT('',(307.22781878266,0.));
#5700 = VECTOR('',#5701,1.);
#5701 = DIRECTION('',(0.,1.));
#5702 = ( GEOMETRIC_REPRESENTATION_CONTEXT(2) 
PARAMETRIC_REPRESENTATION_CONTEXT() REPRESENTATION_CONTEXT('2D SPACE',''
  ) );
#5703 = PCURVE('',#5364,#5704);
#5704 = DEFINITIONAL_REPRESENTATION('',(#5705),#5709);
#5705 = LINE('',#5706,#5707);
#5706 = CARTESIAN_POINT('',(0.,280.));
#5707 = VECTOR('',#5708,1.);
#5708 = DIRECTION('',(1.,0.));
#5709 = ( GEOMETRIC_REPRESENTATION_CONTEXT(2) 
PARAMETRIC_REPRESENTATION_CONTEXT() REPRESENTATION_CONTEXT('2D SPACE',''
  ) );
#5710 = ORIENTED_EDGE('',*,*,#5641,.F.);
#5711 = ORIENTED_EDGE('',*,*,#5483,.F.);
#5712 = ADVANCED_FACE('',(#5713),#5364,.T.);
#5713 = FACE_BOUND('',#5714,.T.);
#5714 = EDGE_LOOP('',(#5715,#5716,#5737,#5738));
#5715 = ORIENTED_EDGE('',*,*,#5350,.F.);
#5716 = ORIENTED_EDGE('',*,*,#5717,.T.);
#5717 = EDGE_CURVE('',#5262,#5618,#5718,.T.);
#5718 = SURFACE_CURVE('',#5719,(#5723,#5730),.PCURVE_S1.);
#5719 = LINE('',#5720,#5721);
#5720 = CARTESIAN_POINT('',(-675.9647286786,-140.,311.30856662165));
#5721 = VECTOR('',#5722,1.);
#5722 = DIRECTION('',(1.,0.,0.));
#5723 = PCURVE('',#5364,#5724);
#5724 = DEFINITIONAL_REPRESENTATION('',(#5725),#5729);
#5725 = LINE('',#5726,#5727);
#5726 = CARTESIAN_POINT('',(0.,0.));
#5727 = VECTOR('',#5728,1.);
#5728 = DIRECTION('',(1.,0.));
#5729 = ( GEOMETRIC_REPRESENTATION_CONTEXT(2) 
PARAMETRIC_REPRESENTATION_CONTEXT() REPRESENTATION_CONTEXT('2D SPACE',''
  ) );
#5730 = PCURVE('',#5282,#5731);
#5731 = DEFINITIONAL_REPRESENTATION('',(#5732),#5736);
#5732 = LINE('',#5733,#5734);
#5733 = CARTESIAN_POINT('',(307.22781878266,0.));
#5734 = VECTOR('',#5735,1.);
#5735 = DIRECTION('',(0.,1.));
#5736 = ( GEOMETRIC_REPRESENTATION_CONTEXT(2) 
PARAMETRIC_REPRESENTATION_CONTEXT() REPRESENTATION_CONTEXT('2D SPACE',''
  ) );
#5737 = ORIENTED_EDGE('',*,*,#5664,.T.);
#5738 = ORIENTED_EDGE('',*,*,#5690,.F.);
#5739 = ADVANCED_FACE('',(#5740),#5282,.F.);
#5740 = FACE_BOUND('',#5741,.F.);
#5741 = EDGE_LOOP('',(#5742,#5743,#5744,#5745,#5746));
#5742 = ORIENTED_EDGE('',*,*,#5403,.F.);
#5743 = ORIENTED_EDGE('',*,*,#5259,.T.);
#5744 = ORIENTED_EDGE('',*,*,#5717,.T.);
#5745 = ORIENTED_EDGE('',*,*,#5617,.F.);
#5746 = ORIENTED_EDGE('',*,*,#5504,.F.);
#5747 = ( GEOMETRIC_REPRESENTATION_CONTEXT(3) 
GLOBAL_UNCERTAINTY_ASSIGNED_CONTEXT((#5751)) 
GLOBAL_UNIT_ASSIGNED_CONTEXT((#5748,#5749,#5750)) REPRESENTATION_CONTEXT
('Context #1','3D Context with UNIT and UNCERTAINTY') );
#5748 = ( LENGTH_UNIT() NAMED_UNIT(*) SI_UNIT(.MILLI.,.METRE.) );
#5749 = ( NAMED_UNIT(*) PLANE_ANGLE_UNIT() SI_UNIT($,.RADIAN.) );
#5750 = ( NAMED_UNIT(*) SI_UNIT($,.STERADIAN.) SOLID_ANGLE_UNIT() );
#5751 = UNCERTAINTY_MEASURE_WITH_UNIT(LENGTH_MEASURE(1.E-07),#5748,
  'distance_accuracy_value','confusion accuracy');
#5752 = CONTEXT_DEPENDENT_SHAPE_REPRESENTATION(#5753,#5755);
#5753 = ( REPRESENTATION_RELATIONSHIP('','',#5252,#10) 
REPRESENTATION_RELATIONSHIP_WITH_TRANSFORMATION(#5754) 
SHAPE_REPRESENTATION_RELATIONSHIP() );
#5754 = ITEM_DEFINED_TRANSFORMATION('','',#11,#19);
#5755 = PRODUCT_DEFINITION_SHAPE('Placement','Placement of an item',
  #5756);
#5756 = NEXT_ASSEMBLY_USAGE_OCCURRENCE('2','','',#5,#5247,$);
#5757 = PRODUCT_RELATED_PRODUCT_CATEGORY('part',$,(#5249));
#5758 = SHAPE_DEFINITION_REPRESENTATION(#5759,#5765);
#5759 = PRODUCT_DEFINITION_SHAPE('','',#5760);
#5760 = PRODUCT_DEFINITION('design','',#5761,#5764);
#5761 = PRODUCT_DEFINITION_FORMATION('','',#5762);
#5762 = PRODUCT('Open CASCADE STEP translator 7.9 1.3',
  'Open CASCADE STEP translator 7.9 1.3','',(#5763));
#5763 = PRODUCT_CONTEXT('',#2,'mechanical');
#5764 = PRODUCT_DEFINITION_CONTEXT('part definition',#2,'design');
#5765 = ADVANCED_BREP_SHAPE_REPRESENTATION('',(#11,#5766),#6264);
#5766 = MANIFOLD_SOLID_BREP('',#5767);
#5767 = CLOSED_SHELL('',(#5768,#5887,#5963,#6039,#6109,#6136,#6197,#6252
    ,#6256));
#5768 = ADVANCED_FACE('',(#5769),#5783,.F.);
#5769 = FACE_BOUND('',#5770,.F.);
#5770 = EDGE_LOOP('',(#5771,#5806,#5834,#5862));
#5771 = ORIENTED_EDGE('',*,*,#5772,.F.);
#5772 = EDGE_CURVE('',#5773,#5775,#5777,.T.);
#5773 = VERTEX_POINT('',#5774);
#5774 = CARTESIAN_POINT('',(-39.45345437835,-140.,-158.6139093913));
#5775 = VERTEX_POINT('',#5776);
#5776 = CARTESIAN_POINT('',(-39.45345437835,-140.,-88.61390939133));
#5777 = SURFACE_CURVE('',#5778,(#5782,#5794),.PCURVE_S1.);
#5778 = LINE('',#5779,#5780);
#5779 = CARTESIAN_POINT('',(-39.45345437835,-140.,-158.6139093913));
#5780 = VECTOR('',#5781,1.);
#5781 = DIRECTION('',(0.,0.,1.));
#5782 = PCURVE('',#5783,#5788);
#5783 = PLANE('',#5784);
#5784 = AXIS2_PLACEMENT_3D('',#5785,#5786,#5787);
#5785 = CARTESIAN_POINT('',(-39.45345437835,-140.,-158.6139093913));
#5786 = DIRECTION('',(1.,0.,0.));
#5787 = DIRECTION('',(0.,0.,1.));
#5788 = DEFINITIONAL_REPRESENTATION('',(#5789),#5793);
#5789 = LINE('',#5790,#5791);
#5790 = CARTESIAN_POINT('',(0.,0.));
#5791 = VECTOR('',#5792,1.);
#5792 = DIRECTION('',(1.,0.));
#5793 = ( GEOMETRIC_REPRESENTATION_CONTEXT(2) 
PARAMETRIC_REPRESENTATION_CONTEXT() REPRESENTATION_CONTEXT('2D SPACE',''
  ) );
#5794 = PCURVE('',#5795,#5800);
#5795 = PLANE('',#5796);
#5796 = AXIS2_PLACEMENT_3D('',#5797,#5798,#5799);
#5797 = CARTESIAN_POINT('',(-39.45345437835,-140.,-158.6139093913));
#5798 = DIRECTION('',(0.,1.,0.));
#5799 = DIRECTION('',(0.,0.,1.));
#5800 = DEFINITIONAL_REPRESENTATION('',(#5801),#5805);
#5801 = LINE('',#5802,#5803);
#5802 = CARTESIAN_POINT('',(0.,0.));
#5803 = VECTOR('',#5804,1.);
#5804 = DIRECTION('',(1.,0.));
#5805 = ( GEOMETRIC_REPRESENTATION_CONTEXT(2) 
PARAMETRIC_REPRESENTATION_CONTEXT() REPRESENTATION_CONTEXT('2D SPACE',''
  ) );
#5806 = ORIENTED_EDGE('',*,*,#5807,.T.);
#5807 = EDGE_CURVE('',#5773,#5808,#5810,.T.);
#5808 = VERTEX_POINT('',#5809);
#5809 = CARTESIAN_POINT('',(-39.45345437835,140.,-158.6139093913));
#5810 = SURFACE_CURVE('',#5811,(#5815,#5822),.PCURVE_S1.);
#5811 = LINE('',#5812,#5813);
#5812 = CARTESIAN_POINT('',(-39.45345437835,-140.,-158.6139093913));
#5813 = VECTOR('',#5814,1.);
#5814 = DIRECTION('',(0.,1.,0.));
#5815 = PCURVE('',#5783,#5816);
#5816 = DEFINITIONAL_REPRESENTATION('',(#5817),#5821);
#5817 = LINE('',#5818,#5819);
#5818 = CARTESIAN_POINT('',(0.,0.));
#5819 = VECTOR('',#5820,1.);
#5820 = DIRECTION('',(0.,-1.));
#5821 = ( GEOMETRIC_REPRESENTATION_CONTEXT(2) 
PARAMETRIC_REPRESENTATION_CONTEXT() REPRESENTATION_CONTEXT('2D SPACE',''
  ) );
#5822 = PCURVE('',#5823,#5828);
#5823 = PLANE('',#5824);
#5824 = AXIS2_PLACEMENT_3D('',#5825,#5826,#5827);
#5825 = CARTESIAN_POINT('',(-39.45345437835,-140.,-158.6139093913));
#5826 = DIRECTION('',(0.,0.,1.));
#5827 = DIRECTION('',(1.,0.,0.));
#5828 = DEFINITIONAL_REPRESENTATION('',(#5829),#5833);
#5829 = LINE('',#5830,#5831);
#5830 = CARTESIAN_POINT('',(0.,0.));
#5831 = VECTOR('',#5832,1.);
#5832 = DIRECTION('',(0.,1.));
#5833 = ( GEOMETRIC_REPRESENTATION_CONTEXT(2) 
PARAMETRIC_REPRESENTATION_CONTEXT() REPRESENTATION_CONTEXT('2D SPACE',''
  ) );
#5834 = ORIENTED_EDGE('',*,*,#5835,.T.);
#5835 = EDGE_CURVE('',#5808,#5836,#5838,.T.);
#5836 = VERTEX_POINT('',#5837);
#5837 = CARTESIAN_POINT('',(-39.45345437835,140.,-88.61390939133));
#5838 = SURFACE_CURVE('',#5839,(#5843,#5850),.PCURVE_S1.);
#5839 = LINE('',#5840,#5841);
#5840 = CARTESIAN_POINT('',(-39.45345437835,140.,-158.6139093913));
#5841 = VECTOR('',#5842,1.);
#5842 = DIRECTION('',(0.,0.,1.));
#5843 = PCURVE('',#5783,#5844);
#5844 = DEFINITIONAL_REPRESENTATION('',(#5845),#5849);
#5845 = LINE('',#5846,#5847);
#5846 = CARTESIAN_POINT('',(0.,-280.));
#5847 = VECTOR('',#5848,1.);
#5848 = DIRECTION('',(1.,0.));
#5849 = ( GEOMETRIC_REPRESENTATION_CONTEXT(2) 
PARAMETRIC_REPRESENTATION_CONTEXT() REPRESENTATION_CONTEXT('2D SPACE',''
  ) );
#5850 = PCURVE('',#5851,#5856);
#5851 = PLANE('',#5852);
#5852 = AXIS2_PLACEMENT_3D('',#5853,#5854,#5855);
#5853 = CARTESIAN_POINT('',(-39.45345437835,140.,-158.6139093913));
#5854 = DIRECTION('',(0.,1.,0.));
#5855 = DIRECTION('',(0.,0.,1.));
#5856 = DEFINITIONAL_REPRESENTATION('',(#5857),#5861);
#5857 = LINE('',#5858,#5859);
#5858 = CARTESIAN_POINT('',(0.,0.));
#5859 = VECTOR('',#5860,1.);
#5860 = DIRECTION('',(1.,0.));
#5861 = ( GEOMETRIC_REPRESENTATION_CONTEXT(2) 
PARAMETRIC_REPRESENTATION_CONTEXT() REPRESENTATION_CONTEXT('2D SPACE',''
  ) );
#5862 = ORIENTED_EDGE('',*,*,#5863,.T.);
#5863 = EDGE_CURVE('',#5836,#5775,#5864,.T.);
#5864 = SURFACE_CURVE('',#5865,(#5869,#5875),.PCURVE_S1.);
#5865 = LINE('',#5866,#5867);
#5866 = CARTESIAN_POINT('',(-39.45345437835,-70.,-88.61390939133));
#5867 = VECTOR('',#5868,1.);
#5868 = DIRECTION('',(0.,-1.,0.));
#5869 = PCURVE('',#5783,#5870);
#5870 = DEFINITIONAL_REPRESENTATION('',(#5871),#5874);
#5871 = B_SPLINE_CURVE_WITH_KNOTS('',1,(#5872,#5873),.UNSPECIFIED.,.F.,
  .F.,(2,2),(-210.,70.),.PIECEWISE_BEZIER_KNOTS.);
#5872 = CARTESIAN_POINT('',(70.,-280.));
#5873 = CARTESIAN_POINT('',(70.,0.));
#5874 = ( GEOMETRIC_REPRESENTATION_CONTEXT(2) 
PARAMETRIC_REPRESENTATION_CONTEXT() REPRESENTATION_CONTEXT('2D SPACE',''
  ) );
#5875 = PCURVE('',#5876,#5881);
#5876 = PLANE('',#5877);
#5877 = AXIS2_PLACEMENT_3D('',#5878,#5879,#5880);
#5878 = CARTESIAN_POINT('',(0.,0.,0.));
#5879 = DIRECTION('',(-0.913545457643,0.,0.406736643076));
#5880 = DIRECTION('',(0.406736643076,0.,0.913545457643));
#5881 = DEFINITIONAL_REPRESENTATION('',(#5882),#5886);
#5882 = LINE('',#5883,#5884);
#5883 = CARTESIAN_POINT('',(-97.,-70.));
#5884 = VECTOR('',#5885,1.);
#5885 = DIRECTION('',(0.,-1.));
#5886 = ( GEOMETRIC_REPRESENTATION_CONTEXT(2) 
PARAMETRIC_REPRESENTATION_CONTEXT() REPRESENTATION_CONTEXT('2D SPACE',''
  ) );
#5887 = ADVANCED_FACE('',(#5888),#5823,.F.);
#5888 = FACE_BOUND('',#5889,.F.);
#5889 = EDGE_LOOP('',(#5890,#5891,#5914,#5942));
#5890 = ORIENTED_EDGE('',*,*,#5807,.F.);
#5891 = ORIENTED_EDGE('',*,*,#5892,.T.);
#5892 = EDGE_CURVE('',#5773,#5893,#5895,.T.);
#5893 = VERTEX_POINT('',#5894);
#5894 = CARTESIAN_POINT('',(410.54654562164,-140.,-158.6139093913));
#5895 = SURFACE_CURVE('',#5896,(#5900,#5907),.PCURVE_S1.);
#5896 = LINE('',#5897,#5898);
#5897 = CARTESIAN_POINT('',(-39.45345437835,-140.,-158.6139093913));
#5898 = VECTOR('',#5899,1.);
#5899 = DIRECTION('',(1.,0.,0.));
#5900 = PCURVE('',#5823,#5901);
#5901 = DEFINITIONAL_REPRESENTATION('',(#5902),#5906);
#5902 = LINE('',#5903,#5904);
#5903 = CARTESIAN_POINT('',(0.,0.));
#5904 = VECTOR('',#5905,1.);
#5905 = DIRECTION('',(1.,0.));
#5906 = ( GEOMETRIC_REPRESENTATION_CONTEXT(2) 
PARAMETRIC_REPRESENTATION_CONTEXT() REPRESENTATION_CONTEXT('2D SPACE',''
  ) );
#5907 = PCURVE('',#5795,#5908);
#5908 = DEFINITIONAL_REPRESENTATION('',(#5909),#5913);
#5909 = LINE('',#5910,#5911);
#5910 = CARTESIAN_POINT('',(0.,0.));
#5911 = VECTOR('',#5912,1.);
#5912 = DIRECTION('',(0.,1.));
#5913 = ( GEOMETRIC_REPRESENTATION_CONTEXT(2) 
PARAMETRIC_REPRESENTATION_CONTEXT() REPRESENTATION_CONTEXT('2D SPACE',''
  ) );
#5914 = ORIENTED_EDGE('',*,*,#5915,.T.);
#5915 = EDGE_CURVE('',#5893,#5916,#5918,.T.);
#5916 = VERTEX_POINT('',#5917);
#5917 = CARTESIAN_POINT('',(410.54654562164,140.,-158.6139093913));
#5918 = SURFACE_CURVE('',#5919,(#5923,#5930),.PCURVE_S1.);
#5919 = LINE('',#5920,#5921);
#5920 = CARTESIAN_POINT('',(410.54654562164,-140.,-158.6139093913));
#5921 = VECTOR('',#5922,1.);
#5922 = DIRECTION('',(0.,1.,0.));
#5923 = PCURVE('',#5823,#5924);
#5924 = DEFINITIONAL_REPRESENTATION('',(#5925),#5929);
#5925 = LINE('',#5926,#5927);
#5926 = CARTESIAN_POINT('',(450.,0.));
#5927 = VECTOR('',#5928,1.);
#5928 = DIRECTION('',(0.,1.));
#5929 = ( GEOMETRIC_REPRESENTATION_CONTEXT(2) 
PARAMETRIC_REPRESENTATION_CONTEXT() REPRESENTATION_CONTEXT('2D SPACE',''
  ) );
#5930 = PCURVE('',#5931,#5936);
#5931 = PLANE('',#5932);
#5932 = AXIS2_PLACEMENT_3D('',#5933,#5934,#5935);
#5933 = CARTESIAN_POINT('',(410.54654562164,-140.,-158.6139093913));
#5934 = DIRECTION('',(1.,0.,0.));
#5935 = DIRECTION('',(0.,0.,1.));
#5936 = DEFINITIONAL_REPRESENTATION('',(#5937),#5941);
#5937 = LINE('',#5938,#5939);
#5938 = CARTESIAN_POINT('',(0.,0.));
#5939 = VECTOR('',#5940,1.);
#5940 = DIRECTION('',(0.,-1.));
#5941 = ( GEOMETRIC_REPRESENTATION_CONTEXT(2) 
PARAMETRIC_REPRESENTATION_CONTEXT() REPRESENTATION_CONTEXT('2D SPACE',''
  ) );
#5942 = ORIENTED_EDGE('',*,*,#5943,.F.);
#5943 = EDGE_CURVE('',#5808,#5916,#5944,.T.);
#5944 = SURFACE_CURVE('',#5945,(#5949,#5956),.PCURVE_S1.);
#5945 = LINE('',#5946,#5947);
#5946 = CARTESIAN_POINT('',(-39.45345437835,140.,-158.6139093913));
#5947 = VECTOR('',#5948,1.);
#5948 = DIRECTION('',(1.,0.,0.));
#5949 = PCURVE('',#5823,#5950);
#5950 = DEFINITIONAL_REPRESENTATION('',(#5951),#5955);
#5951 = LINE('',#5952,#5953);
#5952 = CARTESIAN_POINT('',(0.,280.));
#5953 = VECTOR('',#5954,1.);
#5954 = DIRECTION('',(1.,0.));
#5955 = ( GEOMETRIC_REPRESENTATION_CONTEXT(2) 
PARAMETRIC_REPRESENTATION_CONTEXT() REPRESENTATION_CONTEXT('2D SPACE',''
  ) );
#5956 = PCURVE('',#5851,#5957);
#5957 = DEFINITIONAL_REPRESENTATION('',(#5958),#5962);
#5958 = LINE('',#5959,#5960);
#5959 = CARTESIAN_POINT('',(0.,0.));
#5960 = VECTOR('',#5961,1.);
#5961 = DIRECTION('',(0.,1.));
#5962 = ( GEOMETRIC_REPRESENTATION_CONTEXT(2) 
PARAMETRIC_REPRESENTATION_CONTEXT() REPRESENTATION_CONTEXT('2D SPACE',''
  ) );
#5963 = ADVANCED_FACE('',(#5964),#5931,.T.);
#5964 = FACE_BOUND('',#5965,.T.);
#5965 = EDGE_LOOP('',(#5966,#5989,#5990,#6013));
#5966 = ORIENTED_EDGE('',*,*,#5967,.F.);
#5967 = EDGE_CURVE('',#5893,#5968,#5970,.T.);
#5968 = VERTEX_POINT('',#5969);
#5969 = CARTESIAN_POINT('',(410.54654562164,-140.,148.61390939133));
#5970 = SURFACE_CURVE('',#5971,(#5975,#5982),.PCURVE_S1.);
#5971 = LINE('',#5972,#5973);
#5972 = CARTESIAN_POINT('',(410.54654562164,-140.,-158.6139093913));
#5973 = VECTOR('',#5974,1.);
#5974 = DIRECTION('',(0.,0.,1.));
#5975 = PCURVE('',#5931,#5976);
#5976 = DEFINITIONAL_REPRESENTATION('',(#5977),#5981);
#5977 = LINE('',#5978,#5979);
#5978 = CARTESIAN_POINT('',(0.,0.));
#5979 = VECTOR('',#5980,1.);
#5980 = DIRECTION('',(1.,0.));
#5981 = ( GEOMETRIC_REPRESENTATION_CONTEXT(2) 
PARAMETRIC_REPRESENTATION_CONTEXT() REPRESENTATION_CONTEXT('2D SPACE',''
  ) );
#5982 = PCURVE('',#5795,#5983);
#5983 = DEFINITIONAL_REPRESENTATION('',(#5984),#5988);
#5984 = LINE('',#5985,#5986);
#5985 = CARTESIAN_POINT('',(0.,450.));
#5986 = VECTOR('',#5987,1.);
#5987 = DIRECTION('',(1.,0.));
#5988 = ( GEOMETRIC_REPRESENTATION_CONTEXT(2) 
PARAMETRIC_REPRESENTATION_CONTEXT() REPRESENTATION_CONTEXT('2D SPACE',''
  ) );
#5989 = ORIENTED_EDGE('',*,*,#5915,.T.);
#5990 = ORIENTED_EDGE('',*,*,#5991,.T.);
#5991 = EDGE_CURVE('',#5916,#5992,#5994,.T.);
#5992 = VERTEX_POINT('',#5993);
#5993 = CARTESIAN_POINT('',(410.54654562164,140.,148.61390939133));
#5994 = SURFACE_CURVE('',#5995,(#5999,#6006),.PCURVE_S1.);
#5995 = LINE('',#5996,#5997);
#5996 = CARTESIAN_POINT('',(410.54654562164,140.,-158.6139093913));
#5997 = VECTOR('',#5998,1.);
#5998 = DIRECTION('',(0.,0.,1.));
#5999 = PCURVE('',#5931,#6000);
#6000 = DEFINITIONAL_REPRESENTATION('',(#6001),#6005);
#6001 = LINE('',#6002,#6003);
#6002 = CARTESIAN_POINT('',(0.,-280.));
#6003 = VECTOR('',#6004,1.);
#6004 = DIRECTION('',(1.,0.));
#6005 = ( GEOMETRIC_REPRESENTATION_CONTEXT(2) 
PARAMETRIC_REPRESENTATION_CONTEXT() REPRESENTATION_CONTEXT('2D SPACE',''
  ) );
#6006 = PCURVE('',#5851,#6007);
#6007 = DEFINITIONAL_REPRESENTATION('',(#6008),#6012);
#6008 = LINE('',#6009,#6010);
#6009 = CARTESIAN_POINT('',(0.,450.));
#6010 = VECTOR('',#6011,1.);
#6011 = DIRECTION('',(1.,0.));
#6012 = ( GEOMETRIC_REPRESENTATION_CONTEXT(2) 
PARAMETRIC_REPRESENTATION_CONTEXT() REPRESENTATION_CONTEXT('2D SPACE',''
  ) );
#6013 = ORIENTED_EDGE('',*,*,#6014,.F.);
#6014 = EDGE_CURVE('',#5968,#5992,#6015,.T.);
#6015 = SURFACE_CURVE('',#6016,(#6020,#6027),.PCURVE_S1.);
#6016 = LINE('',#6017,#6018);
#6017 = CARTESIAN_POINT('',(410.54654562164,-140.,148.61390939133));
#6018 = VECTOR('',#6019,1.);
#6019 = DIRECTION('',(0.,1.,0.));
#6020 = PCURVE('',#5931,#6021);
#6021 = DEFINITIONAL_REPRESENTATION('',(#6022),#6026);
#6022 = LINE('',#6023,#6024);
#6023 = CARTESIAN_POINT('',(307.22781878266,0.));
#6024 = VECTOR('',#6025,1.);
#6025 = DIRECTION('',(0.,-1.));
#6026 = ( GEOMETRIC_REPRESENTATION_CONTEXT(2) 
PARAMETRIC_REPRESENTATION_CONTEXT() REPRESENTATION_CONTEXT('2D SPACE',''
  ) );
#6027 = PCURVE('',#6028,#6033);
#6028 = PLANE('',#6029);
#6029 = AXIS2_PLACEMENT_3D('',#6030,#6031,#6032);
#6030 = CARTESIAN_POINT('',(-39.45345437835,-140.,148.61390939133));
#6031 = DIRECTION('',(0.,0.,1.));
#6032 = DIRECTION('',(1.,0.,0.));
#6033 = DEFINITIONAL_REPRESENTATION('',(#6034),#6038);
#6034 = LINE('',#6035,#6036);
#6035 = CARTESIAN_POINT('',(450.,0.));
#6036 = VECTOR('',#6037,1.);
#6037 = DIRECTION('',(0.,1.));
#6038 = ( GEOMETRIC_REPRESENTATION_CONTEXT(2) 
PARAMETRIC_REPRESENTATION_CONTEXT() REPRESENTATION_CONTEXT('2D SPACE',''
  ) );
#6039 = ADVANCED_FACE('',(#6040),#6028,.T.);
#6040 = FACE_BOUND('',#6041,.T.);
#6041 = EDGE_LOOP('',(#6042,#6065,#6087,#6108));
#6042 = ORIENTED_EDGE('',*,*,#6043,.F.);
#6043 = EDGE_CURVE('',#6044,#5992,#6046,.T.);
#6044 = VERTEX_POINT('',#6045);
#6045 = CARTESIAN_POINT('',(66.167175496865,140.,148.61390939133));
#6046 = SURFACE_CURVE('',#6047,(#6051,#6058),.PCURVE_S1.);
#6047 = LINE('',#6048,#6049);
#6048 = CARTESIAN_POINT('',(-39.45345437835,140.,148.61390939133));
#6049 = VECTOR('',#6050,1.);
#6050 = DIRECTION('',(1.,0.,0.));
#6051 = PCURVE('',#6028,#6052);
#6052 = DEFINITIONAL_REPRESENTATION('',(#6053),#6057);
#6053 = LINE('',#6054,#6055);
#6054 = CARTESIAN_POINT('',(0.,280.));
#6055 = VECTOR('',#6056,1.);
#6056 = DIRECTION('',(1.,0.));
#6057 = ( GEOMETRIC_REPRESENTATION_CONTEXT(2) 
PARAMETRIC_REPRESENTATION_CONTEXT() REPRESENTATION_CONTEXT('2D SPACE',''
  ) );
#6058 = PCURVE('',#5851,#6059);
#6059 = DEFINITIONAL_REPRESENTATION('',(#6060),#6064);
#6060 = LINE('',#6061,#6062);
#6061 = CARTESIAN_POINT('',(307.22781878266,0.));
#6062 = VECTOR('',#6063,1.);
#6063 = DIRECTION('',(0.,1.));
#6064 = ( GEOMETRIC_REPRESENTATION_CONTEXT(2) 
PARAMETRIC_REPRESENTATION_CONTEXT() REPRESENTATION_CONTEXT('2D SPACE',''
  ) );
#6065 = ORIENTED_EDGE('',*,*,#6066,.T.);
#6066 = EDGE_CURVE('',#6044,#6067,#6069,.T.);
#6067 = VERTEX_POINT('',#6068);
#6068 = CARTESIAN_POINT('',(66.167175496865,-140.,148.61390939133));
#6069 = SURFACE_CURVE('',#6070,(#6074,#6080),.PCURVE_S1.);
#6070 = LINE('',#6071,#6072);
#6071 = CARTESIAN_POINT('',(66.167175496865,-70.,148.61390939133));
#6072 = VECTOR('',#6073,1.);
#6073 = DIRECTION('',(0.,-1.,0.));
#6074 = PCURVE('',#6028,#6075);
#6075 = DEFINITIONAL_REPRESENTATION('',(#6076),#6079);
#6076 = B_SPLINE_CURVE_WITH_KNOTS('',1,(#6077,#6078),.UNSPECIFIED.,.F.,
  .F.,(2,2),(-210.,70.),.PIECEWISE_BEZIER_KNOTS.);
#6077 = CARTESIAN_POINT('',(105.62062987521,280.));
#6078 = CARTESIAN_POINT('',(105.62062987521,0.));
#6079 = ( GEOMETRIC_REPRESENTATION_CONTEXT(2) 
PARAMETRIC_REPRESENTATION_CONTEXT() REPRESENTATION_CONTEXT('2D SPACE',''
  ) );
#6080 = PCURVE('',#5876,#6081);
#6081 = DEFINITIONAL_REPRESENTATION('',(#6082),#6086);
#6082 = LINE('',#6083,#6084);
#6083 = CARTESIAN_POINT('',(162.67817671036,-70.));
#6084 = VECTOR('',#6085,1.);
#6085 = DIRECTION('',(0.,-1.));
#6086 = ( GEOMETRIC_REPRESENTATION_CONTEXT(2) 
PARAMETRIC_REPRESENTATION_CONTEXT() REPRESENTATION_CONTEXT('2D SPACE',''
  ) );
#6087 = ORIENTED_EDGE('',*,*,#6088,.T.);
#6088 = EDGE_CURVE('',#6067,#5968,#6089,.T.);
#6089 = SURFACE_CURVE('',#6090,(#6094,#6101),.PCURVE_S1.);
#6090 = LINE('',#6091,#6092);
#6091 = CARTESIAN_POINT('',(-39.45345437835,-140.,148.61390939133));
#6092 = VECTOR('',#6093,1.);
#6093 = DIRECTION('',(1.,0.,0.));
#6094 = PCURVE('',#6028,#6095);
#6095 = DEFINITIONAL_REPRESENTATION('',(#6096),#6100);
#6096 = LINE('',#6097,#6098);
#6097 = CARTESIAN_POINT('',(0.,0.));
#6098 = VECTOR('',#6099,1.);
#6099 = DIRECTION('',(1.,0.));
#6100 = ( GEOMETRIC_REPRESENTATION_CONTEXT(2) 
PARAMETRIC_REPRESENTATION_CONTEXT() REPRESENTATION_CONTEXT('2D SPACE',''
  ) );
#6101 = PCURVE('',#5795,#6102);
#6102 = DEFINITIONAL_REPRESENTATION('',(#6103),#6107);
#6103 = LINE('',#6104,#6105);
#6104 = CARTESIAN_POINT('',(307.22781878266,0.));
#6105 = VECTOR('',#6106,1.);
#6106 = DIRECTION('',(0.,1.));
#6107 = ( GEOMETRIC_REPRESENTATION_CONTEXT(2) 
PARAMETRIC_REPRESENTATION_CONTEXT() REPRESENTATION_CONTEXT('2D SPACE',''
  ) );
#6108 = ORIENTED_EDGE('',*,*,#6014,.T.);
#6109 = ADVANCED_FACE('',(#6110),#5851,.T.);
#6110 = FACE_BOUND('',#6111,.T.);
#6111 = EDGE_LOOP('',(#6112,#6113,#6114,#6115,#6135));
#6112 = ORIENTED_EDGE('',*,*,#5991,.F.);
#6113 = ORIENTED_EDGE('',*,*,#5943,.F.);
#6114 = ORIENTED_EDGE('',*,*,#5835,.T.);
#6115 = ORIENTED_EDGE('',*,*,#6116,.T.);
#6116 = EDGE_CURVE('',#5836,#6044,#6117,.T.);
#6117 = SURFACE_CURVE('',#6118,(#6122,#6128),.PCURVE_S1.);
#6118 = LINE('',#6119,#6120);
#6119 = CARTESIAN_POINT('',(-32.73176163503,140.,-73.51674030694));
#6120 = VECTOR('',#6121,1.);
#6121 = DIRECTION('',(0.406736643076,-0.,0.913545457643));
#6122 = PCURVE('',#5851,#6123);
#6123 = DEFINITIONAL_REPRESENTATION('',(#6124),#6127);
#6124 = B_SPLINE_CURVE_WITH_KNOTS('',1,(#6125,#6126),.UNSPECIFIED.,.F.,
  .F.,(2,2),(-16.5259089825,243.15226772785),.PIECEWISE_BEZIER_KNOTS.);
#6125 = CARTESIAN_POINT('',(70.,-1.7763568394E-15));
#6126 = CARTESIAN_POINT('',(307.22781878266,105.62062987521));
#6127 = ( GEOMETRIC_REPRESENTATION_CONTEXT(2) 
PARAMETRIC_REPRESENTATION_CONTEXT() REPRESENTATION_CONTEXT('2D SPACE',''
  ) );
#6128 = PCURVE('',#5876,#6129);
#6129 = DEFINITIONAL_REPRESENTATION('',(#6130),#6134);
#6130 = LINE('',#6131,#6132);
#6131 = CARTESIAN_POINT('',(-80.47409101749,140.));
#6132 = VECTOR('',#6133,1.);
#6133 = DIRECTION('',(1.,0.));
#6134 = ( GEOMETRIC_REPRESENTATION_CONTEXT(2) 
PARAMETRIC_REPRESENTATION_CONTEXT() REPRESENTATION_CONTEXT('2D SPACE',''
  ) );
#6135 = ORIENTED_EDGE('',*,*,#6043,.T.);
#6136 = ADVANCED_FACE('',(#6137,#6162),#5876,.T.);
#6137 = FACE_BOUND('',#6138,.T.);
#6138 = EDGE_LOOP('',(#6139,#6140,#6141,#6161));
#6139 = ORIENTED_EDGE('',*,*,#6116,.F.);
#6140 = ORIENTED_EDGE('',*,*,#5863,.T.);
#6141 = ORIENTED_EDGE('',*,*,#6142,.T.);
#6142 = EDGE_CURVE('',#5775,#6067,#6143,.T.);
#6143 = SURFACE_CURVE('',#6144,(#6148,#6155),.PCURVE_S1.);
#6144 = LINE('',#6145,#6146);
#6145 = CARTESIAN_POINT('',(-32.73176163503,-140.,-73.51674030694));
#6146 = VECTOR('',#6147,1.);
#6147 = DIRECTION('',(0.406736643076,-0.,0.913545457643));
#6148 = PCURVE('',#5876,#6149);
#6149 = DEFINITIONAL_REPRESENTATION('',(#6150),#6154);
#6150 = LINE('',#6151,#6152);
#6151 = CARTESIAN_POINT('',(-80.47409101749,-140.));
#6152 = VECTOR('',#6153,1.);
#6153 = DIRECTION('',(1.,0.));
#6154 = ( GEOMETRIC_REPRESENTATION_CONTEXT(2) 
PARAMETRIC_REPRESENTATION_CONTEXT() REPRESENTATION_CONTEXT('2D SPACE',''
  ) );
#6155 = PCURVE('',#5795,#6156);
#6156 = DEFINITIONAL_REPRESENTATION('',(#6157),#6160);
#6157 = B_SPLINE_CURVE_WITH_KNOTS('',1,(#6158,#6159),.UNSPECIFIED.,.F.,
  .F.,(2,2),(-16.5259089825,243.15226772785),.PIECEWISE_BEZIER_KNOTS.);
#6158 = CARTESIAN_POINT('',(70.,-1.7763568394E-15));
#6159 = CARTESIAN_POINT('',(307.22781878266,105.62062987521));
#6160 = ( GEOMETRIC_REPRESENTATION_CONTEXT(2) 
PARAMETRIC_REPRESENTATION_CONTEXT() REPRESENTATION_CONTEXT('2D SPACE',''
  ) );
#6161 = ORIENTED_EDGE('',*,*,#6066,.F.);
#6162 = FACE_BOUND('',#6163,.T.);
#6163 = EDGE_LOOP('',(#6164));
#6164 = ORIENTED_EDGE('',*,*,#6165,.T.);
#6165 = EDGE_CURVE('',#6166,#6166,#6168,.T.);
#6166 = VERTEX_POINT('',#6167);
#6167 = CARTESIAN_POINT('',(21.150305439942,0.,47.504363797415));
#6168 = SURFACE_CURVE('',#6169,(#6174,#6185),.PCURVE_S1.);
#6169 = CIRCLE('',#6170,52.);
#6170 = AXIS2_PLACEMENT_3D('',#6171,#6172,#6173);
#6171 = CARTESIAN_POINT('',(-3.552713678801E-15,0.,1.7763568394E-15));
#6172 = DIRECTION('',(0.913545457643,0.,-0.406736643076));
#6173 = DIRECTION('',(0.406736643076,0.,0.913545457643));
#6174 = PCURVE('',#5876,#6175);
#6175 = DEFINITIONAL_REPRESENTATION('',(#6176),#6184);
#6176 = ( BOUNDED_CURVE() B_SPLINE_CURVE(2,(#6177,#6178,#6179,#6180,
#6181,#6182,#6183),.UNSPECIFIED.,.T.,.F.) B_SPLINE_CURVE_WITH_KNOTS((1,2
    ,2,2,2,1),(-2.094395102393,0.,2.094395102393,4.188790204786,
6.28318530718,8.377580409573),.UNSPECIFIED.) CURVE() 
GEOMETRIC_REPRESENTATION_ITEM() RATIONAL_B_SPLINE_CURVE((1.,0.5,1.,0.5,
1.,0.5,1.)) REPRESENTATION_ITEM('') );
#6177 = CARTESIAN_POINT('',(52.,0.));
#6178 = CARTESIAN_POINT('',(52.,-90.06664199358));
#6179 = CARTESIAN_POINT('',(-26.,-45.03332099679));
#6180 = CARTESIAN_POINT('',(-104.,-1.273632671113E-14));
#6181 = CARTESIAN_POINT('',(-26.,45.033320996791));
#6182 = CARTESIAN_POINT('',(52.,90.066641993582));
#6183 = CARTESIAN_POINT('',(52.,0.));
#6184 = ( GEOMETRIC_REPRESENTATION_CONTEXT(2) 
PARAMETRIC_REPRESENTATION_CONTEXT() REPRESENTATION_CONTEXT('2D SPACE',''
  ) );
#6185 = PCURVE('',#6186,#6191);
#6186 = CYLINDRICAL_SURFACE('',#6187,52.);
#6187 = AXIS2_PLACEMENT_3D('',#6188,#6189,#6190);
#6188 = CARTESIAN_POINT('',(22.838636441065,0.,-10.16841607689));
#6189 = DIRECTION('',(0.913545457643,-0.,-0.406736643076));
#6190 = DIRECTION('',(0.406736643076,0.,0.913545457643));
#6191 = DEFINITIONAL_REPRESENTATION('',(#6192),#6196);
#6192 = LINE('',#6193,#6194);
#6193 = CARTESIAN_POINT('',(-6.28318530718,-25.));
#6194 = VECTOR('',#6195,1.);
#6195 = DIRECTION('',(1.,-0.));
#6196 = ( GEOMETRIC_REPRESENTATION_CONTEXT(2) 
PARAMETRIC_REPRESENTATION_CONTEXT() REPRESENTATION_CONTEXT('2D SPACE',''
  ) );
#6197 = ADVANCED_FACE('',(#6198),#6186,.F.);
#6198 = FACE_BOUND('',#6199,.T.);
#6199 = EDGE_LOOP('',(#6200,#6229,#6250,#6251));
#6200 = ORIENTED_EDGE('',*,*,#6201,.F.);
#6201 = EDGE_CURVE('',#6202,#6202,#6204,.T.);
#6202 = VERTEX_POINT('',#6203);
#6203 = CARTESIAN_POINT('',(43.988941881007,0.,37.33594772052));
#6204 = SURFACE_CURVE('',#6205,(#6210,#6217),.PCURVE_S1.);
#6205 = CIRCLE('',#6206,52.);
#6206 = AXIS2_PLACEMENT_3D('',#6207,#6208,#6209);
#6207 = CARTESIAN_POINT('',(22.838636441065,0.,-10.16841607689));
#6208 = DIRECTION('',(-0.913545457643,0.,0.406736643076));
#6209 = DIRECTION('',(0.406736643076,0.,0.913545457643));
#6210 = PCURVE('',#6186,#6211);
#6211 = DEFINITIONAL_REPRESENTATION('',(#6212),#6216);
#6212 = LINE('',#6213,#6214);
#6213 = CARTESIAN_POINT('',(-0.,0.));
#6214 = VECTOR('',#6215,1.);
#6215 = DIRECTION('',(-1.,0.));
#6216 = ( GEOMETRIC_REPRESENTATION_CONTEXT(2) 
PARAMETRIC_REPRESENTATION_CONTEXT() REPRESENTATION_CONTEXT('2D SPACE',''
  ) );
#6217 = PCURVE('',#6218,#6223);
#6218 = PLANE('',#6219);
#6219 = AXIS2_PLACEMENT_3D('',#6220,#6221,#6222);
#6220 = CARTESIAN_POINT('',(22.838636441065,4.609291841672E-15,
    -10.16841607689));
#6221 = DIRECTION('',(-0.913545457643,0.,0.406736643076));
#6222 = DIRECTION('',(0.406736643076,0.,0.913545457643));
#6223 = DEFINITIONAL_REPRESENTATION('',(#6224),#6228);
#6224 = CIRCLE('',#6225,52.);
#6225 = AXIS2_PLACEMENT_2D('',#6226,#6227);
#6226 = CARTESIAN_POINT('',(1.622782721786E-15,-4.609291841672E-15));
#6227 = DIRECTION('',(1.,0.));
#6228 = ( GEOMETRIC_REPRESENTATION_CONTEXT(2) 
PARAMETRIC_REPRESENTATION_CONTEXT() REPRESENTATION_CONTEXT('2D SPACE',''
  ) );
#6229 = ORIENTED_EDGE('',*,*,#6230,.T.);
#6230 = EDGE_CURVE('',#6202,#6166,#6231,.T.);
#6231 = SEAM_CURVE('',#6232,(#6236,#6243),.PCURVE_S1.);
#6232 = LINE('',#6233,#6234);
#6233 = CARTESIAN_POINT('',(43.988941881007,0.,37.33594772052));
#6234 = VECTOR('',#6235,1.);
#6235 = DIRECTION('',(-0.913545457643,0.,0.406736643076));
#6236 = PCURVE('',#6186,#6237);
#6237 = DEFINITIONAL_REPRESENTATION('',(#6238),#6242);
#6238 = LINE('',#6239,#6240);
#6239 = CARTESIAN_POINT('',(-0.,0.));
#6240 = VECTOR('',#6241,1.);
#6241 = DIRECTION('',(-0.,-1.));
#6242 = ( GEOMETRIC_REPRESENTATION_CONTEXT(2) 
PARAMETRIC_REPRESENTATION_CONTEXT() REPRESENTATION_CONTEXT('2D SPACE',''
  ) );
#6243 = PCURVE('',#6186,#6244);
#6244 = DEFINITIONAL_REPRESENTATION('',(#6245),#6249);
#6245 = LINE('',#6246,#6247);
#6246 = CARTESIAN_POINT('',(-6.28318530718,0.));
#6247 = VECTOR('',#6248,1.);
#6248 = DIRECTION('',(-0.,-1.));
#6249 = ( GEOMETRIC_REPRESENTATION_CONTEXT(2) 
PARAMETRIC_REPRESENTATION_CONTEXT() REPRESENTATION_CONTEXT('2D SPACE',''
  ) );
#6250 = ORIENTED_EDGE('',*,*,#6165,.F.);
#6251 = ORIENTED_EDGE('',*,*,#6230,.F.);
#6252 = ADVANCED_FACE('',(#6253),#6218,.T.);
#6253 = FACE_BOUND('',#6254,.T.);
#6254 = EDGE_LOOP('',(#6255));
#6255 = ORIENTED_EDGE('',*,*,#6201,.T.);
#6256 = ADVANCED_FACE('',(#6257),#5795,.F.);
#6257 = FACE_BOUND('',#6258,.F.);
#6258 = EDGE_LOOP('',(#6259,#6260,#6261,#6262,#6263));
#6259 = ORIENTED_EDGE('',*,*,#5967,.F.);
#6260 = ORIENTED_EDGE('',*,*,#5892,.F.);
#6261 = ORIENTED_EDGE('',*,*,#5772,.T.);
#6262 = ORIENTED_EDGE('',*,*,#6142,.T.);
#6263 = ORIENTED_EDGE('',*,*,#6088,.T.);
#6264 = ( GEOMETRIC_REPRESENTATION_CONTEXT(3) 
GLOBAL_UNCERTAINTY_ASSIGNED_CONTEXT((#6268)) 
GLOBAL_UNIT_ASSIGNED_CONTEXT((#6265,#6266,#6267)) REPRESENTATION_CONTEXT
('Context #1','3D Context with UNIT and UNCERTAINTY') );
#6265 = ( LENGTH_UNIT() NAMED_UNIT(*) SI_UNIT(.MILLI.,.METRE.) );
#6266 = ( NAMED_UNIT(*) PLANE_ANGLE_UNIT() SI_UNIT($,.RADIAN.) );
#6267 = ( NAMED_UNIT(*) SI_UNIT($,.STERADIAN.) SOLID_ANGLE_UNIT() );
#6268 = UNCERTAINTY_MEASURE_WITH_UNIT(LENGTH_MEASURE(1.E-07),#6265,
  'distance_accuracy_value','confusion accuracy');
#6269 = CONTEXT_DEPENDENT_SHAPE_REPRESENTATION(#6270,#6272);
#6270 = ( REPRESENTATION_RELATIONSHIP('','',#5765,#10) 
REPRESENTATION_RELATIONSHIP_WITH_TRANSFORMATION(#6271) 
SHAPE_REPRESENTATION_RELATIONSHIP() );
#6271 = ITEM_DEFINED_TRANSFORMATION('','',#11,#23);
#6272 = PRODUCT_DEFINITION_SHAPE('Placement','Placement of an item',
  #6273);
#6273 = NEXT_ASSEMBLY_USAGE_OCCURRENCE('3','','',#5,#5760,$);
#6274 = PRODUCT_RELATED_PRODUCT_CATEGORY('part',$,(#5762));
ENDSEC;
END-ISO-10303-21;
