ISO-10303-21;
HEADER;
FILE_DESCRIPTION(('Open CASCADE Model'),'2;1');
FILE_NAME('Open CASCADE Shape Model','2026-07-22T19:14:45',('Author'),(
    'Open CASCADE'),'Open CASCADE STEP processor 7.9','Open CASCADE 7.9'
  ,'Unknown');
FILE_SCHEMA(('AUTOMOTIVE_DESIGN { 1 0 10303 214 1 1 1 1 }'));
ENDSEC;
DATA;
#1 = APPLICATION_PROTOCOL_DEFINITION('international standard',
  'automotive_design',2000,#2);
#2 = APPLICATION_CONTEXT(
  'core data for automotive mechanical design processes');
#3 = SHAPE_DEFINITION_REPRESENTATION(#4,#10);
#4 = PRODUCT_DEFINITION_SHAPE('','',#5);
#5 = PRODUCT_DEFINITION('design','',#6,#9);
#6 = PRODUCT_DEFINITION_FORMATION('','',#7);
#7 = PRODUCT('Open CASCADE STEP translator 7.9 1',
  'Open CASCADE STEP translator 7.9 1','',(#8));
#8 = PRODUCT_CONTEXT('',#2,'mechanical');
#9 = PRODUCT_DEFINITION_CONTEXT('part definition',#2,'design');
#10 = ADVANCED_BREP_SHAPE_REPRESENTATION('',(#11,#15),#5116);
#11 = AXIS2_PLACEMENT_3D('',#12,#13,#14);
#12 = CARTESIAN_POINT('',(0.,0.,0.));
#13 = DIRECTION('',(0.,0.,1.));
#14 = DIRECTION('',(1.,0.,-0.));
#15 = MANIFOLD_SOLID_BREP('',#16);
#16 = CLOSED_SHELL('',(#17,#1226,#1230,#1368,#1521,#1672,#1842,#1958,
    #2081,#2322,#2494,#2595,#2699,#2730,#2789,#2822,#2847,#2873,#3082,
    #3295,#3446,#3537,#3707,#3823,#3946,#4150,#4251,#4406,#4508,#4539,
    #4546,#4601,#4627,#4652,#4677,#4703,#4729,#4785,#4921,#4925,#4952,
    #4978,#5004,#5096,#5106));
#17 = ADVANCED_FACE('',(#18),#38,.T.);
#18 = FACE_BOUND('',#19,.F.);
#19 = EDGE_LOOP('',(#20,#97,#137,#188,#258,#328,#379,#407,#477,#547,#617
    ,#650,#720,#790,#860,#883,#953,#1023,#1056,#1126,#1175,#1198,#1225)
  );
#20 = ORIENTED_EDGE('',*,*,#21,.F.);
#21 = EDGE_CURVE('',#22,#24,#26,.T.);
#22 = VERTEX_POINT('',#23);
#23 = CARTESIAN_POINT('',(-251.4384909712,-46.70644385765,
    136.91773549837));
#24 = VERTEX_POINT('',#25);
#25 = CARTESIAN_POINT('',(-271.1842315486,0.,177.66008537111));
#26 = SURFACE_CURVE('',#27,(#37,#71),.PCURVE_S1.);
#27 = B_SPLINE_CURVE_WITH_KNOTS('',8,(#28,#29,#30,#31,#32,#33,#34,#35,
    #36),.UNSPECIFIED.,.F.,.F.,(9,9),(18.723284758374,53.333329905703),
  .PIECEWISE_BEZIER_KNOTS.);
#28 = CARTESIAN_POINT('',(-251.7426882104,-47.08720679603,
    136.23449733129));
#29 = CARTESIAN_POINT('',(-252.9834348199,-43.96354407725,
    144.08423811206));
#30 = CARTESIAN_POINT('',(-254.4297507758,-39.76124024876,151.4722625813
    ));
#31 = CARTESIAN_POINT('',(-256.1644545391,-34.57570543632,
    158.21255743004));
#32 = CARTESIAN_POINT('',(-258.2615755046,-28.54847454366,
    164.13884991522));
#33 = CARTESIAN_POINT('',(-260.7810352914,-21.86107080843,
    169.11655387648));
#34 = CARTESIAN_POINT('',(-263.7642722838,-14.72394796193,173.0525971793
    ));
#35 = CARTESIAN_POINT('',(-267.232006427,-7.361974257942,175.90044206442
    ));
#36 = CARTESIAN_POINT('',(-271.1842374517,-4.069120787986E-06,
    177.66008913671));
#37 = PCURVE('',#38,#43);
#38 = CYLINDRICAL_SURFACE('',#39,52.);
#39 = AXIS2_PLACEMENT_3D('',#40,#41,#42);
#40 = CARTESIAN_POINT('',(22.838636441065,0.,-10.16841607689));
#41 = DIRECTION('',(0.913545457643,-0.,-0.406736643076));
#42 = DIRECTION('',(0.406736643076,0.,0.913545457643));
#43 = DEFINITIONAL_REPRESENTATION('',(#44),#70);
#44 = B_SPLINE_CURVE_WITH_KNOTS('',3,(#45,#46,#47,#48,#49,#50,#51,#52,
    #53,#54,#55,#56,#57,#58,#59,#60,#61,#62,#63,#64,#65,#66,#67,#68,#69)
  ,.UNSPECIFIED.,.F.,.F.,(4,1,1,1,1,1,1,1,1,1,1,1,1,1,1,1,1,1,1,1,1,1,4)
  ,(18.723284758374,20.296468628707,21.86965249904,23.442836369373,
    25.016020239706,26.589204110039,28.162387980373,29.735571850706,
    31.308755721039,32.881939591372,34.455123461705,36.028307332038,
    37.601491202371,39.174675072705,40.747858943038,42.321042813371,
    43.894226683704,45.467410554037,47.04059442437,48.613778294703,
    50.186962165037,51.76014603537,53.333329905703),
  .QUASI_UNIFORM_KNOTS.);
#45 = CARTESIAN_POINT('',(-5.150574086633,-310.389951425));
#46 = CARTESIAN_POINT('',(-5.167734865529,-310.9143460484));
#47 = CARTESIAN_POINT('',(-5.20205642523,-311.9631352953));
#48 = CARTESIAN_POINT('',(-5.253538767035,-313.5363191657));
#49 = CARTESIAN_POINT('',(-5.305021107507,-315.109503036));
#50 = CARTESIAN_POINT('',(-5.356503443457,-316.6826869063));
#51 = CARTESIAN_POINT('',(-5.407985772585,-318.2558707767));
#52 = CARTESIAN_POINT('',(-5.459468093783,-319.829054647));
#53 = CARTESIAN_POINT('',(-5.510950407245,-321.4022385173));
#54 = CARTESIAN_POINT('',(-5.562432714397,-322.9754223877));
#55 = CARTESIAN_POINT('',(-5.613915017641,-324.548606258));
#56 = CARTESIAN_POINT('',(-5.665397319977,-326.1217901283));
#57 = CARTESIAN_POINT('',(-5.716879624545,-327.6949739987));
#58 = CARTESIAN_POINT('',(-5.768361934141,-329.268157869));
#59 = CARTESIAN_POINT('',(-5.819844250794,-330.8413417393));
#60 = CARTESIAN_POINT('',(-5.871326575423,-332.4145256097));
#61 = CARTESIAN_POINT('',(-5.922808907668,-333.98770948));
#62 = CARTESIAN_POINT('',(-5.974291245887,-335.5608933503));
#63 = CARTESIAN_POINT('',(-6.025773587353,-337.1340772207));
#64 = CARTESIAN_POINT('',(-6.077255928641,-338.707261091));
#65 = CARTESIAN_POINT('',(-6.12873826614,-340.2804449613));
#66 = CARTESIAN_POINT('',(-6.180220596731,-341.8536288317));
#67 = CARTESIAN_POINT('',(-6.231702918179,-343.426812702));
#68 = CARTESIAN_POINT('',(-6.266024459754,-344.4756019489));
#69 = CARTESIAN_POINT('',(-6.283185228927,-344.9999965723));
#70 = ( GEOMETRIC_REPRESENTATION_CONTEXT(2) 
PARAMETRIC_REPRESENTATION_CONTEXT() REPRESENTATION_CONTEXT('2D SPACE',''
  ) );
#71 = PCURVE('',#72,#91);
#72 = B_SPLINE_SURFACE_WITH_KNOTS('',1,8,(
    (#73,#74,#75,#76,#77,#78,#79,#80,#81)
    ,(#82,#83,#84,#85,#86,#87,#88,#89,#90
    )),.UNSPECIFIED.,.F.,.F.,.F.,(2,2),(9,9),(0.,44.),(0.,
    66.666666666667),.PIECEWISE_BEZIER_KNOTS.);
#73 = CARTESIAN_POINT('',(-247.2848340347,-51.21000315663,
    100.21405861556));
#74 = CARTESIAN_POINT('',(-249.217488408,-53.67247326444,116.36152361838
    ));
#75 = CARTESIAN_POINT('',(-250.8379598973,-51.78236715502,
    133.21016285872));
#76 = CARTESIAN_POINT('',(-252.7901637128,-45.26103016825,
    149.31371909547));
#77 = CARTESIAN_POINT('',(-255.7665266824,-34.51832288128,
    163.11697620972));
#78 = CARTESIAN_POINT('',(-260.3588568903,-20.72702065023,
    173.29071148129));
#79 = CARTESIAN_POINT('',(-266.8747400989,-5.596097036747,
    179.14407597679));
#80 = CARTESIAN_POINT('',(-275.2959880271,9.123979987811,180.71792124425
    ));
#81 = CARTESIAN_POINT('',(-285.3464660291,21.976149610516,
    178.63245585308));
#82 = CARTESIAN_POINT('',(-250.3925134166,-94.54154428917,
    93.234096442402));
#83 = CARTESIAN_POINT('',(-247.5188240326,-99.08764294973,
    120.17678627206));
#84 = CARTESIAN_POINT('',(-244.0687970167,-95.59821628619,
    148.41395161715));
#85 = CARTESIAN_POINT('',(-241.2311989106,-83.55882492601,
    175.27557910947));
#86 = CARTESIAN_POINT('',(-240.284356166,-63.72613455006,197.89050052948
    ));
#87 = CARTESIAN_POINT('',(-242.3208375536,-38.26526889274,
    213.80476623992));
#88 = CARTESIAN_POINT('',(-247.9084937117,-10.33125606784,
    221.74296282531));
#89 = CARTESIAN_POINT('',(-257.0137462754,16.844270746727,
    221.78050852815));
#90 = CARTESIAN_POINT('',(-269.1268082058,40.571353127107,
    215.06240378431));
#91 = DEFINITIONAL_REPRESENTATION('',(#92),#96);
#92 = LINE('',#93,#94);
#93 = CARTESIAN_POINT('',(6.924734919879E-14,-1.06581410364E-14));
#94 = VECTOR('',#95,1.);
#95 = DIRECTION('',(-2.262964294252E-15,1.));
#96 = ( GEOMETRIC_REPRESENTATION_CONTEXT(2) 
PARAMETRIC_REPRESENTATION_CONTEXT() REPRESENTATION_CONTEXT('2D SPACE',''
  ) );
#97 = ORIENTED_EDGE('',*,*,#98,.T.);
#98 = EDGE_CURVE('',#22,#99,#101,.T.);
#99 = VERTEX_POINT('',#100);
#100 = CARTESIAN_POINT('',(-248.055040026,-50.93961920489,
    121.87769061409));
#101 = SURFACE_CURVE('',#102,(#110,#121),.PCURVE_S1.);
#102 = B_SPLINE_CURVE_WITH_KNOTS('',6,(#103,#104,#105,#106,#107,#108,
    #109),.UNSPECIFIED.,.F.,.F.,(7,7),(0.,1.),.PIECEWISE_BEZIER_KNOTS.);
#103 = CARTESIAN_POINT('',(-250.5092441453,-45.54350923307,
    139.00444749276));
#104 = CARTESIAN_POINT('',(-250.0375731324,-46.80387639168,
    136.2906672636));
#105 = CARTESIAN_POINT('',(-249.5967928636,-47.92640636413,
    133.50746764286));
#106 = CARTESIAN_POINT('',(-249.1826893819,-48.90534297486,
    130.66439385003));
#107 = CARTESIAN_POINT('',(-248.7907944858,-49.73603690513,
    127.77143346111));
#108 = CARTESIAN_POINT('',(-248.4164787097,-50.41493081257,
    124.83893967788));
#109 = CARTESIAN_POINT('',(-248.0550275009,-50.93963738739,
    121.87758799569));
#110 = PCURVE('',#38,#111);
#111 = DEFINITIONAL_REPRESENTATION('',(#112),#120);
#112 = B_SPLINE_CURVE_WITH_KNOTS('',6,(#113,#114,#115,#116,#117,#118,
    #119),.UNSPECIFIED.,.F.,.F.,(7,7),(0.,1.),.PIECEWISE_BEZIER_KNOTS.);
#113 = CARTESIAN_POINT('',(-5.216018468757,-310.3897844323));
#114 = CARTESIAN_POINT('',(-5.165795818912,-308.8550976604));
#115 = CARTESIAN_POINT('',(-5.115572658087,-307.3203955773));
#116 = CARTESIAN_POINT('',(-5.065350111233,-305.7857109321));
#117 = CARTESIAN_POINT('',(-5.015127635688,-304.2510241327));
#118 = CARTESIAN_POINT('',(-4.964904648178,-302.7163169785));
#119 = CARTESIAN_POINT('',(-4.91468218768,-301.1816246264));
#120 = ( GEOMETRIC_REPRESENTATION_CONTEXT(2) 
PARAMETRIC_REPRESENTATION_CONTEXT() REPRESENTATION_CONTEXT('2D SPACE',''
  ) );
#121 = PCURVE('',#122,#127);
#122 = CYLINDRICAL_SURFACE('',#123,52.);
#123 = AXIS2_PLACEMENT_3D('',#124,#125,#126);
#124 = CARTESIAN_POINT('',(22.838636441065,0.,-10.16841607689));
#125 = DIRECTION('',(0.913545457643,-0.,-0.406736643076));
#126 = DIRECTION('',(0.406736643076,0.,0.913545457643));
#127 = DEFINITIONAL_REPRESENTATION('',(#128),#136);
#128 = B_SPLINE_CURVE_WITH_KNOTS('',6,(#129,#130,#131,#132,#133,#134,
    #135),.UNSPECIFIED.,.F.,.F.,(7,7),(0.,1.),.PIECEWISE_BEZIER_KNOTS.);
#129 = CARTESIAN_POINT('',(-5.216018468757,-310.3897844323));
#130 = CARTESIAN_POINT('',(-5.165795818912,-308.8550976604));
#131 = CARTESIAN_POINT('',(-5.115572658087,-307.3203955773));
#132 = CARTESIAN_POINT('',(-5.065350111233,-305.7857109321));
#133 = CARTESIAN_POINT('',(-5.015127635688,-304.2510241327));
#134 = CARTESIAN_POINT('',(-4.964904648178,-302.7163169785));
#135 = CARTESIAN_POINT('',(-4.91468218768,-301.1816246264));
#136 = ( GEOMETRIC_REPRESENTATION_CONTEXT(2) 
PARAMETRIC_REPRESENTATION_CONTEXT() REPRESENTATION_CONTEXT('2D SPACE',''
  ) );
#137 = ORIENTED_EDGE('',*,*,#138,.F.);
#138 = EDGE_CURVE('',#139,#99,#141,.T.);
#139 = VERTEX_POINT('',#140);
#140 = CARTESIAN_POINT('',(-247.2848340347,-51.21000315663,
    100.21405861556));
#141 = SURFACE_CURVE('',#142,(#152,#181),.PCURVE_S1.);
#142 = B_SPLINE_CURVE_WITH_KNOTS('',8,(#143,#144,#145,#146,#147,#148,
    #149,#150,#151),.UNSPECIFIED.,.F.,.F.,(9,9),(0.,11.001616089827),
  .PIECEWISE_BEZIER_KNOTS.);
#143 = CARTESIAN_POINT('',(-247.2848340347,-51.21000315663,
    100.21405861556));
#144 = CARTESIAN_POINT('',(-247.6037688565,-51.61637041801,
    102.87878177733));
#145 = CARTESIAN_POINT('',(-247.9142020016,-51.90420397026,
    105.56260001728));
#146 = CARTESIAN_POINT('',(-248.219027293,-52.07225151001,
    108.25901370321));
#147 = CARTESIAN_POINT('',(-248.5211745311,-52.11977136181,
    110.96144239506));
#148 = CARTESIAN_POINT('',(-248.823591243,-52.04654158369,
    113.66326583907));
#149 = CARTESIAN_POINT('',(-249.1292237336,-51.85286299117,
    116.35786652566));
#150 = CARTESIAN_POINT('',(-249.4409980304,-51.53955620999,
    119.03867248975));
#151 = CARTESIAN_POINT('',(-249.7618011925,-51.10795308514,
    121.69919929037));
#152 = PCURVE('',#38,#153);
#153 = DEFINITIONAL_REPRESENTATION('',(#154),#180);
#154 = B_SPLINE_CURVE_WITH_KNOTS('',3,(#155,#156,#157,#158,#159,#160,
    #161,#162,#163,#164,#165,#166,#167,#168,#169,#170,#171,#172,#173,
    #174,#175,#176,#177,#178,#179),.UNSPECIFIED.,.F.,.F.,(4,1,1,1,1,1,1,
    1,1,1,1,1,1,1,1,1,1,1,1,1,1,1,4),(0.,0.500073458629,1.000146917257,
    1.500220375886,2.000293834514,2.500367293143,3.000440751771,
    3.5005142104,4.000587669028,4.500661127657,5.000734586285,
    5.500808044914,6.000881503542,6.500954962171,7.001028420799,
    7.501101879428,8.001175338056,8.501248796685,9.001322255313,
    9.501395713942,10.00146917257,10.501542631199,11.001616089827),
  .QUASI_UNIFORM_KNOTS.);
#155 = CARTESIAN_POINT('',(-4.537856055185,-291.6666666666));
#156 = CARTESIAN_POINT('',(-4.543311010417,-291.8333578195));
#157 = CARTESIAN_POINT('',(-4.55422092192,-292.1667401252));
#158 = CARTESIAN_POINT('',(-4.570585791501,-292.6668135839));
#159 = CARTESIAN_POINT('',(-4.586950662574,-293.1668870425));
#160 = CARTESIAN_POINT('',(-4.603315534462,-293.6669605011));
#161 = CARTESIAN_POINT('',(-4.619680406588,-294.1670339598));
#162 = CARTESIAN_POINT('',(-4.636045278478,-294.6671074184));
#163 = CARTESIAN_POINT('',(-4.652410149757,-295.167180877));
#164 = CARTESIAN_POINT('',(-4.668775020137,-295.6672543356));
#165 = CARTESIAN_POINT('',(-4.68513988941,-296.1673277943));
#166 = CARTESIAN_POINT('',(-4.701504757442,-296.6674012529));
#167 = CARTESIAN_POINT('',(-4.717869624163,-297.1674747115));
#168 = CARTESIAN_POINT('',(-4.734234489561,-297.6675481702));
#169 = CARTESIAN_POINT('',(-4.75059935367,-298.1676216288));
#170 = CARTESIAN_POINT('',(-4.766964216566,-298.6676950874));
#171 = CARTESIAN_POINT('',(-4.783329078361,-299.167768546));
#172 = CARTESIAN_POINT('',(-4.799693939189,-299.6678420047));
#173 = CARTESIAN_POINT('',(-4.816058799208,-300.1679154633));
#174 = CARTESIAN_POINT('',(-4.832423658588,-300.6679889219));
#175 = CARTESIAN_POINT('',(-4.848788517506,-301.1680623806));
#176 = CARTESIAN_POINT('',(-4.865153376143,-301.6681358392));
#177 = CARTESIAN_POINT('',(-4.88151823468,-302.1682092978));
#178 = CARTESIAN_POINT('',(-4.892428140418,-302.5015916036));
#179 = CARTESIAN_POINT('',(-4.897883093328,-302.6682827564));
#180 = ( GEOMETRIC_REPRESENTATION_CONTEXT(2) 
PARAMETRIC_REPRESENTATION_CONTEXT() REPRESENTATION_CONTEXT('2D SPACE',''
  ) );
#181 = PCURVE('',#72,#182);
#182 = DEFINITIONAL_REPRESENTATION('',(#183),#187);
#183 = LINE('',#184,#185);
#184 = CARTESIAN_POINT('',(1.574015826874E-14,6.841232259054E-15));
#185 = VECTOR('',#186,1.);
#186 = DIRECTION('',(9.909476868611E-16,1.));
#187 = ( GEOMETRIC_REPRESENTATION_CONTEXT(2) 
PARAMETRIC_REPRESENTATION_CONTEXT() REPRESENTATION_CONTEXT('2D SPACE',''
  ) );
#188 = ORIENTED_EDGE('',*,*,#189,.F.);
#189 = EDGE_CURVE('',#190,#139,#192,.T.);
#190 = VERTEX_POINT('',#191);
#191 = CARTESIAN_POINT('',(-197.6646159292,36.7695526217,47.756670838055
    ));
#192 = SURFACE_CURVE('',#193,(#203,#232),.PCURVE_S1.);
#193 = B_SPLINE_CURVE_WITH_KNOTS('',8,(#194,#195,#196,#197,#198,#199,
    #200,#201,#202),.UNSPECIFIED.,.F.,.F.,(9,9),(0.,66.666666666679),
  .PIECEWISE_BEZIER_KNOTS.);
#194 = CARTESIAN_POINT('',(-197.6646159292,36.7695526217,47.756670838055
    ));
#195 = CARTESIAN_POINT('',(-209.3559813391,26.742212657105,
    41.985711986793));
#196 = CARTESIAN_POINT('',(-219.7762198391,13.589613147458,
    39.069750919448));
#197 = CARTESIAN_POINT('',(-228.4631549141,-1.551255046378,
    40.04685308487));
#198 = CARTESIAN_POINT('',(-235.1561838516,-17.05078440414,
    45.502341759048));
#199 = CARTESIAN_POINT('',(-239.9066037789,-31.04441976732,
    55.32100170709));
#200 = CARTESIAN_POINT('',(-243.1073851139,-41.93246820846,
    68.620206919925));
#201 = CARTESIAN_POINT('',(-245.3521796614,-48.74753304883,
    84.066593612756));
#202 = CARTESIAN_POINT('',(-247.2848340347,-51.21000315663,
    100.21405861556));
#203 = PCURVE('',#38,#204);
#204 = DEFINITIONAL_REPRESENTATION('',(#205),#231);
#205 = B_SPLINE_CURVE_WITH_KNOTS('',3,(#206,#207,#208,#209,#210,#211,
    #212,#213,#214,#215,#216,#217,#218,#219,#220,#221,#222,#223,#224,
    #225,#226,#227,#228,#229,#230),.UNSPECIFIED.,.F.,.F.,(4,1,1,1,1,1,1,
    1,1,1,1,1,1,1,1,1,1,1,1,1,1,1,4),(0.,3.030303030304,6.060606060607,
    9.090909090911,12.121212121214,15.151515151518,18.181818181821,
    21.212121212125,24.242424242429,27.272727272732,30.303030303036,
    33.333333333339,36.363636363643,39.393939393947,42.42424242425,
    45.454545454554,48.484848484857,51.515151515161,54.545454545464,
    57.575757575768,60.606060606072,63.636363636375,66.666666666679),
  .QUASI_UNIFORM_KNOTS.);
#206 = CARTESIAN_POINT('',(-2.356194490192,-225.));
#207 = CARTESIAN_POINT('',(-2.389249977213,-226.0101010101));
#208 = CARTESIAN_POINT('',(-2.455360955951,-228.0303030303));
#209 = CARTESIAN_POINT('',(-2.554527415443,-231.0606060606));
#210 = CARTESIAN_POINT('',(-2.653693817043,-234.0909090909));
#211 = CARTESIAN_POINT('',(-2.752860204479,-237.1212121212));
#212 = CARTESIAN_POINT('',(-2.852026613763,-240.1515151515));
#213 = CARTESIAN_POINT('',(-2.951193060283,-243.1818181818));
#214 = CARTESIAN_POINT('',(-3.050359532536,-246.2121212121));
#215 = CARTESIAN_POINT('',(-3.149526005197,-249.2424242424));
#216 = CARTESIAN_POINT('',(-3.24869245533,-252.2727272727));
#217 = CARTESIAN_POINT('',(-3.347858874651,-255.303030303));
#218 = CARTESIAN_POINT('',(-3.447025272689,-258.3333333333));
#219 = CARTESIAN_POINT('',(-3.546191670727,-261.3636363636));
#220 = CARTESIAN_POINT('',(-3.645358090047,-264.3939393939));
#221 = CARTESIAN_POINT('',(-3.74452454018,-267.4242424242));
#222 = CARTESIAN_POINT('',(-3.843691012841,-270.4545454545));
#223 = CARTESIAN_POINT('',(-3.942857485095,-273.4848484848));
#224 = CARTESIAN_POINT('',(-4.042023931615,-276.5151515151));
#225 = CARTESIAN_POINT('',(-4.141190340899,-279.5454545454));
#226 = CARTESIAN_POINT('',(-4.240356728334,-282.5757575757));
#227 = CARTESIAN_POINT('',(-4.339523129934,-285.606060606));
#228 = CARTESIAN_POINT('',(-4.438689589426,-288.6363636363));
#229 = CARTESIAN_POINT('',(-4.504800568164,-290.6565656565));
#230 = CARTESIAN_POINT('',(-4.537856055185,-291.6666666666));
#231 = ( GEOMETRIC_REPRESENTATION_CONTEXT(2) 
PARAMETRIC_REPRESENTATION_CONTEXT() REPRESENTATION_CONTEXT('2D SPACE',''
  ) );
#232 = PCURVE('',#233,#252);
#233 = B_SPLINE_SURFACE_WITH_KNOTS('',1,8,(
    (#234,#235,#236,#237,#238,#239,#240,#241,#242)
    ,(#243,#244,#245,#246,#247,#248,#249,#250,#251
  )),.UNSPECIFIED.,.F.,.F.,.F.,(2,2),(9,9),(0.,44.),(0.,66.666666666667)
  ,.PIECEWISE_BEZIER_KNOTS.);
#234 = CARTESIAN_POINT('',(-197.6646159292,36.7695526217,47.756670838055
    ));
#235 = CARTESIAN_POINT('',(-209.3559813391,26.742212657107,
    41.985711986794));
#236 = CARTESIAN_POINT('',(-219.7762198391,13.589613147463,
    39.069750919449));
#237 = CARTESIAN_POINT('',(-228.4631549141,-1.551255046369,
    40.046853084864));
#238 = CARTESIAN_POINT('',(-235.1561838515,-17.0507844041,
    45.502341759001));
#239 = CARTESIAN_POINT('',(-239.9066037789,-31.04441976735,
    55.321001707115));
#240 = CARTESIAN_POINT('',(-243.1073851139,-41.93246820845,
    68.620206919919));
#241 = CARTESIAN_POINT('',(-245.3521796614,-48.74753304882,
    84.066593612751));
#242 = CARTESIAN_POINT('',(-247.2848340347,-51.21000315663,
    100.21405861556));
#243 = CARTESIAN_POINT('',(-210.3192904222,67.882250993909,
    19.33380656512));
#244 = CARTESIAN_POINT('',(-225.4616829519,49.370238751582,5.81171389495
    ));
#245 = CARTESIAN_POINT('',(-238.2573796479,25.088516579933,
    -2.439613635683));
#246 = CARTESIAN_POINT('',(-247.8531315595,-2.863855470221,
    -3.503747505837));
#247 = CARTESIAN_POINT('',(-253.7678259863,-31.47837120757,
    3.699909101651));
#248 = CARTESIAN_POINT('',(-256.0961653175,-57.31277495511,
    18.95865113802));
#249 = CARTESIAN_POINT('',(-255.5636334013,-77.41378746175,
    40.643015201508));
#250 = CARTESIAN_POINT('',(-253.2662028006,-89.9954456286,66.29140661274
    ));
#251 = CARTESIAN_POINT('',(-250.3925134166,-94.54154428917,
    93.234096442401));
#252 = DEFINITIONAL_REPRESENTATION('',(#253),#257);
#253 = LINE('',#254,#255);
#254 = CARTESIAN_POINT('',(5.510774034235E-15,-1.27780327633E-14));
#255 = VECTOR('',#256,1.);
#256 = DIRECTION('',(3.418348517053E-16,1.));
#257 = ( GEOMETRIC_REPRESENTATION_CONTEXT(2) 
PARAMETRIC_REPRESENTATION_CONTEXT() REPRESENTATION_CONTEXT('2D SPACE',''
  ) );
#258 = ORIENTED_EDGE('',*,*,#259,.F.);
#259 = EDGE_CURVE('',#260,#190,#262,.T.);
#260 = VERTEX_POINT('',#261);
#261 = CARTESIAN_POINT('',(-100.9770762431,9.02970523868,101.01421817971
    ));
#262 = SURFACE_CURVE('',#263,(#273,#302),.PCURVE_S1.);
#263 = B_SPLINE_CURVE_WITH_KNOTS('',8,(#264,#265,#266,#267,#268,#269,
    #270,#271,#272),.UNSPECIFIED.,.F.,.F.,(9,9),(0.,66.666666666658),
  .PIECEWISE_BEZIER_KNOTS.);
#264 = CARTESIAN_POINT('',(-100.9770762431,9.02970523868,101.01421817971
    ));
#265 = CARTESIAN_POINT('',(-109.5915318821,22.995067192428,
    102.15411182377));
#266 = CARTESIAN_POINT('',(-119.9763472914,36.193003393996,
    99.317712320943));
#267 = CARTESIAN_POINT('',(-132.0177943776,47.040556850988,
    92.760457150618));
#268 = CARTESIAN_POINT('',(-145.3223974635,54.078179192269,
    83.366107154219));
#269 = CARTESIAN_POINT('',(-159.2395028172,56.339715967716,
    72.596054539545));
#270 = CARTESIAN_POINT('',(-173.0107275334,53.699048401569,
    62.153655201918));
#271 = CARTESIAN_POINT('',(-185.9732505194,46.796892586296,
    53.527629689315));
#272 = CARTESIAN_POINT('',(-197.6646159292,36.7695526217,47.756670838055
    ));
#273 = PCURVE('',#38,#274);
#274 = DEFINITIONAL_REPRESENTATION('',(#275),#301);
#275 = B_SPLINE_CURVE_WITH_KNOTS('',3,(#276,#277,#278,#279,#280,#281,
    #282,#283,#284,#285,#286,#287,#288,#289,#290,#291,#292,#293,#294,
    #295,#296,#297,#298,#299,#300),.UNSPECIFIED.,.F.,.F.,(4,1,1,1,1,1,1,
    1,1,1,1,1,1,1,1,1,1,1,1,1,1,1,4),(0.,3.030303030303,6.060606060605,
    9.090909090908,12.121212121211,15.151515151513,18.181818181816,
    21.212121212119,24.242424242421,27.272727272724,30.303030303027,
    33.333333333329,36.363636363632,39.393939393935,42.424242424237,
    45.45454545454,48.484848484843,51.515151515145,54.545454545448,
    57.57575757575,60.606060606053,63.636363636356,66.666666666658),
  .QUASI_UNIFORM_KNOTS.);
#276 = CARTESIAN_POINT('',(-0.174532925199,-158.3333333333));
#277 = CARTESIAN_POINT('',(-0.20758841222,-159.3434343434));
#278 = CARTESIAN_POINT('',(-0.273699390958,-161.3636363636));
#279 = CARTESIAN_POINT('',(-0.37286585045,-164.3939393939));
#280 = CARTESIAN_POINT('',(-0.47203225205,-167.4242424242));
#281 = CARTESIAN_POINT('',(-0.571198639486,-170.4545454545));
#282 = CARTESIAN_POINT('',(-0.67036504877,-173.4848484848));
#283 = CARTESIAN_POINT('',(-0.76953149529,-176.5151515151));
#284 = CARTESIAN_POINT('',(-0.868697967543,-179.5454545454));
#285 = CARTESIAN_POINT('',(-0.967864440204,-182.5757575757));
#286 = CARTESIAN_POINT('',(-1.067030890337,-185.606060606));
#287 = CARTESIAN_POINT('',(-1.166197309658,-188.6363636363));
#288 = CARTESIAN_POINT('',(-1.265363707696,-191.6666666666));
#289 = CARTESIAN_POINT('',(-1.364530105733,-194.6969696969));
#290 = CARTESIAN_POINT('',(-1.463696525054,-197.7272727272));
#291 = CARTESIAN_POINT('',(-1.562862975187,-200.7575757575));
#292 = CARTESIAN_POINT('',(-1.662029447848,-203.7878787878));
#293 = CARTESIAN_POINT('',(-1.761195920102,-206.8181818181));
#294 = CARTESIAN_POINT('',(-1.860362366622,-209.8484848484));
#295 = CARTESIAN_POINT('',(-1.959528775906,-212.8787878787));
#296 = CARTESIAN_POINT('',(-2.058695163341,-215.909090909));
#297 = CARTESIAN_POINT('',(-2.157861564941,-218.9393939393));
#298 = CARTESIAN_POINT('',(-2.257028024433,-221.9696969696));
#299 = CARTESIAN_POINT('',(-2.323139003171,-223.9898989898));
#300 = CARTESIAN_POINT('',(-2.356194490192,-225.));
#301 = ( GEOMETRIC_REPRESENTATION_CONTEXT(2) 
PARAMETRIC_REPRESENTATION_CONTEXT() REPRESENTATION_CONTEXT('2D SPACE',''
  ) );
#302 = PCURVE('',#303,#322);
#303 = B_SPLINE_SURFACE_WITH_KNOTS('',1,8,(
    (#304,#305,#306,#307,#308,#309,#310,#311,#312)
    ,(#313,#314,#315,#316,#317,#318,#319,#320,#321
  )),.UNSPECIFIED.,.F.,.F.,.F.,(2,2),(9,9),(0.,44.),(0.,66.666666666667)
  ,.PIECEWISE_BEZIER_KNOTS.);
#304 = CARTESIAN_POINT('',(-100.9770762431,9.02970523868,101.01421817971
    ));
#305 = CARTESIAN_POINT('',(-109.5915318821,22.99506719243,
    102.15411182377));
#306 = CARTESIAN_POINT('',(-119.9763472914,36.193003394,99.317712320943)
  );
#307 = CARTESIAN_POINT('',(-132.0177943776,47.040556850992,
    92.760457150614));
#308 = CARTESIAN_POINT('',(-145.3223974634,54.078179192277,
    83.36610715425));
#309 = CARTESIAN_POINT('',(-159.2395028173,56.339715967726,
    72.596054539519));
#310 = CARTESIAN_POINT('',(-173.0107275334,53.69904840156,
    62.153655201912));
#311 = CARTESIAN_POINT('',(-185.9732505194,46.796892586294,
    53.527629689316));
#312 = CARTESIAN_POINT('',(-197.6646159292,36.7695526217,47.756670838055
    ));
#313 = CARTESIAN_POINT('',(-83.35255066363,16.670225056025,
    140.59955075399));
#314 = CARTESIAN_POINT('',(-92.81449438561,42.452431739871,
    139.83595499827));
#315 = CARTESIAN_POINT('',(-105.5447946064,66.817852419691,
    131.73151035596));
#316 = CARTESIAN_POINT('',(-121.3334917694,86.844104955678,
    116.75779371213));
#317 = CARTESIAN_POINT('',(-139.4541692393,99.836638508819,
    96.54636354331));
#318 = CARTESIAN_POINT('',(-158.7056201272,104.01178332503,
    73.795174694426));
#319 = CARTESIAN_POINT('',(-177.6877529146,99.13670474134,51.64888420331
    ));
#320 = CARTESIAN_POINT('',(-195.1768978925,86.394263236236,
    32.85589923529));
#321 = CARTESIAN_POINT('',(-210.3192904222,67.882250993909,
    19.33380656512));
#322 = DEFINITIONAL_REPRESENTATION('',(#323),#327);
#323 = LINE('',#324,#325);
#324 = CARTESIAN_POINT('',(3.073586719124E-14,3.717672027372E-16));
#325 = VECTOR('',#326,1.);
#326 = DIRECTION('',(7.303019142472E-17,1.));
#327 = ( GEOMETRIC_REPRESENTATION_CONTEXT(2) 
PARAMETRIC_REPRESENTATION_CONTEXT() REPRESENTATION_CONTEXT('2D SPACE',''
  ) );
#328 = ORIENTED_EDGE('',*,*,#329,.F.);
#329 = EDGE_CURVE('',#330,#260,#332,.T.);
#330 = VERTEX_POINT('',#331);
#331 = CARTESIAN_POINT('',(-95.78351442891,0.,99.566654685729));
#332 = SURFACE_CURVE('',#333,(#343,#353),.PCURVE_S1.);
#333 = B_SPLINE_CURVE_WITH_KNOTS('',8,(#334,#335,#336,#337,#338,#339,
    #340,#341,#342),.UNSPECIFIED.,.F.,.F.,(9,9),(0.,66.666666666667),
  .PIECEWISE_BEZIER_KNOTS.);
#334 = CARTESIAN_POINT('',(-69.84153582982,-47.1280049259,7.039564551892
    ));
#335 = CARTESIAN_POINT('',(-72.22696631492,-53.12107004488,
    22.170077757199));
#336 = CARTESIAN_POINT('',(-73.85265041383,-55.1085209626,
    39.007009284764));
#337 = CARTESIAN_POINT('',(-75.31122815032,-52.41145487875,
    56.219267847437));
#338 = CARTESIAN_POINT('',(-77.31467899092,-44.98515420681,
    72.207721381219));
#339 = CARTESIAN_POINT('',(-80.55810510515,-33.58584725224,
    85.411144851645));
#340 = CARTESIAN_POINT('',(-85.51851720448,-19.66854942676,
    94.758154659296));
#341 = CARTESIAN_POINT('',(-92.36262060417,-4.935656715069,
    99.874324535648));
#342 = CARTESIAN_POINT('',(-100.9770762431,9.02970523868,101.01421817971
    ));
#343 = PCURVE('',#38,#344);
#344 = DEFINITIONAL_REPRESENTATION('',(#345),#352);
#345 = B_SPLINE_CURVE_WITH_KNOTS('',5,(#346,#347,#348,#349,#350,#351),
  .UNSPECIFIED.,.F.,.F.,(6,6),(61.33333474607,66.666666666667),
  .PIECEWISE_BEZIER_KNOTS.);
#346 = CARTESIAN_POINT('',(1.7763568394E-15,-153.0000014127));
#347 = CARTESIAN_POINT('',(-3.490657646328E-02,-154.0666677968));
#348 = CARTESIAN_POINT('',(-6.981316472342E-02,-155.1333341809));
#349 = CARTESIAN_POINT('',(-0.104719754151,-156.200000565));
#350 = CARTESIAN_POINT('',(-0.139626349406,-157.2666669492));
#351 = CARTESIAN_POINT('',(-0.174532925199,-158.3333333333));
#352 = ( GEOMETRIC_REPRESENTATION_CONTEXT(2) 
PARAMETRIC_REPRESENTATION_CONTEXT() REPRESENTATION_CONTEXT('2D SPACE',''
  ) );
#353 = PCURVE('',#354,#373);
#354 = B_SPLINE_SURFACE_WITH_KNOTS('',1,8,(
    (#355,#356,#357,#358,#359,#360,#361,#362,#363)
    ,(#364,#365,#366,#367,#368,#369,#370,#371,#372
  )),.UNSPECIFIED.,.F.,.F.,.F.,(2,2),(9,9),(0.,44.),(0.,66.666666666667)
  ,.PIECEWISE_BEZIER_KNOTS.);
#355 = CARTESIAN_POINT('',(-69.84153582982,-47.1280049259,7.039564551892
    ));
#356 = CARTESIAN_POINT('',(-72.22696631492,-53.12107004488,
    22.170077757199));
#357 = CARTESIAN_POINT('',(-73.85265041383,-55.1085209626,
    39.007009284764));
#358 = CARTESIAN_POINT('',(-75.31122815032,-52.41145487875,
    56.219267847437));
#359 = CARTESIAN_POINT('',(-77.31467899092,-44.98515420681,
    72.207721381219));
#360 = CARTESIAN_POINT('',(-80.55810510515,-33.58584725224,
    85.411144851645));
#361 = CARTESIAN_POINT('',(-85.51851720448,-19.66854942676,
    94.758154659296));
#362 = CARTESIAN_POINT('',(-92.36262060417,-4.935656715069,
    99.874324535648));
#363 = CARTESIAN_POINT('',(-100.9770762431,9.02970523868,101.01421817971
    ));
#364 = CARTESIAN_POINT('',(-77.40488648546,-87.00554755551,
    -9.947999154629));
#365 = CARTESIAN_POINT('',(-75.36709146177,-98.06966777516,
    15.11724120271));
#366 = CARTESIAN_POINT('',(-71.92668772509,-101.7388079309,
    43.332792308835));
#367 = CARTESIAN_POINT('',(-68.17777993473,-96.75960900692,
    72.241254864391));
#368 = CARTESIAN_POINT('',(-65.43479172117,-83.04951545873,
    98.890385058912));
#369 = CARTESIAN_POINT('',(-64.98098862817,-62.00464108106,
    120.39792129032));
#370 = CARTESIAN_POINT('',(-67.69700581535,-36.31116817249,
    134.78592460583));
#371 = CARTESIAN_POINT('',(-73.89060694165,-9.11198162782,
    141.36314650971));
#372 = CARTESIAN_POINT('',(-83.35255066363,16.670225056025,
    140.59955075399));
#373 = DEFINITIONAL_REPRESENTATION('',(#374),#378);
#374 = LINE('',#375,#376);
#375 = CARTESIAN_POINT('',(0.,0.));
#376 = VECTOR('',#377,1.);
#377 = DIRECTION('',(0.,1.));
#378 = ( GEOMETRIC_REPRESENTATION_CONTEXT(2) 
PARAMETRIC_REPRESENTATION_CONTEXT() REPRESENTATION_CONTEXT('2D SPACE',''
  ) );
#379 = ORIENTED_EDGE('',*,*,#380,.T.);
#380 = EDGE_CURVE('',#330,#381,#383,.T.);
#381 = VERTEX_POINT('',#382);
#382 = CARTESIAN_POINT('',(-210.8902481044,0.,150.81547439027));
#383 = SURFACE_CURVE('',#384,(#388,#395),.PCURVE_S1.);
#384 = LINE('',#385,#386);
#385 = CARTESIAN_POINT('',(43.988941881007,0.,37.33594772052));
#386 = VECTOR('',#387,1.);
#387 = DIRECTION('',(-0.913545457643,0.,0.406736643076));
#388 = PCURVE('',#38,#389);
#389 = DEFINITIONAL_REPRESENTATION('',(#390),#394);
#390 = LINE('',#391,#392);
#391 = CARTESIAN_POINT('',(-0.,0.));
#392 = VECTOR('',#393,1.);
#393 = DIRECTION('',(-0.,-1.));
#394 = ( GEOMETRIC_REPRESENTATION_CONTEXT(2) 
PARAMETRIC_REPRESENTATION_CONTEXT() REPRESENTATION_CONTEXT('2D SPACE',''
  ) );
#395 = PCURVE('',#396,#401);
#396 = CYLINDRICAL_SURFACE('',#397,52.);
#397 = AXIS2_PLACEMENT_3D('',#398,#399,#400);
#398 = CARTESIAN_POINT('',(22.838636441065,0.,-10.16841607689));
#399 = DIRECTION('',(0.913545457643,-0.,-0.406736643076));
#400 = DIRECTION('',(0.406736643076,0.,0.913545457643));
#401 = DEFINITIONAL_REPRESENTATION('',(#402),#406);
#402 = LINE('',#403,#404);
#403 = CARTESIAN_POINT('',(-6.28318530718,0.));
#404 = VECTOR('',#405,1.);
#405 = DIRECTION('',(-0.,-1.));
#406 = ( GEOMETRIC_REPRESENTATION_CONTEXT(2) 
PARAMETRIC_REPRESENTATION_CONTEXT() REPRESENTATION_CONTEXT('2D SPACE',''
  ) );
#407 = ORIENTED_EDGE('',*,*,#408,.F.);
#408 = EDGE_CURVE('',#409,#381,#411,.T.);
#409 = VERTEX_POINT('',#410);
#410 = CARTESIAN_POINT('',(-224.2530046819,20.942827872654,
    151.94439431225));
#411 = SURFACE_CURVE('',#412,(#422,#451),.PCURVE_S1.);
#412 = B_SPLINE_CURVE_WITH_KNOTS('',8,(#413,#414,#415,#416,#417,#418,
    #419,#420,#421),.UNSPECIFIED.,.F.,.F.,(9,9),(57.125125034118,
    69.791790271046),.PIECEWISE_BEZIER_KNOTS.);
#413 = CARTESIAN_POINT('',(-224.2530046819,20.942827872654,
    151.94439431225));
#414 = CARTESIAN_POINT('',(-222.3651911654,18.476656806641,
    152.2917205508));
#415 = CARTESIAN_POINT('',(-220.5367771581,15.946224835469,
    152.50563330714));
#416 = CARTESIAN_POINT('',(-218.7695675406,13.361625140609,
    152.58207875333));
#417 = CARTESIAN_POINT('',(-217.0650277224,10.733315154025,
    152.51776552551));
#418 = CARTESIAN_POINT('',(-215.4242675874,8.072032752243,
    152.31020078403));
#419 = CARTESIAN_POINT('',(-213.8480306496,5.388705210166,
    151.95771456879));
#420 = CARTESIAN_POINT('',(-212.3366886793,2.694354753275,
    151.45947187012));
#421 = CARTESIAN_POINT('',(-210.8902417067,3.857699511389E-06,
    150.81547262006));
#422 = PCURVE('',#38,#423);
#423 = DEFINITIONAL_REPRESENTATION('',(#424),#450);
#424 = B_SPLINE_CURVE_WITH_KNOTS('',3,(#425,#426,#427,#428,#429,#430,
    #431,#432,#433,#434,#435,#436,#437,#438,#439,#440,#441,#442,#443,
    #444,#445,#446,#447,#448,#449),.UNSPECIFIED.,.F.,.F.,(4,1,1,1,1,1,1,
    1,1,1,1,1,1,1,1,1,1,1,1,1,1,1,4),(57.125125034118,57.700882544888,
    58.276640055657,58.852397566427,59.428155077196,60.003912587965,
    60.579670098735,61.155427609504,61.731185120274,62.306942631043,
    62.882700141813,63.458457652582,64.034215163351,64.609972674121,
    65.18573018489,65.76148769566,66.337245206429,66.913002717199,
    67.488760227968,68.064517738737,68.640275249507,69.216032760276,
    69.791790271046),.QUASI_UNIFORM_KNOTS.);
#425 = CARTESIAN_POINT('',(-0.414515697349,-291.6666666666));
#426 = CARTESIAN_POINT('',(-0.408235157171,-291.4747474964));
#427 = CARTESIAN_POINT('',(-0.395674075455,-291.0909091558));
#428 = CARTESIAN_POINT('',(-0.376832449959,-290.5151516451));
#429 = CARTESIAN_POINT('',(-0.357990822784,-289.9393941343));
#430 = CARTESIAN_POINT('',(-0.339149194895,-289.3636366235));
#431 = CARTESIAN_POINT('',(-0.32030756709,-288.7878791128));
#432 = CARTESIAN_POINT('',(-0.301465939989,-288.212121602));
#433 = CARTESIAN_POINT('',(-0.282624314052,-287.6363640912));
#434 = CARTESIAN_POINT('',(-0.263782689599,-287.0606065805));
#435 = CARTESIAN_POINT('',(-0.244941066818,-286.4848490697));
#436 = CARTESIAN_POINT('',(-0.226099445792,-285.9090915589));
#437 = CARTESIAN_POINT('',(-0.207257826506,-285.3333340482));
#438 = CARTESIAN_POINT('',(-0.188416208867,-284.7575765374));
#439 = CARTESIAN_POINT('',(-0.16957459272,-284.1818190266));
#440 = CARTESIAN_POINT('',(-0.15073297786,-283.6060615158));
#441 = CARTESIAN_POINT('',(-0.131891364048,-283.0303040051));
#442 = CARTESIAN_POINT('',(-0.113049751021,-282.4545464943));
#443 = CARTESIAN_POINT('',(-9.420813850478E-02,-281.8787889835));
#444 = CARTESIAN_POINT('',(-7.536652622323E-02,-281.3030314728));
#445 = CARTESIAN_POINT('',(-5.652491390791E-02,-280.727273962));
#446 = CARTESIAN_POINT('',(-3.768330130589E-02,-280.1515164512));
#447 = CARTESIAN_POINT('',(-1.884168818261E-02,-279.5757589405));
#448 = CARTESIAN_POINT('',(-6.280612288143E-03,-279.1919205999));
#449 = CARTESIAN_POINT('',(-7.418652765987E-08,-279.0000014297));
#450 = ( GEOMETRIC_REPRESENTATION_CONTEXT(2) 
PARAMETRIC_REPRESENTATION_CONTEXT() REPRESENTATION_CONTEXT('2D SPACE',''
  ) );
#451 = PCURVE('',#452,#471);
#452 = B_SPLINE_SURFACE_WITH_KNOTS('',1,8,(
    (#453,#454,#455,#456,#457,#458,#459,#460,#461)
    ,(#462,#463,#464,#465,#466,#467,#468,#469,#470
  )),.UNSPECIFIED.,.F.,.F.,.F.,(2,2),(9,9),(0.,44.),(0.,66.666666666667)
  ,.PIECEWISE_BEZIER_KNOTS.);
#453 = CARTESIAN_POINT('',(-190.3267282651,-94.15538691871,
    64.237836374405));
#454 = CARTESIAN_POINT('',(-187.4958715388,-99.26283960564,
    91.084322479857));
#455 = CARTESIAN_POINT('',(-184.0175158153,-96.36759045866,
    119.38511514392));
#456 = CARTESIAN_POINT('',(-181.0755801663,-84.89156430523,
    146.4810885945));
#457 = CARTESIAN_POINT('',(-179.9548006652,-65.52268508764,
    169.48667836588));
#458 = CARTESIAN_POINT('',(-181.7666970358,-40.36696254144,
    185.90537028348));
#459 = CARTESIAN_POINT('',(-187.1069790735,-12.54821790723,
    194.39917824022));
#460 = CARTESIAN_POINT('',(-195.9707504045,14.700883738538,
    194.97909967175));
#461 = CARTESIAN_POINT('',(-207.8722130729,38.663682226439,
    188.73625465167));
#462 = CARTESIAN_POINT('',(-186.8353114275,-51.00083458096,
    72.079686984751));
#463 = CARTESIAN_POINT('',(-188.7911668237,-53.76737145305,
    88.175041636952));
#464 = CARTESIAN_POINT('',(-190.3962935964,-52.19911149844,
    105.05814567507));
#465 = CARTESIAN_POINT('',(-192.2919812428,-45.98293066533,
    121.28863930588));
#466 = CARTESIAN_POINT('',(-195.1741284693,-35.49145442247,
    135.30350844379));
#467 = CARTESIAN_POINT('',(-199.6448084596,-21.86543804328,
    145.75047457757));
#468 = CARTESIAN_POINT('',(-206.026697353,-6.796951366418,
    151.90479523255));
#469 = CARTESIAN_POINT('',(-214.3171429469,7.962978691708,
    153.77242735305));
#470 = CARTESIAN_POINT('',(-224.2530046819,20.942827872654,
    151.94439431225));
#471 = DEFINITIONAL_REPRESENTATION('',(#472),#476);
#472 = LINE('',#473,#474);
#473 = CARTESIAN_POINT('',(44.,123.79179170078));
#474 = VECTOR('',#475,1.);
#475 = DIRECTION('',(2.243819418827E-15,-1.));
#476 = ( GEOMETRIC_REPRESENTATION_CONTEXT(2) 
PARAMETRIC_REPRESENTATION_CONTEXT() REPRESENTATION_CONTEXT('2D SPACE',''
  ) );
#477 = ORIENTED_EDGE('',*,*,#478,.F.);
#478 = EDGE_CURVE('',#479,#409,#481,.T.);
#479 = VERTEX_POINT('',#480);
#480 = CARTESIAN_POINT('',(-322.5967997364,26.976209424347,
    94.96683650609));
#481 = SURFACE_CURVE('',#482,(#492,#521),.PCURVE_S1.);
#482 = B_SPLINE_CURVE_WITH_KNOTS('',8,(#483,#484,#485,#486,#487,#488,
    #489,#490,#491),.UNSPECIFIED.,.F.,.F.,(9,9),(57.125125045733,
    123.7917917124),.PIECEWISE_BEZIER_KNOTS.);
#483 = CARTESIAN_POINT('',(-322.5967997364,26.976209424347,
    94.96683650609));
#484 = CARTESIAN_POINT('',(-311.9917140367,39.09954382742,
    98.297971181735));
#485 = CARTESIAN_POINT('',(-299.849770572,48.930085494052,
    105.08094491351));
#486 = CARTESIAN_POINT('',(-286.5103193237,55.093847760702,
    114.55356516439));
#487 = CARTESIAN_POINT('',(-272.5552447154,56.581141414341,
    125.40889812118));
#488 = CARTESIAN_POINT('',(-258.7333885716,53.071292470959,
    135.96501750683));
#489 = CARTESIAN_POINT('',(-245.7701617596,45.122542953038,
    144.59262383883));
#490 = CARTESIAN_POINT('',(-234.1888664169,33.9226770536,150.11636127146
    ));
#491 = CARTESIAN_POINT('',(-224.2530046819,20.942827872654,
    151.94439431225));
#492 = PCURVE('',#38,#493);
#493 = DEFINITIONAL_REPRESENTATION('',(#494),#520);
#494 = B_SPLINE_CURVE_WITH_KNOTS('',3,(#495,#496,#497,#498,#499,#500,
    #501,#502,#503,#504,#505,#506,#507,#508,#509,#510,#511,#512,#513,
    #514,#515,#516,#517,#518,#519),.UNSPECIFIED.,.F.,.F.,(4,1,1,1,1,1,1,
    1,1,1,1,1,1,1,1,1,1,1,1,1,1,1,4),(57.125125045733,60.155428076036,
    63.185731106339,66.216034136642,69.246337166946,72.276640197249,
    75.306943227552,78.337246257855,81.367549288158,84.397852318462,
    87.428155348765,90.458458379068,93.488761409371,96.519064439675,
    99.549367469978,102.57967050028,105.60997353058,108.64027656088,
    111.67057959119,114.70088262149,117.73118565179,120.7614886821,
    123.7917917124),.QUASI_UNIFORM_KNOTS.);
#495 = CARTESIAN_POINT('',(-2.596177262342,-358.3333333333));
#496 = CARTESIAN_POINT('',(-2.563121775321,-357.3232323232));
#497 = CARTESIAN_POINT('',(-2.497010796582,-355.303030303));
#498 = CARTESIAN_POINT('',(-2.397844337091,-352.2727272727));
#499 = CARTESIAN_POINT('',(-2.29867793549,-349.2424242424));
#500 = CARTESIAN_POINT('',(-2.199511548055,-346.2121212121));
#501 = CARTESIAN_POINT('',(-2.100345138771,-343.1818181818));
#502 = CARTESIAN_POINT('',(-2.001178692251,-340.1515151515));
#503 = CARTESIAN_POINT('',(-1.902012219998,-337.1212121212));
#504 = CARTESIAN_POINT('',(-1.802845747337,-334.0909090909));
#505 = CARTESIAN_POINT('',(-1.703679297204,-331.0606060606));
#506 = CARTESIAN_POINT('',(-1.604512877883,-328.0303030303));
#507 = CARTESIAN_POINT('',(-1.505346479845,-325.));
#508 = CARTESIAN_POINT('',(-1.406180081807,-321.9696969697));
#509 = CARTESIAN_POINT('',(-1.307013662486,-318.9393939394));
#510 = CARTESIAN_POINT('',(-1.207847212353,-315.909090909));
#511 = CARTESIAN_POINT('',(-1.108680739692,-312.8787878787));
#512 = CARTESIAN_POINT('',(-1.009514267439,-309.8484848484));
#513 = CARTESIAN_POINT('',(-0.910347820919,-306.8181818181));
#514 = CARTESIAN_POINT('',(-0.811181411635,-303.7878787878));
#515 = CARTESIAN_POINT('',(-0.7120150242,-300.7575757575));
#516 = CARTESIAN_POINT('',(-0.612848622599,-297.7272727272));
#517 = CARTESIAN_POINT('',(-0.513682163108,-294.6969696969));
#518 = CARTESIAN_POINT('',(-0.44757118437,-292.6767676767));
#519 = CARTESIAN_POINT('',(-0.414515697349,-291.6666666666));
#520 = ( GEOMETRIC_REPRESENTATION_CONTEXT(2) 
PARAMETRIC_REPRESENTATION_CONTEXT() REPRESENTATION_CONTEXT('2D SPACE',''
  ) );
#521 = PCURVE('',#522,#541);
#522 = B_SPLINE_SURFACE_WITH_KNOTS('',1,8,(
    (#523,#524,#525,#526,#527,#528,#529,#530,#531)
    ,(#532,#533,#534,#535,#536,#537,#538,#539,#540
  )),.UNSPECIFIED.,.F.,.F.,.F.,(2,2),(9,9),(0.,44.),(0.,66.666666666667)
  ,.PIECEWISE_BEZIER_KNOTS.);
#523 = CARTESIAN_POINT('',(-207.8722130729,38.663682226439,
    188.73625465167));
#524 = CARTESIAN_POINT('',(-219.7736757414,62.62648071434,
    182.49340963158));
#525 = CARTESIAN_POINT('',(-234.7128619932,83.303156221015,
    169.42772573433));
#526 = CARTESIAN_POINT('',(-252.2033063424,97.977770715623,
    150.63182233037));
#527 = CARTESIAN_POINT('',(-271.2789125344,104.4574918418,
    128.27558713521));
#528 = CARTESIAN_POINT('',(-290.6004605077,101.71171894283,
    105.36695765487));
#529 = CARTESIAN_POINT('',(-308.7854730468,90.332465527479,
    85.011028554638));
#530 = CARTESIAN_POINT('',(-324.7597019853,72.183773219851,
    69.620600720434));
#531 = CARTESIAN_POINT('',(-337.8966550502,49.80223278341,
    60.602798836018));
#532 = CARTESIAN_POINT('',(-224.2530046819,20.942827872654,
    151.94439431225));
#533 = CARTESIAN_POINT('',(-234.1888664169,33.922677053601,
    150.11636127145));
#534 = CARTESIAN_POINT('',(-245.7701617596,45.12254295305,
    144.59262383885));
#535 = CARTESIAN_POINT('',(-258.7333885717,53.071292470962,
    135.96501750679));
#536 = CARTESIAN_POINT('',(-272.5552447153,56.58114141431,
    125.40889812116));
#537 = CARTESIAN_POINT('',(-286.5103193238,55.093847760704,
    114.55356516439));
#538 = CARTESIAN_POINT('',(-299.849770572,48.930085494051,
    105.08094491351));
#539 = CARTESIAN_POINT('',(-311.9917140367,39.099543827419,
    98.297971181734));
#540 = CARTESIAN_POINT('',(-322.5967997364,26.976209424347,
    94.96683650609));
#541 = DEFINITIONAL_REPRESENTATION('',(#542),#546);
#542 = LINE('',#543,#544);
#543 = CARTESIAN_POINT('',(44.,123.79179171239));
#544 = VECTOR('',#545,1.);
#545 = DIRECTION('',(-3.19744231092E-16,-1.));
#546 = ( GEOMETRIC_REPRESENTATION_CONTEXT(2) 
PARAMETRIC_REPRESENTATION_CONTEXT() REPRESENTATION_CONTEXT('2D SPACE',''
  ) );
#547 = ORIENTED_EDGE('',*,*,#548,.F.);
#548 = EDGE_CURVE('',#549,#479,#551,.T.);
#549 = VERTEX_POINT('',#550);
#550 = CARTESIAN_POINT('',(-364.034886897,-51.8886640084,165.80159127475
    ));
#551 = SURFACE_CURVE('',#552,(#562,#591),.PCURVE_S1.);
#552 = B_SPLINE_CURVE_WITH_KNOTS('',8,(#553,#554,#555,#556,#557,#558,
    #559,#560,#561),.UNSPECIFIED.,.F.,.F.,(9,9),(57.125125036105,
    123.79179170277),.PIECEWISE_BEZIER_KNOTS.);
#553 = CARTESIAN_POINT('',(-364.034886897,-51.8886640084,165.80159127475
    ));
#554 = CARTESIAN_POINT('',(-362.1775097298,-52.81613271467,
    149.48505089902));
#555 = CARTESIAN_POINT('',(-360.4377272213,-49.33333676964,
    132.90438859524));
#556 = CARTESIAN_POINT('',(-358.1631125064,-41.33562768361,
    117.52497909499));
#557 = CARTESIAN_POINT('',(-354.6835029944,-29.41576449161,
    104.8520322208));
#558 = CARTESIAN_POINT('',(-349.4625387742,-14.89795495083,
    96.090232058648));
#559 = CARTESIAN_POINT('',(-342.2701358696,0.436656726232,
    91.756355678576));
#560 = CARTESIAN_POINT('',(-333.2018854362,14.852875021277,
    91.635701830443));
#561 = CARTESIAN_POINT('',(-322.5967997364,26.976209424347,
    94.96683650609));
#562 = PCURVE('',#38,#563);
#563 = DEFINITIONAL_REPRESENTATION('',(#564),#590);
#564 = B_SPLINE_CURVE_WITH_KNOTS('',3,(#565,#566,#567,#568,#569,#570,
    #571,#572,#573,#574,#575,#576,#577,#578,#579,#580,#581,#582,#583,
    #584,#585,#586,#587,#588,#589),.UNSPECIFIED.,.F.,.F.,(4,1,1,1,1,1,1,
    1,1,1,1,1,1,1,1,1,1,1,1,1,1,1,4),(57.125125036105,60.155428066408,
    63.185731096712,66.216034127015,69.246337157318,72.276640187621,
    75.306943217924,78.337246248227,81.36754927853,84.397852308833,
    87.428155339136,90.45845836944,93.488761399743,96.519064430046,
    99.549367460349,102.57967049065,105.60997352095,108.64027655125,
    111.67057958156,114.70088261186,117.73118564216,120.76148867247,
    123.79179170277),.QUASI_UNIFORM_KNOTS.);
#565 = CARTESIAN_POINT('',(-4.777838827334,-425.));
#566 = CARTESIAN_POINT('',(-4.744783340314,-423.9898989898));
#567 = CARTESIAN_POINT('',(-4.678672361575,-421.9696969696));
#568 = CARTESIAN_POINT('',(-4.579505902084,-418.9393939393));
#569 = CARTESIAN_POINT('',(-4.480339500483,-415.909090909));
#570 = CARTESIAN_POINT('',(-4.381173113048,-412.8787878787));
#571 = CARTESIAN_POINT('',(-4.282006703764,-409.8484848484));
#572 = CARTESIAN_POINT('',(-4.182840257244,-406.8181818181));
#573 = CARTESIAN_POINT('',(-4.08367378499,-403.7878787878));
#574 = CARTESIAN_POINT('',(-3.984507312329,-400.7575757575));
#575 = CARTESIAN_POINT('',(-3.885340862196,-397.7272727272));
#576 = CARTESIAN_POINT('',(-3.786174442875,-394.6969696969));
#577 = CARTESIAN_POINT('',(-3.687008044838,-391.6666666666));
#578 = CARTESIAN_POINT('',(-3.5878416468,-388.6363636363));
#579 = CARTESIAN_POINT('',(-3.48867522748,-385.606060606));
#580 = CARTESIAN_POINT('',(-3.389508777347,-382.5757575757));
#581 = CARTESIAN_POINT('',(-3.290342304686,-379.5454545454));
#582 = CARTESIAN_POINT('',(-3.191175832432,-376.5151515151));
#583 = CARTESIAN_POINT('',(-3.092009385912,-373.4848484848));
#584 = CARTESIAN_POINT('',(-2.992842976628,-370.4545454545));
#585 = CARTESIAN_POINT('',(-2.893676589193,-367.4242424242));
#586 = CARTESIAN_POINT('',(-2.794510187592,-364.3939393939));
#587 = CARTESIAN_POINT('',(-2.695343728101,-361.3636363636));
#588 = CARTESIAN_POINT('',(-2.629232749363,-359.3434343434));
#589 = CARTESIAN_POINT('',(-2.596177262342,-358.3333333333));
#590 = ( GEOMETRIC_REPRESENTATION_CONTEXT(2) 
PARAMETRIC_REPRESENTATION_CONTEXT() REPRESENTATION_CONTEXT('2D SPACE',''
  ) );
#591 = PCURVE('',#592,#611);
#592 = B_SPLINE_SURFACE_WITH_KNOTS('',1,8,(
    (#593,#594,#595,#596,#597,#598,#599,#600,#601)
    ,(#602,#603,#604,#605,#606,#607,#608,#609,#610
  )),.UNSPECIFIED.,.F.,.F.,.F.,(2,2),(9,9),(0.,44.),(0.,66.666666666667)
  ,.PIECEWISE_BEZIER_KNOTS.);
#593 = CARTESIAN_POINT('',(-337.8966550502,49.80223278341,
    60.602798836018));
#594 = CARTESIAN_POINT('',(-351.0336081151,27.420692346969,
    51.584996951602));
#595 = CARTESIAN_POINT('',(-361.333326842,0.806135494575,48.939727726493
    ));
#596 = CARTESIAN_POINT('',(-368.169942439,-27.50391683213,
    54.072715483204));
#597 = CARTESIAN_POINT('',(-371.3669789265,-54.30602675393,
    67.380331761178));
#598 = CARTESIAN_POINT('',(-371.3492067213,-76.31192803129,
    87.908526584006));
#599 = CARTESIAN_POINT('',(-369.1068287373,-91.07692942087,
    113.43326779355));
#600 = CARTESIAN_POINT('',(-365.8770682183,-97.50670655016,
    141.17570648654));
#601 = CARTESIAN_POINT('',(-362.8644055309,-95.7944566309,168.4305354662
    ));
#602 = CARTESIAN_POINT('',(-322.5967997364,26.976209424347,
    94.96683650609));
#603 = CARTESIAN_POINT('',(-333.2018854362,14.852875021275,
    91.635701830446));
#604 = CARTESIAN_POINT('',(-342.2701358696,0.436656726227,
    91.756355678594));
#605 = CARTESIAN_POINT('',(-349.4625387742,-14.89795495074,
    96.090232058559));
#606 = CARTESIAN_POINT('',(-354.6835029945,-29.41576449171,
    104.85203222087));
#607 = CARTESIAN_POINT('',(-358.1631125063,-41.33562768361,
    117.52497909498));
#608 = CARTESIAN_POINT('',(-360.4377272213,-49.33333676964,
    132.90438859524));
#609 = CARTESIAN_POINT('',(-362.1775097298,-52.81613271467,
    149.48505089902));
#610 = CARTESIAN_POINT('',(-364.034886897,-51.8886640084,165.80159127475
    ));
#611 = DEFINITIONAL_REPRESENTATION('',(#612),#616);
#612 = LINE('',#613,#614);
#613 = CARTESIAN_POINT('',(44.,123.79179170277));
#614 = VECTOR('',#615,1.);
#615 = DIRECTION('',(-2.13162820728E-16,-1.));
#616 = ( GEOMETRIC_REPRESENTATION_CONTEXT(2) 
PARAMETRIC_REPRESENTATION_CONTEXT() REPRESENTATION_CONTEXT('2D SPACE',''
  ) );
#617 = ORIENTED_EDGE('',*,*,#618,.T.);
#618 = EDGE_CURVE('',#549,#619,#621,.T.);
#619 = VERTEX_POINT('',#620);
#620 = CARTESIAN_POINT('',(-365.418183057,-52.,162.69465723032));
#621 = SURFACE_CURVE('',#622,(#627,#634),.PCURVE_S1.);
#622 = CIRCLE('',#623,52.);
#623 = AXIS2_PLACEMENT_3D('',#624,#625,#626);
#624 = CARTESIAN_POINT('',(-365.418183057,0.,162.69465723032));
#625 = DIRECTION('',(0.913545457643,0.,-0.406736643076));
#626 = DIRECTION('',(0.406736643076,0.,0.913545457643));
#627 = PCURVE('',#38,#628);
#628 = DEFINITIONAL_REPRESENTATION('',(#629),#633);
#629 = LINE('',#630,#631);
#630 = CARTESIAN_POINT('',(-6.28318530718,-425.));
#631 = VECTOR('',#632,1.);
#632 = DIRECTION('',(1.,-0.));
#633 = ( GEOMETRIC_REPRESENTATION_CONTEXT(2) 
PARAMETRIC_REPRESENTATION_CONTEXT() REPRESENTATION_CONTEXT('2D SPACE',''
  ) );
#634 = PCURVE('',#635,#640);
#635 = PLANE('',#636);
#636 = AXIS2_PLACEMENT_3D('',#637,#638,#639);
#637 = CARTESIAN_POINT('',(-364.4253251298,-74.5658714288,
    164.92465264614));
#638 = DIRECTION('',(-0.913545457643,0.,0.406736643076));
#639 = DIRECTION('',(-0.333179152663,0.573576436351,-0.748332629179));
#640 = DEFINITIONAL_REPRESENTATION('',(#641),#649);
#641 = ( BOUNDED_CURVE() B_SPLINE_CURVE(2,(#642,#643,#644,#645,#646,#647
,#648),.UNSPECIFIED.,.T.,.F.) B_SPLINE_CURVE_WITH_KNOTS((1,2,2,2,2,1),(
    -2.094395102393,0.,2.094395102393,4.188790204786,6.28318530718,
8.377580409573),.UNSPECIFIED.) CURVE() GEOMETRIC_REPRESENTATION_ITEM() 
RATIONAL_B_SPLINE_CURVE((1.,0.5,1.,0.5,1.,0.5,1.)) REPRESENTATION_ITEM(
  '') );
#642 = CARTESIAN_POINT('',(2.172898400011,-89.50664118968));
#643 = CARTESIAN_POINT('',(-49.48720514877,-15.7283672784));
#644 = CARTESIAN_POINT('',(40.23670608016,-7.878542198662));
#645 = CARTESIAN_POINT('',(129.96061730909,-2.871711892445E-02));
#646 = CARTESIAN_POINT('',(91.896809628944,-81.65681610995));
#647 = CARTESIAN_POINT('',(53.833001948795,-163.2849151009));
#648 = CARTESIAN_POINT('',(2.172898400011,-89.50664118968));
#649 = ( GEOMETRIC_REPRESENTATION_CONTEXT(2) 
PARAMETRIC_REPRESENTATION_CONTEXT() REPRESENTATION_CONTEXT('2D SPACE',''
  ) );
#650 = ORIENTED_EDGE('',*,*,#651,.F.);
#651 = EDGE_CURVE('',#652,#619,#654,.T.);
#652 = VERTEX_POINT('',#653);
#653 = CARTESIAN_POINT('',(-321.8404684859,29.825974690254,
    96.665584307966));
#654 = SURFACE_CURVE('',#655,(#665,#694),.PCURVE_S1.);
#655 = B_SPLINE_CURVE_WITH_KNOTS('',8,(#656,#657,#658,#659,#660,#661,
    #662,#663,#664),.UNSPECIFIED.,.F.,.F.,(9,9),(0.,66.666666666689),
  .PIECEWISE_BEZIER_KNOTS.);
#656 = CARTESIAN_POINT('',(-321.8404684859,29.825974690254,
    96.665584307966));
#657 = CARTESIAN_POINT('',(-332.761650755,18.209743239331,
    92.624485113516));
#658 = CARTESIAN_POINT('',(-342.2102831916,4.05841449067,91.890786994361
    ));
#659 = CARTESIAN_POINT('',(-349.8115153952,-11.31097700464,
    95.30641773447));
#660 = CARTESIAN_POINT('',(-355.423801469,-26.18232194442,
    103.18929462386));
#661 = CARTESIAN_POINT('',(-359.2293510311,-38.74129224827,
    115.13016815894));
#662 = CARTESIAN_POINT('',(-361.7281492304,-47.58026887827,
    130.00605330875));
#663 = CARTESIAN_POINT('',(-363.5731553016,-52.,146.35037962141));
#664 = CARTESIAN_POINT('',(-365.418183057,-52.,162.69465723032));
#665 = PCURVE('',#38,#666);
#666 = DEFINITIONAL_REPRESENTATION('',(#667),#693);
#667 = B_SPLINE_CURVE_WITH_KNOTS('',3,(#668,#669,#670,#671,#672,#673,
    #674,#675,#676,#677,#678,#679,#680,#681,#682,#683,#684,#685,#686,
    #687,#688,#689,#690,#691,#692),.UNSPECIFIED.,.F.,.F.,(4,1,1,1,1,1,1,
    1,1,1,1,1,1,1,1,1,1,1,1,1,1,1,4),(0.,3.030303030304,6.060606060608,
    9.090909090912,12.121212121216,15.15151515152,18.181818181824,
    21.212121212128,24.242424242432,27.272727272736,30.30303030304,
    33.333333333344,36.363636363649,39.393939393953,42.424242424257,
    45.454545454561,48.484848484865,51.515151515169,54.545454545473,
    57.575757575777,60.606060606081,63.636363636385,66.666666666689),
  .QUASI_UNIFORM_KNOTS.);
#668 = CARTESIAN_POINT('',(-2.530727415392,-358.3333333333));
#669 = CARTESIAN_POINT('',(-2.563782902413,-359.3434343434));
#670 = CARTESIAN_POINT('',(-2.629893881151,-361.3636363636));
#671 = CARTESIAN_POINT('',(-2.729060340643,-364.3939393939));
#672 = CARTESIAN_POINT('',(-2.828226742243,-367.4242424242));
#673 = CARTESIAN_POINT('',(-2.927393129678,-370.4545454545));
#674 = CARTESIAN_POINT('',(-3.026559538962,-373.4848484848));
#675 = CARTESIAN_POINT('',(-3.125725985482,-376.5151515151));
#676 = CARTESIAN_POINT('',(-3.224892457736,-379.5454545454));
#677 = CARTESIAN_POINT('',(-3.324058930397,-382.5757575757));
#678 = CARTESIAN_POINT('',(-3.42322538053,-385.606060606));
#679 = CARTESIAN_POINT('',(-3.522391799851,-388.6363636364));
#680 = CARTESIAN_POINT('',(-3.621558197889,-391.6666666667));
#681 = CARTESIAN_POINT('',(-3.720724595926,-394.696969697));
#682 = CARTESIAN_POINT('',(-3.819891015247,-397.7272727273));
#683 = CARTESIAN_POINT('',(-3.91905746538,-400.7575757576));
#684 = CARTESIAN_POINT('',(-4.018223938041,-403.7878787879));
#685 = CARTESIAN_POINT('',(-4.117390410295,-406.8181818181));
#686 = CARTESIAN_POINT('',(-4.216556856815,-409.8484848484));
#687 = CARTESIAN_POINT('',(-4.315723266099,-412.8787878787));
#688 = CARTESIAN_POINT('',(-4.414889653534,-415.909090909));
#689 = CARTESIAN_POINT('',(-4.514056055134,-418.9393939393));
#690 = CARTESIAN_POINT('',(-4.613222514626,-421.9696969696));
#691 = CARTESIAN_POINT('',(-4.679333493364,-423.9898989899));
#692 = CARTESIAN_POINT('',(-4.712388980385,-425.));
#693 = ( GEOMETRIC_REPRESENTATION_CONTEXT(2) 
PARAMETRIC_REPRESENTATION_CONTEXT() REPRESENTATION_CONTEXT('2D SPACE',''
  ) );
#694 = PCURVE('',#695,#714);
#695 = B_SPLINE_SURFACE_WITH_KNOTS('',1,8,(
    (#696,#697,#698,#699,#700,#701,#702,#703,#704)
    ,(#705,#706,#707,#708,#709,#710,#711,#712,#713
  )),.UNSPECIFIED.,.F.,.F.,.F.,(2,2),(9,9),(0.,44.),(0.,66.666666666667)
  ,.PIECEWISE_BEZIER_KNOTS.);
#696 = CARTESIAN_POINT('',(-321.8404684859,29.825974690254,
    96.665584307966));
#697 = CARTESIAN_POINT('',(-332.761650755,18.209743239335,
    92.624485113518));
#698 = CARTESIAN_POINT('',(-342.2102831916,4.058414490679,
    91.890786994361));
#699 = CARTESIAN_POINT('',(-349.8115153952,-11.31097700463,
    95.306417734468));
#700 = CARTESIAN_POINT('',(-355.4238014689,-26.18232194438,
    103.18929462382));
#701 = CARTESIAN_POINT('',(-359.229351031,-38.74129224826,
    115.13016815883));
#702 = CARTESIAN_POINT('',(-361.7281492304,-47.58026887828,
    130.0060533088));
#703 = CARTESIAN_POINT('',(-363.5731553016,-52.,146.3503796214));
#704 = CARTESIAN_POINT('',(-365.418183057,-52.,162.69465723032));
#705 = CARTESIAN_POINT('',(-336.5003512031,55.0633378897,63.738948624096
    ));
#706 = CARTESIAN_POINT('',(-350.2208671652,33.617987518772,
    53.410443012657));
#707 = CARTESIAN_POINT('',(-361.2228295904,7.492457521255,49.18790861714
    ));
#708 = CARTESIAN_POINT('',(-368.8142069701,-20.88180370086,
    52.625673654112));
#709 = CARTESIAN_POINT('',(-372.7336838022,-48.33659435886,
    64.310662351243));
#710 = CARTESIAN_POINT('',(-373.3176470745,-71.5223856891,
    83.487337163407));
#711 = CARTESIAN_POINT('',(-371.4891462927,-87.84049639067,
    108.08249495704));
#712 = CARTESIAN_POINT('',(-368.4536446586,-96.,135.38862105093));
#713 = CARTESIAN_POINT('',(-365.418183057,-96.,162.69465723032));
#714 = DEFINITIONAL_REPRESENTATION('',(#715),#719);
#715 = LINE('',#716,#717);
#716 = CARTESIAN_POINT('',(-5.337671107685E-15,-1.068325478839E-14));
#717 = VECTOR('',#718,1.);
#718 = DIRECTION('',(-3.362457930208E-16,1.));
#719 = ( GEOMETRIC_REPRESENTATION_CONTEXT(2) 
PARAMETRIC_REPRESENTATION_CONTEXT() REPRESENTATION_CONTEXT('2D SPACE',''
  ) );
#720 = ORIENTED_EDGE('',*,*,#721,.F.);
#721 = EDGE_CURVE('',#722,#652,#724,.T.);
#722 = VERTEX_POINT('',#723);
#723 = CARTESIAN_POINT('',(-223.7373360887,17.785047452935,
    153.10260493577));
#724 = SURFACE_CURVE('',#725,(#735,#764),.PCURVE_S1.);
#725 = B_SPLINE_CURVE_WITH_KNOTS('',8,(#726,#727,#728,#729,#730,#731,
    #732,#733,#734),.UNSPECIFIED.,.F.,.F.,(9,9),(0.,66.666666666644),
  .PIECEWISE_BEZIER_KNOTS.);
#726 = CARTESIAN_POINT('',(-223.7373360887,17.785047452935,
    153.10260493577));
#727 = CARTESIAN_POINT('',(-233.322936148,31.110640731825,
    152.06127249905));
#728 = CARTESIAN_POINT('',(-244.5977976622,42.924647036674,
    147.22579671395));
#729 = CARTESIAN_POINT('',(-257.3381175323,51.716712012188,
    139.09884757078));
#730 = CARTESIAN_POINT('',(-271.0533113061,56.217447776895,
    128.7822957895));
#731 = CARTESIAN_POINT('',(-285.0343715486,55.753161699476,
    117.8685981441));
#732 = CARTESIAN_POINT('',(-298.52552924,50.523427636956,108.05523964275
    ));
#733 = CARTESIAN_POINT('',(-310.9192862168,41.442206141174,
    100.70668350241));
#734 = CARTESIAN_POINT('',(-321.8404684859,29.825974690254,
    96.665584307966));
#735 = PCURVE('',#38,#736);
#736 = DEFINITIONAL_REPRESENTATION('',(#737),#763);
#737 = B_SPLINE_CURVE_WITH_KNOTS('',3,(#738,#739,#740,#741,#742,#743,
    #744,#745,#746,#747,#748,#749,#750,#751,#752,#753,#754,#755,#756,
    #757,#758,#759,#760,#761,#762),.UNSPECIFIED.,.F.,.F.,(4,1,1,1,1,1,1,
    1,1,1,1,1,1,1,1,1,1,1,1,1,1,1,4),(0.,3.030303030302,6.060606060604,
    9.090909090906,12.121212121208,15.15151515151,18.181818181812,
    21.212121212114,24.242424242416,27.272727272718,30.30303030302,
    33.333333333322,36.363636363624,39.393939393926,42.424242424228,
    45.45454545453,48.484848484832,51.515151515134,54.545454545436,
    57.575757575738,60.60606060604,63.636363636342,66.666666666644),
  .QUASI_UNIFORM_KNOTS.);
#738 = CARTESIAN_POINT('',(-0.349065850399,-291.6666666666));
#739 = CARTESIAN_POINT('',(-0.38212133742,-292.6767676767));
#740 = CARTESIAN_POINT('',(-0.448232316158,-294.6969696969));
#741 = CARTESIAN_POINT('',(-0.54739877565,-297.7272727272));
#742 = CARTESIAN_POINT('',(-0.64656517725,-300.7575757575));
#743 = CARTESIAN_POINT('',(-0.745731564685,-303.7878787878));
#744 = CARTESIAN_POINT('',(-0.844897973969,-306.8181818181));
#745 = CARTESIAN_POINT('',(-0.944064420489,-309.8484848484));
#746 = CARTESIAN_POINT('',(-1.043230892742,-312.8787878787));
#747 = CARTESIAN_POINT('',(-1.142397365403,-315.909090909));
#748 = CARTESIAN_POINT('',(-1.241563815536,-318.9393939393));
#749 = CARTESIAN_POINT('',(-1.340730234857,-321.9696969696));
#750 = CARTESIAN_POINT('',(-1.439896632895,-324.9999999999));
#751 = CARTESIAN_POINT('',(-1.539063030933,-328.0303030302));
#752 = CARTESIAN_POINT('',(-1.638229450254,-331.0606060605));
#753 = CARTESIAN_POINT('',(-1.737395900387,-334.0909090909));
#754 = CARTESIAN_POINT('',(-1.836562373048,-337.1212121212));
#755 = CARTESIAN_POINT('',(-1.935728845302,-340.1515151515));
#756 = CARTESIAN_POINT('',(-2.034895291822,-343.1818181818));
#757 = CARTESIAN_POINT('',(-2.134061701106,-346.2121212121));
#758 = CARTESIAN_POINT('',(-2.233228088541,-349.2424242424));
#759 = CARTESIAN_POINT('',(-2.332394490141,-352.2727272727));
#760 = CARTESIAN_POINT('',(-2.431560949633,-355.303030303));
#761 = CARTESIAN_POINT('',(-2.497671928371,-357.3232323232));
#762 = CARTESIAN_POINT('',(-2.530727415392,-358.3333333333));
#763 = ( GEOMETRIC_REPRESENTATION_CONTEXT(2) 
PARAMETRIC_REPRESENTATION_CONTEXT() REPRESENTATION_CONTEXT('2D SPACE',''
  ) );
#764 = PCURVE('',#765,#784);
#765 = B_SPLINE_SURFACE_WITH_KNOTS('',1,8,(
    (#766,#767,#768,#769,#770,#771,#772,#773,#774)
    ,(#775,#776,#777,#778,#779,#780,#781,#782,#783
  )),.UNSPECIFIED.,.F.,.F.,.F.,(2,2),(9,9),(0.,44.),(0.,66.666666666667)
  ,.PIECEWISE_BEZIER_KNOTS.);
#766 = CARTESIAN_POINT('',(-223.7373360887,17.785047452935,
    153.10260493577));
#767 = CARTESIAN_POINT('',(-233.322936148,31.110640731829,
    152.06127249905));
#768 = CARTESIAN_POINT('',(-244.5977976622,42.924647036682,
    147.22579671394));
#769 = CARTESIAN_POINT('',(-257.3381175323,51.716712012196,
    139.09884757078));
#770 = CARTESIAN_POINT('',(-271.0533113064,56.217447776903,
    128.7822957894));
#771 = CARTESIAN_POINT('',(-285.0343715484,55.75316169942,117.8685981442
    ));
#772 = CARTESIAN_POINT('',(-298.52552924,50.523427636978,108.05523964273
    ));
#773 = CARTESIAN_POINT('',(-310.9192862169,41.442206141174,
    100.70668350241));
#774 = CARTESIAN_POINT('',(-321.8404684859,29.825974690254,
    96.665584307966));
#775 = CARTESIAN_POINT('',(-206.9202095162,32.833933759264,
    190.87448964894));
#776 = CARTESIAN_POINT('',(-218.1750352449,57.435029043377,
    186.08401497484));
#777 = CARTESIAN_POINT('',(-232.5484975057,79.245502221566,
    174.28896796527));
#778 = CARTESIAN_POINT('',(-249.6274213467,95.477006791747,
    156.4173547562));
#779 = CARTESIAN_POINT('',(-268.506112395,103.78605743428,
    134.50339821504));
#780 = CARTESIAN_POINT('',(-287.8756338455,102.92891390662,
    111.48701854067));
#781 = CARTESIAN_POINT('',(-306.3407198184,93.274020252882,
    90.50203420858));
#782 = CARTESIAN_POINT('',(-322.779835241,76.508688260629,
    74.067454235535));
#783 = CARTESIAN_POINT('',(-336.5003512031,55.0633378897,63.738948624096
    ));
#784 = DEFINITIONAL_REPRESENTATION('',(#785),#789);
#785 = LINE('',#786,#787);
#786 = CARTESIAN_POINT('',(-3.30901150306E-14,-1.59390161775E-14));
#787 = VECTOR('',#788,1.);
#788 = DIRECTION('',(3.165972255613E-16,1.));
#789 = ( GEOMETRIC_REPRESENTATION_CONTEXT(2) 
PARAMETRIC_REPRESENTATION_CONTEXT() REPRESENTATION_CONTEXT('2D SPACE',''
  ) );
#790 = ORIENTED_EDGE('',*,*,#791,.F.);
#791 = EDGE_CURVE('',#792,#722,#794,.T.);
#792 = VERTEX_POINT('',#793);
#793 = CARTESIAN_POINT('',(-212.7173277063,0.,151.62894263934));
#794 = SURFACE_CURVE('',#795,(#805,#834),.PCURVE_S1.);
#795 = B_SPLINE_CURVE_WITH_KNOTS('',8,(#796,#797,#798,#799,#800,#801,
    #802,#803,#804),.UNSPECIFIED.,.F.,.F.,(9,9),(55.999998832202,
    66.666666666667),.PIECEWISE_BEZIER_KNOTS.);
#796 = CARTESIAN_POINT('',(-212.717330453,-1.893388919649E-06,
    151.62894439149));
#797 = CARTESIAN_POINT('',(-213.9353913628,2.268925424828,
    152.17125960173));
#798 = CARTESIAN_POINT('',(-215.1994719817,4.537852644688,
    152.61021285274));
#799 = CARTESIAN_POINT('',(-216.5095722595,6.800197556172,
    152.94580425778));
#800 = CARTESIAN_POINT('',(-217.865505205,9.049378049032,153.17845380445
    ));
#801 = CARTESIAN_POINT('',(-219.266896906,11.278852152828,
    153.30900132777));
#802 = CARTESIAN_POINT('',(-220.7131884291,13.482157936829,
    153.33870207121));
#803 = CARTESIAN_POINT('',(-222.2036400331,15.652952296001,
    153.26921846146));
#804 = CARTESIAN_POINT('',(-223.7373360887,17.785047452935,
    153.10260493577));
#805 = PCURVE('',#38,#806);
#806 = DEFINITIONAL_REPRESENTATION('',(#807),#833);
#807 = B_SPLINE_CURVE_WITH_KNOTS('',3,(#808,#809,#810,#811,#812,#813,
    #814,#815,#816,#817,#818,#819,#820,#821,#822,#823,#824,#825,#826,
    #827,#828,#829,#830,#831,#832),.UNSPECIFIED.,.F.,.F.,(4,1,1,1,1,1,1,
    1,1,1,1,1,1,1,1,1,1,1,1,1,1,1,4),(55.999998832202,56.484847370132,
    56.969695908063,57.454544445993,57.939392983923,58.424241521853,
    58.909090059783,59.393938597714,59.878787135644,60.363635673574,
    60.848484211504,61.333332749434,61.818181287365,62.303029825295,
    62.787878363225,63.272726901155,63.757575439086,64.242423977016,
    64.727272514946,65.212121052876,65.696969590806,66.181818128737,
    66.666666666667),.QUASI_UNIFORM_KNOTS.);
#808 = CARTESIAN_POINT('',(3.641132462207E-08,-280.9999988322));
#809 = CARTESIAN_POINT('',(-5.288838407615E-03,-281.1616150115));
#810 = CARTESIAN_POINT('',(-1.586658800394E-02,-281.4848473701));
#811 = CARTESIAN_POINT('',(-3.173321243531E-02,-281.969695908));
#812 = CARTESIAN_POINT('',(-4.759983706366E-02,-282.4545444459));
#813 = CARTESIAN_POINT('',(-6.346646205419E-02,-282.9393929839));
#814 = CARTESIAN_POINT('',(-7.933308757078E-02,-283.4242415218));
#815 = CARTESIAN_POINT('',(-9.519971377245E-02,-283.9090900597));
#816 = CARTESIAN_POINT('',(-0.111066340808,-284.3939385977));
#817 = CARTESIAN_POINT('',(-0.126932968813,-284.8787871358));
#818 = CARTESIAN_POINT('',(-0.1427995979,-285.3636356742));
#819 = CARTESIAN_POINT('',(-0.158666228157,-285.8484842131));
#820 = CARTESIAN_POINT('',(-0.174532859637,-286.3333327529));
#821 = CARTESIAN_POINT('',(-0.190399492357,-286.8181812941));
#822 = CARTESIAN_POINT('',(-0.206266126284,-287.3030298373));
#823 = CARTESIAN_POINT('',(-0.222132761335,-287.7878783829));
#824 = CARTESIAN_POINT('',(-0.237999397368,-288.2727269315));
#825 = CARTESIAN_POINT('',(-0.253866034175,-288.757575483));
#826 = CARTESIAN_POINT('',(-0.269732671481,-289.2424240365));
#827 = CARTESIAN_POINT('',(-0.285599308939,-289.72727259));
#828 = CARTESIAN_POINT('',(-0.301465946128,-290.2121211397));
#829 = CARTESIAN_POINT('',(-0.317332582555,-290.6969696785));
#830 = CARTESIAN_POINT('',(-0.333199217665,-291.1818181964));
#831 = CARTESIAN_POINT('',(-0.343776973105,-291.5050505159));
#832 = CARTESIAN_POINT('',(-0.349065850399,-291.6666666666));
#833 = ( GEOMETRIC_REPRESENTATION_CONTEXT(2) 
PARAMETRIC_REPRESENTATION_CONTEXT() REPRESENTATION_CONTEXT('2D SPACE',''
  ) );
#834 = PCURVE('',#835,#854);
#835 = B_SPLINE_SURFACE_WITH_KNOTS('',1,8,(
    (#836,#837,#838,#839,#840,#841,#842,#843,#844)
    ,(#845,#846,#847,#848,#849,#850,#851,#852,#853
  )),.UNSPECIFIED.,.F.,.F.,.F.,(2,2),(9,9),(0.,44.),(0.,66.666666666667)
  ,.PIECEWISE_BEZIER_KNOTS.);
#836 = CARTESIAN_POINT('',(-188.1831933861,-50.22814296703,
    69.05229453891));
#837 = CARTESIAN_POINT('',(-190.2247559004,-53.89840412645,
    84.955147851988));
#838 = CARTESIAN_POINT('',(-191.8010271165,-53.29954664853,
    101.90306253132));
#839 = CARTESIAN_POINT('',(-193.5435938028,-48.01599774686,
    118.4774714695));
#840 = CARTESIAN_POINT('',(-196.1567772195,-38.30768476886,
    133.09644321495));
#841 = CARTESIAN_POINT('',(-200.2717076654,-25.21610735744,
    144.34243590784));
#842 = CARTESIAN_POINT('',(-206.255382592,-10.37782627423,
    151.39115977611));
#843 = CARTESIAN_POINT('',(-214.1517360294,4.45945417404,154.14393737249
    ));
#844 = CARTESIAN_POINT('',(-223.7373360887,17.785047452935,
    153.10260493577));
#845 = CARTESIAN_POINT('',(-192.8151257271,-92.72887932375,
    58.648804166699));
#846 = CARTESIAN_POINT('',(-190.1424975266,-99.50474607961,
    85.13990318454));
#847 = CARTESIAN_POINT('',(-186.6108700063,-98.39916304344,
    113.56034626316));
#848 = CARTESIAN_POINT('',(-183.3862495078,-88.64491891729,
    141.29124028119));
#849 = CARTESIAN_POINT('',(-181.7689214349,-70.72187957329,
    165.41209640494));
#850 = CARTESIAN_POINT('',(-182.9240494157,-46.55281358298,
    183.30591427783));
#851 = CARTESIAN_POINT('',(-187.5291672071,-19.15906389089,
    193.45092816678));
#852 = CARTESIAN_POINT('',(-195.6653837875,8.232838475151,
    195.66496432303));
#853 = CARTESIAN_POINT('',(-206.9202095162,32.833933759264,
    190.87448964894));
#854 = DEFINITIONAL_REPRESENTATION('',(#855),#859);
#855 = LINE('',#856,#857);
#856 = CARTESIAN_POINT('',(-7.173133243671E-14,-1.42108547152E-14));
#857 = VECTOR('',#858,1.);
#858 = DIRECTION('',(1.210918313516E-15,1.));
#859 = ( GEOMETRIC_REPRESENTATION_CONTEXT(2) 
PARAMETRIC_REPRESENTATION_CONTEXT() REPRESENTATION_CONTEXT('2D SPACE',''
  ) );
#860 = ORIENTED_EDGE('',*,*,#861,.T.);
#861 = EDGE_CURVE('',#792,#862,#864,.T.);
#862 = VERTEX_POINT('',#863);
#863 = CARTESIAN_POINT('',(-269.3571561033,0.,176.84661897267));
#864 = SURFACE_CURVE('',#865,(#869,#876),.PCURVE_S1.);
#865 = LINE('',#866,#867);
#866 = CARTESIAN_POINT('',(43.988941881007,0.,37.33594772052));
#867 = VECTOR('',#868,1.);
#868 = DIRECTION('',(-0.913545457643,0.,0.406736643076));
#869 = PCURVE('',#38,#870);
#870 = DEFINITIONAL_REPRESENTATION('',(#871),#875);
#871 = LINE('',#872,#873);
#872 = CARTESIAN_POINT('',(-0.,0.));
#873 = VECTOR('',#874,1.);
#874 = DIRECTION('',(-0.,-1.));
#875 = ( GEOMETRIC_REPRESENTATION_CONTEXT(2) 
PARAMETRIC_REPRESENTATION_CONTEXT() REPRESENTATION_CONTEXT('2D SPACE',''
  ) );
#876 = PCURVE('',#122,#877);
#877 = DEFINITIONAL_REPRESENTATION('',(#878),#882);
#878 = LINE('',#879,#880);
#879 = CARTESIAN_POINT('',(-6.28318530718,0.));
#880 = VECTOR('',#881,1.);
#881 = DIRECTION('',(-0.,-1.));
#882 = ( GEOMETRIC_REPRESENTATION_CONTEXT(2) 
PARAMETRIC_REPRESENTATION_CONTEXT() REPRESENTATION_CONTEXT('2D SPACE',''
  ) );
#883 = ORIENTED_EDGE('',*,*,#884,.F.);
#884 = EDGE_CURVE('',#885,#862,#887,.T.);
#885 = VERTEX_POINT('',#886);
#886 = CARTESIAN_POINT('',(-285.9721138769,25.011415983808,
    177.22722777932));
#887 = SURFACE_CURVE('',#888,(#898,#927),.PCURVE_S1.);
#888 = B_SPLINE_CURVE_WITH_KNOTS('',8,(#889,#890,#891,#892,#893,#894,
    #895,#896,#897),.UNSPECIFIED.,.F.,.F.,(9,9),(57.15172104061,
    72.485053693599),.PIECEWISE_BEZIER_KNOTS.);
#889 = CARTESIAN_POINT('',(-285.9721138769,25.011415983808,
    177.22722777932));
#890 = CARTESIAN_POINT('',(-283.5830693924,22.151898117123,
    177.88080586192));
#891 = CARTESIAN_POINT('',(-281.27739805,19.179920797281,178.34712480134
    ));
#892 = CARTESIAN_POINT('',(-279.0589239852,16.112633880167,
    178.61759544875));
#893 = CARTESIAN_POINT('',(-276.9307728814,12.968122608652,
    178.68519740417));
#894 = CARTESIAN_POINT('',(-274.8953226733,9.76519953992,178.54458973899
    ));
#895 = CARTESIAN_POINT('',(-272.9541697778,6.523170263321,
    178.19218684198));
#896 = CARTESIAN_POINT('',(-271.1081123511,3.261587264138,
    177.62619602496));
#897 = CARTESIAN_POINT('',(-269.3571503517,3.468121970496E-06,
    176.84661738123));
#898 = PCURVE('',#38,#899);
#899 = DEFINITIONAL_REPRESENTATION('',(#900),#926);
#900 = B_SPLINE_CURVE_WITH_KNOTS('',3,(#901,#902,#903,#904,#905,#906,
    #907,#908,#909,#910,#911,#912,#913,#914,#915,#916,#917,#918,#919,
    #920,#921,#922,#923,#924,#925),.UNSPECIFIED.,.F.,.F.,(4,1,1,1,1,1,1,
    1,1,1,1,1,1,1,1,1,1,1,1,1,1,1,4),(57.15172104061,57.848690706655,
    58.5456603727,59.242630038745,59.93959970479,60.636569370835,
    61.33353903688,62.030508702925,62.72747836897,63.424448035015,
    64.12141770106,64.818387367105,65.51535703315,66.212326699195,
    66.90929636524,67.606266031284,68.303235697329,69.000205363374,
    69.697175029419,70.394144695464,71.091114361509,71.788084027554,
    72.485053693599),.QUASI_UNIFORM_KNOTS.);
#901 = CARTESIAN_POINT('',(-0.501782159948,-358.3333333333));
#902 = CARTESIAN_POINT('',(-0.49417940025,-358.1010101113));
#903 = CARTESIAN_POINT('',(-0.478973878901,-357.6363636672));
#904 = CARTESIAN_POINT('',(-0.456165592966,-356.9393940012));
#905 = CARTESIAN_POINT('',(-0.43335730523,-356.2424243351));
#906 = CARTESIAN_POINT('',(-0.410549017221,-355.5454546691));
#907 = CARTESIAN_POINT('',(-0.387740730128,-354.8484850031));
#908 = CARTESIAN_POINT('',(-0.364932444778,-354.151515337));
#909 = CARTESIAN_POINT('',(-0.342124161699,-353.454545671));
#910 = CARTESIAN_POINT('',(-0.319315881152,-352.7575760049));
#911 = CARTESIAN_POINT('',(-0.29650760318,-352.0606063389));
#912 = CARTESIAN_POINT('',(-0.273699327645,-351.3636366728));
#913 = CARTESIAN_POINT('',(-0.25089105427,-350.6666670068));
#914 = CARTESIAN_POINT('',(-0.228082782677,-349.9696973407));
#915 = CARTESIAN_POINT('',(-0.205274512421,-349.2727276747));
#916 = CARTESIAN_POINT('',(-0.182466243019,-348.5757580087));
#917 = CARTESIAN_POINT('',(-0.159657973983,-347.8787883426));
#918 = CARTESIAN_POINT('',(-0.136849704836,-347.1818186766));
#919 = CARTESIAN_POINT('',(-0.114041435137,-346.4848490105));
#920 = CARTESIAN_POINT('',(-9.123316449595E-02,-345.7878793445));
#921 = CARTESIAN_POINT('',(-6.842489258288E-02,-345.0909096784));
#922 = CARTESIAN_POINT('',(-4.561661914065E-02,-344.3939400124));
#923 = CARTESIAN_POINT('',(-2.280834397944E-02,-343.6969703463));
#924 = CARTESIAN_POINT('',(-7.602826002762E-03,-343.2323239023));
#925 = CARTESIAN_POINT('',(-6.669465214296E-08,-343.0000006803));
#926 = ( GEOMETRIC_REPRESENTATION_CONTEXT(2) 
PARAMETRIC_REPRESENTATION_CONTEXT() REPRESENTATION_CONTEXT('2D SPACE',''
  ) );
#927 = PCURVE('',#928,#947);
#928 = B_SPLINE_SURFACE_WITH_KNOTS('',1,8,(
    (#929,#930,#931,#932,#933,#934,#935,#936,#937)
    ,(#938,#939,#940,#941,#942,#943,#944,#945,#946
  )),.UNSPECIFIED.,.F.,.F.,.F.,(2,2),(9,9),(0.,44.),(0.,66.666666666667)
  ,.PIECEWISE_BEZIER_KNOTS.);
#929 = CARTESIAN_POINT('',(-247.863016171,-95.42940846934,
    98.915440275373));
#930 = CARTESIAN_POINT('',(-244.8908447034,-98.27953658812,
    126.07932448654));
#931 = CARTESIAN_POINT('',(-241.5573294201,-93.01866914239,
    154.05480019565));
#932 = CARTESIAN_POINT('',(-239.062376661,-79.32462151425,
    180.14683363807));
#933 = CARTESIAN_POINT('',(-238.6614471765,-58.15799381223,
    201.5356138005));
#934 = CARTESIAN_POINT('',(-241.3871741686,-31.85495880261,
    215.90180853717));
#935 = CARTESIAN_POINT('',(-247.7222628814,-3.655099652729,
    222.16124411866));
#936 = CARTESIAN_POINT('',(-257.5472394253,23.222269025125,
    220.58226329468));
#937 = CARTESIAN_POINT('',(-270.2818503864,46.174921816261,
    212.46813657121));
#938 = CARTESIAN_POINT('',(-245.9146896934,-51.69092958756,
    103.29145319175));
#939 = CARTESIAN_POINT('',(-247.7939996047,-53.23474898523,
    119.55873181789));
#940 = CARTESIAN_POINT('',(-249.4775816158,-50.38511245212,
    136.2656225054));
#941 = CARTESIAN_POINT('',(-251.6153849943,-42.96750332022,
    151.95231529846));
#942 = CARTESIAN_POINT('',(-254.8874509798,-31.50224664829,
    165.09141256486));
#943 = CARTESIAN_POINT('',(-259.8531225567,-17.25476935141,
    174.4266093923));
#944 = CARTESIAN_POINT('',(-266.7738650658,-1.979845645228,
    179.37064501069));
#945 = CARTESIAN_POINT('',(-275.5849634834,12.578729055276,
    180.06887174278));
#946 = CARTESIAN_POINT('',(-285.9721138769,25.011415983808,
    177.22722777932));
#947 = DEFINITIONAL_REPRESENTATION('',(#948),#952);
#948 = LINE('',#949,#950);
#949 = CARTESIAN_POINT('',(44.,123.81838770727));
#950 = VECTOR('',#951,1.);
#951 = DIRECTION('',(0.,-1.));
#952 = ( GEOMETRIC_REPRESENTATION_CONTEXT(2) 
PARAMETRIC_REPRESENTATION_CONTEXT() REPRESENTATION_CONTEXT('2D SPACE',''
  ) );
#953 = ORIENTED_EDGE('',*,*,#954,.F.);
#954 = EDGE_CURVE('',#955,#885,#957,.T.);
#955 = VERTEX_POINT('',#956);
#956 = CARTESIAN_POINT('',(-384.3873154812,22.999011891388,
    120.08928823656));
#957 = SURFACE_CURVE('',#958,(#968,#997),.PCURVE_S1.);
#958 = B_SPLINE_CURVE_WITH_KNOTS('',8,(#959,#960,#961,#962,#963,#964,
    #965,#966,#967),.UNSPECIFIED.,.F.,.F.,(9,9),(57.151721081553,
    123.81838774821),.PIECEWISE_BEZIER_KNOTS.);
#959 = CARTESIAN_POINT('',(-384.3873154812,22.999011891388,
    120.08928823656));
#960 = CARTESIAN_POINT('',(-374.2233813775,35.717385019183,
    122.4295802044));
#961 = CARTESIAN_POINT('',(-362.4471595115,46.481008872853,
    128.39112977668));
#962 = CARTESIAN_POINT('',(-349.3480014854,53.848409129689,
    137.32404261423));
#963 = CARTESIAN_POINT('',(-335.4697845652,56.68905224725,
    148.00675037666));
#964 = CARTESIAN_POINT('',(-321.5471332957,54.523022281118,
    158.78925932191));
#965 = CARTESIAN_POINT('',(-308.3224874997,47.75099555046,
    168.00402230498));
#966 = CARTESIAN_POINT('',(-296.3592642704,37.444102912343,
    174.38558381586));
#967 = CARTESIAN_POINT('',(-285.9721138769,25.011415983808,
    177.22722777932));
#968 = PCURVE('',#38,#969);
#969 = DEFINITIONAL_REPRESENTATION('',(#970),#996);
#970 = B_SPLINE_CURVE_WITH_KNOTS('',3,(#971,#972,#973,#974,#975,#976,
    #977,#978,#979,#980,#981,#982,#983,#984,#985,#986,#987,#988,#989,
    #990,#991,#992,#993,#994,#995),.UNSPECIFIED.,.F.,.F.,(4,1,1,1,1,1,1,
    1,1,1,1,1,1,1,1,1,1,1,1,1,1,1,4),(57.151721081553,60.182024111855,
    63.212327142158,66.242630172461,69.272933202763,72.303236233066,
    75.333539263369,78.363842293671,81.394145323974,84.424448354277,
    87.454751384579,90.485054414882,93.515357445185,96.545660475487,
    99.57596350579,102.60626653609,105.63656956639,108.66687259669,
    111.697175627,114.7274786573,117.7577816876,120.7880847179,
    123.81838774821),.QUASI_UNIFORM_KNOTS.);
#971 = CARTESIAN_POINT('',(-2.683443724941,-425.));
#972 = CARTESIAN_POINT('',(-2.65038823792,-423.9898989898));
#973 = CARTESIAN_POINT('',(-2.584277259182,-421.9696969696));
#974 = CARTESIAN_POINT('',(-2.48511079969,-418.9393939393));
#975 = CARTESIAN_POINT('',(-2.38594439809,-415.909090909));
#976 = CARTESIAN_POINT('',(-2.286778010655,-412.8787878787));
#977 = CARTESIAN_POINT('',(-2.187611601371,-409.8484848484));
#978 = CARTESIAN_POINT('',(-2.088445154851,-406.8181818181));
#979 = CARTESIAN_POINT('',(-1.989278682597,-403.7878787878));
#980 = CARTESIAN_POINT('',(-1.890112209937,-400.7575757575));
#981 = CARTESIAN_POINT('',(-1.790945759804,-397.7272727272));
#982 = CARTESIAN_POINT('',(-1.691779340483,-394.6969696969));
#983 = CARTESIAN_POINT('',(-1.592612942445,-391.6666666666));
#984 = CARTESIAN_POINT('',(-1.493446544407,-388.6363636363));
#985 = CARTESIAN_POINT('',(-1.394280125087,-385.606060606));
#986 = CARTESIAN_POINT('',(-1.295113674953,-382.5757575757));
#987 = CARTESIAN_POINT('',(-1.195947202293,-379.5454545454));
#988 = CARTESIAN_POINT('',(-1.096780730039,-376.5151515151));
#989 = CARTESIAN_POINT('',(-0.997614283519,-373.4848484848));
#990 = CARTESIAN_POINT('',(-0.898447874235,-370.4545454545));
#991 = CARTESIAN_POINT('',(-0.799281486799,-367.4242424242));
#992 = CARTESIAN_POINT('',(-0.700115085199,-364.3939393939));
#993 = CARTESIAN_POINT('',(-0.600948625707,-361.3636363636));
#994 = CARTESIAN_POINT('',(-0.534837646969,-359.3434343434));
#995 = CARTESIAN_POINT('',(-0.501782159948,-358.3333333333));
#996 = ( GEOMETRIC_REPRESENTATION_CONTEXT(2) 
PARAMETRIC_REPRESENTATION_CONTEXT() REPRESENTATION_CONTEXT('2D SPACE',''
  ) );
#997 = PCURVE('',#998,#1017);
#998 = B_SPLINE_SURFACE_WITH_KNOTS('',1,8,(
    (#999,#1000,#1001,#1002,#1003,#1004,#1005,#1006,#1007)
    ,(#1008,#1009,#1010,#1011,#1012,#1013,#1014,#1015,#1016
  )),.UNSPECIFIED.,.F.,.F.,.F.,(2,2),(9,9),(0.,44.),(0.,66.666666666667)
  ,.PIECEWISE_BEZIER_KNOTS.);
#999 = CARTESIAN_POINT('',(-270.2818503864,46.174921816261,
    212.46813657121));
#1000 = CARTESIAN_POINT('',(-283.0164613475,69.127574607398,
    204.35400984775));
#1001 = CARTESIAN_POINT('',(-298.660745236,88.155684093162,
    189.70465072907));
#1002 = CARTESIAN_POINT('',(-316.6338092477,100.65788728817,
    169.82476581555));
#1003 = CARTESIAN_POINT('',(-335.8954987492,104.65671184109,
    147.0505806642));
#1004 = CARTESIAN_POINT('',(-355.0751556056,99.412447624043,
    124.46064385028));
#1005 = CARTESIAN_POINT('',(-372.8165498885,85.811093303733,
    105.10109766698));
#1006 = CARTESIAN_POINT('',(-388.1156004911,65.939787727725,
    91.227145204167));
#1007 = CARTESIAN_POINT('',(-400.4381198401,42.459714261024,
    84.038591395697));
#1008 = CARTESIAN_POINT('',(-285.9721138769,25.011415983808,
    177.22722777932));
#1009 = CARTESIAN_POINT('',(-296.3592642704,37.44410291234,
    174.38558381586));
#1010 = CARTESIAN_POINT('',(-308.3224874997,47.750995550462,
    168.00402230499));
#1011 = CARTESIAN_POINT('',(-321.5471332956,54.523022281096,
    158.78925932191));
#1012 = CARTESIAN_POINT('',(-335.4697845652,56.689052247257,
    148.00675037668));
#1013 = CARTESIAN_POINT('',(-349.3480014853,53.84840912969,
    137.32404261422));
#1014 = CARTESIAN_POINT('',(-362.4471595115,46.481008872855,
    128.39112977668));
#1015 = CARTESIAN_POINT('',(-374.2233813775,35.717385019184,
    122.4295802044));
#1016 = CARTESIAN_POINT('',(-384.3873154812,22.999011891388,
    120.08928823656));
#1017 = DEFINITIONAL_REPRESENTATION('',(#1018),#1022);
#1018 = LINE('',#1019,#1020);
#1019 = CARTESIAN_POINT('',(44.,123.81838774821));
#1020 = VECTOR('',#1021,1.);
#1021 = DIRECTION('',(-1.06581410364E-16,-1.));
#1022 = ( GEOMETRIC_REPRESENTATION_CONTEXT(2) 
PARAMETRIC_REPRESENTATION_CONTEXT() REPRESENTATION_CONTEXT('2D SPACE',''
  ) );
#1023 = ORIENTED_EDGE('',*,*,#1024,.T.);
#1024 = EDGE_CURVE('',#955,#1025,#1027,.T.);
#1025 = VERTEX_POINT('',#1026);
#1026 = CARTESIAN_POINT('',(-383.7348848658,26.,121.55467139114));
#1027 = SURFACE_CURVE('',#1028,(#1033,#1040),.PCURVE_S1.);
#1028 = CIRCLE('',#1029,52.);
#1029 = AXIS2_PLACEMENT_3D('',#1030,#1031,#1032);
#1030 = CARTESIAN_POINT('',(-365.418183057,0.,162.69465723032));
#1031 = DIRECTION('',(0.913545457643,0.,-0.406736643076));
#1032 = DIRECTION('',(0.406736643076,0.,0.913545457643));
#1033 = PCURVE('',#38,#1034);
#1034 = DEFINITIONAL_REPRESENTATION('',(#1035),#1039);
#1035 = LINE('',#1036,#1037);
#1036 = CARTESIAN_POINT('',(-6.28318530718,-425.));
#1037 = VECTOR('',#1038,1.);
#1038 = DIRECTION('',(1.,-0.));
#1039 = ( GEOMETRIC_REPRESENTATION_CONTEXT(2) 
PARAMETRIC_REPRESENTATION_CONTEXT() REPRESENTATION_CONTEXT('2D SPACE',''
  ) );
#1040 = PCURVE('',#1041,#1046);
#1041 = PLANE('',#1042);
#1042 = AXIS2_PLACEMENT_3D('',#1043,#1044,#1045);
#1043 = CARTESIAN_POINT('',(-392.1800126374,35.168938360167,
    102.58660385573));
#1044 = DIRECTION('',(-0.913545457643,0.,0.406736643076));
#1045 = DIRECTION('',(0.368628586893,0.422618261741,0.827953362073));
#1046 = DEFINITIONAL_REPRESENTATION('',(#1047),#1055);
#1047 = ( BOUNDED_CURVE() B_SPLINE_CURVE(2,(#1048,#1049,#1050,#1051,
#1052,#1053,#1054),.UNSPECIFIED.,.T.,.F.) B_SPLINE_CURVE_WITH_KNOTS((1,2
    ,2,2,2,1),(-2.094395102393,0.,2.094395102393,4.188790204786,
6.28318530718,8.377580409573),.UNSPECIFIED.) CURVE() 
GEOMETRIC_REPRESENTATION_ITEM() RATIONAL_B_SPLINE_CURVE((1.,0.5,1.,0.5,
1.,0.5,1.)) REPRESENTATION_ITEM('') );
#1048 = CARTESIAN_POINT('',(91.896809628944,-81.65681610995));
#1049 = CARTESIAN_POINT('',(53.833001948795,-163.2849151009));
#1050 = CARTESIAN_POINT('',(2.172898400011,-89.50664118968));
#1051 = CARTESIAN_POINT('',(-49.48720514877,-15.7283672784));
#1052 = CARTESIAN_POINT('',(40.23670608016,-7.878542198662));
#1053 = CARTESIAN_POINT('',(129.96061730909,-2.871711892442E-02));
#1054 = CARTESIAN_POINT('',(91.896809628944,-81.65681610995));
#1055 = ( GEOMETRIC_REPRESENTATION_CONTEXT(2) 
PARAMETRIC_REPRESENTATION_CONTEXT() REPRESENTATION_CONTEXT('2D SPACE',''
  ) );
#1056 = ORIENTED_EDGE('',*,*,#1057,.F.);
#1057 = EDGE_CURVE('',#1058,#1025,#1060,.T.);
#1058 = VERTEX_POINT('',#1059);
#1059 = CARTESIAN_POINT('',(-285.3464660291,21.976149610516,
    178.63245585308));
#1060 = SURFACE_CURVE('',#1061,(#1071,#1100),.PCURVE_S1.);
#1061 = B_SPLINE_CURVE_WITH_KNOTS('',8,(#1062,#1063,#1064,#1065,#1066,
    #1067,#1068,#1069,#1070),.UNSPECIFIED.,.F.,.F.,(9,9),(0.,
    66.666666666648),.PIECEWISE_BEZIER_KNOTS.);
#1062 = CARTESIAN_POINT('',(-285.3464660291,21.976149610516,
    178.63245585308));
#1063 = CARTESIAN_POINT('',(-295.396944031,34.828319233219,
    176.54699046192));
#1064 = CARTESIAN_POINT('',(-307.0766704349,45.812678089729,
    170.802173246));
#1065 = CARTESIAN_POINT('',(-320.1091525729,53.472575825333,
    162.01901690528));
#1066 = CARTESIAN_POINT('',(-333.9606737325,56.648577658207,
    151.39626880231));
#1067 = CARTESIAN_POINT('',(-347.901042443,54.821481048866,
    140.57396583365));
#1068 = CARTESIAN_POINT('',(-361.1844403951,48.352047000066,
    131.22724334734));
#1069 = CARTESIAN_POINT('',(-373.2380805229,38.280933195333,
    124.64260215714));
#1070 = CARTESIAN_POINT('',(-383.7348848658,26.,121.55467139114));
#1071 = PCURVE('',#38,#1072);
#1072 = DEFINITIONAL_REPRESENTATION('',(#1073),#1099);
#1073 = B_SPLINE_CURVE_WITH_KNOTS('',3,(#1074,#1075,#1076,#1077,#1078,
    #1079,#1080,#1081,#1082,#1083,#1084,#1085,#1086,#1087,#1088,#1089,
    #1090,#1091,#1092,#1093,#1094,#1095,#1096,#1097,#1098),
  .UNSPECIFIED.,.F.,.F.,(4,1,1,1,1,1,1,1,1,1,1,1,1,1,1,1,1,1,1,1,1,1,4),
  (0.,3.030303030302,6.060606060604,9.090909090907,12.121212121209,
    15.151515151511,18.181818181813,21.212121212115,24.242424242417,
    27.27272727272,30.303030303022,33.333333333324,36.363636363626,
    39.393939393928,42.42424242423,45.454545454533,48.484848484835,
    51.515151515137,54.545454545439,57.575757575741,60.606060606043,
    63.636363636346,66.666666666648),.QUASI_UNIFORM_KNOTS.);
#1074 = CARTESIAN_POINT('',(-0.436332312999,-358.3333333333));
#1075 = CARTESIAN_POINT('',(-0.46938780002,-359.3434343434));
#1076 = CARTESIAN_POINT('',(-0.535498778758,-361.3636363636));
#1077 = CARTESIAN_POINT('',(-0.634665238249,-364.3939393939));
#1078 = CARTESIAN_POINT('',(-0.73383163985,-367.4242424242));
#1079 = CARTESIAN_POINT('',(-0.832998027285,-370.4545454545));
#1080 = CARTESIAN_POINT('',(-0.932164436569,-373.4848484848));
#1081 = CARTESIAN_POINT('',(-1.031330883088,-376.5151515151));
#1082 = CARTESIAN_POINT('',(-1.130497355342,-379.5454545454));
#1083 = CARTESIAN_POINT('',(-1.229663828003,-382.5757575757));
#1084 = CARTESIAN_POINT('',(-1.328830278136,-385.606060606));
#1085 = CARTESIAN_POINT('',(-1.427996697457,-388.6363636363));
#1086 = CARTESIAN_POINT('',(-1.527163095495,-391.6666666666));
#1087 = CARTESIAN_POINT('',(-1.626329493532,-394.6969696969));
#1088 = CARTESIAN_POINT('',(-1.725495912853,-397.7272727272));
#1089 = CARTESIAN_POINT('',(-1.824662362986,-400.7575757575));
#1090 = CARTESIAN_POINT('',(-1.923828835647,-403.7878787878));
#1091 = CARTESIAN_POINT('',(-2.022995307901,-406.8181818181));
#1092 = CARTESIAN_POINT('',(-2.122161754421,-409.8484848484));
#1093 = CARTESIAN_POINT('',(-2.221328163705,-412.8787878787));
#1094 = CARTESIAN_POINT('',(-2.32049455114,-415.909090909));
#1095 = CARTESIAN_POINT('',(-2.419660952741,-418.9393939393));
#1096 = CARTESIAN_POINT('',(-2.518827412232,-421.9696969696));
#1097 = CARTESIAN_POINT('',(-2.584938390971,-423.9898989898));
#1098 = CARTESIAN_POINT('',(-2.617993877991,-425.));
#1099 = ( GEOMETRIC_REPRESENTATION_CONTEXT(2) 
PARAMETRIC_REPRESENTATION_CONTEXT() REPRESENTATION_CONTEXT('2D SPACE',''
  ) );
#1100 = PCURVE('',#1101,#1120);
#1101 = B_SPLINE_SURFACE_WITH_KNOTS('',1,8,(
    (#1102,#1103,#1104,#1105,#1106,#1107,#1108,#1109,#1110)
    ,(#1111,#1112,#1113,#1114,#1115,#1116,#1117,#1118,#1119
  )),.UNSPECIFIED.,.F.,.F.,.F.,(2,2),(9,9),(0.,44.),(0.,66.666666666667)
  ,.PIECEWISE_BEZIER_KNOTS.);
#1102 = CARTESIAN_POINT('',(-285.3464660291,21.976149610516,
    178.63245585308));
#1103 = CARTESIAN_POINT('',(-295.396944031,34.828319233222,
    176.54699046192));
#1104 = CARTESIAN_POINT('',(-307.0766704349,45.812678089735,
    170.802173246));
#1105 = CARTESIAN_POINT('',(-320.1091525729,53.47257582534,
    162.01901690527));
#1106 = CARTESIAN_POINT('',(-333.9606737327,56.648577658229,
    151.3962688023));
#1107 = CARTESIAN_POINT('',(-347.901042443,54.821481048828,
    140.57396583369));
#1108 = CARTESIAN_POINT('',(-361.1844403951,48.352047000074,
    131.22724334732));
#1109 = CARTESIAN_POINT('',(-373.238080523,38.280933195336,
    124.64260215715));
#1110 = CARTESIAN_POINT('',(-383.7348848658,26.,121.55467139114));
#1111 = CARTESIAN_POINT('',(-269.1268082058,40.571353127107,
    215.06240378431));
#1112 = CARTESIAN_POINT('',(-281.2398701362,64.298435507487,
    208.34429904048));
#1113 = CARTESIAN_POINT('',(-296.3607752703,84.577251857972,
    194.87046785093));
#1114 = CARTESIAN_POINT('',(-313.9790756058,98.718601523705,
    175.78739520022));
#1115 = CARTESIAN_POINT('',(-333.1094479816,104.58198952288,
    153.30815314226));
#1116 = CARTESIAN_POINT('',(-352.4038466043,101.20888809014,
    130.46050210162));
#1117 = CARTESIAN_POINT('',(-370.4853761351,89.265317538597,
    110.33699964354));
#1118 = CARTESIAN_POINT('',(-386.2965835288,70.672492052928,
    95.312724193849));
#1119 = CARTESIAN_POINT('',(-399.2336325501,48.,86.743914142604));
#1120 = DEFINITIONAL_REPRESENTATION('',(#1121),#1125);
#1121 = LINE('',#1122,#1123);
#1122 = CARTESIAN_POINT('',(3.015655913906E-15,-2.610551791692E-14));
#1123 = VECTOR('',#1124,1.);
#1124 = DIRECTION('',(8.417676536212E-16,1.));
#1125 = ( GEOMETRIC_REPRESENTATION_CONTEXT(2) 
PARAMETRIC_REPRESENTATION_CONTEXT() REPRESENTATION_CONTEXT('2D SPACE',''
  ) );
#1126 = ORIENTED_EDGE('',*,*,#1127,.F.);
#1127 = EDGE_CURVE('',#24,#1058,#1128,.T.);
#1128 = SURFACE_CURVE('',#1129,(#1139,#1168),.PCURVE_S1.);
#1129 = B_SPLINE_CURVE_WITH_KNOTS('',8,(#1130,#1131,#1132,#1133,#1134,
    #1135,#1136,#1137,#1138),.UNSPECIFIED.,.F.,.F.,(9,9),(
    53.333329905703,66.666666666667),.PIECEWISE_BEZIER_KNOTS.);
#1130 = CARTESIAN_POINT('',(-271.1842374517,-4.069120787431E-06,
    177.66008913671));
#1131 = CARTESIAN_POINT('',(-272.7068135416,2.836155991748,
    178.33798386049));
#1132 = CARTESIAN_POINT('',(-274.3012955024,5.672315530919,
    178.85437535387));
#1133 = CARTESIAN_POINT('',(-275.9676833188,8.495618384956,
    179.20926365143));
#1134 = CARTESIAN_POINT('',(-277.7055205802,11.293208696177,
    179.40367386796));
#1135 = CARTESIAN_POINT('',(-279.5138944659,14.052353346556,
    179.43965623227));
#1136 = CARTESIAN_POINT('',(-281.3914430313,16.760564105373,
    179.32026972235));
#1137 = CARTESIAN_POINT('',(-283.336369912,19.405715025185,
    179.04954903871));
#1138 = CARTESIAN_POINT('',(-285.3464660291,21.976149610516,
    178.63245585308));
#1139 = PCURVE('',#38,#1140);
#1140 = DEFINITIONAL_REPRESENTATION('',(#1141),#1167);
#1141 = B_SPLINE_CURVE_WITH_KNOTS('',3,(#1142,#1143,#1144,#1145,#1146,
    #1147,#1148,#1149,#1150,#1151,#1152,#1153,#1154,#1155,#1156,#1157,
    #1158,#1159,#1160,#1161,#1162,#1163,#1164,#1165,#1166),
  .UNSPECIFIED.,.F.,.F.,(4,1,1,1,1,1,1,1,1,1,1,1,1,1,1,1,1,1,1,1,1,1,4),
  (53.333329905703,53.939390667565,54.545451429427,55.151512191289,
    55.757572953151,56.363633715013,56.969694476875,57.575755238737,
    58.181816000599,58.787876762461,59.393937524323,59.999998286185,
    60.606059048047,61.212119809909,61.818180571771,62.424241333633,
    63.030302095495,63.636362857357,64.242423619219,64.848484381081,
    65.454545142943,66.060605904805,66.666666666667),
  .QUASI_UNIFORM_KNOTS.);
#1142 = CARTESIAN_POINT('',(7.82523210674E-08,-344.9999965723));
#1143 = CARTESIAN_POINT('',(-6.61101733192E-03,-345.2020168263));
#1144 = CARTESIAN_POINT('',(-1.98332080963E-02,-345.6060573342));
#1145 = CARTESIAN_POINT('',(-3.966649323544E-02,-346.212118096));
#1146 = CARTESIAN_POINT('',(-5.949977755704E-02,-346.8181788579));
#1147 = CARTESIAN_POINT('',(-7.93330613035E-02,-347.4242396198));
#1148 = CARTESIAN_POINT('',(-9.916634474561E-02,-348.0303003816));
#1149 = CARTESIAN_POINT('',(-0.118999628181,-348.6363611435));
#1150 = CARTESIAN_POINT('',(-0.138832911925,-349.2424219054));
#1151 = CARTESIAN_POINT('',(-0.158666196298,-349.8484826672));
#1152 = CARTESIAN_POINT('',(-0.17849948162,-350.4545434291));
#1153 = CARTESIAN_POINT('',(-0.198332768191,-351.0606041909));
#1154 = CARTESIAN_POINT('',(-0.218166056277,-351.6666649528));
#1155 = CARTESIAN_POINT('',(-0.237999346096,-352.2727257147));
#1156 = CARTESIAN_POINT('',(-0.257832637801,-352.8787864765));
#1157 = CARTESIAN_POINT('',(-0.277665931454,-353.4848472384));
#1158 = CARTESIAN_POINT('',(-0.297499227013,-354.0909080003));
#1159 = CARTESIAN_POINT('',(-0.31733252431,-354.6969687621));
#1160 = CARTESIAN_POINT('',(-0.337165823027,-355.303029524));
#1161 = CARTESIAN_POINT('',(-0.356999122675,-355.9090902859));
#1162 = CARTESIAN_POINT('',(-0.376832422579,-356.5151510477));
#1163 = CARTESIAN_POINT('',(-0.396665721846,-357.1212118096));
#1164 = CARTESIAN_POINT('',(-0.416499019381,-357.7272725715));
#1165 = CARTESIAN_POINT('',(-0.429721215626,-358.1313130793));
#1166 = CARTESIAN_POINT('',(-0.436332312999,-358.3333333333));
#1167 = ( GEOMETRIC_REPRESENTATION_CONTEXT(2) 
PARAMETRIC_REPRESENTATION_CONTEXT() REPRESENTATION_CONTEXT('2D SPACE',''
  ) );
#1168 = PCURVE('',#72,#1169);
#1169 = DEFINITIONAL_REPRESENTATION('',(#1170),#1174);
#1170 = LINE('',#1171,#1172);
#1171 = CARTESIAN_POINT('',(6.333170619512E-15,-2.84217094304E-14));
#1172 = VECTOR('',#1173,1.);
#1173 = DIRECTION('',(-9.500965870091E-16,1.));
#1174 = ( GEOMETRIC_REPRESENTATION_CONTEXT(2) 
PARAMETRIC_REPRESENTATION_CONTEXT() REPRESENTATION_CONTEXT('2D SPACE',''
  ) );
#1175 = ORIENTED_EDGE('',*,*,#1176,.T.);
#1176 = EDGE_CURVE('',#24,#1177,#1179,.T.);
#1177 = VERTEX_POINT('',#1178);
#1178 = CARTESIAN_POINT('',(-367.1065140581,0.,220.36743710463));
#1179 = SEAM_CURVE('',#1180,(#1184,#1191),.PCURVE_S1.);
#1180 = LINE('',#1181,#1182);
#1181 = CARTESIAN_POINT('',(43.988941881007,0.,37.33594772052));
#1182 = VECTOR('',#1183,1.);
#1183 = DIRECTION('',(-0.913545457643,0.,0.406736643076));
#1184 = PCURVE('',#38,#1185);
#1185 = DEFINITIONAL_REPRESENTATION('',(#1186),#1190);
#1186 = LINE('',#1187,#1188);
#1187 = CARTESIAN_POINT('',(-0.,0.));
#1188 = VECTOR('',#1189,1.);
#1189 = DIRECTION('',(-0.,-1.));
#1190 = ( GEOMETRIC_REPRESENTATION_CONTEXT(2) 
PARAMETRIC_REPRESENTATION_CONTEXT() REPRESENTATION_CONTEXT('2D SPACE',''
  ) );
#1191 = PCURVE('',#38,#1192);
#1192 = DEFINITIONAL_REPRESENTATION('',(#1193),#1197);
#1193 = LINE('',#1194,#1195);
#1194 = CARTESIAN_POINT('',(-6.28318530718,0.));
#1195 = VECTOR('',#1196,1.);
#1196 = DIRECTION('',(-0.,-1.));
#1197 = ( GEOMETRIC_REPRESENTATION_CONTEXT(2) 
PARAMETRIC_REPRESENTATION_CONTEXT() REPRESENTATION_CONTEXT('2D SPACE',''
  ) );
#1198 = ORIENTED_EDGE('',*,*,#1199,.T.);
#1199 = EDGE_CURVE('',#1177,#1177,#1200,.T.);
#1200 = SURFACE_CURVE('',#1201,(#1206,#1213),.PCURVE_S1.);
#1201 = CIRCLE('',#1202,52.);
#1202 = AXIS2_PLACEMENT_3D('',#1203,#1204,#1205);
#1203 = CARTESIAN_POINT('',(-388.2568194981,0.,172.86307330721));
#1204 = DIRECTION('',(-0.913545457643,0.,0.406736643076));
#1205 = DIRECTION('',(0.406736643076,0.,0.913545457643));
#1206 = PCURVE('',#38,#1207);
#1207 = DEFINITIONAL_REPRESENTATION('',(#1208),#1212);
#1208 = LINE('',#1209,#1210);
#1209 = CARTESIAN_POINT('',(-0.,-450.));
#1210 = VECTOR('',#1211,1.);
#1211 = DIRECTION('',(-1.,0.));
#1212 = ( GEOMETRIC_REPRESENTATION_CONTEXT(2) 
PARAMETRIC_REPRESENTATION_CONTEXT() REPRESENTATION_CONTEXT('2D SPACE',''
  ) );
#1213 = PCURVE('',#1214,#1219);
#1214 = PLANE('',#1215);
#1215 = AXIS2_PLACEMENT_3D('',#1216,#1217,#1218);
#1216 = CARTESIAN_POINT('',(-388.2568194981,4.609291841672E-15,
    172.86307330721));
#1217 = DIRECTION('',(-0.913545457643,0.,0.406736643076));
#1218 = DIRECTION('',(0.406736643076,0.,0.913545457643));
#1219 = DEFINITIONAL_REPRESENTATION('',(#1220),#1224);
#1220 = CIRCLE('',#1221,52.);
#1221 = AXIS2_PLACEMENT_2D('',#1222,#1223);
#1222 = CARTESIAN_POINT('',(0.,-4.609291841672E-15));
#1223 = DIRECTION('',(1.,0.));
#1224 = ( GEOMETRIC_REPRESENTATION_CONTEXT(2) 
PARAMETRIC_REPRESENTATION_CONTEXT() REPRESENTATION_CONTEXT('2D SPACE',''
  ) );
#1225 = ORIENTED_EDGE('',*,*,#1176,.F.);
#1226 = ADVANCED_FACE('',(#1227),#1214,.T.);
#1227 = FACE_BOUND('',#1228,.T.);
#1228 = EDGE_LOOP('',(#1229));
#1229 = ORIENTED_EDGE('',*,*,#1199,.T.);
#1230 = ADVANCED_FACE('',(#1231),#1101,.T.);
#1231 = FACE_BOUND('',#1232,.T.);
#1232 = EDGE_LOOP('',(#1233,#1234,#1256,#1349));
#1233 = ORIENTED_EDGE('',*,*,#1057,.F.);
#1234 = ORIENTED_EDGE('',*,*,#1235,.T.);
#1235 = EDGE_CURVE('',#1058,#1236,#1238,.T.);
#1236 = VERTEX_POINT('',#1237);
#1237 = CARTESIAN_POINT('',(-269.1268082058,40.571353127107,
    215.06240378431));
#1238 = SURFACE_CURVE('',#1239,(#1242,#1249),.PCURVE_S1.);
#1239 = B_SPLINE_CURVE_WITH_KNOTS('',1,(#1240,#1241),.UNSPECIFIED.,.F.,
  .F.,(2,2),(0.,44.),.PIECEWISE_BEZIER_KNOTS.);
#1240 = CARTESIAN_POINT('',(-285.3464660291,21.976149610516,
    178.63245585308));
#1241 = CARTESIAN_POINT('',(-269.1268082058,40.571353127107,
    215.06240378431));
#1242 = PCURVE('',#1101,#1243);
#1243 = DEFINITIONAL_REPRESENTATION('',(#1244),#1248);
#1244 = LINE('',#1245,#1246);
#1245 = CARTESIAN_POINT('',(0.,0.));
#1246 = VECTOR('',#1247,1.);
#1247 = DIRECTION('',(1.,0.));
#1248 = ( GEOMETRIC_REPRESENTATION_CONTEXT(2) 
PARAMETRIC_REPRESENTATION_CONTEXT() REPRESENTATION_CONTEXT('2D SPACE',''
  ) );
#1249 = PCURVE('',#72,#1250);
#1250 = DEFINITIONAL_REPRESENTATION('',(#1251),#1255);
#1251 = LINE('',#1252,#1253);
#1252 = CARTESIAN_POINT('',(0.,66.666666666667));
#1253 = VECTOR('',#1254,1.);
#1254 = DIRECTION('',(1.,0.));
#1255 = ( GEOMETRIC_REPRESENTATION_CONTEXT(2) 
PARAMETRIC_REPRESENTATION_CONTEXT() REPRESENTATION_CONTEXT('2D SPACE',''
  ) );
#1256 = ORIENTED_EDGE('',*,*,#1257,.T.);
#1257 = EDGE_CURVE('',#1236,#1258,#1260,.T.);
#1258 = VERTEX_POINT('',#1259);
#1259 = CARTESIAN_POINT('',(-399.2336325501,48.,86.743914142604));
#1260 = SURFACE_CURVE('',#1261,(#1271,#1278),.PCURVE_S1.);
#1261 = B_SPLINE_CURVE_WITH_KNOTS('',8,(#1262,#1263,#1264,#1265,#1266,
    #1267,#1268,#1269,#1270),.UNSPECIFIED.,.F.,.F.,(9,9),(0.,
    66.666666666667),.PIECEWISE_BEZIER_KNOTS.);
#1262 = CARTESIAN_POINT('',(-269.1268082058,40.571353127107,
    215.06240378431));
#1263 = CARTESIAN_POINT('',(-281.2398701362,64.298435507487,
    208.34429904048));
#1264 = CARTESIAN_POINT('',(-296.3607752703,84.577251857972,
    194.87046785093));
#1265 = CARTESIAN_POINT('',(-313.9790756058,98.718601523705,
    175.78739520022));
#1266 = CARTESIAN_POINT('',(-333.1094479816,104.58198952288,
    153.30815314226));
#1267 = CARTESIAN_POINT('',(-352.4038466043,101.20888809014,
    130.46050210162));
#1268 = CARTESIAN_POINT('',(-370.4853761351,89.265317538597,
    110.33699964354));
#1269 = CARTESIAN_POINT('',(-386.2965835288,70.672492052928,
    95.312724193849));
#1270 = CARTESIAN_POINT('',(-399.2336325501,48.,86.743914142604));
#1271 = PCURVE('',#1101,#1272);
#1272 = DEFINITIONAL_REPRESENTATION('',(#1273),#1277);
#1273 = LINE('',#1274,#1275);
#1274 = CARTESIAN_POINT('',(44.,0.));
#1275 = VECTOR('',#1276,1.);
#1276 = DIRECTION('',(0.,1.));
#1277 = ( GEOMETRIC_REPRESENTATION_CONTEXT(2) 
PARAMETRIC_REPRESENTATION_CONTEXT() REPRESENTATION_CONTEXT('2D SPACE',''
  ) );
#1278 = PCURVE('',#1279,#1343);
#1279 = ( BOUNDED_SURFACE() B_SPLINE_SURFACE(6,8,(
    (#1280,#1281,#1282,#1283,#1284,#1285,#1286,#1287,#1288)
    ,(#1289,#1290,#1291,#1292,#1293,#1294,#1295,#1296,#1297)
    ,(#1298,#1299,#1300,#1301,#1302,#1303,#1304,#1305,#1306)
    ,(#1307,#1308,#1309,#1310,#1311,#1312,#1313,#1314,#1315)
    ,(#1316,#1317,#1318,#1319,#1320,#1321,#1322,#1323,#1324)
    ,(#1325,#1326,#1327,#1328,#1329,#1330,#1331,#1332,#1333)
    ,(#1334,#1335,#1336,#1337,#1338,#1339,#1340,#1341,#1342
)),.UNSPECIFIED.,.F.,.F.,.F.) B_SPLINE_SURFACE_WITH_KNOTS((7,7),(9,9),(
    0.,6.544984694977E-02),(0.,66.666666666667),
.PIECEWISE_BEZIER_KNOTS.) GEOMETRIC_REPRESENTATION_ITEM() 
RATIONAL_B_SPLINE_SURFACE((
    (1.000053547667,1.000053547667,1.000053547667,1.000053547667
      ,1.000053547667,1.000053547667,1.000053547667,1.000053547667
      ,1.000053547667)
    ,(1.000017847948,1.000017847948,1.000017847948,1.000017847948
      ,1.000017847948,1.000017847948,1.000017847948,1.000017847948
      ,1.000017847948)
    ,(0.999996430156,0.999996430156,0.999996430156,0.999996430156
      ,0.999996430156,0.999996430156,0.999996430156,0.999996430156
      ,0.999996430156)
    ,(0.999989291231,0.999989291231,0.999989291231,0.999989291231
      ,0.999989291231,0.999989291231,0.999989291231,0.999989291231
      ,0.999989291231)
    ,(0.999996430156,0.999996430156,0.999996430156,0.999996430156
      ,0.999996430156,0.999996430156,0.999996430156,0.999996430156
      ,0.999996430156)
    ,(1.000017847948,1.000017847948,1.000017847948,1.000017847948
      ,1.000017847948,1.000017847948,1.000017847948,1.000017847948
      ,1.000017847948)
    ,(1.000053547667,1.000053547667,1.000053547667,1.000053547667
      ,1.000053547667,1.000053547667,1.000053547667,1.000053547667
,1.000053547667))) REPRESENTATION_ITEM('') SURFACE() );
#1280 = CARTESIAN_POINT('',(-269.1268082058,40.571353127107,
    215.06240378431));
#1281 = CARTESIAN_POINT('',(-281.2398701362,64.298435507487,
    208.34429904048));
#1282 = CARTESIAN_POINT('',(-296.3607752703,84.577251857972,
    194.87046785094));
#1283 = CARTESIAN_POINT('',(-313.9790756058,98.718601523705,
    175.78739520022));
#1284 = CARTESIAN_POINT('',(-333.1094479816,104.58198952288,
    153.30815314226));
#1285 = CARTESIAN_POINT('',(-352.4038466043,101.20888809014,
    130.46050210161));
#1286 = CARTESIAN_POINT('',(-370.4853761351,89.265317538599,
    110.33699964355));
#1287 = CARTESIAN_POINT('',(-386.2965835288,70.672492052928,
    95.312724193849));
#1288 = CARTESIAN_POINT('',(-399.2336325501,48.,86.743914142604));
#1289 = CARTESIAN_POINT('',(-269.3316848053,41.489492014298,
    214.60224340763));
#1290 = CARTESIAN_POINT('',(-281.5465868964,65.079209280668,
    207.65540191799));
#1291 = CARTESIAN_POINT('',(-296.7519191224,85.142622942762,
    193.99194437535));
#1292 = CARTESIAN_POINT('',(-314.4256913196,99.006111919972,
    174.78427988332));
#1293 = CARTESIAN_POINT('',(-333.5738063475,104.55707823013,
    152.26518717613));
#1294 = CARTESIAN_POINT('',(-352.8449363435,100.87375522803,
    129.4697983268));
#1295 = CARTESIAN_POINT('',(-370.8661171154,88.658537381762,
    109.48184140039));
#1296 = CARTESIAN_POINT('',(-386.5891561841,69.859568381806,
    94.655595251005));
#1297 = CARTESIAN_POINT('',(-399.4220248967,47.060763532649,
    86.320778004208));
#1298 = CARTESIAN_POINT('',(-269.5316641954,42.414185234343,
    214.15308234356));
#1299 = CARTESIAN_POINT('',(-281.849133455,65.869820854615,
    206.97587122142));
#1300 = CARTESIAN_POINT('',(-297.1400360211,85.720558224167,
    193.12021954816));
#1301 = CARTESIAN_POINT('',(-314.8707571128,99.307983700901,
    173.78464574478));
#1302 = CARTESIAN_POINT('',(-334.0382774547,104.54711272886,
    151.2219679889));
#1303 = CARTESIAN_POINT('',(-353.2877915287,100.55283257938,
    128.47512929542));
#1304 = CARTESIAN_POINT('',(-371.2500724545,88.064036835608,
    108.61946358926));
#1305 = CARTESIAN_POINT('',(-386.8860445421,69.056095578556,
    93.988773081341));
#1306 = CARTESIAN_POINT('',(-399.6154099344,46.127630447049,
    85.886428098145));
#1307 = CARTESIAN_POINT('',(-269.7267075643,43.345254887733,
    213.71500776452));
#1308 = CARTESIAN_POINT('',(-282.1474512679,66.670118352154,
    206.30583844345));
#1309 = CARTESIAN_POINT('',(-297.5250509884,86.310946967996,
    192.25546177327));
#1310 = CARTESIAN_POINT('',(-315.3141871086,99.624159444473,
    172.78868566758));
#1311 = CARTESIAN_POINT('',(-334.5027717745,104.55209574037,
    150.17869666535));
#1312 = CARTESIAN_POINT('',(-353.7323268864,100.24618276837,
    127.47668653466));
#1313 = CARTESIAN_POINT('',(-371.6371683105,87.481931157788,
    107.75003206166));
#1314 = CARTESIAN_POINT('',(-387.1871916034,68.26222903234,
    93.312385707243));
#1315 = CARTESIAN_POINT('',(-399.8137506521,45.20078094737,
    85.44094755238));
#1316 = CARTESIAN_POINT('',(-269.9167772272,44.282521614691,
    213.28810431198));
#1317 = CARTESIAN_POINT('',(-282.4414827555,67.479947680325,
    205.64543290961));
#1318 = CARTESIAN_POINT('',(-297.9068897529,86.913675592847,
    191.39783786634));
#1319 = CARTESIAN_POINT('',(-315.7558958019,99.954578459816,
    171.79659169925));
#1320 = CARTESIAN_POINT('',(-334.9671997711,104.57202657097,
    149.13557430623));
#1321 = CARTESIAN_POINT('',(-354.1784567578,99.953865159847,
    126.47466243765));
#1322 = CARTESIAN_POINT('',(-372.0273301226,86.912332776665,
    106.87371428387));
#1323 = CARTESIAN_POINT('',(-387.4925393948,67.478121940913,
    92.626563338829));
#1324 = CARTESIAN_POINT('',(-400.0170089061,44.280393805927,
    84.984422039326));
#1325 = CARTESIAN_POINT('',(-270.1018366356,45.225804639644,
    212.87245407524));
#1326 = CARTESIAN_POINT('',(-282.7311713176,68.2991525685,
    204.99478174599));
#1327 = CARTESIAN_POINT('',(-298.2854787694,87.528627698118,
    190.54751301324));
#1328 = CARTESIAN_POINT('',(-316.1957980807,100.29917680199,
    170.80855500405));
#1329 = CARTESIAN_POINT('',(-335.4314719237,104.60690111201,
    148.09280197828));
#1330 = CARTESIAN_POINT('',(-354.6260951195,99.675935844263,
    125.46925021571));
#1331 = CARTESIAN_POINT('',(-372.4204826296,86.355351263158,
    105.99067929544));
#1332 = CARTESIAN_POINT('',(-387.8020289834,66.703925272351,
    91.931438341759));
#1333 = CARTESIAN_POINT('',(-400.2251454291,43.366646318627,
    84.51693975476));
#1334 = CARTESIAN_POINT('',(-270.2818503864,46.174921816261,
    212.46813657121));
#1335 = CARTESIAN_POINT('',(-283.0164613475,69.127574607398,
    204.35400984775));
#1336 = CARTESIAN_POINT('',(-298.660745236,88.155684093162,
    189.70465072907));
#1337 = CARTESIAN_POINT('',(-316.6338092477,100.65788728817,
    169.82476581555));
#1338 = CARTESIAN_POINT('',(-335.8954987492,104.65671184109,
    147.0505806642));
#1339 = CARTESIAN_POINT('',(-355.0751556056,99.412447624041,
    124.46064385028));
#1340 = CARTESIAN_POINT('',(-372.8165498885,85.811093303734,
    105.10109766698));
#1341 = CARTESIAN_POINT('',(-388.1156004911,65.939787727724,
    91.227145204167));
#1342 = CARTESIAN_POINT('',(-400.4381198401,42.459714261024,
    84.038591395697));
#1343 = DEFINITIONAL_REPRESENTATION('',(#1344),#1348);
#1344 = LINE('',#1345,#1346);
#1345 = CARTESIAN_POINT('',(0.,0.));
#1346 = VECTOR('',#1347,1.);
#1347 = DIRECTION('',(0.,1.));
#1348 = ( GEOMETRIC_REPRESENTATION_CONTEXT(2) 
PARAMETRIC_REPRESENTATION_CONTEXT() REPRESENTATION_CONTEXT('2D SPACE',''
  ) );
#1349 = ORIENTED_EDGE('',*,*,#1350,.F.);
#1350 = EDGE_CURVE('',#1025,#1258,#1351,.T.);
#1351 = SURFACE_CURVE('',#1352,(#1355,#1362),.PCURVE_S1.);
#1352 = B_SPLINE_CURVE_WITH_KNOTS('',1,(#1353,#1354),.UNSPECIFIED.,.F.,
  .F.,(2,2),(0.,44.),.PIECEWISE_BEZIER_KNOTS.);
#1353 = CARTESIAN_POINT('',(-383.7348848658,26.,121.55467139114));
#1354 = CARTESIAN_POINT('',(-399.2336325501,48.,86.743914142604));
#1355 = PCURVE('',#1101,#1356);
#1356 = DEFINITIONAL_REPRESENTATION('',(#1357),#1361);
#1357 = LINE('',#1358,#1359);
#1358 = CARTESIAN_POINT('',(0.,66.666666666667));
#1359 = VECTOR('',#1360,1.);
#1360 = DIRECTION('',(1.,0.));
#1361 = ( GEOMETRIC_REPRESENTATION_CONTEXT(2) 
PARAMETRIC_REPRESENTATION_CONTEXT() REPRESENTATION_CONTEXT('2D SPACE',''
  ) );
#1362 = PCURVE('',#1041,#1363);
#1363 = DEFINITIONAL_REPRESENTATION('',(#1364),#1367);
#1364 = B_SPLINE_CURVE_WITH_KNOTS('',1,(#1365,#1366),.UNSPECIFIED.,.F.,
  .F.,(2,2),(0.,44.),.PIECEWISE_BEZIER_KNOTS.);
#1365 = CARTESIAN_POINT('',(14.942830012784,-17.0847601964));
#1366 = CARTESIAN_POINT('',(-10.29453318666,18.95792975231));
#1367 = ( GEOMETRIC_REPRESENTATION_CONTEXT(2) 
PARAMETRIC_REPRESENTATION_CONTEXT() REPRESENTATION_CONTEXT('2D SPACE',''
  ) );
#1368 = ADVANCED_FACE('',(#1369),#1279,.T.);
#1369 = FACE_BOUND('',#1370,.T.);
#1370 = EDGE_LOOP('',(#1371,#1372,#1463,#1492));
#1371 = ORIENTED_EDGE('',*,*,#1257,.F.);
#1372 = ORIENTED_EDGE('',*,*,#1373,.T.);
#1373 = EDGE_CURVE('',#1236,#1374,#1376,.T.);
#1374 = VERTEX_POINT('',#1375);
#1375 = CARTESIAN_POINT('',(-270.2818503864,46.174921816261,
    212.46813657121));
#1376 = SURFACE_CURVE('',#1377,(#1385,#1392),.PCURVE_S1.);
#1377 = ( BOUNDED_CURVE() B_SPLINE_CURVE(6,(#1378,#1379,#1380,#1381,
#1382,#1383,#1384),.UNSPECIFIED.,.F.,.F.) B_SPLINE_CURVE_WITH_KNOTS((7,7
),(0.,6.544984694977E-02),.PIECEWISE_BEZIER_KNOTS.) CURVE() 
GEOMETRIC_REPRESENTATION_ITEM() RATIONAL_B_SPLINE_CURVE((1.000053547667,
    1.000017847948,0.999996430156,0.999989291231,0.999996430156,
1.000017847948,1.000053547667)) REPRESENTATION_ITEM('') );
#1378 = CARTESIAN_POINT('',(-269.1268082058,40.571353127107,
    215.06240378431));
#1379 = CARTESIAN_POINT('',(-269.3316848053,41.489492014298,
    214.60224340763));
#1380 = CARTESIAN_POINT('',(-269.5316641954,42.414185234343,
    214.15308234356));
#1381 = CARTESIAN_POINT('',(-269.7267075643,43.345254887733,
    213.71500776452));
#1382 = CARTESIAN_POINT('',(-269.9167772272,44.282521614691,
    213.28810431198));
#1383 = CARTESIAN_POINT('',(-270.1018366356,45.225804639644,
    212.87245407524));
#1384 = CARTESIAN_POINT('',(-270.2818503864,46.174921816261,
    212.46813657121));
#1385 = PCURVE('',#1279,#1386);
#1386 = DEFINITIONAL_REPRESENTATION('',(#1387),#1391);
#1387 = LINE('',#1388,#1389);
#1388 = CARTESIAN_POINT('',(0.,0.));
#1389 = VECTOR('',#1390,1.);
#1390 = DIRECTION('',(1.,0.));
#1391 = ( GEOMETRIC_REPRESENTATION_CONTEXT(2) 
PARAMETRIC_REPRESENTATION_CONTEXT() REPRESENTATION_CONTEXT('2D SPACE',''
  ) );
#1392 = PCURVE('',#1393,#1457);
#1393 = ( BOUNDED_SURFACE() B_SPLINE_SURFACE(6,8,(
    (#1394,#1395,#1396,#1397,#1398,#1399,#1400,#1401,#1402)
    ,(#1403,#1404,#1405,#1406,#1407,#1408,#1409,#1410,#1411)
    ,(#1412,#1413,#1414,#1415,#1416,#1417,#1418,#1419,#1420)
    ,(#1421,#1422,#1423,#1424,#1425,#1426,#1427,#1428,#1429)
    ,(#1430,#1431,#1432,#1433,#1434,#1435,#1436,#1437,#1438)
    ,(#1439,#1440,#1441,#1442,#1443,#1444,#1445,#1446,#1447)
    ,(#1448,#1449,#1450,#1451,#1452,#1453,#1454,#1455,#1456
)),.UNSPECIFIED.,.F.,.F.,.F.) B_SPLINE_SURFACE_WITH_KNOTS((7,7),(9,9),(
    0.,6.544984694977E-02),(0.,66.666666666667),
.PIECEWISE_BEZIER_KNOTS.) GEOMETRIC_REPRESENTATION_ITEM() 
RATIONAL_B_SPLINE_SURFACE((
    (1.000053547667,1.000053547667,1.000053547667,1.000053547667
      ,1.000053547667,1.000053547667,1.000053547667,1.000053547667
      ,1.000053547667)
    ,(1.000017847948,1.000017847948,1.000017847948,1.000017847948
      ,1.000017847948,1.000017847948,1.000017847948,1.000017847948
      ,1.000017847948)
    ,(0.999996430156,0.999996430156,0.999996430156,0.999996430156
      ,0.999996430156,0.999996430156,0.999996430156,0.999996430156
      ,0.999996430156)
    ,(0.999989291231,0.999989291231,0.999989291231,0.999989291231
      ,0.999989291231,0.999989291231,0.999989291231,0.999989291231
      ,0.999989291231)
    ,(0.999996430156,0.999996430156,0.999996430156,0.999996430156
      ,0.999996430156,0.999996430156,0.999996430156,0.999996430156
      ,0.999996430156)
    ,(1.000017847948,1.000017847948,1.000017847948,1.000017847948
      ,1.000017847948,1.000017847948,1.000017847948,1.000017847948
      ,1.000017847948)
    ,(1.000053547667,1.000053547667,1.000053547667,1.000053547667
      ,1.000053547667,1.000053547667,1.000053547667,1.000053547667
,1.000053547667))) REPRESENTATION_ITEM('') SURFACE() );
#1394 = CARTESIAN_POINT('',(-250.3925134166,-94.54154428917,
    93.234096442402));
#1395 = CARTESIAN_POINT('',(-247.5188240326,-99.08764294973,
    120.17678627206));
#1396 = CARTESIAN_POINT('',(-244.0687970167,-95.59821628619,
    148.41395161715));
#1397 = CARTESIAN_POINT('',(-241.2311989106,-83.558824926,
    175.27557910947));
#1398 = CARTESIAN_POINT('',(-240.284356166,-63.72613455006,
    197.89050052948));
#1399 = CARTESIAN_POINT('',(-242.3208375536,-38.26526889274,
    213.80476623992));
#1400 = CARTESIAN_POINT('',(-247.9084937117,-10.33125606784,
    221.74296282531));
#1401 = CARTESIAN_POINT('',(-257.0137462754,16.844270746728,
    221.78050852815));
#1402 = CARTESIAN_POINT('',(-269.1268082058,40.571353127107,
    215.06240378431));
#1403 = CARTESIAN_POINT('',(-249.9690962903,-94.6555534838,
    94.185106878811));
#1404 = CARTESIAN_POINT('',(-247.0827609822,-98.91776056299,
    121.15619991907));
#1405 = CARTESIAN_POINT('',(-243.656076261,-95.13475105875,
    149.34093761187));
#1406 = CARTESIAN_POINT('',(-240.8792381909,-82.82426714697,
    176.06609582894));
#1407 = CARTESIAN_POINT('',(-240.0263110727,-62.77664602907,
    198.47007929837));
#1408 = CARTESIAN_POINT('',(-242.1794981559,-37.18470671389,
    214.12221972473));
#1409 = CARTESIAN_POINT('',(-247.8922761556,-9.216423494164,
    221.77938805283));
#1410 = CARTESIAN_POINT('',(-257.1167827143,17.899774747928,
    221.54908489728));
#1411 = CARTESIAN_POINT('',(-269.3316848053,41.489492014298,
    214.60224340763));
#1412 = CARTESIAN_POINT('',(-249.5463043209,-94.78318488194,
    95.134713189829));
#1413 = CARTESIAN_POINT('',(-246.6458121109,-98.76191953328,
    122.13760315219));
#1414 = CARTESIAN_POINT('',(-243.240905566,-94.68458852658,
    150.27342626036));
#1415 = CARTESIAN_POINT('',(-240.523381555,-82.10106820031,
    176.86536291928));
#1416 = CARTESIAN_POINT('',(-239.7632216875,-61.83550300524,
    199.06098773236));
#1417 = CARTESIAN_POINT('',(-242.0324115931,-36.10873963798,
    214.45258155367));
#1418 = CARTESIAN_POINT('',(-247.8701236087,-8.102160620198,
    221.82914348778));
#1419 = CARTESIAN_POINT('',(-257.2141949357,18.958549614073,
    221.3302934657));
#1420 = CARTESIAN_POINT('',(-269.5316641954,42.414185234343,
    214.15308234356));
#1421 = CARTESIAN_POINT('',(-249.1242190422,-94.92441460983,
    96.082732247403));
#1422 = CARTESIAN_POINT('',(-246.2080616008,-98.62015065346,
    123.12080689567));
#1423 = CARTESIAN_POINT('',(-242.8233648317,-94.2478161785,
    151.2112381041));
#1424 = CARTESIAN_POINT('',(-240.1636973919,-81.38936810318,
    177.67322677658));
#1425 = CARTESIAN_POINT('',(-239.4951384553,-60.90288734682,
    199.66311253037));
#1426 = CARTESIAN_POINT('',(-241.879605911,-35.03757532211,
    214.79578873497));
#1427 = CARTESIAN_POINT('',(-247.8420400236,-6.988682269693,
    221.89222025269));
#1428 = CARTESIAN_POINT('',(-257.3059638607,20.020391423311,
    221.12417708558));
#1429 = CARTESIAN_POINT('',(-269.7267075643,43.345254887733,
    213.71500776452));
#1430 = CARTESIAN_POINT('',(-248.7029218284,-95.07921568671,
    97.028981282402));
#1431 = CARTESIAN_POINT('',(-245.7695938186,-98.49248150221,
    124.10562165865));
#1432 = CARTESIAN_POINT('',(-242.4035345013,-93.82451844608,
    152.15419246487));
#1433 = CARTESIAN_POINT('',(-239.8002549662,-80.68930424866,
    178.48953182994));
#1434 = CARTESIAN_POINT('',(-239.2221129628,-59.9789789777,
    200.27633782665));
#1435 = CARTESIAN_POINT('',(-241.7211104624,-33.97142033039,
    215.15177534113));
#1436 = CARTESIAN_POINT('',(-247.8080307078,-5.876203091491,
    221.96860642666));
#1437 = CARTESIAN_POINT('',(-257.3920716989,21.085095549056,
    220.93077571434));
#1438 = CARTESIAN_POINT('',(-269.9167772272,44.282521614691,
    213.28810431198));
#1439 = CARTESIAN_POINT('',(-248.2824938734,-95.24755803125,
    97.973277930081));
#1440 = CARTESIAN_POINT('',(-245.330493295,-98.37893643697,
    125.0918575822));
#1441 = CARTESIAN_POINT('',(-241.9814955411,-93.41477668247,
    153.10210748961));
#1442 = CARTESIAN_POINT('',(-239.4331244011,-80.00101137137,
    179.31412057997));
#1443 = CARTESIAN_POINT('',(-238.944197926,-59.06395583243,
    200.90054521943));
#1444 = CARTESIAN_POINT('',(-241.5569558999,-32.91048008247,
    215.520472525));
#1445 = CARTESIAN_POINT('',(-247.7681023226,-4.764937506163,
    222.05828704809));
#1446 = CARTESIAN_POINT('',(-257.4725019536,22.152456710787,
    220.7501264045));
#1447 = CARTESIAN_POINT('',(-270.1018366356,45.225804639644,
    212.87245407524));
#1448 = CARTESIAN_POINT('',(-247.863016171,-95.42940846934,
    98.915440275373));
#1449 = CARTESIAN_POINT('',(-244.8908447034,-98.27953658812,
    126.07932448654));
#1450 = CARTESIAN_POINT('',(-241.5573294201,-93.01866914239,
    154.05480019565));
#1451 = CARTESIAN_POINT('',(-239.062376661,-79.32462151425,
    180.14683363807));
#1452 = CARTESIAN_POINT('',(-238.6614471765,-58.15799381223,
    201.5356138005));
#1453 = CARTESIAN_POINT('',(-241.3871741686,-31.85495880261,
    215.90180853717));
#1454 = CARTESIAN_POINT('',(-247.7222628814,-3.655099652729,
    222.16124411866));
#1455 = CARTESIAN_POINT('',(-257.5472394253,23.222269025125,
    220.58226329468));
#1456 = CARTESIAN_POINT('',(-270.2818503864,46.174921816261,
    212.46813657121));
#1457 = DEFINITIONAL_REPRESENTATION('',(#1458),#1462);
#1458 = LINE('',#1459,#1460);
#1459 = CARTESIAN_POINT('',(0.,66.666666666667));
#1460 = VECTOR('',#1461,1.);
#1461 = DIRECTION('',(1.,0.));
#1462 = ( GEOMETRIC_REPRESENTATION_CONTEXT(2) 
PARAMETRIC_REPRESENTATION_CONTEXT() REPRESENTATION_CONTEXT('2D SPACE',''
  ) );
#1463 = ORIENTED_EDGE('',*,*,#1464,.T.);
#1464 = EDGE_CURVE('',#1374,#1465,#1467,.T.);
#1465 = VERTEX_POINT('',#1466);
#1466 = CARTESIAN_POINT('',(-400.4381198401,42.459714261024,
    84.038591395697));
#1467 = SURFACE_CURVE('',#1468,(#1478,#1485),.PCURVE_S1.);
#1468 = ( BOUNDED_CURVE() B_SPLINE_CURVE(8,(#1469,#1470,#1471,#1472,
    #1473,#1474,#1475,#1476,#1477),.UNSPECIFIED.,.F.,.F.) 
B_SPLINE_CURVE_WITH_KNOTS((9,9),(0.,66.666666666667),
.PIECEWISE_BEZIER_KNOTS.) CURVE() GEOMETRIC_REPRESENTATION_ITEM() 
RATIONAL_B_SPLINE_CURVE((1.000053547667,1.000053547667,1.000053547667,
    1.000053547667,1.000053547667,1.000053547667,1.000053547667,
1.000053547667,1.000053547667)) REPRESENTATION_ITEM('') );
#1469 = CARTESIAN_POINT('',(-270.2818503864,46.174921816261,
    212.46813657121));
#1470 = CARTESIAN_POINT('',(-283.0164613475,69.127574607398,
    204.35400984775));
#1471 = CARTESIAN_POINT('',(-298.660745236,88.155684093162,
    189.70465072907));
#1472 = CARTESIAN_POINT('',(-316.6338092477,100.65788728817,
    169.82476581555));
#1473 = CARTESIAN_POINT('',(-335.8954987492,104.65671184109,
    147.0505806642));
#1474 = CARTESIAN_POINT('',(-355.0751556056,99.412447624041,
    124.46064385028));
#1475 = CARTESIAN_POINT('',(-372.8165498885,85.811093303734,
    105.10109766698));
#1476 = CARTESIAN_POINT('',(-388.1156004911,65.939787727724,
    91.227145204167));
#1477 = CARTESIAN_POINT('',(-400.4381198401,42.459714261024,
    84.038591395697));
#1478 = PCURVE('',#1279,#1479);
#1479 = DEFINITIONAL_REPRESENTATION('',(#1480),#1484);
#1480 = LINE('',#1481,#1482);
#1481 = CARTESIAN_POINT('',(6.544984694977E-02,0.));
#1482 = VECTOR('',#1483,1.);
#1483 = DIRECTION('',(0.,1.));
#1484 = ( GEOMETRIC_REPRESENTATION_CONTEXT(2) 
PARAMETRIC_REPRESENTATION_CONTEXT() REPRESENTATION_CONTEXT('2D SPACE',''
  ) );
#1485 = PCURVE('',#998,#1486);
#1486 = DEFINITIONAL_REPRESENTATION('',(#1487),#1491);
#1487 = LINE('',#1488,#1489);
#1488 = CARTESIAN_POINT('',(0.,0.));
#1489 = VECTOR('',#1490,1.);
#1490 = DIRECTION('',(0.,1.));
#1491 = ( GEOMETRIC_REPRESENTATION_CONTEXT(2) 
PARAMETRIC_REPRESENTATION_CONTEXT() REPRESENTATION_CONTEXT('2D SPACE',''
  ) );
#1492 = ORIENTED_EDGE('',*,*,#1493,.F.);
#1493 = EDGE_CURVE('',#1258,#1465,#1494,.T.);
#1494 = SURFACE_CURVE('',#1495,(#1503,#1510),.PCURVE_S1.);
#1495 = ( BOUNDED_CURVE() B_SPLINE_CURVE(6,(#1496,#1497,#1498,#1499,
#1500,#1501,#1502),.UNSPECIFIED.,.F.,.F.) B_SPLINE_CURVE_WITH_KNOTS((7,7
),(0.,6.544984694977E-02),.PIECEWISE_BEZIER_KNOTS.) CURVE() 
GEOMETRIC_REPRESENTATION_ITEM() RATIONAL_B_SPLINE_CURVE((1.000053547667,
    1.000017847948,0.999996430156,0.999989291231,0.999996430156,
1.000017847948,1.000053547667)) REPRESENTATION_ITEM('') );
#1496 = CARTESIAN_POINT('',(-399.2336325501,48.,86.743914142604));
#1497 = CARTESIAN_POINT('',(-399.4220248967,47.060763532649,
    86.320778004208));
#1498 = CARTESIAN_POINT('',(-399.6154099344,46.127630447049,
    85.886428098145));
#1499 = CARTESIAN_POINT('',(-399.8137506521,45.20078094737,
    85.44094755238));
#1500 = CARTESIAN_POINT('',(-400.0170089061,44.280393805927,
    84.984422039326));
#1501 = CARTESIAN_POINT('',(-400.2251454291,43.366646318627,
    84.51693975476));
#1502 = CARTESIAN_POINT('',(-400.4381198401,42.459714261024,
    84.038591395697));
#1503 = PCURVE('',#1279,#1504);
#1504 = DEFINITIONAL_REPRESENTATION('',(#1505),#1509);
#1505 = LINE('',#1506,#1507);
#1506 = CARTESIAN_POINT('',(0.,66.666666666667));
#1507 = VECTOR('',#1508,1.);
#1508 = DIRECTION('',(1.,0.));
#1509 = ( GEOMETRIC_REPRESENTATION_CONTEXT(2) 
PARAMETRIC_REPRESENTATION_CONTEXT() REPRESENTATION_CONTEXT('2D SPACE',''
  ) );
#1510 = PCURVE('',#1041,#1511);
#1511 = DEFINITIONAL_REPRESENTATION('',(#1512),#1520);
#1512 = ( BOUNDED_CURVE() B_SPLINE_CURVE(6,(#1513,#1514,#1515,#1516,
#1517,#1518,#1519),.UNSPECIFIED.,.F.,.F.) B_SPLINE_CURVE_WITH_KNOTS((7,7
),(0.,6.544984694977E-02),.PIECEWISE_BEZIER_KNOTS.) CURVE() 
GEOMETRIC_REPRESENTATION_ITEM() RATIONAL_B_SPLINE_CURVE((1.000053547667,
    1.000017847948,0.999996430156,0.999989291231,0.999996430156,
1.000017847948,1.000053547667)) REPRESENTATION_ITEM('') );
#1513 = CARTESIAN_POINT('',(-10.29453318666,18.95792975231));
#1514 = CARTESIAN_POINT('',(-11.11125546276,18.302440825485));
#1515 = CARTESIAN_POINT('',(-11.93652326356,17.657671078923));
#1516 = CARTESIAN_POINT('',(-12.77017796212,17.023745376967));
#1517 = CARTESIAN_POINT('',(-13.61205901231,16.400786109162));
#1518 = CARTESIAN_POINT('',(-14.46200398862,15.788913159631));
#1519 = CARTESIAN_POINT('',(-15.31984862663,15.188243877483));
#1520 = ( GEOMETRIC_REPRESENTATION_CONTEXT(2) 
PARAMETRIC_REPRESENTATION_CONTEXT() REPRESENTATION_CONTEXT('2D SPACE',''
  ) );
#1521 = ADVANCED_FACE('',(#1522),#1393,.T.);
#1522 = FACE_BOUND('',#1523,.T.);
#1523 = EDGE_LOOP('',(#1524,#1553,#1644,#1671));
#1524 = ORIENTED_EDGE('',*,*,#1525,.F.);
#1525 = EDGE_CURVE('',#1526,#1236,#1528,.T.);
#1526 = VERTEX_POINT('',#1527);
#1527 = CARTESIAN_POINT('',(-250.3925134166,-94.54154428917,
    93.234096442402));
#1528 = SURFACE_CURVE('',#1529,(#1539,#1546),.PCURVE_S1.);
#1529 = B_SPLINE_CURVE_WITH_KNOTS('',8,(#1530,#1531,#1532,#1533,#1534,
    #1535,#1536,#1537,#1538),.UNSPECIFIED.,.F.,.F.,(9,9),(0.,
    66.666666666667),.PIECEWISE_BEZIER_KNOTS.);
#1530 = CARTESIAN_POINT('',(-250.3925134166,-94.54154428917,
    93.234096442402));
#1531 = CARTESIAN_POINT('',(-247.5188240326,-99.08764294973,
    120.17678627206));
#1532 = CARTESIAN_POINT('',(-244.0687970167,-95.59821628619,
    148.41395161715));
#1533 = CARTESIAN_POINT('',(-241.2311989106,-83.55882492601,
    175.27557910947));
#1534 = CARTESIAN_POINT('',(-240.284356166,-63.72613455006,
    197.89050052948));
#1535 = CARTESIAN_POINT('',(-242.3208375536,-38.26526889274,
    213.80476623992));
#1536 = CARTESIAN_POINT('',(-247.9084937117,-10.33125606784,
    221.74296282531));
#1537 = CARTESIAN_POINT('',(-257.0137462754,16.844270746727,
    221.78050852815));
#1538 = CARTESIAN_POINT('',(-269.1268082058,40.571353127107,
    215.06240378431));
#1539 = PCURVE('',#1393,#1540);
#1540 = DEFINITIONAL_REPRESENTATION('',(#1541),#1545);
#1541 = LINE('',#1542,#1543);
#1542 = CARTESIAN_POINT('',(0.,0.));
#1543 = VECTOR('',#1544,1.);
#1544 = DIRECTION('',(0.,1.));
#1545 = ( GEOMETRIC_REPRESENTATION_CONTEXT(2) 
PARAMETRIC_REPRESENTATION_CONTEXT() REPRESENTATION_CONTEXT('2D SPACE',''
  ) );
#1546 = PCURVE('',#72,#1547);
#1547 = DEFINITIONAL_REPRESENTATION('',(#1548),#1552);
#1548 = LINE('',#1549,#1550);
#1549 = CARTESIAN_POINT('',(44.,0.));
#1550 = VECTOR('',#1551,1.);
#1551 = DIRECTION('',(0.,1.));
#1552 = ( GEOMETRIC_REPRESENTATION_CONTEXT(2) 
PARAMETRIC_REPRESENTATION_CONTEXT() REPRESENTATION_CONTEXT('2D SPACE',''
  ) );
#1553 = ORIENTED_EDGE('',*,*,#1554,.T.);
#1554 = EDGE_CURVE('',#1526,#1555,#1557,.T.);
#1555 = VERTEX_POINT('',#1556);
#1556 = CARTESIAN_POINT('',(-247.863016171,-95.42940846934,
    98.915440275373));
#1557 = SURFACE_CURVE('',#1558,(#1566,#1573),.PCURVE_S1.);
#1558 = ( BOUNDED_CURVE() B_SPLINE_CURVE(6,(#1559,#1560,#1561,#1562,
#1563,#1564,#1565),.UNSPECIFIED.,.F.,.F.) B_SPLINE_CURVE_WITH_KNOTS((7,7
),(0.,6.544984694977E-02),.PIECEWISE_BEZIER_KNOTS.) CURVE() 
GEOMETRIC_REPRESENTATION_ITEM() RATIONAL_B_SPLINE_CURVE((1.000053547667,
    1.000017847948,0.999996430156,0.999989291231,0.999996430156,
1.000017847948,1.000053547667)) REPRESENTATION_ITEM('') );
#1559 = CARTESIAN_POINT('',(-250.3925134166,-94.54154428917,
    93.234096442401));
#1560 = CARTESIAN_POINT('',(-249.9690962903,-94.6555534838,
    94.185106878811));
#1561 = CARTESIAN_POINT('',(-249.5463043209,-94.78318488194,
    95.134713189829));
#1562 = CARTESIAN_POINT('',(-249.1242190422,-94.92441460983,
    96.082732247403));
#1563 = CARTESIAN_POINT('',(-248.7029218284,-95.07921568671,
    97.028981282402));
#1564 = CARTESIAN_POINT('',(-248.2824938734,-95.24755803125,
    97.973277930081));
#1565 = CARTESIAN_POINT('',(-247.863016171,-95.42940846934,
    98.915440275373));
#1566 = PCURVE('',#1393,#1567);
#1567 = DEFINITIONAL_REPRESENTATION('',(#1568),#1572);
#1568 = LINE('',#1569,#1570);
#1569 = CARTESIAN_POINT('',(0.,0.));
#1570 = VECTOR('',#1571,1.);
#1571 = DIRECTION('',(1.,0.));
#1572 = ( GEOMETRIC_REPRESENTATION_CONTEXT(2) 
PARAMETRIC_REPRESENTATION_CONTEXT() REPRESENTATION_CONTEXT('2D SPACE',''
  ) );
#1573 = PCURVE('',#1574,#1638);
#1574 = ( BOUNDED_SURFACE() B_SPLINE_SURFACE(6,8,(
    (#1575,#1576,#1577,#1578,#1579,#1580,#1581,#1582,#1583)
    ,(#1584,#1585,#1586,#1587,#1588,#1589,#1590,#1591,#1592)
    ,(#1593,#1594,#1595,#1596,#1597,#1598,#1599,#1600,#1601)
    ,(#1602,#1603,#1604,#1605,#1606,#1607,#1608,#1609,#1610)
    ,(#1611,#1612,#1613,#1614,#1615,#1616,#1617,#1618,#1619)
    ,(#1620,#1621,#1622,#1623,#1624,#1625,#1626,#1627,#1628)
    ,(#1629,#1630,#1631,#1632,#1633,#1634,#1635,#1636,#1637
)),.UNSPECIFIED.,.F.,.F.,.F.) B_SPLINE_SURFACE_WITH_KNOTS((7,7),(9,9),(
    0.,6.544984694977E-02),(0.,66.666666666667),
.PIECEWISE_BEZIER_KNOTS.) GEOMETRIC_REPRESENTATION_ITEM() 
RATIONAL_B_SPLINE_SURFACE((
    (1.000053547667,1.000053547667,1.000053547667,1.000053547667
      ,1.000053547667,1.000053547667,1.000053547667,1.000053547667
      ,1.000053547667)
    ,(1.000017847948,1.000017847948,1.000017847948,1.000017847948
      ,1.000017847948,1.000017847948,1.000017847948,1.000017847948
      ,1.000017847948)
    ,(0.999996430156,0.999996430156,0.999996430156,0.999996430156
      ,0.999996430156,0.999996430156,0.999996430156,0.999996430156
      ,0.999996430156)
    ,(0.999989291231,0.999989291231,0.999989291231,0.999989291231
      ,0.999989291231,0.999989291231,0.999989291231,0.999989291231
      ,0.999989291231)
    ,(0.999996430156,0.999996430156,0.999996430156,0.999996430156
      ,0.999996430156,0.999996430156,0.999996430156,0.999996430156
      ,0.999996430156)
    ,(1.000017847948,1.000017847948,1.000017847948,1.000017847948
      ,1.000017847948,1.000017847948,1.000017847948,1.000017847948
      ,1.000017847948)
    ,(1.000053547667,1.000053547667,1.000053547667,1.000053547667
      ,1.000053547667,1.000053547667,1.000053547667,1.000053547667
,1.000053547667))) REPRESENTATION_ITEM('') SURFACE() );
#1575 = CARTESIAN_POINT('',(-210.3192904222,67.882250993909,
    19.33380656512));
#1576 = CARTESIAN_POINT('',(-225.4616829519,49.370238751582,
    5.81171389495));
#1577 = CARTESIAN_POINT('',(-238.2573796479,25.088516579934,
    -2.439613635683));
#1578 = CARTESIAN_POINT('',(-247.8531315595,-2.863855470223,
    -3.503747505837));
#1579 = CARTESIAN_POINT('',(-253.7678259863,-31.47837120757,
    3.699909101651));
#1580 = CARTESIAN_POINT('',(-256.0961653175,-57.31277495511,
    18.958651138021));
#1581 = CARTESIAN_POINT('',(-255.5636334013,-77.41378746175,
    40.643015201507));
#1582 = CARTESIAN_POINT('',(-253.2662028006,-89.9954456286,
    66.29140661274));
#1583 = CARTESIAN_POINT('',(-250.3925134166,-94.54154428917,
    93.234096442401));
#1584 = CARTESIAN_POINT('',(-210.6001379954,67.094898081852,
    18.703012587704));
#1585 = CARTESIAN_POINT('',(-225.6551971727,48.394583910425,
    5.37707383871));
#1586 = CARTESIAN_POINT('',(-238.3396895964,23.991480028084,
    -2.624484806897));
#1587 = CARTESIAN_POINT('',(-247.8102685964,-3.994015932872,
    -3.407475714597));
#1588 = CARTESIAN_POINT('',(-253.5994847904,-32.54266839927,
    4.07800961809));
#1589 = CARTESIAN_POINT('',(-255.8172134744,-58.2172121006,
    19.585187235787));
#1590 = CARTESIAN_POINT('',(-255.2014964371,-78.08589069439,
    41.456388140264));
#1591 = CARTESIAN_POINT('',(-252.8554315984,-90.39334640461,
    67.214013838551));
#1592 = CARTESIAN_POINT('',(-249.9690962903,-94.6555534838,
    94.185106878811));
#1593 = CARTESIAN_POINT('',(-210.8851656276,66.316617586833,
    18.062830044155));
#1594 = CARTESIAN_POINT('',(-225.8538977669,47.425198851567,
    4.930784997126));
#1595 = CARTESIAN_POINT('',(-238.4278369532,22.897139504722,
    -2.822467011579));
#1596 = CARTESIAN_POINT('',(-247.7734247652,-5.125507462998,
    -3.324723114795));
#1597 = CARTESIAN_POINT('',(-253.4368174272,-33.61233782142,
    4.44336649778));
#1598 = CARTESIAN_POINT('',(-255.5430890623,-59.13058817402,
    20.200880746061));
#1599 = CARTESIAN_POINT('',(-254.8429534558,-78.76962000505,
    42.26168886127));
#1600 = CARTESIAN_POINT('',(-252.4467965308,-90.8044502306,
    68.131823227468));
#1601 = CARTESIAN_POINT('',(-249.5463043209,-94.78318488194,
    95.134713189829));
#1602 = CARTESIAN_POINT('',(-211.1743185987,65.547560021507,
    17.413381837927));
#1603 = CARTESIAN_POINT('',(-226.0577467092,46.462270776278,
    4.472932776305));
#1604 = CARTESIAN_POINT('',(-238.5218050387,21.805706107071,
    -3.033522787283));
#1605 = CARTESIAN_POINT('',(-247.7426074904,-6.258112017499,
    -3.255506382246));
#1606 = CARTESIAN_POINT('',(-253.2798555574,-34.6871735646,
    4.795908629571));
#1607 = CARTESIAN_POINT('',(-255.2738451817,-60.05272758509,
    20.805612402854));
#1608 = CARTESIAN_POINT('',(-254.4880737652,-79.4648442157,
    43.058761696804));
#1609 = CARTESIAN_POINT('',(-252.0403764836,-91.22867856621,
    69.044657599129));
#1610 = CARTESIAN_POINT('',(-249.1242190422,-94.92441460983,
    96.082732247403));
#1611 = CARTESIAN_POINT('',(-211.4675412449,64.787873794583,
    16.754792991674));
#1612 = CARTESIAN_POINT('',(-226.2667047976,45.505985414497,
    4.003605225708));
#1613 = CARTESIAN_POINT('',(-238.6215758436,20.717390272467,
    -3.257611684155));
#1614 = CARTESIAN_POINT('',(-247.7178228199,-7.391611294633,
    -3.199839100879));
#1615 = CARTESIAN_POINT('',(-253.1286295388,-35.76696853496,
    5.135567828432));
#1616 = CARTESIAN_POINT('',(-255.0095338196,-60.98345273806,
    21.399265441973));
#1617 = CARTESIAN_POINT('',(-254.1369258374,-80.17142951968,
    43.847452855681));
#1618 = CARTESIAN_POINT('',(-251.6362498381,-91.66594987121,
    69.952340906148));
#1619 = CARTESIAN_POINT('',(-248.7029218284,-95.07921568671,
    97.028981282402));
#1620 = CARTESIAN_POINT('',(-211.7647769727,64.037705173773,
    16.087190616344));
#1621 = CARTESIAN_POINT('',(-226.4807316625,44.556526978554,
    3.522893016479));
#1622 = CARTESIAN_POINT('',(-238.7271300329,19.632401726005,
    -3.49469027476));
#1623 = CARTESIAN_POINT('',(-247.6990754235,-8.525786788246,
    -3.157731759077));
#1624 = CARTESIAN_POINT('',(-252.983168419,-36.85151450568,
    5.462278852598));
#1625 = CARTESIAN_POINT('',(-254.7502058357,-61.92258407564,
    21.981725630283));
#1626 = CARTESIAN_POINT('',(-253.7895772922,-80.88923951471,
    44.627610461614));
#1627 = CARTESIAN_POINT('',(-251.2344944518,-92.11617962554,
    70.854698277961));
#1628 = CARTESIAN_POINT('',(-248.2824938734,-95.24755803125,
    97.973277930081));
#1629 = CARTESIAN_POINT('',(-212.0659682732,63.297198249607,
    15.410703879419));
#1630 = CARTESIAN_POINT('',(-226.6997857775,43.614078117504,
    3.030889418701));
#1631 = CARTESIAN_POINT('',(-238.8384469504,18.550949428457,
    -3.74471216512));
#1632 = CARTESIAN_POINT('',(-247.6863685915,-9.66041984209,
    -3.129191747313));
#1633 = CARTESIAN_POINT('',(-252.843499928,-37.94060216879,5.77597941954
    ));
#1634 = CARTESIAN_POINT('',(-254.4959109505,-62.86994012381,
    22.552881293888));
#1635 = CARTESIAN_POINT('',(-253.4460948799,-81.61813523709,
    45.399084590806));
#1636 = CARTESIAN_POINT('',(-250.8351876387,-92.57928035055,
    71.751556064202));
#1637 = CARTESIAN_POINT('',(-247.863016171,-95.42940846934,
    98.915440275373));
#1638 = DEFINITIONAL_REPRESENTATION('',(#1639),#1643);
#1639 = LINE('',#1640,#1641);
#1640 = CARTESIAN_POINT('',(0.,66.666666666667));
#1641 = VECTOR('',#1642,1.);
#1642 = DIRECTION('',(1.,0.));
#1643 = ( GEOMETRIC_REPRESENTATION_CONTEXT(2) 
PARAMETRIC_REPRESENTATION_CONTEXT() REPRESENTATION_CONTEXT('2D SPACE',''
  ) );
#1644 = ORIENTED_EDGE('',*,*,#1645,.T.);
#1645 = EDGE_CURVE('',#1555,#1374,#1646,.T.);
#1646 = SURFACE_CURVE('',#1647,(#1657,#1664),.PCURVE_S1.);
#1647 = ( BOUNDED_CURVE() B_SPLINE_CURVE(8,(#1648,#1649,#1650,#1651,
    #1652,#1653,#1654,#1655,#1656),.UNSPECIFIED.,.F.,.F.) 
B_SPLINE_CURVE_WITH_KNOTS((9,9),(0.,66.666666666667),
.PIECEWISE_BEZIER_KNOTS.) CURVE() GEOMETRIC_REPRESENTATION_ITEM() 
RATIONAL_B_SPLINE_CURVE((1.000053547667,1.000053547667,1.000053547667,
    1.000053547667,1.000053547667,1.000053547667,1.000053547667,
1.000053547667,1.000053547667)) REPRESENTATION_ITEM('') );
#1648 = CARTESIAN_POINT('',(-247.863016171,-95.42940846934,
    98.915440275373));
#1649 = CARTESIAN_POINT('',(-244.8908447034,-98.27953658812,
    126.07932448654));
#1650 = CARTESIAN_POINT('',(-241.5573294201,-93.01866914239,
    154.05480019565));
#1651 = CARTESIAN_POINT('',(-239.062376661,-79.32462151425,
    180.14683363807));
#1652 = CARTESIAN_POINT('',(-238.6614471765,-58.15799381223,
    201.5356138005));
#1653 = CARTESIAN_POINT('',(-241.3871741686,-31.85495880261,
    215.90180853717));
#1654 = CARTESIAN_POINT('',(-247.7222628814,-3.655099652729,
    222.16124411866));
#1655 = CARTESIAN_POINT('',(-257.5472394253,23.222269025125,
    220.58226329468));
#1656 = CARTESIAN_POINT('',(-270.2818503864,46.174921816261,
    212.46813657121));
#1657 = PCURVE('',#1393,#1658);
#1658 = DEFINITIONAL_REPRESENTATION('',(#1659),#1663);
#1659 = LINE('',#1660,#1661);
#1660 = CARTESIAN_POINT('',(6.544984694977E-02,0.));
#1661 = VECTOR('',#1662,1.);
#1662 = DIRECTION('',(0.,1.));
#1663 = ( GEOMETRIC_REPRESENTATION_CONTEXT(2) 
PARAMETRIC_REPRESENTATION_CONTEXT() REPRESENTATION_CONTEXT('2D SPACE',''
  ) );
#1664 = PCURVE('',#928,#1665);
#1665 = DEFINITIONAL_REPRESENTATION('',(#1666),#1670);
#1666 = LINE('',#1667,#1668);
#1667 = CARTESIAN_POINT('',(0.,0.));
#1668 = VECTOR('',#1669,1.);
#1669 = DIRECTION('',(0.,1.));
#1670 = ( GEOMETRIC_REPRESENTATION_CONTEXT(2) 
PARAMETRIC_REPRESENTATION_CONTEXT() REPRESENTATION_CONTEXT('2D SPACE',''
  ) );
#1671 = ORIENTED_EDGE('',*,*,#1373,.F.);
#1672 = ADVANCED_FACE('',(#1673),#1574,.T.);
#1673 = FACE_BOUND('',#1674,.T.);
#1674 = EDGE_LOOP('',(#1675,#1704,#1795,#1841));
#1675 = ORIENTED_EDGE('',*,*,#1676,.F.);
#1676 = EDGE_CURVE('',#1677,#1526,#1679,.T.);
#1677 = VERTEX_POINT('',#1678);
#1678 = CARTESIAN_POINT('',(-210.3192904222,67.882250993909,
    19.33380656512));
#1679 = SURFACE_CURVE('',#1680,(#1690,#1697),.PCURVE_S1.);
#1680 = B_SPLINE_CURVE_WITH_KNOTS('',8,(#1681,#1682,#1683,#1684,#1685,
    #1686,#1687,#1688,#1689),.UNSPECIFIED.,.F.,.F.,(9,9),(0.,
    66.666666666667),.PIECEWISE_BEZIER_KNOTS.);
#1681 = CARTESIAN_POINT('',(-210.3192904222,67.882250993909,
    19.33380656512));
#1682 = CARTESIAN_POINT('',(-225.4616829519,49.370238751582,
    5.81171389495));
#1683 = CARTESIAN_POINT('',(-238.2573796479,25.088516579933,
    -2.439613635683));
#1684 = CARTESIAN_POINT('',(-247.8531315595,-2.863855470221,
    -3.503747505837));
#1685 = CARTESIAN_POINT('',(-253.7678259863,-31.47837120757,
    3.699909101651));
#1686 = CARTESIAN_POINT('',(-256.0961653175,-57.31277495511,
    18.95865113802));
#1687 = CARTESIAN_POINT('',(-255.5636334013,-77.41378746175,
    40.643015201508));
#1688 = CARTESIAN_POINT('',(-253.2662028006,-89.9954456286,
    66.29140661274));
#1689 = CARTESIAN_POINT('',(-250.3925134166,-94.54154428917,
    93.234096442401));
#1690 = PCURVE('',#1574,#1691);
#1691 = DEFINITIONAL_REPRESENTATION('',(#1692),#1696);
#1692 = LINE('',#1693,#1694);
#1693 = CARTESIAN_POINT('',(0.,0.));
#1694 = VECTOR('',#1695,1.);
#1695 = DIRECTION('',(0.,1.));
#1696 = ( GEOMETRIC_REPRESENTATION_CONTEXT(2) 
PARAMETRIC_REPRESENTATION_CONTEXT() REPRESENTATION_CONTEXT('2D SPACE',''
  ) );
#1697 = PCURVE('',#233,#1698);
#1698 = DEFINITIONAL_REPRESENTATION('',(#1699),#1703);
#1699 = LINE('',#1700,#1701);
#1700 = CARTESIAN_POINT('',(44.,0.));
#1701 = VECTOR('',#1702,1.);
#1702 = DIRECTION('',(0.,1.));
#1703 = ( GEOMETRIC_REPRESENTATION_CONTEXT(2) 
PARAMETRIC_REPRESENTATION_CONTEXT() REPRESENTATION_CONTEXT('2D SPACE',''
  ) );
#1704 = ORIENTED_EDGE('',*,*,#1705,.T.);
#1705 = EDGE_CURVE('',#1677,#1706,#1708,.T.);
#1706 = VERTEX_POINT('',#1707);
#1707 = CARTESIAN_POINT('',(-212.0659682732,63.297198249607,
    15.410703879419));
#1708 = SURFACE_CURVE('',#1709,(#1717,#1724),.PCURVE_S1.);
#1709 = ( BOUNDED_CURVE() B_SPLINE_CURVE(6,(#1710,#1711,#1712,#1713,
#1714,#1715,#1716),.UNSPECIFIED.,.F.,.F.) B_SPLINE_CURVE_WITH_KNOTS((7,7
),(0.,6.544984694977E-02),.PIECEWISE_BEZIER_KNOTS.) CURVE() 
GEOMETRIC_REPRESENTATION_ITEM() RATIONAL_B_SPLINE_CURVE((1.000053547667,
    1.000017847948,0.999996430156,0.999989291231,0.999996430156,
1.000017847948,1.000053547667)) REPRESENTATION_ITEM('') );
#1710 = CARTESIAN_POINT('',(-210.3192904222,67.882250993909,
    19.33380656512));
#1711 = CARTESIAN_POINT('',(-210.6001379954,67.094898081852,
    18.703012587704));
#1712 = CARTESIAN_POINT('',(-210.8851656276,66.316617586833,
    18.062830044155));
#1713 = CARTESIAN_POINT('',(-211.1743185987,65.547560021506,
    17.413381837927));
#1714 = CARTESIAN_POINT('',(-211.4675412449,64.787873794583,
    16.754792991674));
#1715 = CARTESIAN_POINT('',(-211.7647769727,64.037705173773,
    16.087190616344));
#1716 = CARTESIAN_POINT('',(-212.0659682732,63.297198249607,
    15.410703879419));
#1717 = PCURVE('',#1574,#1718);
#1718 = DEFINITIONAL_REPRESENTATION('',(#1719),#1723);
#1719 = LINE('',#1720,#1721);
#1720 = CARTESIAN_POINT('',(0.,0.));
#1721 = VECTOR('',#1722,1.);
#1722 = DIRECTION('',(1.,0.));
#1723 = ( GEOMETRIC_REPRESENTATION_CONTEXT(2) 
PARAMETRIC_REPRESENTATION_CONTEXT() REPRESENTATION_CONTEXT('2D SPACE',''
  ) );
#1724 = PCURVE('',#1725,#1789);
#1725 = ( BOUNDED_SURFACE() B_SPLINE_SURFACE(6,8,(
    (#1726,#1727,#1728,#1729,#1730,#1731,#1732,#1733,#1734)
    ,(#1735,#1736,#1737,#1738,#1739,#1740,#1741,#1742,#1743)
    ,(#1744,#1745,#1746,#1747,#1748,#1749,#1750,#1751,#1752)
    ,(#1753,#1754,#1755,#1756,#1757,#1758,#1759,#1760,#1761)
    ,(#1762,#1763,#1764,#1765,#1766,#1767,#1768,#1769,#1770)
    ,(#1771,#1772,#1773,#1774,#1775,#1776,#1777,#1778,#1779)
    ,(#1780,#1781,#1782,#1783,#1784,#1785,#1786,#1787,#1788
)),.UNSPECIFIED.,.F.,.F.,.F.) B_SPLINE_SURFACE_WITH_KNOTS((7,7),(9,9),(
    0.,6.544984694977E-02),(0.,66.666666666667),
.PIECEWISE_BEZIER_KNOTS.) GEOMETRIC_REPRESENTATION_ITEM() 
RATIONAL_B_SPLINE_SURFACE((
    (1.000053547667,1.000053547667,1.000053547667,1.000053547667
      ,1.000053547667,1.000053547667,1.000053547667,1.000053547667
      ,1.000053547667)
    ,(1.000017847948,1.000017847948,1.000017847948,1.000017847948
      ,1.000017847948,1.000017847948,1.000017847948,1.000017847948
      ,1.000017847948)
    ,(0.999996430156,0.999996430156,0.999996430156,0.999996430156
      ,0.999996430156,0.999996430156,0.999996430156,0.999996430156
      ,0.999996430156)
    ,(0.999989291231,0.999989291231,0.999989291231,0.999989291231
      ,0.999989291231,0.999989291231,0.999989291231,0.999989291231
      ,0.999989291231)
    ,(0.999996430156,0.999996430156,0.999996430156,0.999996430156
      ,0.999996430156,0.999996430156,0.999996430156,0.999996430156
      ,0.999996430156)
    ,(1.000017847948,1.000017847948,1.000017847948,1.000017847948
      ,1.000017847948,1.000017847948,1.000017847948,1.000017847948
      ,1.000017847948)
    ,(1.000053547667,1.000053547667,1.000053547667,1.000053547667
      ,1.000053547667,1.000053547667,1.000053547667,1.000053547667
,1.000053547667))) REPRESENTATION_ITEM('') SURFACE() );
#1726 = CARTESIAN_POINT('',(-83.35255066363,16.670225056025,
    140.59955075399));
#1727 = CARTESIAN_POINT('',(-92.81449438561,42.452431739871,
    139.83595499827));
#1728 = CARTESIAN_POINT('',(-105.5447946064,66.817852419691,
    131.73151035596));
#1729 = CARTESIAN_POINT('',(-121.3334917694,86.844104955678,
    116.75779371213));
#1730 = CARTESIAN_POINT('',(-139.4541692393,99.836638508819,
    96.546363543312));
#1731 = CARTESIAN_POINT('',(-158.7056201272,104.01178332503,
    73.795174694424));
#1732 = CARTESIAN_POINT('',(-177.6877529146,99.136704741341,
    51.648884203311));
#1733 = CARTESIAN_POINT('',(-195.1768978925,86.394263236235,
    32.85589923529));
#1734 = CARTESIAN_POINT('',(-210.3192904222,67.882250993909,
    19.33380656512));
#1735 = CARTESIAN_POINT('',(-83.45379268948,17.687448405551,
    140.37215744086));
#1736 = CARTESIAN_POINT('',(-93.02856704171,43.401774606925,
    139.35513994037));
#1737 = CARTESIAN_POINT('',(-105.8630932682,67.612855824161,
    131.01659985638));
#1738 = CARTESIAN_POINT('',(-121.7346228603,87.406013997989,
    115.85683853078));
#1739 = CARTESIAN_POINT('',(-139.905327419,100.10806156869,
    95.533045680816));
#1740 = CARTESIAN_POINT('',(-159.166959933,103.96874881581,
    72.75898852521));
#1741 = CARTESIAN_POINT('',(-178.1193969295,98.792877321739,
    50.679395872511));
#1742 = CARTESIAN_POINT('',(-195.5450788182,85.795212253278,
    32.028951336699));
#1743 = CARTESIAN_POINT('',(-210.6001379954,67.094898081852,
    18.703012587704));
#1744 = CARTESIAN_POINT('',(-83.5496143918,18.707886509323,
    140.15693837373));
#1745 = CARTESIAN_POINT('',(-93.2375759555,44.357966432243,
    138.88569823393));
#1746 = CARTESIAN_POINT('',(-106.1771454698,68.418069167083,
    130.31122706274));
#1747 = CARTESIAN_POINT('',(-122.132745003,87.98080881055,
    114.96264155785));
#1748 = CARTESIAN_POINT('',(-140.3550211372,100.39399289532,
    94.523017052739));
#1749 = CARTESIAN_POINT('',(-159.6285091027,103.94056372638,
    71.722332117248));
#1750 = CARTESIAN_POINT('',(-178.5528530874,98.462956490648,
    49.705837402074));
#1751 = CARTESIAN_POINT('',(-195.9164334884,85.208036322099,
    31.194875091183));
#1752 = CARTESIAN_POINT('',(-210.8851656276,66.316617586833,
    18.062830044155));
#1753 = CARTESIAN_POINT('',(-83.63999700907,19.731342832553,
    139.9539356916));
#1754 = CARTESIAN_POINT('',(-93.4414805658,45.320823260192,
    138.42772098083));
#1755 = CARTESIAN_POINT('',(-106.4868904448,69.233337776478,
    129.6155284584));
#1756 = CARTESIAN_POINT('',(-122.5277812914,88.568379281748,
    114.07537552697));
#1757 = CARTESIAN_POINT('',(-140.8031636293,100.69437814738,
    93.516472535496));
#1758 = CARTESIAN_POINT('',(-160.0901786758,103.92723428495,
    70.685405278642));
#1759 = CARTESIAN_POINT('',(-178.9880379291,98.147006590566,
    48.72839624413));
#1760 = CARTESIAN_POINT('',(-196.2908904881,84.632849266735,
    30.353830899549));
#1761 = CARTESIAN_POINT('',(-211.1743185987,65.547560021506,
    17.413381837927));
#1762 = CARTESIAN_POINT('',(-83.724923022,20.757620146996,
    139.76318874351));
#1763 = CARTESIAN_POINT('',(-93.64024147669,46.290159608834,
    137.98129666576));
#1764 = CARTESIAN_POINT('',(-106.7922684096,70.058504680132,
    128.92963831941));
#1765 = CARTESIAN_POINT('',(-122.9196555231,89.168612379195,
    113.19521159187));
#1766 = CARTESIAN_POINT('',(-141.2496684834,101.00915968043,
    92.51360621349));
#1767 = CARTESIAN_POINT('',(-160.5518796628,103.92876332615,
    69.648407883276));
#1768 = CARTESIAN_POINT('',(-179.424867599,97.845088773625,
    47.747260741577));
#1769 = CARTESIAN_POINT('',(-196.6683776921,84.069762174669,
    29.505980757641));
#1770 = CARTESIAN_POINT('',(-211.4675412449,64.787873794583,
    16.754792991674));
#1771 = CARTESIAN_POINT('',(-83.80437615788,21.786520579914,
    139.58473407851));
#1772 = CARTESIAN_POINT('',(-93.8338204674,47.2657885159,137.54651113397
    ));
#1773 = CARTESIAN_POINT('',(-107.0932205785,70.893410644444,
    128.25368868094));
#1774 = CARTESIAN_POINT('',(-123.3082922179,89.781392177561,
    112.32231928373));
#1775 = CARTESIAN_POINT('',(-141.6944496616,101.33827656105,
    91.514611330801));
#1776 = CARTESIAN_POINT('',(-161.0135230669,103.94515028998,
    68.611539821151));
#1777 = CARTESIAN_POINT('',(-179.8632578657,97.557260986159,
    46.762620081337));
#1778 = CARTESIAN_POINT('',(-197.048822283,83.518883368993,
    28.651488216209));
#1779 = CARTESIAN_POINT('',(-211.7647769727,64.037705173773,
    16.087190616344));
#1780 = CARTESIAN_POINT('',(-83.87834139461,22.817845663313,
    139.41860543683));
#1781 = CARTESIAN_POINT('',(-94.0221805017,48.24752158538,137.1234475702
    ));
#1782 = CARTESIAN_POINT('',(-107.3896891777,71.737894214185,
    127.58780930467));
#1783 = CARTESIAN_POINT('',(-123.6936166367,90.406599887619,
    111.45686646915));
#1784 = CARTESIAN_POINT('',(-142.1374215217,101.68166458221,
    90.519680243194));
#1785 = CARTESIAN_POINT('',(-161.4750199064,103.97639122225,
    67.57500094872));
#1786 = CARTESIAN_POINT('',(-180.3031241428,97.283577954549,
    45.774664247256));
#1787 = CARTESIAN_POINT('',(-197.432150769,82.980318381709,
    27.790518340136));
#1788 = CARTESIAN_POINT('',(-212.0659682732,63.297198249607,
    15.410703879419));
#1789 = DEFINITIONAL_REPRESENTATION('',(#1790),#1794);
#1790 = LINE('',#1791,#1792);
#1791 = CARTESIAN_POINT('',(0.,66.666666666667));
#1792 = VECTOR('',#1793,1.);
#1793 = DIRECTION('',(1.,0.));
#1794 = ( GEOMETRIC_REPRESENTATION_CONTEXT(2) 
PARAMETRIC_REPRESENTATION_CONTEXT() REPRESENTATION_CONTEXT('2D SPACE',''
  ) );
#1795 = ORIENTED_EDGE('',*,*,#1796,.T.);
#1796 = EDGE_CURVE('',#1706,#1555,#1797,.T.);
#1797 = SURFACE_CURVE('',#1798,(#1808,#1815),.PCURVE_S1.);
#1798 = ( BOUNDED_CURVE() B_SPLINE_CURVE(8,(#1799,#1800,#1801,#1802,
    #1803,#1804,#1805,#1806,#1807),.UNSPECIFIED.,.F.,.F.) 
B_SPLINE_CURVE_WITH_KNOTS((9,9),(0.,66.666666666667),
.PIECEWISE_BEZIER_KNOTS.) CURVE() GEOMETRIC_REPRESENTATION_ITEM() 
RATIONAL_B_SPLINE_CURVE((1.000053547667,1.000053547667,1.000053547667,
    1.000053547667,1.000053547667,1.000053547667,1.000053547667,
1.000053547667,1.000053547667)) REPRESENTATION_ITEM('') );
#1799 = CARTESIAN_POINT('',(-212.0659682732,63.297198249607,
    15.410703879419));
#1800 = CARTESIAN_POINT('',(-226.6997857775,43.614078117504,
    3.030889418701));
#1801 = CARTESIAN_POINT('',(-238.8384469504,18.550949428457,
    -3.74471216512));
#1802 = CARTESIAN_POINT('',(-247.6863685915,-9.66041984209,
    -3.129191747313));
#1803 = CARTESIAN_POINT('',(-252.843499928,-37.94060216879,5.77597941954
    ));
#1804 = CARTESIAN_POINT('',(-254.4959109505,-62.86994012381,
    22.552881293888));
#1805 = CARTESIAN_POINT('',(-253.4460948799,-81.61813523709,
    45.399084590806));
#1806 = CARTESIAN_POINT('',(-250.8351876387,-92.57928035055,
    71.751556064202));
#1807 = CARTESIAN_POINT('',(-247.863016171,-95.42940846934,
    98.915440275373));
#1808 = PCURVE('',#1574,#1809);
#1809 = DEFINITIONAL_REPRESENTATION('',(#1810),#1814);
#1810 = LINE('',#1811,#1812);
#1811 = CARTESIAN_POINT('',(6.544984694977E-02,0.));
#1812 = VECTOR('',#1813,1.);
#1813 = DIRECTION('',(0.,1.));
#1814 = ( GEOMETRIC_REPRESENTATION_CONTEXT(2) 
PARAMETRIC_REPRESENTATION_CONTEXT() REPRESENTATION_CONTEXT('2D SPACE',''
  ) );
#1815 = PCURVE('',#1816,#1835);
#1816 = B_SPLINE_SURFACE_WITH_KNOTS('',1,8,(
    (#1817,#1818,#1819,#1820,#1821,#1822,#1823,#1824,#1825)
    ,(#1826,#1827,#1828,#1829,#1830,#1831,#1832,#1833,#1834
  )),.UNSPECIFIED.,.F.,.F.,.F.,(2,2),(9,9),(0.,44.),(0.,66.666666666667)
  ,.PIECEWISE_BEZIER_KNOTS.);
#1817 = CARTESIAN_POINT('',(-212.0659682732,63.297198249607,
    15.410703879419));
#1818 = CARTESIAN_POINT('',(-226.6997857775,43.614078117504,
    3.030889418701));
#1819 = CARTESIAN_POINT('',(-238.8384469504,18.550949428457,
    -3.74471216512));
#1820 = CARTESIAN_POINT('',(-247.6863685915,-9.660419842091,
    -3.129191747313));
#1821 = CARTESIAN_POINT('',(-252.843499928,-37.94060216879,5.77597941954
    ));
#1822 = CARTESIAN_POINT('',(-254.4959109505,-62.86994012381,
    22.552881293887));
#1823 = CARTESIAN_POINT('',(-253.4460948799,-81.61813523709,
    45.399084590806));
#1824 = CARTESIAN_POINT('',(-250.8351876387,-92.57928035055,
    71.751556064202));
#1825 = CARTESIAN_POINT('',(-247.863016171,-95.42940846934,
    98.915440275373));
#1826 = CARTESIAN_POINT('',(-198.6107330986,34.285982385204,
    45.6316568833));
#1827 = CARTESIAN_POINT('',(-210.0266203696,23.624292313648,
    40.479432062159));
#1828 = CARTESIAN_POINT('',(-220.0909646279,10.048430940414,
    38.362822549338));
#1829 = CARTESIAN_POINT('',(-228.3728249731,-5.232727414465,
    40.249737454064));
#1830 = CARTESIAN_POINT('',(-234.6555072367,-20.55115950809,
    46.626879847858));
#1831 = CARTESIAN_POINT('',(-239.0397993301,-34.0545509004,
    57.267876374876));
#1832 = CARTESIAN_POINT('',(-241.9603850815,-44.20982325342,
    71.196411172456));
#1833 = CARTESIAN_POINT('',(-244.0353797821,-50.14711018988,
    87.024174565626));
#1834 = CARTESIAN_POINT('',(-245.9146896934,-51.69092958756,
    103.29145319175));
#1835 = DEFINITIONAL_REPRESENTATION('',(#1836),#1840);
#1836 = LINE('',#1837,#1838);
#1837 = CARTESIAN_POINT('',(0.,0.));
#1838 = VECTOR('',#1839,1.);
#1839 = DIRECTION('',(0.,1.));
#1840 = ( GEOMETRIC_REPRESENTATION_CONTEXT(2) 
PARAMETRIC_REPRESENTATION_CONTEXT() REPRESENTATION_CONTEXT('2D SPACE',''
  ) );
#1841 = ORIENTED_EDGE('',*,*,#1554,.F.);
#1842 = ADVANCED_FACE('',(#1843),#1816,.T.);
#1843 = FACE_BOUND('',#1844,.T.);
#1844 = EDGE_LOOP('',(#1845,#1846,#1887,#1938));
#1845 = ORIENTED_EDGE('',*,*,#1796,.F.);
#1846 = ORIENTED_EDGE('',*,*,#1847,.T.);
#1847 = EDGE_CURVE('',#1706,#1848,#1850,.T.);
#1848 = VERTEX_POINT('',#1849);
#1849 = CARTESIAN_POINT('',(-198.6107330986,34.285982385204,
    45.6316568833));
#1850 = SURFACE_CURVE('',#1851,(#1854,#1861),.PCURVE_S1.);
#1851 = B_SPLINE_CURVE_WITH_KNOTS('',1,(#1852,#1853),.UNSPECIFIED.,.F.,
  .F.,(2,2),(0.,44.),.PIECEWISE_BEZIER_KNOTS.);
#1852 = CARTESIAN_POINT('',(-212.0659682732,63.297198249607,
    15.410703879419));
#1853 = CARTESIAN_POINT('',(-198.6107330986,34.285982385204,
    45.6316568833));
#1854 = PCURVE('',#1816,#1855);
#1855 = DEFINITIONAL_REPRESENTATION('',(#1856),#1860);
#1856 = LINE('',#1857,#1858);
#1857 = CARTESIAN_POINT('',(0.,0.));
#1858 = VECTOR('',#1859,1.);
#1859 = DIRECTION('',(1.,0.));
#1860 = ( GEOMETRIC_REPRESENTATION_CONTEXT(2) 
PARAMETRIC_REPRESENTATION_CONTEXT() REPRESENTATION_CONTEXT('2D SPACE',''
  ) );
#1861 = PCURVE('',#1862,#1881);
#1862 = B_SPLINE_SURFACE_WITH_KNOTS('',1,8,(
    (#1863,#1864,#1865,#1866,#1867,#1868,#1869,#1870,#1871)
    ,(#1872,#1873,#1874,#1875,#1876,#1877,#1878,#1879,#1880
  )),.UNSPECIFIED.,.F.,.F.,.F.,(2,2),(9,9),(0.,44.),(0.,66.666666666667)
  ,.PIECEWISE_BEZIER_KNOTS.);
#1863 = CARTESIAN_POINT('',(-83.87834139461,22.817845663313,
    139.41860543683));
#1864 = CARTESIAN_POINT('',(-94.0221805017,48.24752158538,137.1234475702
    ));
#1865 = CARTESIAN_POINT('',(-107.3896891777,71.737894214185,
    127.58780930467));
#1866 = CARTESIAN_POINT('',(-123.6936166367,90.406599887621,
    111.45686646915));
#1867 = CARTESIAN_POINT('',(-142.1374215217,101.68166458221,
    90.519680243193));
#1868 = CARTESIAN_POINT('',(-161.4750199064,103.97639122225,
    67.57500094872));
#1869 = CARTESIAN_POINT('',(-180.3031241428,97.283577954547,
    45.774664247256));
#1870 = CARTESIAN_POINT('',(-197.432150769,82.98031838171,
    27.790518340136));
#1871 = CARTESIAN_POINT('',(-212.0659682732,63.297198249607,
    15.410703879419));
#1872 = CARTESIAN_POINT('',(-101.2618795557,12.359666400961,
    100.37453946625));
#1873 = CARTESIAN_POINT('',(-110.245695195,26.134074192081,
    100.6848369669));
#1874 = CARTESIAN_POINT('',(-120.9756651842,38.858026032683,
    97.073207584824));
#1875 = CARTESIAN_POINT('',(-133.2961953474,48.970241605794,
    89.889121560671));
#1876 = CARTESIAN_POINT('',(-146.7758257831,55.077568315367,
    80.101653700019));
#1877 = CARTESIAN_POINT('',(-160.7395943643,56.32054524539,
    69.226793760596));
#1878 = CARTESIAN_POINT('',(-174.4273869487,52.695271392047,
    58.971786059049));
#1879 = CARTESIAN_POINT('',(-187.1948458275,44.947672456759,
    50.783881704441));
#1880 = CARTESIAN_POINT('',(-198.6107330986,34.285982385204,
    45.6316568833));
#1881 = DEFINITIONAL_REPRESENTATION('',(#1882),#1886);
#1882 = LINE('',#1883,#1884);
#1883 = CARTESIAN_POINT('',(0.,66.666666666667));
#1884 = VECTOR('',#1885,1.);
#1885 = DIRECTION('',(1.,0.));
#1886 = ( GEOMETRIC_REPRESENTATION_CONTEXT(2) 
PARAMETRIC_REPRESENTATION_CONTEXT() REPRESENTATION_CONTEXT('2D SPACE',''
  ) );
#1887 = ORIENTED_EDGE('',*,*,#1888,.F.);
#1888 = EDGE_CURVE('',#1889,#1848,#1891,.T.);
#1889 = VERTEX_POINT('',#1890);
#1890 = CARTESIAN_POINT('',(-245.9146896934,-51.69092958756,
    103.29145319175));
#1891 = SURFACE_CURVE('',#1892,(#1902,#1909),.PCURVE_S1.);
#1892 = B_SPLINE_CURVE_WITH_KNOTS('',8,(#1893,#1894,#1895,#1896,#1897,
    #1898,#1899,#1900,#1901),.UNSPECIFIED.,.F.,.F.,(9,9),(
    57.151721035458,123.81838770213),.PIECEWISE_BEZIER_KNOTS.);
#1893 = CARTESIAN_POINT('',(-245.9146896934,-51.69092958756,
    103.29145319175));
#1894 = CARTESIAN_POINT('',(-244.0353797821,-50.14711018988,
    87.024174565624));
#1895 = CARTESIAN_POINT('',(-241.9603850815,-44.20982325342,
    71.196411172452));
#1896 = CARTESIAN_POINT('',(-239.0397993301,-34.05455090039,
    57.267876374869));
#1897 = CARTESIAN_POINT('',(-234.6555072365,-20.55115950799,
    46.626879847739));
#1898 = CARTESIAN_POINT('',(-228.3728249732,-5.232727414568,
    40.249737454168));
#1899 = CARTESIAN_POINT('',(-220.0909646279,10.048430940432,
    38.362822549323));
#1900 = CARTESIAN_POINT('',(-210.0266203696,23.62429231365,
    40.479432062152));
#1901 = CARTESIAN_POINT('',(-198.6107330986,34.285982385204,
    45.6316568833));
#1902 = PCURVE('',#1816,#1903);
#1903 = DEFINITIONAL_REPRESENTATION('',(#1904),#1908);
#1904 = LINE('',#1905,#1906);
#1905 = CARTESIAN_POINT('',(44.,123.81838770212));
#1906 = VECTOR('',#1907,1.);
#1907 = DIRECTION('',(2.13162820728E-16,-1.));
#1908 = ( GEOMETRIC_REPRESENTATION_CONTEXT(2) 
PARAMETRIC_REPRESENTATION_CONTEXT() REPRESENTATION_CONTEXT('2D SPACE',''
  ) );
#1909 = PCURVE('',#122,#1910);
#1910 = DEFINITIONAL_REPRESENTATION('',(#1911),#1937);
#1911 = B_SPLINE_CURVE_WITH_KNOTS('',3,(#1912,#1913,#1914,#1915,#1916,
    #1917,#1918,#1919,#1920,#1921,#1922,#1923,#1924,#1925,#1926,#1927,
    #1928,#1929,#1930,#1931,#1932,#1933,#1934,#1935,#1936),
  .UNSPECIFIED.,.F.,.F.,(4,1,1,1,1,1,1,1,1,1,1,1,1,1,1,1,1,1,1,1,1,1,4),
  (57.151721035458,60.182024065761,63.212327096065,66.242630126368,
    69.272933156672,72.303236186975,75.333539217278,78.363842247582,
    81.394145277885,84.424448308189,87.454751338492,90.485054368795,
    93.515357399099,96.545660429402,99.575963459706,102.60626649,
    105.63656952031,108.66687255061,111.69717558091,114.72747861122,
    117.75778164152,120.78808467182,123.81838770213),
  .QUASI_UNIFORM_KNOTS.);
#1912 = CARTESIAN_POINT('',(-4.603305902135,-291.6666666666));
#1913 = CARTESIAN_POINT('',(-4.570250415114,-290.6565656565));
#1914 = CARTESIAN_POINT('',(-4.504139436376,-288.6363636363));
#1915 = CARTESIAN_POINT('',(-4.404972976884,-285.606060606));
#1916 = CARTESIAN_POINT('',(-4.305806575284,-282.5757575757));
#1917 = CARTESIAN_POINT('',(-4.206640187849,-279.5454545454));
#1918 = CARTESIAN_POINT('',(-4.107473778565,-276.5151515151));
#1919 = CARTESIAN_POINT('',(-4.008307332045,-273.4848484848));
#1920 = CARTESIAN_POINT('',(-3.909140859791,-270.4545454545));
#1921 = CARTESIAN_POINT('',(-3.80997438713,-267.4242424242));
#1922 = CARTESIAN_POINT('',(-3.710807936997,-264.3939393939));
#1923 = CARTESIAN_POINT('',(-3.611641517676,-261.3636363635));
#1924 = CARTESIAN_POINT('',(-3.512475119638,-258.3333333333));
#1925 = CARTESIAN_POINT('',(-3.413308721601,-255.303030303));
#1926 = CARTESIAN_POINT('',(-3.31414230228,-252.2727272727));
#1927 = CARTESIAN_POINT('',(-3.214975852147,-249.2424242424));
#1928 = CARTESIAN_POINT('',(-3.115809379486,-246.2121212121));
#1929 = CARTESIAN_POINT('',(-3.016642907232,-243.1818181818));
#1930 = CARTESIAN_POINT('',(-2.917476460712,-240.1515151515));
#1931 = CARTESIAN_POINT('',(-2.818310051428,-237.1212121212));
#1932 = CARTESIAN_POINT('',(-2.719143663993,-234.0909090909));
#1933 = CARTESIAN_POINT('',(-2.619977262393,-231.0606060606));
#1934 = CARTESIAN_POINT('',(-2.520810802901,-228.0303030303));
#1935 = CARTESIAN_POINT('',(-2.454699824163,-226.01010101));
#1936 = CARTESIAN_POINT('',(-2.421644337142,-225.));
#1937 = ( GEOMETRIC_REPRESENTATION_CONTEXT(2) 
PARAMETRIC_REPRESENTATION_CONTEXT() REPRESENTATION_CONTEXT('2D SPACE',''
  ) );
#1938 = ORIENTED_EDGE('',*,*,#1939,.F.);
#1939 = EDGE_CURVE('',#1555,#1889,#1940,.T.);
#1940 = SURFACE_CURVE('',#1941,(#1944,#1951),.PCURVE_S1.);
#1941 = B_SPLINE_CURVE_WITH_KNOTS('',1,(#1942,#1943),.UNSPECIFIED.,.F.,
  .F.,(2,2),(0.,44.),.PIECEWISE_BEZIER_KNOTS.);
#1942 = CARTESIAN_POINT('',(-247.863016171,-95.42940846934,
    98.915440275373));
#1943 = CARTESIAN_POINT('',(-245.9146896934,-51.69092958756,
    103.29145319175));
#1944 = PCURVE('',#1816,#1945);
#1945 = DEFINITIONAL_REPRESENTATION('',(#1946),#1950);
#1946 = LINE('',#1947,#1948);
#1947 = CARTESIAN_POINT('',(0.,66.666666666667));
#1948 = VECTOR('',#1949,1.);
#1949 = DIRECTION('',(1.,0.));
#1950 = ( GEOMETRIC_REPRESENTATION_CONTEXT(2) 
PARAMETRIC_REPRESENTATION_CONTEXT() REPRESENTATION_CONTEXT('2D SPACE',''
  ) );
#1951 = PCURVE('',#928,#1952);
#1952 = DEFINITIONAL_REPRESENTATION('',(#1953),#1957);
#1953 = LINE('',#1954,#1955);
#1954 = CARTESIAN_POINT('',(0.,0.));
#1955 = VECTOR('',#1956,1.);
#1956 = DIRECTION('',(1.,0.));
#1957 = ( GEOMETRIC_REPRESENTATION_CONTEXT(2) 
PARAMETRIC_REPRESENTATION_CONTEXT() REPRESENTATION_CONTEXT('2D SPACE',''
  ) );
#1958 = ADVANCED_FACE('',(#1959),#1862,.T.);
#1959 = FACE_BOUND('',#1960,.T.);
#1960 = EDGE_LOOP('',(#1961,#1990,#2031,#2080));
#1961 = ORIENTED_EDGE('',*,*,#1962,.F.);
#1962 = EDGE_CURVE('',#1963,#1706,#1965,.T.);
#1963 = VERTEX_POINT('',#1964);
#1964 = CARTESIAN_POINT('',(-83.87834139461,22.817845663313,
    139.41860543683));
#1965 = SURFACE_CURVE('',#1966,(#1976,#1983),.PCURVE_S1.);
#1966 = ( BOUNDED_CURVE() B_SPLINE_CURVE(8,(#1967,#1968,#1969,#1970,
    #1971,#1972,#1973,#1974,#1975),.UNSPECIFIED.,.F.,.F.) 
B_SPLINE_CURVE_WITH_KNOTS((9,9),(0.,66.666666666667),
.PIECEWISE_BEZIER_KNOTS.) CURVE() GEOMETRIC_REPRESENTATION_ITEM() 
RATIONAL_B_SPLINE_CURVE((1.000053547667,1.000053547667,1.000053547667,
    1.000053547667,1.000053547667,1.000053547667,1.000053547667,
1.000053547667,1.000053547667)) REPRESENTATION_ITEM('') );
#1967 = CARTESIAN_POINT('',(-83.87834139461,22.817845663313,
    139.41860543683));
#1968 = CARTESIAN_POINT('',(-94.0221805017,48.24752158538,137.1234475702
    ));
#1969 = CARTESIAN_POINT('',(-107.3896891777,71.737894214185,
    127.58780930467));
#1970 = CARTESIAN_POINT('',(-123.6936166367,90.406599887619,
    111.45686646915));
#1971 = CARTESIAN_POINT('',(-142.1374215217,101.68166458221,
    90.519680243194));
#1972 = CARTESIAN_POINT('',(-161.4750199064,103.97639122225,
    67.57500094872));
#1973 = CARTESIAN_POINT('',(-180.3031241428,97.283577954549,
    45.774664247256));
#1974 = CARTESIAN_POINT('',(-197.432150769,82.980318381709,
    27.790518340136));
#1975 = CARTESIAN_POINT('',(-212.0659682732,63.297198249607,
    15.410703879419));
#1976 = PCURVE('',#1862,#1977);
#1977 = DEFINITIONAL_REPRESENTATION('',(#1978),#1982);
#1978 = LINE('',#1979,#1980);
#1979 = CARTESIAN_POINT('',(0.,0.));
#1980 = VECTOR('',#1981,1.);
#1981 = DIRECTION('',(0.,1.));
#1982 = ( GEOMETRIC_REPRESENTATION_CONTEXT(2) 
PARAMETRIC_REPRESENTATION_CONTEXT() REPRESENTATION_CONTEXT('2D SPACE',''
  ) );
#1983 = PCURVE('',#1725,#1984);
#1984 = DEFINITIONAL_REPRESENTATION('',(#1985),#1989);
#1985 = LINE('',#1986,#1987);
#1986 = CARTESIAN_POINT('',(6.544984694977E-02,0.));
#1987 = VECTOR('',#1988,1.);
#1988 = DIRECTION('',(0.,1.));
#1989 = ( GEOMETRIC_REPRESENTATION_CONTEXT(2) 
PARAMETRIC_REPRESENTATION_CONTEXT() REPRESENTATION_CONTEXT('2D SPACE',''
  ) );
#1990 = ORIENTED_EDGE('',*,*,#1991,.T.);
#1991 = EDGE_CURVE('',#1963,#1992,#1994,.T.);
#1992 = VERTEX_POINT('',#1993);
#1993 = CARTESIAN_POINT('',(-101.2618795557,12.359666400961,
    100.37453946625));
#1994 = SURFACE_CURVE('',#1995,(#1998,#2005),.PCURVE_S1.);
#1995 = B_SPLINE_CURVE_WITH_KNOTS('',1,(#1996,#1997),.UNSPECIFIED.,.F.,
  .F.,(2,2),(0.,44.),.PIECEWISE_BEZIER_KNOTS.);
#1996 = CARTESIAN_POINT('',(-83.87834139461,22.817845663313,
    139.41860543683));
#1997 = CARTESIAN_POINT('',(-101.2618795557,12.359666400961,
    100.37453946625));
#1998 = PCURVE('',#1862,#1999);
#1999 = DEFINITIONAL_REPRESENTATION('',(#2000),#2004);
#2000 = LINE('',#2001,#2002);
#2001 = CARTESIAN_POINT('',(0.,0.));
#2002 = VECTOR('',#2003,1.);
#2003 = DIRECTION('',(1.,0.));
#2004 = ( GEOMETRIC_REPRESENTATION_CONTEXT(2) 
PARAMETRIC_REPRESENTATION_CONTEXT() REPRESENTATION_CONTEXT('2D SPACE',''
  ) );
#2005 = PCURVE('',#2006,#2025);
#2006 = B_SPLINE_SURFACE_WITH_KNOTS('',1,8,(
    (#2007,#2008,#2009,#2010,#2011,#2012,#2013,#2014,#2015)
    ,(#2016,#2017,#2018,#2019,#2020,#2021,#2022,#2023,#2024
  )),.UNSPECIFIED.,.F.,.F.,.F.,(2,2),(9,9),(0.,44.),(0.,66.666666666667)
  ,.PIECEWISE_BEZIER_KNOTS.);
#2007 = CARTESIAN_POINT('',(-75.05504628689,-89.47275545114,
    -4.67017165584));
#2008 = CARTESIAN_POINT('',(-72.74358803875,-98.96136110492,
    21.009726367297));
#2009 = CARTESIAN_POINT('',(-69.22924431524,-100.8452808578,
    49.391349402884));
#2010 = CARTESIAN_POINT('',(-65.63711888121,-94.04977093022,
    77.947673020629));
#2011 = CARTESIAN_POINT('',(-63.28101721538,-78.70381145782,
    103.72784180161));
#2012 = CARTESIAN_POINT('',(-63.40431808281,-56.40687575999,
    123.93918131554));
#2013 = CARTESIAN_POINT('',(-66.81431371912,-29.9810006802,136.768483514
    ));
#2014 = CARTESIAN_POINT('',(-73.73450228753,-2.611830258755,
    141.71376330346));
#2015 = CARTESIAN_POINT('',(-83.87834139461,22.817845663313,
    139.41860543683));
#2016 = CARTESIAN_POINT('',(-68.56870572226,-48.4644092027,
    9.898387780403));
#2017 = CARTESIAN_POINT('',(-70.80590196078,-53.6040705985,
    25.361840554683));
#2018 = CARTESIAN_POINT('',(-72.39153523349,-54.62452713133,
    42.288727710708));
#2019 = CARTESIAN_POINT('',(-73.93503674633,-50.94362592053,
    59.310244348733));
#2020 = CARTESIAN_POINT('',(-76.14805113362,-42.63123120632,
    74.828010450185));
#2021 = CARTESIAN_POINT('',(-79.70407522641,-30.55372436999,
    87.329327365309));
#2022 = CARTESIAN_POINT('',(-85.04039231902,-16.23970870177,
    95.832040734556));
#2023 = CARTESIAN_POINT('',(-92.27806391651,-1.414741390159,
    100.06424196559));
#2024 = CARTESIAN_POINT('',(-101.2618795557,12.359666400961,
    100.37453946625));
#2025 = DEFINITIONAL_REPRESENTATION('',(#2026),#2030);
#2026 = LINE('',#2027,#2028);
#2027 = CARTESIAN_POINT('',(0.,66.666666666667));
#2028 = VECTOR('',#2029,1.);
#2029 = DIRECTION('',(1.,0.));
#2030 = ( GEOMETRIC_REPRESENTATION_CONTEXT(2) 
PARAMETRIC_REPRESENTATION_CONTEXT() REPRESENTATION_CONTEXT('2D SPACE',''
  ) );
#2031 = ORIENTED_EDGE('',*,*,#2032,.F.);
#2032 = EDGE_CURVE('',#1848,#1992,#2033,.T.);
#2033 = SURFACE_CURVE('',#2034,(#2044,#2051),.PCURVE_S1.);
#2034 = B_SPLINE_CURVE_WITH_KNOTS('',8,(#2035,#2036,#2037,#2038,#2039,
    #2040,#2041,#2042,#2043),.UNSPECIFIED.,.F.,.F.,(9,9),(
    57.151721048834,123.8183877155),.PIECEWISE_BEZIER_KNOTS.);
#2035 = CARTESIAN_POINT('',(-198.6107330986,34.285982385204,
    45.6316568833));
#2036 = CARTESIAN_POINT('',(-187.1948458275,44.94767245676,
    50.783881704441));
#2037 = CARTESIAN_POINT('',(-174.4273869487,52.695271392047,
    58.971786059049));
#2038 = CARTESIAN_POINT('',(-160.7395943644,56.320545245394,
    69.226793760602));
#2039 = CARTESIAN_POINT('',(-146.7758257831,55.077568315407,
    80.101653700009));
#2040 = CARTESIAN_POINT('',(-133.2961953474,48.970241605777,
    89.889121560675));
#2041 = CARTESIAN_POINT('',(-120.9756651842,38.85802603268,
    97.073207584824));
#2042 = CARTESIAN_POINT('',(-110.245695195,26.134074192084,
    100.6848369669));
#2043 = CARTESIAN_POINT('',(-101.2618795557,12.359666400961,
    100.37453946625));
#2044 = PCURVE('',#1862,#2045);
#2045 = DEFINITIONAL_REPRESENTATION('',(#2046),#2050);
#2046 = LINE('',#2047,#2048);
#2047 = CARTESIAN_POINT('',(44.,123.8183877155));
#2048 = VECTOR('',#2049,1.);
#2049 = DIRECTION('',(-3.19744231092E-16,-1.));
#2050 = ( GEOMETRIC_REPRESENTATION_CONTEXT(2) 
PARAMETRIC_REPRESENTATION_CONTEXT() REPRESENTATION_CONTEXT('2D SPACE',''
  ) );
#2051 = PCURVE('',#122,#2052);
#2052 = DEFINITIONAL_REPRESENTATION('',(#2053),#2079);
#2053 = B_SPLINE_CURVE_WITH_KNOTS('',3,(#2054,#2055,#2056,#2057,#2058,
    #2059,#2060,#2061,#2062,#2063,#2064,#2065,#2066,#2067,#2068,#2069,
    #2070,#2071,#2072,#2073,#2074,#2075,#2076,#2077,#2078),
  .UNSPECIFIED.,.F.,.F.,(4,1,1,1,1,1,1,1,1,1,1,1,1,1,1,1,1,1,1,1,1,1,4),
  (57.151721048834,60.182024079138,63.212327109441,66.242630139744,
    69.272933170047,72.30323620035,75.333539230653,78.363842260956,
    81.394145291259,84.424448321562,87.454751351865,90.485054382169,
    93.515357412472,96.545660442775,99.575963473078,102.60626650338,
    105.63656953368,108.66687256398,111.69717559429,114.72747862459,
    117.75778165489,120.78808468519,123.8183877155),
  .QUASI_UNIFORM_KNOTS.);
#2054 = CARTESIAN_POINT('',(-2.421644337142,-225.));
#2055 = CARTESIAN_POINT('',(-2.388588850121,-223.9898989898));
#2056 = CARTESIAN_POINT('',(-2.322477871383,-221.9696969696));
#2057 = CARTESIAN_POINT('',(-2.223311411891,-218.9393939393));
#2058 = CARTESIAN_POINT('',(-2.124145010291,-215.909090909));
#2059 = CARTESIAN_POINT('',(-2.024978622856,-212.8787878787));
#2060 = CARTESIAN_POINT('',(-1.925812213572,-209.8484848484));
#2061 = CARTESIAN_POINT('',(-1.826645767052,-206.8181818181));
#2062 = CARTESIAN_POINT('',(-1.727479294798,-203.7878787878));
#2063 = CARTESIAN_POINT('',(-1.628312822137,-200.7575757575));
#2064 = CARTESIAN_POINT('',(-1.529146372004,-197.7272727272));
#2065 = CARTESIAN_POINT('',(-1.429979952683,-194.6969696969));
#2066 = CARTESIAN_POINT('',(-1.330813554646,-191.6666666666));
#2067 = CARTESIAN_POINT('',(-1.231647156608,-188.6363636363));
#2068 = CARTESIAN_POINT('',(-1.132480737287,-185.606060606));
#2069 = CARTESIAN_POINT('',(-1.033314287154,-182.5757575757));
#2070 = CARTESIAN_POINT('',(-0.934147814493,-179.5454545454));
#2071 = CARTESIAN_POINT('',(-0.834981342239,-176.5151515151));
#2072 = CARTESIAN_POINT('',(-0.735814895719,-173.4848484848));
#2073 = CARTESIAN_POINT('',(-0.636648486435,-170.4545454545));
#2074 = CARTESIAN_POINT('',(-0.537482099,-167.4242424242));
#2075 = CARTESIAN_POINT('',(-0.4383156974,-164.3939393939));
#2076 = CARTESIAN_POINT('',(-0.339149237908,-161.3636363636));
#2077 = CARTESIAN_POINT('',(-0.27303825917,-159.3434343434));
#2078 = CARTESIAN_POINT('',(-0.239982772149,-158.3333333333));
#2079 = ( GEOMETRIC_REPRESENTATION_CONTEXT(2) 
PARAMETRIC_REPRESENTATION_CONTEXT() REPRESENTATION_CONTEXT('2D SPACE',''
  ) );
#2080 = ORIENTED_EDGE('',*,*,#1847,.F.);
#2081 = ADVANCED_FACE('',(#2082),#2006,.T.);
#2082 = FACE_BOUND('',#2083,.T.);
#2083 = EDGE_LOOP('',(#2084,#2177,#2218,#2291,#2321));
#2084 = ORIENTED_EDGE('',*,*,#2085,.F.);
#2085 = EDGE_CURVE('',#2086,#1963,#2088,.T.);
#2086 = VERTEX_POINT('',#2087);
#2087 = CARTESIAN_POINT('',(-75.05504628689,-89.47275545114,
    -4.67017165584));
#2088 = SURFACE_CURVE('',#2089,(#2099,#2106),.PCURVE_S1.);
#2089 = ( BOUNDED_CURVE() B_SPLINE_CURVE(8,(#2090,#2091,#2092,#2093,
    #2094,#2095,#2096,#2097,#2098),.UNSPECIFIED.,.F.,.F.) 
B_SPLINE_CURVE_WITH_KNOTS((9,9),(0.,66.666666666667),
.PIECEWISE_BEZIER_KNOTS.) CURVE() GEOMETRIC_REPRESENTATION_ITEM() 
RATIONAL_B_SPLINE_CURVE((1.000053547667,1.000053547667,1.000053547667,
    1.000053547667,1.000053547667,1.000053547667,1.000053547667,
1.000053547667,1.000053547667)) REPRESENTATION_ITEM('') );
#2090 = CARTESIAN_POINT('',(-75.05504628689,-89.47275545114,
    -4.67017165584));
#2091 = CARTESIAN_POINT('',(-72.74358803874,-98.96136110492,
    21.009726367296));
#2092 = CARTESIAN_POINT('',(-69.22924431524,-100.8452808578,
    49.391349402885));
#2093 = CARTESIAN_POINT('',(-65.63711888121,-94.04977093022,
    77.947673020627));
#2094 = CARTESIAN_POINT('',(-63.28101721538,-78.70381145782,
    103.72784180162));
#2095 = CARTESIAN_POINT('',(-63.40431808281,-56.40687575999,
    123.93918131554));
#2096 = CARTESIAN_POINT('',(-66.81431371912,-29.9810006802,136.768483514
    ));
#2097 = CARTESIAN_POINT('',(-73.73450228753,-2.611830258755,
    141.71376330346));
#2098 = CARTESIAN_POINT('',(-83.87834139461,22.817845663313,
    139.41860543683));
#2099 = PCURVE('',#2006,#2100);
#2100 = DEFINITIONAL_REPRESENTATION('',(#2101),#2105);
#2101 = LINE('',#2102,#2103);
#2102 = CARTESIAN_POINT('',(0.,0.));
#2103 = VECTOR('',#2104,1.);
#2104 = DIRECTION('',(0.,1.));
#2105 = ( GEOMETRIC_REPRESENTATION_CONTEXT(2) 
PARAMETRIC_REPRESENTATION_CONTEXT() REPRESENTATION_CONTEXT('2D SPACE',''
  ) );
#2106 = PCURVE('',#2107,#2171);
#2107 = ( BOUNDED_SURFACE() B_SPLINE_SURFACE(6,8,(
    (#2108,#2109,#2110,#2111,#2112,#2113,#2114,#2115,#2116)
    ,(#2117,#2118,#2119,#2120,#2121,#2122,#2123,#2124,#2125)
    ,(#2126,#2127,#2128,#2129,#2130,#2131,#2132,#2133,#2134)
    ,(#2135,#2136,#2137,#2138,#2139,#2140,#2141,#2142,#2143)
    ,(#2144,#2145,#2146,#2147,#2148,#2149,#2150,#2151,#2152)
    ,(#2153,#2154,#2155,#2156,#2157,#2158,#2159,#2160,#2161)
    ,(#2162,#2163,#2164,#2165,#2166,#2167,#2168,#2169,#2170
)),.UNSPECIFIED.,.F.,.F.,.F.) B_SPLINE_SURFACE_WITH_KNOTS((7,7),(9,9),(
    0.,6.544984694977E-02),(0.,66.666666666667),
.PIECEWISE_BEZIER_KNOTS.) GEOMETRIC_REPRESENTATION_ITEM() 
RATIONAL_B_SPLINE_SURFACE((
    (1.000053547667,1.000053547667,1.000053547667,1.000053547667
      ,1.000053547667,1.000053547667,1.000053547667,1.000053547667
      ,1.000053547667)
    ,(1.000017847948,1.000017847948,1.000017847948,1.000017847948
      ,1.000017847948,1.000017847948,1.000017847948,1.000017847948
      ,1.000017847948)
    ,(0.999996430156,0.999996430156,0.999996430156,0.999996430156
      ,0.999996430156,0.999996430156,0.999996430156,0.999996430156
      ,0.999996430156)
    ,(0.999989291231,0.999989291231,0.999989291231,0.999989291231
      ,0.999989291231,0.999989291231,0.999989291231,0.999989291231
      ,0.999989291231)
    ,(0.999996430156,0.999996430156,0.999996430156,0.999996430156
      ,0.999996430156,0.999996430156,0.999996430156,0.999996430156
      ,0.999996430156)
    ,(1.000017847948,1.000017847948,1.000017847948,1.000017847948
      ,1.000017847948,1.000017847948,1.000017847948,1.000017847948
      ,1.000017847948)
    ,(1.000053547667,1.000053547667,1.000053547667,1.000053547667
      ,1.000053547667,1.000053547667,1.000053547667,1.000053547667
,1.000053547667))) REPRESENTATION_ITEM('') SURFACE() );
#2108 = CARTESIAN_POINT('',(-77.40488648546,-87.00554755551,
    -9.947999154629));
#2109 = CARTESIAN_POINT('',(-75.36709146177,-98.06966777516,
    15.11724120271));
#2110 = CARTESIAN_POINT('',(-71.92668772509,-101.7388079309,
    43.332792308835));
#2111 = CARTESIAN_POINT('',(-68.17777993473,-96.75960900692,
    72.241254864391));
#2112 = CARTESIAN_POINT('',(-65.43479172118,-83.04951545873,
    98.890385058912));
#2113 = CARTESIAN_POINT('',(-64.98098862817,-62.00464108106,
    120.39792129032));
#2114 = CARTESIAN_POINT('',(-67.69700581535,-36.31116817249,
    134.78592460583));
#2115 = CARTESIAN_POINT('',(-73.89060694165,-9.11198162782,
    141.36314650971));
#2116 = CARTESIAN_POINT('',(-83.35255066363,16.670225056025,
    140.59955075399));
#2117 = CARTESIAN_POINT('',(-77.0078988314,-87.38510533105,
    -9.056350284819));
#2118 = CARTESIAN_POINT('',(-74.92800317853,-98.18305433112,
    16.10344963386));
#2119 = CARTESIAN_POINT('',(-71.47924055227,-101.5537618183,
    44.337775113367));
#2120 = CARTESIAN_POINT('',(-67.76048421451,-96.27404411636,
    73.178516397615));
#2121 = CARTESIAN_POINT('',(-65.08558551511,-82.29658200989,
    99.674715039388));
#2122 = CARTESIAN_POINT('',(-64.7307131877,-61.05083677469,
    120.96004913322));
#2123 = CARTESIAN_POINT('',(-67.56398110781,-35.24464232774,
    135.0847029908));
#2124 = CARTESIAN_POINT('',(-73.87901833726,-8.026877795822,
    141.38917494135));
#2125 = CARTESIAN_POINT('',(-83.45379268948,17.687448405551,
    140.37215744086));
#2126 = CARTESIAN_POINT('',(-76.61294905811,-87.77742333818,
    -8.169278570149));
#2127 = CARTESIAN_POINT('',(-74.48953740845,-98.31056747153,
    17.088259877555));
#2128 = CARTESIAN_POINT('',(-71.03082731036,-101.3831240944,
    45.344927744604));
#2129 = CARTESIAN_POINT('',(-67.34062108608,-95.80193010667,
    74.121544424062));
#2130 = CARTESIAN_POINT('',(-64.73238543766,-81.55491953047,
    100.46801540191));
#2131 = CARTESIAN_POINT('',(-64.475370144,-60.10512809496,
    121.53355899934));
#2132 = CARTESIAN_POINT('',(-67.42528361242,-34.18244338793,
    135.3962226659));
#2133 = CARTESIAN_POINT('',(-73.86165282809,-6.942193413596,
    141.42817851353));
#2134 = CARTESIAN_POINT('',(-83.5496143918,18.707886509323,
    140.15693837373));
#2135 = CARTESIAN_POINT('',(-76.22011340802,-88.18242663414,
    -7.286955253951));
#2136 = CARTESIAN_POINT('',(-74.05177870665,-98.45218337243,
    18.071482019899));
#2137 = CARTESIAN_POINT('',(-70.58153438696,-101.2269284241,
    46.35405617281));
#2138 = CARTESIAN_POINT('',(-66.9182713478,-95.34335870612,
    75.070157467689));
#2139 = CARTESIAN_POINT('',(-64.3752593603,-80.82467159211,
    101.27013370458));
#2140 = CARTESIAN_POINT('',(-64.21500844748,-59.16769777687,
    122.11834094424));
#2141 = CARTESIAN_POINT('',(-67.28093976175,-33.12477634177,
    135.7204242626));
#2142 = CARTESIAN_POINT('',(-73.83851345235,-5.858137595086,
    141.48015040237));
#2143 = CARTESIAN_POINT('',(-83.63999700907,19.731342832553,
    139.9539356916));
#2144 = CARTESIAN_POINT('',(-75.82946764215,-88.60003737666,
    -6.409550498238));
#2145 = CARTESIAN_POINT('',(-73.61481146841,-98.6078749876,
    19.052926505977));
#2146 = CARTESIAN_POINT('',(-70.13144837238,-101.0852051734,
    47.364965912983));
#2147 = CARTESIAN_POINT('',(-66.49351636769,-94.89841855102,
    76.024172772921));
#2148 = CARTESIAN_POINT('',(-64.01427605282,-80.10597916166,
    102.08091548794));
#2149 = CARTESIAN_POINT('',(-63.94967819604,-58.23872666791,
    122.7142824462));
#2150 = CARTESIAN_POINT('',(-67.13097727881,-32.07184514677,
    136.05724551398));
#2151 = CARTESIAN_POINT('',(-73.80960456731,-4.774919314843,
    141.54508082126));
#2152 = CARTESIAN_POINT('',(-83.724923022,20.757620146996,
    139.76318874351));
#2153 = CARTESIAN_POINT('',(-75.4410870212,-89.0301748432,
    -5.537233341309));
#2154 = CARTESIAN_POINT('',(-73.1787199082,-98.77761205509,
    20.032404187003));
#2155 = CARTESIAN_POINT('',(-69.68065603811,-100.9579814024,
    48.37746207316));
#2156 = CARTESIAN_POINT('',(-66.06643806328,-94.46719516343,
    76.983406349961));
#2157 = CARTESIAN_POINT('',(-63.64950516623,-79.398980566,
    102.90020431327));
#2158 = CARTESIAN_POINT('',(-63.6794306227,-57.31839368296,
    123.32126843397));
#2159 = CARTESIAN_POINT('',(-66.97542517027,-31.0238526785,
    136.40662127002));
#2160 = CARTESIAN_POINT('',(-73.77493184837,-3.692747356071,
    141.62295702305));
#2161 = CARTESIAN_POINT('',(-83.80437615788,21.786520579914,
    139.58473407851));
#2162 = CARTESIAN_POINT('',(-75.05504628689,-89.47275545114,
    -4.67017165584));
#2163 = CARTESIAN_POINT('',(-72.74358803874,-98.96136110492,
    21.009726367296));
#2164 = CARTESIAN_POINT('',(-69.22924431524,-100.8452808578,
    49.391349402885));
#2165 = CARTESIAN_POINT('',(-65.63711888121,-94.04977093022,
    77.947673020627));
#2166 = CARTESIAN_POINT('',(-63.28101721538,-78.70381145782,
    103.72784180162));
#2167 = CARTESIAN_POINT('',(-63.40431808281,-56.40687575999,
    123.93918131554));
#2168 = CARTESIAN_POINT('',(-66.81431371912,-29.9810006802,136.768483514
    ));
#2169 = CARTESIAN_POINT('',(-73.73450228753,-2.611830258755,
    141.71376330346));
#2170 = CARTESIAN_POINT('',(-83.87834139461,22.817845663313,
    139.41860543683));
#2171 = DEFINITIONAL_REPRESENTATION('',(#2172),#2176);
#2172 = LINE('',#2173,#2174);
#2173 = CARTESIAN_POINT('',(6.544984694977E-02,0.));
#2174 = VECTOR('',#2175,1.);
#2175 = DIRECTION('',(0.,1.));
#2176 = ( GEOMETRIC_REPRESENTATION_CONTEXT(2) 
PARAMETRIC_REPRESENTATION_CONTEXT() REPRESENTATION_CONTEXT('2D SPACE',''
  ) );
#2177 = ORIENTED_EDGE('',*,*,#2178,.T.);
#2178 = EDGE_CURVE('',#2086,#2179,#2181,.T.);
#2179 = VERTEX_POINT('',#2180);
#2180 = CARTESIAN_POINT('',(-68.56870572226,-48.4644092027,
    9.898387780403));
#2181 = SURFACE_CURVE('',#2182,(#2185,#2192),.PCURVE_S1.);
#2182 = B_SPLINE_CURVE_WITH_KNOTS('',1,(#2183,#2184),.UNSPECIFIED.,.F.,
  .F.,(2,2),(0.,44.),.PIECEWISE_BEZIER_KNOTS.);
#2183 = CARTESIAN_POINT('',(-75.05504628689,-89.47275545114,
    -4.67017165584));
#2184 = CARTESIAN_POINT('',(-68.56870572226,-48.4644092027,
    9.898387780403));
#2185 = PCURVE('',#2006,#2186);
#2186 = DEFINITIONAL_REPRESENTATION('',(#2187),#2191);
#2187 = LINE('',#2188,#2189);
#2188 = CARTESIAN_POINT('',(0.,0.));
#2189 = VECTOR('',#2190,1.);
#2190 = DIRECTION('',(1.,0.));
#2191 = ( GEOMETRIC_REPRESENTATION_CONTEXT(2) 
PARAMETRIC_REPRESENTATION_CONTEXT() REPRESENTATION_CONTEXT('2D SPACE',''
  ) );
#2192 = PCURVE('',#2193,#2212);
#2193 = B_SPLINE_SURFACE_WITH_KNOTS('',1,8,(
    (#2194,#2195,#2196,#2197,#2198,#2199,#2200,#2201,#2202)
    ,(#2203,#2204,#2205,#2206,#2207,#2208,#2209,#2210,#2211
  )),.UNSPECIFIED.,.F.,.F.,.F.,(2,2),(9,9),(0.,44.),(0.,66.666666666667)
  ,.PIECEWISE_BEZIER_KNOTS.);
#2194 = CARTESIAN_POINT('',(-21.69319407083,79.821082781044,
    -48.72371162654));
#2195 = CARTESIAN_POINT('',(-38.15984436127,65.276288092648,
    -65.22013592544));
#2196 = CARTESIAN_POINT('',(-52.7827186113,43.947059420357,
    -77.57537143471));
#2197 = CARTESIAN_POINT('',(-64.55840159108,17.482865011957,
    -83.53571064871));
#2198 = CARTESIAN_POINT('',(-72.77629892847,-11.39636117576,
    -81.50513247617));
#2199 = CARTESIAN_POINT('',(-77.25614902755,-39.26908165403,
    -71.07876274387));
#2200 = CARTESIAN_POINT('',(-78.47515192907,-62.89078689776,
    -53.32841029171));
#2201 = CARTESIAN_POINT('',(-77.36650453504,-79.98414979736,
    -30.35006967897));
#2202 = CARTESIAN_POINT('',(-75.05504628689,-89.47275545114,
    -4.67017165584));
#2203 = CARTESIAN_POINT('',(-11.7504801217,43.236419839732,
    -26.39201046437));
#2204 = CARTESIAN_POINT('',(-24.15915181863,35.357989383518,
    -33.77406561453));
#2205 = CARTESIAN_POINT('',(-35.56911149367,23.804657186026,
    -38.91297683697));
#2206 = CARTESIAN_POINT('',(-45.43684256399,9.469885214811,
    -40.58798589947));
#2207 = CARTESIAN_POINT('',(-53.37743974468,-6.173028970209,
    -37.9345813776));
#2208 = CARTESIAN_POINT('',(-59.29326133796,-21.27075256259,
    -30.73345642752));
#2209 = CARTESIAN_POINT('',(-63.44279069922,-34.06584290295,
    -19.56517417085));
#2210 = CARTESIAN_POINT('',(-66.33150948373,-43.3247478069,
    -5.565064993877));
#2211 = CARTESIAN_POINT('',(-68.56870572226,-48.4644092027,
    9.898387780403));
#2212 = DEFINITIONAL_REPRESENTATION('',(#2213),#2217);
#2213 = LINE('',#2214,#2215);
#2214 = CARTESIAN_POINT('',(0.,66.666666666667));
#2215 = VECTOR('',#2216,1.);
#2216 = DIRECTION('',(1.,0.));
#2217 = ( GEOMETRIC_REPRESENTATION_CONTEXT(2) 
PARAMETRIC_REPRESENTATION_CONTEXT() REPRESENTATION_CONTEXT('2D SPACE',''
  ) );
#2218 = ORIENTED_EDGE('',*,*,#2219,.F.);
#2219 = EDGE_CURVE('',#2220,#2179,#2222,.T.);
#2220 = VERTEX_POINT('',#2221);
#2221 = CARTESIAN_POINT('',(-93.95642332398,0.,98.753181315145));
#2222 = SURFACE_CURVE('',#2223,(#2233,#2262),.PCURVE_S1.);
#2223 = B_SPLINE_CURVE_WITH_KNOTS('',8,(#2224,#2225,#2226,#2227,#2228,
    #2229,#2230,#2231,#2232),.UNSPECIFIED.,.F.,.F.,(9,9),(
    57.151721043875,116.48505555702),.PIECEWISE_BEZIER_KNOTS.);
#2224 = CARTESIAN_POINT('',(-93.95642374761,-1.859068454735E-13,
    98.753180363661));
#2225 = CARTESIAN_POINT('',(-87.18096013771,-12.6209090495,
    95.736553190323));
#2226 = CARTESIAN_POINT('',(-81.82940649591,-25.24180668118,
    89.521771865851));
#2227 = CARTESIAN_POINT('',(-77.90177651954,-36.72982283888,
    80.108805627972));
#2228 = CARTESIAN_POINT('',(-75.21915803286,-45.95216172274,
    67.899499064567));
#2229 = CARTESIAN_POINT('',(-73.42334033711,-51.98843909782,
    53.698400366336));
#2230 = CARTESIAN_POINT('',(-72.03481219704,-54.35018407475,
    38.582521129924));
#2231 = CARTESIAN_POINT('',(-70.55981042767,-53.03870799514,
    23.660861050419));
#2232 = CARTESIAN_POINT('',(-68.56870572226,-48.4644092027,
    9.898387780403));
#2233 = PCURVE('',#2006,#2234);
#2234 = DEFINITIONAL_REPRESENTATION('',(#2235),#2261);
#2235 = B_SPLINE_CURVE_WITH_KNOTS('',3,(#2236,#2237,#2238,#2239,#2240,
    #2241,#2242,#2243,#2244,#2245,#2246,#2247,#2248,#2249,#2250,#2251,
    #2252,#2253,#2254,#2255,#2256,#2257,#2258,#2259,#2260),
  .UNSPECIFIED.,.F.,.F.,(4,1,1,1,1,1,1,1,1,1,1,1,1,1,1,1,1,1,1,1,1,1,4),
  (57.151721043875,59.848690794473,62.54566054507,65.242630295668,
    67.939600046266,70.636569796863,73.333539547461,76.030509298058,
    78.727479048656,81.424448799254,84.121418549851,86.818388300449,
    89.515358051046,92.212327801644,94.909297552242,97.606267302839,
    100.30323705343,103.00020680403,105.69717655463,108.39414630523,
    111.09111605582,113.78808580642,116.48505555702),
  .QUASI_UNIFORM_KNOTS.);
#2236 = CARTESIAN_POINT('',(44.,59.333334538484));
#2237 = CARTESIAN_POINT('',(44.,58.434344621611));
#2238 = CARTESIAN_POINT('',(44.,56.636364787887));
#2239 = CARTESIAN_POINT('',(44.,53.939395037327));
#2240 = CARTESIAN_POINT('',(44.,51.242425286845));
#2241 = CARTESIAN_POINT('',(44.,48.545455536188));
#2242 = CARTESIAN_POINT('',(44.,45.848485784687));
#2243 = CARTESIAN_POINT('',(44.,43.151516031303));
#2244 = CARTESIAN_POINT('',(44.,40.45454627489));
#2245 = CARTESIAN_POINT('',(44.,37.757576514601));
#2246 = CARTESIAN_POINT('',(44.,35.060606750315));
#2247 = CARTESIAN_POINT('',(44.,32.363636982953));
#2248 = CARTESIAN_POINT('',(44.,29.66666721456));
#2249 = CARTESIAN_POINT('',(44.,26.969697448087));
#2250 = CARTESIAN_POINT('',(44.,24.272727686842));
#2251 = CARTESIAN_POINT('',(44.,21.575757933708));
#2252 = CARTESIAN_POINT('',(44.,18.878788190243));
#2253 = CARTESIAN_POINT('',(44.,16.181818455902));
#2254 = CARTESIAN_POINT('',(44.,13.484848727609));
#2255 = CARTESIAN_POINT('',(44.,10.787879000013));
#2256 = CARTESIAN_POINT('',(44.,8.090909266467));
#2257 = CARTESIAN_POINT('',(44.,5.393939521534));
#2258 = CARTESIAN_POINT('',(44.,2.696969762666));
#2259 = CARTESIAN_POINT('',(44.,0.898989920654));
#2260 = CARTESIAN_POINT('',(44.,0.));
#2261 = ( GEOMETRIC_REPRESENTATION_CONTEXT(2) 
PARAMETRIC_REPRESENTATION_CONTEXT() REPRESENTATION_CONTEXT('2D SPACE',''
  ) );
#2262 = PCURVE('',#396,#2263);
#2263 = DEFINITIONAL_REPRESENTATION('',(#2264),#2290);
#2264 = B_SPLINE_CURVE_WITH_KNOTS('',3,(#2265,#2266,#2267,#2268,#2269,
    #2270,#2271,#2272,#2273,#2274,#2275,#2276,#2277,#2278,#2279,#2280,
    #2281,#2282,#2283,#2284,#2285,#2286,#2287,#2288,#2289),
  .UNSPECIFIED.,.F.,.F.,(4,1,1,1,1,1,1,1,1,1,1,1,1,1,1,1,1,1,1,1,1,1,4),
  (57.151721043875,59.848690794473,62.54566054507,65.242630295668,
    67.939600046266,70.636569796863,73.333539547461,76.030509298058,
    78.727479048656,81.424448799254,84.121418549851,86.818388300449,
    89.515358051046,92.212327801644,94.909297552242,97.606267302839,
    100.30323705343,103.00020680403,105.69717655463,108.39414630523,
    111.09111605582,113.78808580642,116.48505555702),
  .QUASI_UNIFORM_KNOTS.);
#2265 = CARTESIAN_POINT('',(-6.28318530718,-151.0000012051));
#2266 = CARTESIAN_POINT('',(-6.253765938751,-150.1010112882));
#2267 = CARTESIAN_POINT('',(-6.194927210033,-148.3030314544));
#2268 = CARTESIAN_POINT('',(-6.106669120899,-145.6060617049));
#2269 = CARTESIAN_POINT('',(-6.018411009829,-142.9090919582));
#2270 = CARTESIAN_POINT('',(-5.930152869853,-140.2121222145));
#2271 = CARTESIAN_POINT('',(-5.841894709249,-137.5151524722));
#2272 = CARTESIAN_POINT('',(-5.753636545496,-134.8181827283));
#2273 = CARTESIAN_POINT('',(-5.665378395766,-132.1212129795));
#2274 = CARTESIAN_POINT('',(-5.577120269453,-129.424243223));
#2275 = CARTESIAN_POINT('',(-5.488862164772,-126.7272734576));
#2276 = CARTESIAN_POINT('',(-5.400604070209,-124.0303036842));
#2277 = CARTESIAN_POINT('',(-5.31234596983,-121.3333339058));
#2278 = CARTESIAN_POINT('',(-5.224087850262,-118.636364127));
#2279 = CARTESIAN_POINT('',(-5.135829706712,-115.9393943535));
#2280 = CARTESIAN_POINT('',(-5.047571545635,-113.2424245904));
#2281 = CARTESIAN_POINT('',(-4.959313382677,-110.5454548413));
#2282 = CARTESIAN_POINT('',(-4.871055236116,-107.8484851068));
#2283 = CARTESIAN_POINT('',(-4.782797117692,-105.1515153835));
#2284 = CARTESIAN_POINT('',(-4.694539024693,-102.4545456641));
#2285 = CARTESIAN_POINT('',(-4.606280936855,-99.7575759384));
#2286 = CARTESIAN_POINT('',(-4.518022826359,-97.06060619697));
#2287 = CARTESIAN_POINT('',(-4.429764669126,-94.36363643374));
#2288 = CARTESIAN_POINT('',(-4.370925896613,-92.5656565884));
#2289 = CARTESIAN_POINT('',(-4.341506514336,-91.66666666666));
#2290 = ( GEOMETRIC_REPRESENTATION_CONTEXT(2) 
PARAMETRIC_REPRESENTATION_CONTEXT() REPRESENTATION_CONTEXT('2D SPACE',''
  ) );
#2291 = ORIENTED_EDGE('',*,*,#2292,.T.);
#2292 = EDGE_CURVE('',#2220,#1992,#2293,.T.);
#2293 = SURFACE_CURVE('',#2294,(#2304,#2311),.PCURVE_S1.);
#2294 = B_SPLINE_CURVE_WITH_KNOTS('',8,(#2295,#2296,#2297,#2298,#2299,
    #2300,#2301,#2302,#2303),.UNSPECIFIED.,.F.,.F.,(9,9),(0.,
    66.666666666667),.PIECEWISE_BEZIER_KNOTS.);
#2295 = CARTESIAN_POINT('',(-68.56870572226,-48.4644092027,
    9.898387780403));
#2296 = CARTESIAN_POINT('',(-70.80590196078,-53.6040705985,
    25.361840554683));
#2297 = CARTESIAN_POINT('',(-72.39153523349,-54.62452713133,
    42.288727710708));
#2298 = CARTESIAN_POINT('',(-73.93503674633,-50.94362592053,
    59.310244348733));
#2299 = CARTESIAN_POINT('',(-76.14805113362,-42.63123120632,
    74.828010450185));
#2300 = CARTESIAN_POINT('',(-79.70407522641,-30.55372436999,
    87.329327365309));
#2301 = CARTESIAN_POINT('',(-85.04039231902,-16.23970870177,
    95.832040734556));
#2302 = CARTESIAN_POINT('',(-92.27806391651,-1.414741390159,
    100.06424196559));
#2303 = CARTESIAN_POINT('',(-101.2618795557,12.359666400961,
    100.37453946625));
#2304 = PCURVE('',#2006,#2305);
#2305 = DEFINITIONAL_REPRESENTATION('',(#2306),#2310);
#2306 = LINE('',#2307,#2308);
#2307 = CARTESIAN_POINT('',(44.,0.));
#2308 = VECTOR('',#2309,1.);
#2309 = DIRECTION('',(0.,1.));
#2310 = ( GEOMETRIC_REPRESENTATION_CONTEXT(2) 
PARAMETRIC_REPRESENTATION_CONTEXT() REPRESENTATION_CONTEXT('2D SPACE',''
  ) );
#2311 = PCURVE('',#122,#2312);
#2312 = DEFINITIONAL_REPRESENTATION('',(#2313),#2320);
#2313 = B_SPLINE_CURVE_WITH_KNOTS('',5,(#2314,#2315,#2316,#2317,#2318,
    #2319),.UNSPECIFIED.,.F.,.F.,(6,6),(59.333334538484,66.666666666667)
  ,.PIECEWISE_BEZIER_KNOTS.);
#2314 = CARTESIAN_POINT('',(3.552713678801E-15,-151.0000012051));
#2315 = CARTESIAN_POINT('',(-4.799653378352E-02,-152.4666676307));
#2316 = CARTESIAN_POINT('',(-9.599308213756E-02,-153.9333340564));
#2317 = CARTESIAN_POINT('',(-0.143989643323,-155.400000482));
#2318 = CARTESIAN_POINT('',(-0.191986225607,-156.8666669076));
#2319 = CARTESIAN_POINT('',(-0.239982772149,-158.3333333333));
#2320 = ( GEOMETRIC_REPRESENTATION_CONTEXT(2) 
PARAMETRIC_REPRESENTATION_CONTEXT() REPRESENTATION_CONTEXT('2D SPACE',''
  ) );
#2321 = ORIENTED_EDGE('',*,*,#1991,.F.);
#2322 = ADVANCED_FACE('',(#2323),#2193,.T.);
#2323 = FACE_BOUND('',#2324,.T.);
#2324 = EDGE_LOOP('',(#2325,#2418,#2444,#2493));
#2325 = ORIENTED_EDGE('',*,*,#2326,.F.);
#2326 = EDGE_CURVE('',#2327,#2086,#2329,.T.);
#2327 = VERTEX_POINT('',#2328);
#2328 = CARTESIAN_POINT('',(-21.69319407083,79.821082781044,
    -48.72371162654));
#2329 = SURFACE_CURVE('',#2330,(#2340,#2347),.PCURVE_S1.);
#2330 = ( BOUNDED_CURVE() B_SPLINE_CURVE(8,(#2331,#2332,#2333,#2334,
    #2335,#2336,#2337,#2338,#2339),.UNSPECIFIED.,.F.,.F.) 
B_SPLINE_CURVE_WITH_KNOTS((9,9),(0.,66.666666666667),
.PIECEWISE_BEZIER_KNOTS.) CURVE() GEOMETRIC_REPRESENTATION_ITEM() 
RATIONAL_B_SPLINE_CURVE((1.000053547667,1.000053547667,1.000053547667,
    1.000053547667,1.000053547667,1.000053547667,1.000053547667,
1.000053547667,1.000053547667)) REPRESENTATION_ITEM('') );
#2331 = CARTESIAN_POINT('',(-21.69319407083,79.821082781044,
    -48.72371162654));
#2332 = CARTESIAN_POINT('',(-38.15984436127,65.276288092648,
    -65.22013592544));
#2333 = CARTESIAN_POINT('',(-52.7827186113,43.947059420357,
    -77.57537143471));
#2334 = CARTESIAN_POINT('',(-64.55840159108,17.482865011957,
    -83.53571064871));
#2335 = CARTESIAN_POINT('',(-72.77629892847,-11.39636117576,
    -81.50513247617));
#2336 = CARTESIAN_POINT('',(-77.25614902755,-39.26908165403,
    -71.07876274387));
#2337 = CARTESIAN_POINT('',(-78.47515192907,-62.89078689776,
    -53.32841029171));
#2338 = CARTESIAN_POINT('',(-77.36650453504,-79.98414979736,
    -30.35006967897));
#2339 = CARTESIAN_POINT('',(-75.05504628689,-89.47275545114,
    -4.67017165584));
#2340 = PCURVE('',#2193,#2341);
#2341 = DEFINITIONAL_REPRESENTATION('',(#2342),#2346);
#2342 = LINE('',#2343,#2344);
#2343 = CARTESIAN_POINT('',(0.,0.));
#2344 = VECTOR('',#2345,1.);
#2345 = DIRECTION('',(0.,1.));
#2346 = ( GEOMETRIC_REPRESENTATION_CONTEXT(2) 
PARAMETRIC_REPRESENTATION_CONTEXT() REPRESENTATION_CONTEXT('2D SPACE',''
  ) );
#2347 = PCURVE('',#2348,#2412);
#2348 = ( BOUNDED_SURFACE() B_SPLINE_SURFACE(6,8,(
    (#2349,#2350,#2351,#2352,#2353,#2354,#2355,#2356,#2357)
    ,(#2358,#2359,#2360,#2361,#2362,#2363,#2364,#2365,#2366)
    ,(#2367,#2368,#2369,#2370,#2371,#2372,#2373,#2374,#2375)
    ,(#2376,#2377,#2378,#2379,#2380,#2381,#2382,#2383,#2384)
    ,(#2385,#2386,#2387,#2388,#2389,#2390,#2391,#2392,#2393)
    ,(#2394,#2395,#2396,#2397,#2398,#2399,#2400,#2401,#2402)
    ,(#2403,#2404,#2405,#2406,#2407,#2408,#2409,#2410,#2411
)),.UNSPECIFIED.,.F.,.F.,.F.) B_SPLINE_SURFACE_WITH_KNOTS((7,7),(9,9),(
    0.,6.544984694977E-02),(0.,66.666666666667),
.PIECEWISE_BEZIER_KNOTS.) GEOMETRIC_REPRESENTATION_ITEM() 
RATIONAL_B_SPLINE_SURFACE((
    (1.000053547667,1.000053547667,1.000053547667,1.000053547667
      ,1.000053547667,1.000053547667,1.000053547667,1.000053547667
      ,1.000053547667)
    ,(1.000017847948,1.000017847948,1.000017847948,1.000017847948
      ,1.000017847948,1.000017847948,1.000017847948,1.000017847948
      ,1.000017847948)
    ,(0.999996430156,0.999996430156,0.999996430156,0.999996430156
      ,0.999996430156,0.999996430156,0.999996430156,0.999996430156
      ,0.999996430156)
    ,(0.999989291231,0.999989291231,0.999989291231,0.999989291231
      ,0.999989291231,0.999989291231,0.999989291231,0.999989291231
      ,0.999989291231)
    ,(0.999996430156,0.999996430156,0.999996430156,0.999996430156
      ,0.999996430156,0.999996430156,0.999996430156,0.999996430156
      ,0.999996430156)
    ,(1.000017847948,1.000017847948,1.000017847948,1.000017847948
      ,1.000017847948,1.000017847948,1.000017847948,1.000017847948
      ,1.000017847948)
    ,(1.000053547667,1.000053547667,1.000053547667,1.000053547667
      ,1.000053547667,1.000053547667,1.000053547667,1.000053547667
,1.000053547667))) REPRESENTATION_ITEM('') SURFACE() );
#2349 = CARTESIAN_POINT('',(-19.52335886763,83.138438763306,
    -43.85018196684));
#2350 = CARTESIAN_POINT('',(-36.35797098909,70.048469373348,
    -61.1730620696));
#2351 = CARTESIAN_POINT('',(-51.53323322612,49.892113363604,
    -74.76898131114));
#2352 = CARTESIAN_POINT('',(-64.00399983227,24.153958478148,
    -82.29050391091));
#2353 = CARTESIAN_POINT('',(-72.98884259948,-4.566148273814,
    -81.98251337732));
#2354 = CARTESIAN_POINT('',(-78.21686666132,-32.88298118802,
    -73.23656987865));
#2355 = CARTESIAN_POINT('',(-80.07794038342,-57.48224386109,
    -56.92833210095));
#2356 = CARTESIAN_POINT('',(-79.44268150915,-75.94142733587,
    -35.01323951196));
#2357 = CARTESIAN_POINT('',(-77.40488648546,-87.00554755551,
    -9.947999154629));
#2358 = CARTESIAN_POINT('',(-19.87752236956,82.556626206338,
    -44.64564621615));
#2359 = CARTESIAN_POINT('',(-36.64759971848,69.229198219693,
    -61.82357884657));
#2360 = CARTESIAN_POINT('',(-51.72822487396,48.884833779478,
    -75.2069397228));
#2361 = CARTESIAN_POINT('',(-64.08157072559,23.035032276741,
    -82.46473098987));
#2362 = CARTESIAN_POINT('',(-72.9382773222,-5.701301102483,
    -81.86894190508));
#2363 = CARTESIAN_POINT('',(-78.04263104597,-33.93410602885,
    -72.84523027925));
#2364 = CARTESIAN_POINT('',(-79.79889604386,-58.3618846281,
    -56.30158825277));
#2365 = CARTESIAN_POINT('',(-79.08779448427,-76.58715633097,
    -34.21615020349));
#2366 = CARTESIAN_POINT('',(-77.0078988314,-87.38510533105,
    -9.056350284819));
#2367 = CARTESIAN_POINT('',(-20.23476843426,81.986236831467,
    -45.4480340148));
#2368 = CARTESIAN_POINT('',(-36.94157807242,68.419283459704,
    -62.48386504025));
#2369 = CARTESIAN_POINT('',(-51.92857121101,47.883872881403,
    -75.65692496332));
#2370 = CARTESIAN_POINT('',(-64.16509577683,21.918650521731,
    -82.65233132653));
#2371 = CARTESIAN_POINT('',(-72.89375808751,-6.838032672951,
    -81.76895006679));
#2372 = CARTESIAN_POINT('',(-77.87399938244,-34.99079336811,
    -72.46647736173));
#2373 = CARTESIAN_POINT('',(-79.52454711628,-59.2504683622,
    -55.68539047253));
#2374 = CARTESIAN_POINT('',(-78.73636070776,-77.24427920483,
    -33.42681701785));
#2375 = CARTESIAN_POINT('',(-76.61294905811,-87.77742333818,
    -8.169278570149));
#2376 = CARTESIAN_POINT('',(-20.59502836148,81.427381202642,
    -46.2571910595));
#2377 = CARTESIAN_POINT('',(-37.23984961444,67.618881719285,
    -63.15379389225));
#2378 = CARTESIAN_POINT('',(-52.13423390379,46.889423960051,
    -76.11885093433));
#2379 = CARTESIAN_POINT('',(-64.25455920394,20.805028551052,
    -82.85326947373));
#2380 = CARTESIAN_POINT('',(-72.85529380095,-7.976123945285,
    -81.68255786469));
#2381 = CARTESIAN_POINT('',(-77.71100447743,-36.05283980904,
    -72.10038481112));
#2382 = CARTESIAN_POINT('',(-79.25494673752,-60.14782425248,
    -55.07985810757));
#2383 = CARTESIAN_POINT('',(-78.38844810938,-77.91266989584,
    -32.6453925278));
#2384 = CARTESIAN_POINT('',(-76.22011340802,-88.18242663414,
    -7.286955253952));
#2385 = CARTESIAN_POINT('',(-20.95823276108,80.880167251162,
    -47.07296149744));
#2386 = CARTESIAN_POINT('',(-37.54235692617,66.828147454251,
    -63.83323643878));
#2387 = CARTESIAN_POINT('',(-52.34517340353,45.901678822321,
    -76.59262880782));
#2388 = CARTESIAN_POINT('',(-64.3499438679,19.694381076493,
    -83.06750693662));
#2389 = CARTESIAN_POINT('',(-72.82289198503,-9.115355564513,
    -81.60978219461));
#2390 = CARTESIAN_POINT('',(-77.55367785058,-37.12004072654,
    -71.74702342169));
#2391 = CARTESIAN_POINT('',(-78.9901469607,-61.05377948064,
    -54.48510807113));
#2392 = CARTESIAN_POINT('',(-78.04412381588,-78.59219976572,
    -31.87202750245));
#2393 = CARTESIAN_POINT('',(-75.82946764215,-88.60003737666,
    -6.409550498238));
#2394 = CARTESIAN_POINT('',(-21.32431157023,80.344700248638,
    -47.89518796493));
#2395 = CARTESIAN_POINT('',(-37.84904162152,66.047232911758,
    -64.52206154253));
#2396 = CARTESIAN_POINT('',(-52.56134895592,44.920827743556,
    -77.0781670481));
#2397 = CARTESIAN_POINT('',(-64.4512312769,18.586922130284,
    -83.29500218198));
#2398 = CARTESIAN_POINT('',(-72.79655877721,-10.25550791514,
    -81.55063684147));
#2399 = CARTESIAN_POINT('',(-77.40204972654,-38.1921903179,
    -71.40646107912));
#2400 = CARTESIAN_POINT('',(-78.73019874221,-61.96815926372,
    -53.90125481309));
#2401 = CARTESIAN_POINT('',(-77.70345413419,-79.28273763131,
    -31.10687086962));
#2402 = CARTESIAN_POINT('',(-75.4410870212,-89.0301748432,
    -5.537233341309));
#2403 = CARTESIAN_POINT('',(-21.69319407083,79.821082781044,
    -48.72371162654));
#2404 = CARTESIAN_POINT('',(-38.15984436127,65.276288092648,
    -65.22013592544));
#2405 = CARTESIAN_POINT('',(-52.7827186113,43.947059420357,
    -77.57537143471));
#2406 = CARTESIAN_POINT('',(-64.55840159108,17.482865011957,
    -83.53571064871));
#2407 = CARTESIAN_POINT('',(-72.77629892847,-11.39636117576,
    -81.50513247617));
#2408 = CARTESIAN_POINT('',(-77.25614902755,-39.26908165403,
    -71.07876274387));
#2409 = CARTESIAN_POINT('',(-78.47515192907,-62.89078689776,
    -53.32841029171));
#2410 = CARTESIAN_POINT('',(-77.36650453504,-79.98414979736,
    -30.35006967897));
#2411 = CARTESIAN_POINT('',(-75.05504628689,-89.47275545114,
    -4.67017165584));
#2412 = DEFINITIONAL_REPRESENTATION('',(#2413),#2417);
#2413 = LINE('',#2414,#2415);
#2414 = CARTESIAN_POINT('',(6.544984694977E-02,0.));
#2415 = VECTOR('',#2416,1.);
#2416 = DIRECTION('',(0.,1.));
#2417 = ( GEOMETRIC_REPRESENTATION_CONTEXT(2) 
PARAMETRIC_REPRESENTATION_CONTEXT() REPRESENTATION_CONTEXT('2D SPACE',''
  ) );
#2418 = ORIENTED_EDGE('',*,*,#2419,.T.);
#2419 = EDGE_CURVE('',#2327,#2420,#2422,.T.);
#2420 = VERTEX_POINT('',#2421);
#2421 = CARTESIAN_POINT('',(-11.7504801217,43.236419839732,
    -26.39201046437));
#2422 = SURFACE_CURVE('',#2423,(#2426,#2433),.PCURVE_S1.);
#2423 = B_SPLINE_CURVE_WITH_KNOTS('',1,(#2424,#2425),.UNSPECIFIED.,.F.,
  .F.,(2,2),(0.,44.),.PIECEWISE_BEZIER_KNOTS.);
#2424 = CARTESIAN_POINT('',(-21.69319407083,79.821082781044,
    -48.72371162654));
#2425 = CARTESIAN_POINT('',(-11.7504801217,43.236419839732,
    -26.39201046437));
#2426 = PCURVE('',#2193,#2427);
#2427 = DEFINITIONAL_REPRESENTATION('',(#2428),#2432);
#2428 = LINE('',#2429,#2430);
#2429 = CARTESIAN_POINT('',(0.,0.));
#2430 = VECTOR('',#2431,1.);
#2431 = DIRECTION('',(1.,0.));
#2432 = ( GEOMETRIC_REPRESENTATION_CONTEXT(2) 
PARAMETRIC_REPRESENTATION_CONTEXT() REPRESENTATION_CONTEXT('2D SPACE',''
  ) );
#2433 = PCURVE('',#2434,#2439);
#2434 = PLANE('',#2435);
#2435 = AXIS2_PLACEMENT_3D('',#2436,#2437,#2438);
#2436 = CARTESIAN_POINT('',(-16.02417630382,63.355421971135,
    -35.9908892499));
#2437 = DIRECTION('',(-0.913545457643,0.,0.406736643076));
#2438 = DIRECTION('',(-0.203368321538,0.866025403784,-0.456772728821));
#2439 = DEFINITIONAL_REPRESENTATION('',(#2440),#2443);
#2440 = B_SPLINE_CURVE_WITH_KNOTS('',1,(#2441,#2442),.UNSPECIFIED.,.F.,
  .F.,(2,2),(0.,44.),.PIECEWISE_BEZIER_KNOTS.);
#2441 = CARTESIAN_POINT('',(21.228585202101,3.837666523025));
#2442 = CARTESIAN_POINT('',(-22.67720742039,0.959928836899));
#2443 = ( GEOMETRIC_REPRESENTATION_CONTEXT(2) 
PARAMETRIC_REPRESENTATION_CONTEXT() REPRESENTATION_CONTEXT('2D SPACE',''
  ) );
#2444 = ORIENTED_EDGE('',*,*,#2445,.F.);
#2445 = EDGE_CURVE('',#2179,#2420,#2446,.T.);
#2446 = SURFACE_CURVE('',#2447,(#2457,#2464),.PCURVE_S1.);
#2447 = B_SPLINE_CURVE_WITH_KNOTS('',8,(#2448,#2449,#2450,#2451,#2452,
    #2453,#2454,#2455,#2456),.UNSPECIFIED.,.F.,.F.,(9,9),(
    57.151721060948,123.81838772761),.PIECEWISE_BEZIER_KNOTS.);
#2448 = CARTESIAN_POINT('',(-68.56870572226,-48.4644092027,
    9.898387780403));
#2449 = CARTESIAN_POINT('',(-66.33150948373,-43.3247478069,
    -5.565064993878));
#2450 = CARTESIAN_POINT('',(-63.44279069922,-34.06584290295,
    -19.56517417085));
#2451 = CARTESIAN_POINT('',(-59.29326133795,-21.2707525626,
    -30.73345642752));
#2452 = CARTESIAN_POINT('',(-53.37743974473,-6.173028970236,
    -37.93458137759));
#2453 = CARTESIAN_POINT('',(-45.43684256395,9.469885214856,
    -40.58798589949));
#2454 = CARTESIAN_POINT('',(-35.56911149367,23.804657186017,
    -38.91297683697));
#2455 = CARTESIAN_POINT('',(-24.15915181863,35.357989383517,
    -33.77406561453));
#2456 = CARTESIAN_POINT('',(-11.7504801217,43.236419839732,
    -26.39201046437));
#2457 = PCURVE('',#2193,#2458);
#2458 = DEFINITIONAL_REPRESENTATION('',(#2459),#2463);
#2459 = LINE('',#2460,#2461);
#2460 = CARTESIAN_POINT('',(44.,123.81838772761));
#2461 = VECTOR('',#2462,1.);
#2462 = DIRECTION('',(-1.06581410364E-16,-1.));
#2463 = ( GEOMETRIC_REPRESENTATION_CONTEXT(2) 
PARAMETRIC_REPRESENTATION_CONTEXT() REPRESENTATION_CONTEXT('2D SPACE',''
  ) );
#2464 = PCURVE('',#396,#2465);
#2465 = DEFINITIONAL_REPRESENTATION('',(#2466),#2492);
#2466 = B_SPLINE_CURVE_WITH_KNOTS('',3,(#2467,#2468,#2469,#2470,#2471,
    #2472,#2473,#2474,#2475,#2476,#2477,#2478,#2479,#2480,#2481,#2482,
    #2483,#2484,#2485,#2486,#2487,#2488,#2489,#2490,#2491),
  .UNSPECIFIED.,.F.,.F.,(4,1,1,1,1,1,1,1,1,1,1,1,1,1,1,1,1,1,1,1,1,1,4),
  (57.151721060948,60.182024091251,63.212327121554,66.242630151857,
    69.27293318216,72.303236212464,75.333539242767,78.36384227307,
    81.394145303373,84.424448333676,87.454751363979,90.485054394282,
    93.515357424585,96.545660454889,99.575963485192,102.60626651549,
    105.63656954579,108.6668725761,111.6971756064,114.7274786367,
    117.75778166701,120.78808469731,123.81838772761),
  .QUASI_UNIFORM_KNOTS.);
#2467 = CARTESIAN_POINT('',(-4.341506514336,-91.66666666666));
#2468 = CARTESIAN_POINT('',(-4.308451027315,-90.65656565656));
#2469 = CARTESIAN_POINT('',(-4.242340048577,-88.63636363636));
#2470 = CARTESIAN_POINT('',(-4.143173589085,-85.60606060606));
#2471 = CARTESIAN_POINT('',(-4.044007187485,-82.57575757575));
#2472 = CARTESIAN_POINT('',(-3.94484080005,-79.54545454545));
#2473 = CARTESIAN_POINT('',(-3.845674390766,-76.51515151515));
#2474 = CARTESIAN_POINT('',(-3.746507944246,-73.48484848485));
#2475 = CARTESIAN_POINT('',(-3.647341471992,-70.45454545454));
#2476 = CARTESIAN_POINT('',(-3.548174999331,-67.42424242424));
#2477 = CARTESIAN_POINT('',(-3.449008549198,-64.39393939394));
#2478 = CARTESIAN_POINT('',(-3.349842129877,-61.36363636363));
#2479 = CARTESIAN_POINT('',(-3.250675731839,-58.33333333333));
#2480 = CARTESIAN_POINT('',(-3.151509333802,-55.30303030303));
#2481 = CARTESIAN_POINT('',(-3.052342914481,-52.27272727272));
#2482 = CARTESIAN_POINT('',(-2.953176464348,-49.24242424242));
#2483 = CARTESIAN_POINT('',(-2.854009991687,-46.21212121211));
#2484 = CARTESIAN_POINT('',(-2.754843519433,-43.18181818181));
#2485 = CARTESIAN_POINT('',(-2.655677072913,-40.15151515151));
#2486 = CARTESIAN_POINT('',(-2.556510663629,-37.12121212121));
#2487 = CARTESIAN_POINT('',(-2.457344276194,-34.0909090909));
#2488 = CARTESIAN_POINT('',(-2.358177874594,-31.0606060606));
#2489 = CARTESIAN_POINT('',(-2.259011415102,-28.0303030303));
#2490 = CARTESIAN_POINT('',(-2.192900436364,-26.0101010101));
#2491 = CARTESIAN_POINT('',(-2.159844949343,-25.));
#2492 = ( GEOMETRIC_REPRESENTATION_CONTEXT(2) 
PARAMETRIC_REPRESENTATION_CONTEXT() REPRESENTATION_CONTEXT('2D SPACE',''
  ) );
#2493 = ORIENTED_EDGE('',*,*,#2178,.F.);
#2494 = ADVANCED_FACE('',(#2495),#2434,.F.);
#2495 = FACE_BOUND('',#2496,.F.);
#2496 = EDGE_LOOP('',(#2497,#2525,#2565,#2594));
#2497 = ORIENTED_EDGE('',*,*,#2498,.T.);
#2498 = EDGE_CURVE('',#2420,#2499,#2501,.T.);
#2499 = VERTEX_POINT('',#2500);
#2500 = CARTESIAN_POINT('',(-10.57515271997,45.033320996791,
    -23.7521818987));
#2501 = SURFACE_CURVE('',#2502,(#2507,#2518),.PCURVE_S1.);
#2502 = CIRCLE('',#2503,52.);
#2503 = AXIS2_PLACEMENT_3D('',#2504,#2505,#2506);
#2504 = CARTESIAN_POINT('',(0.,0.,0.));
#2505 = DIRECTION('',(0.913545457643,0.,-0.406736643076));
#2506 = DIRECTION('',(0.406736643076,0.,0.913545457643));
#2507 = PCURVE('',#2434,#2508);
#2508 = DEFINITIONAL_REPRESENTATION('',(#2509),#2517);
#2509 = ( BOUNDED_CURVE() B_SPLINE_CURVE(2,(#2510,#2511,#2512,#2513,
#2514,#2515,#2516),.UNSPECIFIED.,.T.,.F.) B_SPLINE_CURVE_WITH_KNOTS((1,2
    ,2,2,2,1),(-2.094395102393,0.,2.094395102393,4.188790204786,
6.28318530718,8.377580409573),.UNSPECIFIED.) CURVE() 
GEOMETRIC_REPRESENTATION_ITEM() RATIONAL_B_SPLINE_CURVE((1.,0.5,1.,0.5,
1.,0.5,1.)) REPRESENTATION_ITEM('') );
#2510 = CARTESIAN_POINT('',(-100.5658714288,-47.47435487985));
#2511 = CARTESIAN_POINT('',(-178.5658714288,-2.441033883069));
#2512 = CARTESIAN_POINT('',(-100.5658714288,42.592287113722));
#2513 = CARTESIAN_POINT('',(-22.5658714288,87.625608110513));
#2514 = CARTESIAN_POINT('',(-22.5658714288,-2.441033883069));
#2515 = CARTESIAN_POINT('',(-22.5658714288,-92.50767587665));
#2516 = CARTESIAN_POINT('',(-100.5658714288,-47.47435487985));
#2517 = ( GEOMETRIC_REPRESENTATION_CONTEXT(2) 
PARAMETRIC_REPRESENTATION_CONTEXT() REPRESENTATION_CONTEXT('2D SPACE',''
  ) );
#2518 = PCURVE('',#396,#2519);
#2519 = DEFINITIONAL_REPRESENTATION('',(#2520),#2524);
#2520 = LINE('',#2521,#2522);
#2521 = CARTESIAN_POINT('',(-6.28318530718,-25.));
#2522 = VECTOR('',#2523,1.);
#2523 = DIRECTION('',(1.,-0.));
#2524 = ( GEOMETRIC_REPRESENTATION_CONTEXT(2) 
PARAMETRIC_REPRESENTATION_CONTEXT() REPRESENTATION_CONTEXT('2D SPACE',''
  ) );
#2525 = ORIENTED_EDGE('',*,*,#2526,.T.);
#2526 = EDGE_CURVE('',#2499,#2527,#2529,.T.);
#2527 = VERTEX_POINT('',#2528);
#2528 = CARTESIAN_POINT('',(-19.52335886763,83.138438763306,
    -43.85018196684));
#2529 = SURFACE_CURVE('',#2530,(#2533,#2539),.PCURVE_S1.);
#2530 = B_SPLINE_CURVE_WITH_KNOTS('',1,(#2531,#2532),.UNSPECIFIED.,.F.,
  .F.,(2,2),(0.,44.),.PIECEWISE_BEZIER_KNOTS.);
#2531 = CARTESIAN_POINT('',(-10.57515271997,45.033320996791,
    -23.7521818987));
#2532 = CARTESIAN_POINT('',(-19.52335886763,83.138438763306,
    -43.85018196684));
#2533 = PCURVE('',#2434,#2534);
#2534 = DEFINITIONAL_REPRESENTATION('',(#2535),#2538);
#2535 = B_SPLINE_CURVE_WITH_KNOTS('',1,(#2536,#2537),.UNSPECIFIED.,.F.,
  .F.,(2,2),(0.,44.),.PIECEWISE_BEZIER_KNOTS.);
#2536 = CARTESIAN_POINT('',(-22.5658714288,-2.441033883069));
#2537 = CARTESIAN_POINT('',(21.434128571195,-2.441033883069));
#2538 = ( GEOMETRIC_REPRESENTATION_CONTEXT(2) 
PARAMETRIC_REPRESENTATION_CONTEXT() REPRESENTATION_CONTEXT('2D SPACE',''
  ) );
#2539 = PCURVE('',#2540,#2559);
#2540 = B_SPLINE_SURFACE_WITH_KNOTS('',1,8,(
    (#2541,#2542,#2543,#2544,#2545,#2546,#2547,#2548,#2549)
    ,(#2550,#2551,#2552,#2553,#2554,#2555,#2556,#2557,#2558
  )),.UNSPECIFIED.,.F.,.F.,.F.,(2,2),(9,9),(0.,44.),(0.,66.666666666667)
  ,.PIECEWISE_BEZIER_KNOTS.);
#2541 = CARTESIAN_POINT('',(-10.57515271997,45.033320996791,
    -23.7521818987));
#2542 = CARTESIAN_POINT('',(-23.18313707536,37.942920910564,
    -31.58190060928));
#2543 = CARTESIAN_POINT('',(-34.89230691003,27.024894738618,
    -37.39284885337));
#2544 = CARTESIAN_POINT('',(-45.1365416113,13.083394175664,
    -39.9134989165));
#2545 = CARTESIAN_POINT('',(-53.49256756648,-2.473330314984,
    -38.19316269906));
#2546 = CARTESIAN_POINT('',(-59.81365005625,-17.81161481018,
    -31.90226862553));
#2547 = CARTESIAN_POINT('',(-64.31096777866,-31.13621542476,
    -21.51513181753));
#2548 = CARTESIAN_POINT('',(-67.45610534471,-41.13493980693,
    -8.090948653415));
#2549 = CARTESIAN_POINT('',(-69.84153582982,-47.1280049259,
    7.039564551892));
#2550 = CARTESIAN_POINT('',(-19.52335886763,83.138438763306,
    -43.85018196684));
#2551 = CARTESIAN_POINT('',(-36.35797098909,70.048469373349,
    -61.1730620696));
#2552 = CARTESIAN_POINT('',(-51.53323322612,49.892113363603,
    -74.76898131114));
#2553 = CARTESIAN_POINT('',(-64.00399983228,24.153958478149,
    -82.29050391091));
#2554 = CARTESIAN_POINT('',(-72.98884259948,-4.566148273816,
    -81.98251337732));
#2555 = CARTESIAN_POINT('',(-78.21686666132,-32.88298118802,
    -73.23656987865));
#2556 = CARTESIAN_POINT('',(-80.07794038342,-57.48224386109,
    -56.92833210095));
#2557 = CARTESIAN_POINT('',(-79.44268150916,-75.94142733587,
    -35.01323951196));
#2558 = CARTESIAN_POINT('',(-77.40488648546,-87.00554755551,
    -9.947999154629));
#2559 = DEFINITIONAL_REPRESENTATION('',(#2560),#2564);
#2560 = LINE('',#2561,#2562);
#2561 = CARTESIAN_POINT('',(0.,0.));
#2562 = VECTOR('',#2563,1.);
#2563 = DIRECTION('',(1.,0.));
#2564 = ( GEOMETRIC_REPRESENTATION_CONTEXT(2) 
PARAMETRIC_REPRESENTATION_CONTEXT() REPRESENTATION_CONTEXT('2D SPACE',''
  ) );
#2565 = ORIENTED_EDGE('',*,*,#2566,.T.);
#2566 = EDGE_CURVE('',#2527,#2327,#2567,.T.);
#2567 = SURFACE_CURVE('',#2568,(#2576,#2587),.PCURVE_S1.);
#2568 = ( BOUNDED_CURVE() B_SPLINE_CURVE(6,(#2569,#2570,#2571,#2572,
#2573,#2574,#2575),.UNSPECIFIED.,.F.,.F.) B_SPLINE_CURVE_WITH_KNOTS((7,7
),(0.,6.544984694977E-02),.PIECEWISE_BEZIER_KNOTS.) CURVE() 
GEOMETRIC_REPRESENTATION_ITEM() RATIONAL_B_SPLINE_CURVE((1.000053547667,
    1.000017847948,0.999996430156,0.999989291231,0.999996430156,
1.000017847948,1.000053547667)) REPRESENTATION_ITEM('') );
#2569 = CARTESIAN_POINT('',(-19.52335886763,83.138438763306,
    -43.85018196684));
#2570 = CARTESIAN_POINT('',(-19.87752236956,82.556626206338,
    -44.64564621615));
#2571 = CARTESIAN_POINT('',(-20.23476843426,81.986236831467,
    -45.4480340148));
#2572 = CARTESIAN_POINT('',(-20.59502836148,81.427381202642,
    -46.2571910595));
#2573 = CARTESIAN_POINT('',(-20.95823276108,80.880167251162,
    -47.07296149744));
#2574 = CARTESIAN_POINT('',(-21.32431157023,80.344700248638,
    -47.89518796493));
#2575 = CARTESIAN_POINT('',(-21.69319407083,79.821082781044,
    -48.72371162654));
#2576 = PCURVE('',#2434,#2577);
#2577 = DEFINITIONAL_REPRESENTATION('',(#2578),#2586);
#2578 = ( BOUNDED_CURVE() B_SPLINE_CURVE(6,(#2579,#2580,#2581,#2582,
#2583,#2584,#2585),.UNSPECIFIED.,.F.,.F.) B_SPLINE_CURVE_WITH_KNOTS((7,7
),(0.,6.544984694977E-02),.PIECEWISE_BEZIER_KNOTS.) CURVE() 
GEOMETRIC_REPRESENTATION_ITEM() RATIONAL_B_SPLINE_CURVE((1.000053547667,
    1.000017847948,0.999996430156,0.999989291231,0.999996430156,
1.000017847948,1.000053547667)) REPRESENTATION_ITEM('') );
#2579 = CARTESIAN_POINT('',(21.434128571195,-2.441033883069));
#2580 = CARTESIAN_POINT('',(21.365636129395,-1.396041158264));
#2581 = CARTESIAN_POINT('',(21.310825837621,-0.350196618652));
#2582 = CARTESIAN_POINT('',(21.269708994079,0.696298176936));
#2583 = CARTESIAN_POINT('',(21.242293768948,1.743241517069));
#2584 = CARTESIAN_POINT('',(21.228585202101,2.790431587837));
#2585 = CARTESIAN_POINT('',(21.228585202101,3.837666523025));
#2586 = ( GEOMETRIC_REPRESENTATION_CONTEXT(2) 
PARAMETRIC_REPRESENTATION_CONTEXT() REPRESENTATION_CONTEXT('2D SPACE',''
  ) );
#2587 = PCURVE('',#2348,#2588);
#2588 = DEFINITIONAL_REPRESENTATION('',(#2589),#2593);
#2589 = LINE('',#2590,#2591);
#2590 = CARTESIAN_POINT('',(0.,0.));
#2591 = VECTOR('',#2592,1.);
#2592 = DIRECTION('',(1.,0.));
#2593 = ( GEOMETRIC_REPRESENTATION_CONTEXT(2) 
PARAMETRIC_REPRESENTATION_CONTEXT() REPRESENTATION_CONTEXT('2D SPACE',''
  ) );
#2594 = ORIENTED_EDGE('',*,*,#2419,.T.);
#2595 = ADVANCED_FACE('',(#2596),#2540,.T.);
#2596 = FACE_BOUND('',#2597,.T.);
#2597 = EDGE_LOOP('',(#2598,#2649,#2650,#2679));
#2598 = ORIENTED_EDGE('',*,*,#2599,.F.);
#2599 = EDGE_CURVE('',#2499,#2600,#2602,.T.);
#2600 = VERTEX_POINT('',#2601);
#2601 = CARTESIAN_POINT('',(-69.84153582982,-47.1280049259,
    7.039564551892));
#2602 = SURFACE_CURVE('',#2603,(#2613,#2620),.PCURVE_S1.);
#2603 = B_SPLINE_CURVE_WITH_KNOTS('',8,(#2604,#2605,#2606,#2607,#2608,
    #2609,#2610,#2611,#2612),.UNSPECIFIED.,.F.,.F.,(9,9),(0.,
    66.666666666672),.PIECEWISE_BEZIER_KNOTS.);
#2604 = CARTESIAN_POINT('',(-10.57515271997,45.033320996791,
    -23.7521818987));
#2605 = CARTESIAN_POINT('',(-23.18313707536,37.942920910563,
    -31.58190060928));
#2606 = CARTESIAN_POINT('',(-34.89230691003,27.024894738616,
    -37.39284885337));
#2607 = CARTESIAN_POINT('',(-45.1365416113,13.083394175661,
    -39.9134989165));
#2608 = CARTESIAN_POINT('',(-53.49256756648,-2.473330314982,
    -38.19316269907));
#2609 = CARTESIAN_POINT('',(-59.81365005625,-17.81161481021,
    -31.90226862551));
#2610 = CARTESIAN_POINT('',(-64.31096777866,-31.13621542474,
    -21.51513181753));
#2611 = CARTESIAN_POINT('',(-67.45610534471,-41.13493980693,
    -8.090948653415));
#2612 = CARTESIAN_POINT('',(-69.84153582982,-47.1280049259,
    7.039564551892));
#2613 = PCURVE('',#2540,#2614);
#2614 = DEFINITIONAL_REPRESENTATION('',(#2615),#2619);
#2615 = LINE('',#2616,#2617);
#2616 = CARTESIAN_POINT('',(3.905144394637E-15,-4.811199187755E-15));
#2617 = VECTOR('',#2618,1.);
#2618 = DIRECTION('',(2.116543027025E-16,1.));
#2619 = ( GEOMETRIC_REPRESENTATION_CONTEXT(2) 
PARAMETRIC_REPRESENTATION_CONTEXT() REPRESENTATION_CONTEXT('2D SPACE',''
  ) );
#2620 = PCURVE('',#396,#2621);
#2621 = DEFINITIONAL_REPRESENTATION('',(#2622),#2648);
#2622 = B_SPLINE_CURVE_WITH_KNOTS('',3,(#2623,#2624,#2625,#2626,#2627,
    #2628,#2629,#2630,#2631,#2632,#2633,#2634,#2635,#2636,#2637,#2638,
    #2639,#2640,#2641,#2642,#2643,#2644,#2645,#2646,#2647),
  .UNSPECIFIED.,.F.,.F.,(4,1,1,1,1,1,1,1,1,1,1,1,1,1,1,1,1,1,1,1,1,1,4),
  (0.,3.030303030303,6.060606060607,9.09090909091,12.121212121213,
    15.151515151516,18.18181818182,21.212121212123,24.242424242426,
    27.272727272729,30.303030303033,33.333333333336,36.363636363639,
    39.393939393942,42.424242424246,45.454545454549,48.484848484852,
    51.515151515155,54.545454545459,57.575757575762,60.606060606065,
    63.636363636368,66.666666666672),.QUASI_UNIFORM_KNOTS.);
#2623 = CARTESIAN_POINT('',(-2.094395102393,-25.));
#2624 = CARTESIAN_POINT('',(-2.127450589414,-26.0101010101));
#2625 = CARTESIAN_POINT('',(-2.193561568152,-28.0303030303));
#2626 = CARTESIAN_POINT('',(-2.292728027644,-31.0606060606));
#2627 = CARTESIAN_POINT('',(-2.391894429244,-34.09090909091));
#2628 = CARTESIAN_POINT('',(-2.491060816679,-37.12121212121));
#2629 = CARTESIAN_POINT('',(-2.590227225963,-40.15151515151));
#2630 = CARTESIAN_POINT('',(-2.689393672483,-43.18181818181));
#2631 = CARTESIAN_POINT('',(-2.788560144737,-46.21212121212));
#2632 = CARTESIAN_POINT('',(-2.887726617398,-49.24242424242));
#2633 = CARTESIAN_POINT('',(-2.986893067531,-52.27272727272));
#2634 = CARTESIAN_POINT('',(-3.086059486852,-55.30303030303));
#2635 = CARTESIAN_POINT('',(-3.18522588489,-58.33333333333));
#2636 = CARTESIAN_POINT('',(-3.284392282927,-61.36363636363));
#2637 = CARTESIAN_POINT('',(-3.383558702248,-64.39393939394));
#2638 = CARTESIAN_POINT('',(-3.482725152381,-67.42424242424));
#2639 = CARTESIAN_POINT('',(-3.581891625042,-70.45454545454));
#2640 = CARTESIAN_POINT('',(-3.681058097296,-73.48484848485));
#2641 = CARTESIAN_POINT('',(-3.780224543816,-76.51515151515));
#2642 = CARTESIAN_POINT('',(-3.8793909531,-79.54545454545));
#2643 = CARTESIAN_POINT('',(-3.978557340535,-82.57575757575));
#2644 = CARTESIAN_POINT('',(-4.077723742135,-85.60606060606));
#2645 = CARTESIAN_POINT('',(-4.176890201627,-88.63636363636));
#2646 = CARTESIAN_POINT('',(-4.243001180365,-90.65656565656));
#2647 = CARTESIAN_POINT('',(-4.276056667386,-91.66666666666));
#2648 = ( GEOMETRIC_REPRESENTATION_CONTEXT(2) 
PARAMETRIC_REPRESENTATION_CONTEXT() REPRESENTATION_CONTEXT('2D SPACE',''
  ) );
#2649 = ORIENTED_EDGE('',*,*,#2526,.T.);
#2650 = ORIENTED_EDGE('',*,*,#2651,.T.);
#2651 = EDGE_CURVE('',#2527,#2652,#2654,.T.);
#2652 = VERTEX_POINT('',#2653);
#2653 = CARTESIAN_POINT('',(-77.40488648546,-87.00554755551,
    -9.947999154629));
#2654 = SURFACE_CURVE('',#2655,(#2665,#2672),.PCURVE_S1.);
#2655 = B_SPLINE_CURVE_WITH_KNOTS('',8,(#2656,#2657,#2658,#2659,#2660,
    #2661,#2662,#2663,#2664),.UNSPECIFIED.,.F.,.F.,(9,9),(0.,
    66.666666666667),.PIECEWISE_BEZIER_KNOTS.);
#2656 = CARTESIAN_POINT('',(-19.52335886763,83.138438763306,
    -43.85018196684));
#2657 = CARTESIAN_POINT('',(-36.35797098909,70.048469373349,
    -61.1730620696));
#2658 = CARTESIAN_POINT('',(-51.53323322612,49.892113363603,
    -74.76898131114));
#2659 = CARTESIAN_POINT('',(-64.00399983228,24.153958478149,
    -82.29050391091));
#2660 = CARTESIAN_POINT('',(-72.98884259948,-4.566148273816,
    -81.98251337732));
#2661 = CARTESIAN_POINT('',(-78.21686666132,-32.88298118802,
    -73.23656987865));
#2662 = CARTESIAN_POINT('',(-80.07794038342,-57.48224386109,
    -56.92833210095));
#2663 = CARTESIAN_POINT('',(-79.44268150916,-75.94142733587,
    -35.01323951196));
#2664 = CARTESIAN_POINT('',(-77.40488648546,-87.00554755551,
    -9.947999154629));
#2665 = PCURVE('',#2540,#2666);
#2666 = DEFINITIONAL_REPRESENTATION('',(#2667),#2671);
#2667 = LINE('',#2668,#2669);
#2668 = CARTESIAN_POINT('',(44.,0.));
#2669 = VECTOR('',#2670,1.);
#2670 = DIRECTION('',(0.,1.));
#2671 = ( GEOMETRIC_REPRESENTATION_CONTEXT(2) 
PARAMETRIC_REPRESENTATION_CONTEXT() REPRESENTATION_CONTEXT('2D SPACE',''
  ) );
#2672 = PCURVE('',#2348,#2673);
#2673 = DEFINITIONAL_REPRESENTATION('',(#2674),#2678);
#2674 = LINE('',#2675,#2676);
#2675 = CARTESIAN_POINT('',(0.,0.));
#2676 = VECTOR('',#2677,1.);
#2677 = DIRECTION('',(0.,1.));
#2678 = ( GEOMETRIC_REPRESENTATION_CONTEXT(2) 
PARAMETRIC_REPRESENTATION_CONTEXT() REPRESENTATION_CONTEXT('2D SPACE',''
  ) );
#2679 = ORIENTED_EDGE('',*,*,#2680,.F.);
#2680 = EDGE_CURVE('',#2600,#2652,#2681,.T.);
#2681 = SURFACE_CURVE('',#2682,(#2685,#2692),.PCURVE_S1.);
#2682 = B_SPLINE_CURVE_WITH_KNOTS('',1,(#2683,#2684),.UNSPECIFIED.,.F.,
  .F.,(2,2),(0.,44.),.PIECEWISE_BEZIER_KNOTS.);
#2683 = CARTESIAN_POINT('',(-69.84153582982,-47.1280049259,
    7.039564551892));
#2684 = CARTESIAN_POINT('',(-77.40488648546,-87.00554755551,
    -9.947999154629));
#2685 = PCURVE('',#2540,#2686);
#2686 = DEFINITIONAL_REPRESENTATION('',(#2687),#2691);
#2687 = LINE('',#2688,#2689);
#2688 = CARTESIAN_POINT('',(0.,66.666666666667));
#2689 = VECTOR('',#2690,1.);
#2690 = DIRECTION('',(1.,0.));
#2691 = ( GEOMETRIC_REPRESENTATION_CONTEXT(2) 
PARAMETRIC_REPRESENTATION_CONTEXT() REPRESENTATION_CONTEXT('2D SPACE',''
  ) );
#2692 = PCURVE('',#354,#2693);
#2693 = DEFINITIONAL_REPRESENTATION('',(#2694),#2698);
#2694 = LINE('',#2695,#2696);
#2695 = CARTESIAN_POINT('',(0.,0.));
#2696 = VECTOR('',#2697,1.);
#2697 = DIRECTION('',(1.,0.));
#2698 = ( GEOMETRIC_REPRESENTATION_CONTEXT(2) 
PARAMETRIC_REPRESENTATION_CONTEXT() REPRESENTATION_CONTEXT('2D SPACE',''
  ) );
#2699 = ADVANCED_FACE('',(#2700),#2348,.T.);
#2700 = FACE_BOUND('',#2701,.T.);
#2701 = EDGE_LOOP('',(#2702,#2703,#2704,#2705));
#2702 = ORIENTED_EDGE('',*,*,#2651,.F.);
#2703 = ORIENTED_EDGE('',*,*,#2566,.T.);
#2704 = ORIENTED_EDGE('',*,*,#2326,.T.);
#2705 = ORIENTED_EDGE('',*,*,#2706,.F.);
#2706 = EDGE_CURVE('',#2652,#2086,#2707,.T.);
#2707 = SURFACE_CURVE('',#2708,(#2716,#2723),.PCURVE_S1.);
#2708 = ( BOUNDED_CURVE() B_SPLINE_CURVE(6,(#2709,#2710,#2711,#2712,
#2713,#2714,#2715),.UNSPECIFIED.,.F.,.F.) B_SPLINE_CURVE_WITH_KNOTS((7,7
),(0.,6.544984694977E-02),.PIECEWISE_BEZIER_KNOTS.) CURVE() 
GEOMETRIC_REPRESENTATION_ITEM() RATIONAL_B_SPLINE_CURVE((1.000053547667,
    1.000017847948,0.999996430156,0.999989291231,0.999996430156,
1.000017847948,1.000053547667)) REPRESENTATION_ITEM('') );
#2709 = CARTESIAN_POINT('',(-77.40488648546,-87.00554755551,
    -9.947999154629));
#2710 = CARTESIAN_POINT('',(-77.0078988314,-87.38510533105,
    -9.056350284819));
#2711 = CARTESIAN_POINT('',(-76.61294905811,-87.77742333818,
    -8.169278570149));
#2712 = CARTESIAN_POINT('',(-76.22011340802,-88.18242663414,
    -7.286955253952));
#2713 = CARTESIAN_POINT('',(-75.82946764215,-88.60003737666,
    -6.409550498238));
#2714 = CARTESIAN_POINT('',(-75.4410870212,-89.0301748432,
    -5.537233341309));
#2715 = CARTESIAN_POINT('',(-75.05504628689,-89.47275545114,
    -4.67017165584));
#2716 = PCURVE('',#2348,#2717);
#2717 = DEFINITIONAL_REPRESENTATION('',(#2718),#2722);
#2718 = LINE('',#2719,#2720);
#2719 = CARTESIAN_POINT('',(0.,66.666666666667));
#2720 = VECTOR('',#2721,1.);
#2721 = DIRECTION('',(1.,0.));
#2722 = ( GEOMETRIC_REPRESENTATION_CONTEXT(2) 
PARAMETRIC_REPRESENTATION_CONTEXT() REPRESENTATION_CONTEXT('2D SPACE',''
  ) );
#2723 = PCURVE('',#2107,#2724);
#2724 = DEFINITIONAL_REPRESENTATION('',(#2725),#2729);
#2725 = LINE('',#2726,#2727);
#2726 = CARTESIAN_POINT('',(0.,0.));
#2727 = VECTOR('',#2728,1.);
#2728 = DIRECTION('',(1.,0.));
#2729 = ( GEOMETRIC_REPRESENTATION_CONTEXT(2) 
PARAMETRIC_REPRESENTATION_CONTEXT() REPRESENTATION_CONTEXT('2D SPACE',''
  ) );
#2730 = ADVANCED_FACE('',(#2731),#2107,.T.);
#2731 = FACE_BOUND('',#2732,.T.);
#2732 = EDGE_LOOP('',(#2733,#2762,#2763,#2764));
#2733 = ORIENTED_EDGE('',*,*,#2734,.F.);
#2734 = EDGE_CURVE('',#2652,#2735,#2737,.T.);
#2735 = VERTEX_POINT('',#2736);
#2736 = CARTESIAN_POINT('',(-83.35255066363,16.670225056025,
    140.59955075399));
#2737 = SURFACE_CURVE('',#2738,(#2748,#2755),.PCURVE_S1.);
#2738 = B_SPLINE_CURVE_WITH_KNOTS('',8,(#2739,#2740,#2741,#2742,#2743,
    #2744,#2745,#2746,#2747),.UNSPECIFIED.,.F.,.F.,(9,9),(0.,
    66.666666666667),.PIECEWISE_BEZIER_KNOTS.);
#2739 = CARTESIAN_POINT('',(-77.40488648546,-87.00554755551,
    -9.947999154629));
#2740 = CARTESIAN_POINT('',(-75.36709146177,-98.06966777516,
    15.11724120271));
#2741 = CARTESIAN_POINT('',(-71.92668772509,-101.7388079309,
    43.332792308835));
#2742 = CARTESIAN_POINT('',(-68.17777993473,-96.75960900692,
    72.241254864391));
#2743 = CARTESIAN_POINT('',(-65.43479172117,-83.04951545873,
    98.890385058912));
#2744 = CARTESIAN_POINT('',(-64.98098862817,-62.00464108106,
    120.39792129032));
#2745 = CARTESIAN_POINT('',(-67.69700581535,-36.31116817249,
    134.78592460583));
#2746 = CARTESIAN_POINT('',(-73.89060694165,-9.11198162782,
    141.36314650971));
#2747 = CARTESIAN_POINT('',(-83.35255066363,16.670225056025,
    140.59955075399));
#2748 = PCURVE('',#2107,#2749);
#2749 = DEFINITIONAL_REPRESENTATION('',(#2750),#2754);
#2750 = LINE('',#2751,#2752);
#2751 = CARTESIAN_POINT('',(0.,0.));
#2752 = VECTOR('',#2753,1.);
#2753 = DIRECTION('',(0.,1.));
#2754 = ( GEOMETRIC_REPRESENTATION_CONTEXT(2) 
PARAMETRIC_REPRESENTATION_CONTEXT() REPRESENTATION_CONTEXT('2D SPACE',''
  ) );
#2755 = PCURVE('',#354,#2756);
#2756 = DEFINITIONAL_REPRESENTATION('',(#2757),#2761);
#2757 = LINE('',#2758,#2759);
#2758 = CARTESIAN_POINT('',(44.,0.));
#2759 = VECTOR('',#2760,1.);
#2760 = DIRECTION('',(0.,1.));
#2761 = ( GEOMETRIC_REPRESENTATION_CONTEXT(2) 
PARAMETRIC_REPRESENTATION_CONTEXT() REPRESENTATION_CONTEXT('2D SPACE',''
  ) );
#2762 = ORIENTED_EDGE('',*,*,#2706,.T.);
#2763 = ORIENTED_EDGE('',*,*,#2085,.T.);
#2764 = ORIENTED_EDGE('',*,*,#2765,.F.);
#2765 = EDGE_CURVE('',#2735,#1963,#2766,.T.);
#2766 = SURFACE_CURVE('',#2767,(#2775,#2782),.PCURVE_S1.);
#2767 = ( BOUNDED_CURVE() B_SPLINE_CURVE(6,(#2768,#2769,#2770,#2771,
#2772,#2773,#2774),.UNSPECIFIED.,.F.,.F.) B_SPLINE_CURVE_WITH_KNOTS((7,7
),(0.,6.544984694977E-02),.PIECEWISE_BEZIER_KNOTS.) CURVE() 
GEOMETRIC_REPRESENTATION_ITEM() RATIONAL_B_SPLINE_CURVE((1.000053547667,
    1.000017847948,0.999996430156,0.999989291231,0.999996430156,
1.000017847948,1.000053547667)) REPRESENTATION_ITEM('') );
#2768 = CARTESIAN_POINT('',(-83.35255066363,16.670225056025,
    140.59955075399));
#2769 = CARTESIAN_POINT('',(-83.45379268948,17.687448405551,
    140.37215744086));
#2770 = CARTESIAN_POINT('',(-83.5496143918,18.707886509323,
    140.15693837373));
#2771 = CARTESIAN_POINT('',(-83.63999700907,19.731342832553,
    139.9539356916));
#2772 = CARTESIAN_POINT('',(-83.724923022,20.757620146996,
    139.76318874351));
#2773 = CARTESIAN_POINT('',(-83.80437615788,21.786520579914,
    139.58473407851));
#2774 = CARTESIAN_POINT('',(-83.87834139461,22.817845663313,
    139.41860543683));
#2775 = PCURVE('',#2107,#2776);
#2776 = DEFINITIONAL_REPRESENTATION('',(#2777),#2781);
#2777 = LINE('',#2778,#2779);
#2778 = CARTESIAN_POINT('',(0.,66.666666666667));
#2779 = VECTOR('',#2780,1.);
#2780 = DIRECTION('',(1.,0.));
#2781 = ( GEOMETRIC_REPRESENTATION_CONTEXT(2) 
PARAMETRIC_REPRESENTATION_CONTEXT() REPRESENTATION_CONTEXT('2D SPACE',''
  ) );
#2782 = PCURVE('',#1725,#2783);
#2783 = DEFINITIONAL_REPRESENTATION('',(#2784),#2788);
#2784 = LINE('',#2785,#2786);
#2785 = CARTESIAN_POINT('',(0.,0.));
#2786 = VECTOR('',#2787,1.);
#2787 = DIRECTION('',(1.,0.));
#2788 = ( GEOMETRIC_REPRESENTATION_CONTEXT(2) 
PARAMETRIC_REPRESENTATION_CONTEXT() REPRESENTATION_CONTEXT('2D SPACE',''
  ) );
#2789 = ADVANCED_FACE('',(#2790),#1725,.T.);
#2790 = FACE_BOUND('',#2791,.T.);
#2791 = EDGE_LOOP('',(#2792,#2819,#2820,#2821));
#2792 = ORIENTED_EDGE('',*,*,#2793,.F.);
#2793 = EDGE_CURVE('',#2735,#1677,#2794,.T.);
#2794 = SURFACE_CURVE('',#2795,(#2805,#2812),.PCURVE_S1.);
#2795 = B_SPLINE_CURVE_WITH_KNOTS('',8,(#2796,#2797,#2798,#2799,#2800,
    #2801,#2802,#2803,#2804),.UNSPECIFIED.,.F.,.F.,(9,9),(0.,
    66.666666666667),.PIECEWISE_BEZIER_KNOTS.);
#2796 = CARTESIAN_POINT('',(-83.35255066363,16.670225056025,
    140.59955075399));
#2797 = CARTESIAN_POINT('',(-92.81449438561,42.452431739871,
    139.83595499827));
#2798 = CARTESIAN_POINT('',(-105.5447946064,66.817852419691,
    131.73151035596));
#2799 = CARTESIAN_POINT('',(-121.3334917694,86.844104955678,
    116.75779371213));
#2800 = CARTESIAN_POINT('',(-139.4541692393,99.836638508819,
    96.54636354331));
#2801 = CARTESIAN_POINT('',(-158.7056201272,104.01178332503,
    73.795174694426));
#2802 = CARTESIAN_POINT('',(-177.6877529146,99.13670474134,
    51.64888420331));
#2803 = CARTESIAN_POINT('',(-195.1768978925,86.394263236236,
    32.85589923529));
#2804 = CARTESIAN_POINT('',(-210.3192904222,67.882250993909,
    19.33380656512));
#2805 = PCURVE('',#1725,#2806);
#2806 = DEFINITIONAL_REPRESENTATION('',(#2807),#2811);
#2807 = LINE('',#2808,#2809);
#2808 = CARTESIAN_POINT('',(0.,0.));
#2809 = VECTOR('',#2810,1.);
#2810 = DIRECTION('',(0.,1.));
#2811 = ( GEOMETRIC_REPRESENTATION_CONTEXT(2) 
PARAMETRIC_REPRESENTATION_CONTEXT() REPRESENTATION_CONTEXT('2D SPACE',''
  ) );
#2812 = PCURVE('',#303,#2813);
#2813 = DEFINITIONAL_REPRESENTATION('',(#2814),#2818);
#2814 = LINE('',#2815,#2816);
#2815 = CARTESIAN_POINT('',(44.,0.));
#2816 = VECTOR('',#2817,1.);
#2817 = DIRECTION('',(0.,1.));
#2818 = ( GEOMETRIC_REPRESENTATION_CONTEXT(2) 
PARAMETRIC_REPRESENTATION_CONTEXT() REPRESENTATION_CONTEXT('2D SPACE',''
  ) );
#2819 = ORIENTED_EDGE('',*,*,#2765,.T.);
#2820 = ORIENTED_EDGE('',*,*,#1962,.T.);
#2821 = ORIENTED_EDGE('',*,*,#1705,.F.);
#2822 = ADVANCED_FACE('',(#2823),#1041,.T.);
#2823 = FACE_BOUND('',#2824,.T.);
#2824 = EDGE_LOOP('',(#2825,#2826,#2827,#2828));
#2825 = ORIENTED_EDGE('',*,*,#1024,.T.);
#2826 = ORIENTED_EDGE('',*,*,#1350,.T.);
#2827 = ORIENTED_EDGE('',*,*,#1493,.T.);
#2828 = ORIENTED_EDGE('',*,*,#2829,.T.);
#2829 = EDGE_CURVE('',#1465,#955,#2830,.T.);
#2830 = SURFACE_CURVE('',#2831,(#2834,#2840),.PCURVE_S1.);
#2831 = B_SPLINE_CURVE_WITH_KNOTS('',1,(#2832,#2833),.UNSPECIFIED.,.F.,
  .F.,(2,2),(0.,44.),.PIECEWISE_BEZIER_KNOTS.);
#2832 = CARTESIAN_POINT('',(-400.4381198401,42.459714261024,
    84.038591395697));
#2833 = CARTESIAN_POINT('',(-384.3873154812,22.999011891388,
    120.08928823656));
#2834 = PCURVE('',#1041,#2835);
#2835 = DEFINITIONAL_REPRESENTATION('',(#2836),#2839);
#2836 = B_SPLINE_CURVE_WITH_KNOTS('',1,(#2837,#2838),.UNSPECIFIED.,.F.,
  .F.,(2,2),(0.,44.),.PIECEWISE_BEZIER_KNOTS.);
#2837 = CARTESIAN_POINT('',(-15.31984862663,15.188243877483));
#2838 = CARTESIAN_POINT('',(12.220784149468,-19.1266733786));
#2839 = ( GEOMETRIC_REPRESENTATION_CONTEXT(2) 
PARAMETRIC_REPRESENTATION_CONTEXT() REPRESENTATION_CONTEXT('2D SPACE',''
  ) );
#2840 = PCURVE('',#998,#2841);
#2841 = DEFINITIONAL_REPRESENTATION('',(#2842),#2846);
#2842 = LINE('',#2843,#2844);
#2843 = CARTESIAN_POINT('',(0.,66.666666666667));
#2844 = VECTOR('',#2845,1.);
#2845 = DIRECTION('',(1.,0.));
#2846 = ( GEOMETRIC_REPRESENTATION_CONTEXT(2) 
PARAMETRIC_REPRESENTATION_CONTEXT() REPRESENTATION_CONTEXT('2D SPACE',''
  ) );
#2847 = ADVANCED_FACE('',(#2848),#998,.T.);
#2848 = FACE_BOUND('',#2849,.T.);
#2849 = EDGE_LOOP('',(#2850,#2851,#2871,#2872));
#2850 = ORIENTED_EDGE('',*,*,#1464,.F.);
#2851 = ORIENTED_EDGE('',*,*,#2852,.T.);
#2852 = EDGE_CURVE('',#1374,#885,#2853,.T.);
#2853 = SURFACE_CURVE('',#2854,(#2857,#2864),.PCURVE_S1.);
#2854 = B_SPLINE_CURVE_WITH_KNOTS('',1,(#2855,#2856),.UNSPECIFIED.,.F.,
  .F.,(2,2),(0.,44.),.PIECEWISE_BEZIER_KNOTS.);
#2855 = CARTESIAN_POINT('',(-270.2818503864,46.174921816261,
    212.46813657121));
#2856 = CARTESIAN_POINT('',(-285.9721138769,25.011415983808,
    177.22722777932));
#2857 = PCURVE('',#998,#2858);
#2858 = DEFINITIONAL_REPRESENTATION('',(#2859),#2863);
#2859 = LINE('',#2860,#2861);
#2860 = CARTESIAN_POINT('',(0.,0.));
#2861 = VECTOR('',#2862,1.);
#2862 = DIRECTION('',(1.,0.));
#2863 = ( GEOMETRIC_REPRESENTATION_CONTEXT(2) 
PARAMETRIC_REPRESENTATION_CONTEXT() REPRESENTATION_CONTEXT('2D SPACE',''
  ) );
#2864 = PCURVE('',#928,#2865);
#2865 = DEFINITIONAL_REPRESENTATION('',(#2866),#2870);
#2866 = LINE('',#2867,#2868);
#2867 = CARTESIAN_POINT('',(0.,66.666666666667));
#2868 = VECTOR('',#2869,1.);
#2869 = DIRECTION('',(1.,0.));
#2870 = ( GEOMETRIC_REPRESENTATION_CONTEXT(2) 
PARAMETRIC_REPRESENTATION_CONTEXT() REPRESENTATION_CONTEXT('2D SPACE',''
  ) );
#2871 = ORIENTED_EDGE('',*,*,#954,.F.);
#2872 = ORIENTED_EDGE('',*,*,#2829,.F.);
#2873 = ADVANCED_FACE('',(#2874),#835,.T.);
#2874 = FACE_BOUND('',#2875,.T.);
#2875 = EDGE_LOOP('',(#2876,#2877,#2928,#2969,#3062));
#2876 = ORIENTED_EDGE('',*,*,#791,.F.);
#2877 = ORIENTED_EDGE('',*,*,#2878,.F.);
#2878 = EDGE_CURVE('',#2879,#792,#2881,.T.);
#2879 = VERTEX_POINT('',#2880);
#2880 = CARTESIAN_POINT('',(-188.1831933861,-50.22814296703,
    69.05229453891));
#2881 = SURFACE_CURVE('',#2882,(#2892,#2899),.PCURVE_S1.);
#2882 = B_SPLINE_CURVE_WITH_KNOTS('',8,(#2883,#2884,#2885,#2886,#2887,
    #2888,#2889,#2890,#2891),.UNSPECIFIED.,.F.,.F.,(9,9),(0.,
    55.999998832208),.PIECEWISE_BEZIER_KNOTS.);
#2883 = CARTESIAN_POINT('',(-188.1831933861,-50.22814296703,
    69.05229453891));
#2884 = CARTESIAN_POINT('',(-189.8981058623,-53.31116227665,
    82.410691043328));
#2885 = CARTESIAN_POINT('',(-191.2847088123,-53.3818916014,
    96.506482817021));
#2886 = CARTESIAN_POINT('',(-192.7173462164,-50.19401930389,
    110.49887951376));
#2887 = CARTESIAN_POINT('',(-194.6065744727,-43.83754588899,
    123.46575636586));
#2888 = CARTESIAN_POINT('',(-197.3381346356,-34.78314464396,
    134.54072478021));
#2889 = CARTESIAN_POINT('',(-201.1961104726,-23.82373834057,
    143.08572216759));
#2890 = CARTESIAN_POINT('',(-206.3225115105,-11.91186876149,
    148.78178990883));
#2891 = CARTESIAN_POINT('',(-212.717330453,-1.893388922758E-06,
    151.62894439149));
#2892 = PCURVE('',#835,#2893);
#2893 = DEFINITIONAL_REPRESENTATION('',(#2894),#2898);
#2894 = LINE('',#2895,#2896);
#2895 = CARTESIAN_POINT('',(2.061076200431E-14,-1.650527249735E-15));
#2896 = VECTOR('',#2897,1.);
#2897 = DIRECTION('',(-4.380474847744E-16,1.));
#2898 = ( GEOMETRIC_REPRESENTATION_CONTEXT(2) 
PARAMETRIC_REPRESENTATION_CONTEXT() REPRESENTATION_CONTEXT('2D SPACE',''
  ) );
#2899 = PCURVE('',#122,#2900);
#2900 = DEFINITIONAL_REPRESENTATION('',(#2901),#2927);
#2901 = B_SPLINE_CURVE_WITH_KNOTS('',3,(#2902,#2903,#2904,#2905,#2906,
    #2907,#2908,#2909,#2910,#2911,#2912,#2913,#2914,#2915,#2916,#2917,
    #2918,#2919,#2920,#2921,#2922,#2923,#2924,#2925,#2926),
  .UNSPECIFIED.,.F.,.F.,(4,1,1,1,1,1,1,1,1,1,1,1,1,1,1,1,1,1,1,1,1,1,4),
  (0.,2.545454492373,5.090908984746,7.636363477119,10.181817969492,
    12.727272461865,15.272726954238,17.818181446611,20.363635938985,
    22.909090431358,25.454544923731,27.999999416104,30.545453908477,
    33.09090840085,35.636362893223,38.181817385596,40.727271877969,
    43.272726370342,45.818180862715,48.363635355088,50.909089847461,
    53.454544339834,55.999998832208),.QUASI_UNIFORM_KNOTS.);
#2902 = CARTESIAN_POINT('',(-4.450589592586,-225.));
#2903 = CARTESIAN_POINT('',(-4.478356198605,-225.8484848307));
#2904 = CARTESIAN_POINT('',(-4.533889419455,-227.5454544923));
#2905 = CARTESIAN_POINT('',(-4.617189251983,-230.0909089847));
#2906 = CARTESIAN_POINT('',(-4.700489043815,-232.6363634771));
#2907 = CARTESIAN_POINT('',(-4.783788811685,-235.1818179694));
#2908 = CARTESIAN_POINT('',(-4.867088578728,-237.7272724618));
#2909 = CARTESIAN_POINT('',(-4.950388364802,-240.2727269542));
#2910 = CARTESIAN_POINT('',(-5.033688176582,-242.8181814466));
#2911 = CARTESIAN_POINT('',(-5.116988007976,-245.3636359389));
#2912 = CARTESIAN_POINT('',(-5.20028784494,-247.9090904313));
#2913 = CARTESIAN_POINT('',(-5.283587672424,-250.4545449237));
#2914 = CARTESIAN_POINT('',(-5.366887480456,-252.999999416));
#2915 = CARTESIAN_POINT('',(-5.450187267584,-255.5454539084));
#2916 = CARTESIAN_POINT('',(-5.533487040878,-258.0909084008));
#2917 = CARTESIAN_POINT('',(-5.616786812868,-260.6363628932));
#2918 = CARTESIAN_POINT('',(-5.70008659659,-263.1818173855));
#2919 = CARTESIAN_POINT('',(-5.783386400472,-265.7272718779));
#2920 = CARTESIAN_POINT('',(-5.866686224783,-268.2727263703));
#2921 = CARTESIAN_POINT('',(-5.949986061032,-270.8181808627));
#2922 = CARTESIAN_POINT('',(-6.03328589465,-273.363635355));
#2923 = CARTESIAN_POINT('',(-6.116585711144,-275.9090898474));
#2924 = CARTESIAN_POINT('',(-6.199885501372,-278.4545443398));
#2925 = CARTESIAN_POINT('',(-6.25541868266,-280.1515140014));
#2926 = CARTESIAN_POINT('',(-6.283185270768,-280.9999988322));
#2927 = ( GEOMETRIC_REPRESENTATION_CONTEXT(2) 
PARAMETRIC_REPRESENTATION_CONTEXT() REPRESENTATION_CONTEXT('2D SPACE',''
  ) );
#2928 = ORIENTED_EDGE('',*,*,#2929,.T.);
#2929 = EDGE_CURVE('',#2879,#2930,#2932,.T.);
#2930 = VERTEX_POINT('',#2931);
#2931 = CARTESIAN_POINT('',(-192.8151257271,-92.72887932375,
    58.648804166699));
#2932 = SURFACE_CURVE('',#2933,(#2936,#2943),.PCURVE_S1.);
#2933 = B_SPLINE_CURVE_WITH_KNOTS('',1,(#2934,#2935),.UNSPECIFIED.,.F.,
  .F.,(2,2),(0.,44.),.PIECEWISE_BEZIER_KNOTS.);
#2934 = CARTESIAN_POINT('',(-188.1831933861,-50.22814296703,
    69.05229453891));
#2935 = CARTESIAN_POINT('',(-192.8151257271,-92.72887932375,
    58.648804166699));
#2936 = PCURVE('',#835,#2937);
#2937 = DEFINITIONAL_REPRESENTATION('',(#2938),#2942);
#2938 = LINE('',#2939,#2940);
#2939 = CARTESIAN_POINT('',(0.,0.));
#2940 = VECTOR('',#2941,1.);
#2941 = DIRECTION('',(1.,0.));
#2942 = ( GEOMETRIC_REPRESENTATION_CONTEXT(2) 
PARAMETRIC_REPRESENTATION_CONTEXT() REPRESENTATION_CONTEXT('2D SPACE',''
  ) );
#2943 = PCURVE('',#2944,#2963);
#2944 = B_SPLINE_SURFACE_WITH_KNOTS('',1,8,(
    (#2945,#2946,#2947,#2948,#2949,#2950,#2951,#2952,#2953)
    ,(#2954,#2955,#2956,#2957,#2958,#2959,#2960,#2961,#2962
  )),.UNSPECIFIED.,.F.,.F.,.F.,(2,2),(9,9),(0.,44.),(0.,66.666666666667)
  ,.PIECEWISE_BEZIER_KNOTS.);
#2945 = CARTESIAN_POINT('',(-135.4012152968,39.834311042187,
    23.696335955086));
#2946 = CARTESIAN_POINT('',(-147.4325243625,30.719068395893,
    17.161851151957));
#2947 = CARTESIAN_POINT('',(-158.3083322225,18.218081014901,
    13.222664548767));
#2948 = CARTESIAN_POINT('',(-167.5279154004,3.364977738778,
    13.003419487561));
#2949 = CARTESIAN_POINT('',(-174.773894191,-12.27267714773,
    17.216962457618));
#2950 = CARTESIAN_POINT('',(-180.031273095,-26.82643170595,
    25.896973901182));
#2951 = CARTESIAN_POINT('',(-183.6348189501,-38.61847441408,
    38.291555190706));
#2952 = CARTESIAN_POINT('',(-186.1416308717,-46.5578818076,
    53.149441225832));
#2953 = CARTESIAN_POINT('',(-188.1831933861,-50.22814296703,
    69.05229453891));
#2954 = CARTESIAN_POINT('',(-146.9048073781,73.540266539422,
    -2.141154891469));
#2955 = CARTESIAN_POINT('',(-162.6747881954,56.71212626934,
    -17.07283393431));
#2956 = CARTESIAN_POINT('',(-176.3115360178,33.633380335203,
    -27.21319322343));
#2957 = CARTESIAN_POINT('',(-186.8906382731,6.212266594666,
    -30.48596812735));
#2958 = CARTESIAN_POINT('',(-193.8261631978,-22.65725011888,
    -25.57513435816));
#2959 = CARTESIAN_POINT('',(-197.0904267938,-49.52572007254,
    -12.41851263788));
#2960 = CARTESIAN_POINT('',(-197.3014601454,-71.29564507215,
    7.595776490314));
#2961 = CARTESIAN_POINT('',(-195.4877539276,-85.95301256789,
    32.157705148858));
#2962 = CARTESIAN_POINT('',(-192.8151257271,-92.72887932375,
    58.648804166699));
#2963 = DEFINITIONAL_REPRESENTATION('',(#2964),#2968);
#2964 = LINE('',#2965,#2966);
#2965 = CARTESIAN_POINT('',(0.,66.666666666667));
#2966 = VECTOR('',#2967,1.);
#2967 = DIRECTION('',(1.,0.));
#2968 = ( GEOMETRIC_REPRESENTATION_CONTEXT(2) 
PARAMETRIC_REPRESENTATION_CONTEXT() REPRESENTATION_CONTEXT('2D SPACE',''
  ) );
#2969 = ORIENTED_EDGE('',*,*,#2970,.T.);
#2970 = EDGE_CURVE('',#2930,#2971,#2973,.T.);
#2971 = VERTEX_POINT('',#2972);
#2972 = CARTESIAN_POINT('',(-206.9202095162,32.833933759264,
    190.87448964894));
#2973 = SURFACE_CURVE('',#2974,(#2984,#2991),.PCURVE_S1.);
#2974 = B_SPLINE_CURVE_WITH_KNOTS('',8,(#2975,#2976,#2977,#2978,#2979,
    #2980,#2981,#2982,#2983),.UNSPECIFIED.,.F.,.F.,(9,9),(0.,
    66.666666666667),.PIECEWISE_BEZIER_KNOTS.);
#2975 = CARTESIAN_POINT('',(-192.8151257271,-92.72887932375,
    58.648804166699));
#2976 = CARTESIAN_POINT('',(-190.1424975266,-99.50474607961,
    85.13990318454));
#2977 = CARTESIAN_POINT('',(-186.6108700063,-98.39916304344,
    113.56034626316));
#2978 = CARTESIAN_POINT('',(-183.3862495078,-88.64491891729,
    141.29124028119));
#2979 = CARTESIAN_POINT('',(-181.7689214349,-70.72187957329,
    165.41209640494));
#2980 = CARTESIAN_POINT('',(-182.9240494157,-46.55281358298,
    183.30591427783));
#2981 = CARTESIAN_POINT('',(-187.5291672071,-19.15906389089,
    193.45092816678));
#2982 = CARTESIAN_POINT('',(-195.6653837875,8.232838475151,
    195.66496432303));
#2983 = CARTESIAN_POINT('',(-206.9202095162,32.833933759264,
    190.87448964894));
#2984 = PCURVE('',#835,#2985);
#2985 = DEFINITIONAL_REPRESENTATION('',(#2986),#2990);
#2986 = LINE('',#2987,#2988);
#2987 = CARTESIAN_POINT('',(44.,0.));
#2988 = VECTOR('',#2989,1.);
#2989 = DIRECTION('',(0.,1.));
#2990 = ( GEOMETRIC_REPRESENTATION_CONTEXT(2) 
PARAMETRIC_REPRESENTATION_CONTEXT() REPRESENTATION_CONTEXT('2D SPACE',''
  ) );
#2991 = PCURVE('',#2992,#3056);
#2992 = ( BOUNDED_SURFACE() B_SPLINE_SURFACE(6,8,(
    (#2993,#2994,#2995,#2996,#2997,#2998,#2999,#3000,#3001)
    ,(#3002,#3003,#3004,#3005,#3006,#3007,#3008,#3009,#3010)
    ,(#3011,#3012,#3013,#3014,#3015,#3016,#3017,#3018,#3019)
    ,(#3020,#3021,#3022,#3023,#3024,#3025,#3026,#3027,#3028)
    ,(#3029,#3030,#3031,#3032,#3033,#3034,#3035,#3036,#3037)
    ,(#3038,#3039,#3040,#3041,#3042,#3043,#3044,#3045,#3046)
    ,(#3047,#3048,#3049,#3050,#3051,#3052,#3053,#3054,#3055
)),.UNSPECIFIED.,.F.,.F.,.F.) B_SPLINE_SURFACE_WITH_KNOTS((7,7),(9,9),(
    0.,6.544984694977E-02),(0.,66.666666666667),
.PIECEWISE_BEZIER_KNOTS.) GEOMETRIC_REPRESENTATION_ITEM() 
RATIONAL_B_SPLINE_SURFACE((
    (1.000053547667,1.000053547667,1.000053547667,1.000053547667
      ,1.000053547667,1.000053547667,1.000053547667,1.000053547667
      ,1.000053547667)
    ,(1.000017847948,1.000017847948,1.000017847948,1.000017847948
      ,1.000017847948,1.000017847948,1.000017847948,1.000017847948
      ,1.000017847948)
    ,(0.999996430156,0.999996430156,0.999996430156,0.999996430156
      ,0.999996430156,0.999996430156,0.999996430156,0.999996430156
      ,0.999996430156)
    ,(0.999989291231,0.999989291231,0.999989291231,0.999989291231
      ,0.999989291231,0.999989291231,0.999989291231,0.999989291231
      ,0.999989291231)
    ,(0.999996430156,0.999996430156,0.999996430156,0.999996430156
      ,0.999996430156,0.999996430156,0.999996430156,0.999996430156
      ,0.999996430156)
    ,(1.000017847948,1.000017847948,1.000017847948,1.000017847948
      ,1.000017847948,1.000017847948,1.000017847948,1.000017847948
      ,1.000017847948)
    ,(1.000053547667,1.000053547667,1.000053547667,1.000053547667
      ,1.000053547667,1.000053547667,1.000053547667,1.000053547667
,1.000053547667))) REPRESENTATION_ITEM('') SURFACE() );
#2993 = CARTESIAN_POINT('',(-192.8151257271,-92.72887932375,
    58.648804166699));
#2994 = CARTESIAN_POINT('',(-190.1424975266,-99.50474607961,
    85.13990318454));
#2995 = CARTESIAN_POINT('',(-186.6108700063,-98.39916304344,
    113.56034626316));
#2996 = CARTESIAN_POINT('',(-183.3862495078,-88.64491891728,
    141.29124028119));
#2997 = CARTESIAN_POINT('',(-181.7689214349,-70.72187957329,
    165.41209640494));
#2998 = CARTESIAN_POINT('',(-182.9240494157,-46.55281358298,
    183.30591427783));
#2999 = CARTESIAN_POINT('',(-187.5291672071,-19.15906389089,
    193.45092816678));
#3000 = CARTESIAN_POINT('',(-195.6653837875,8.232838475151,
    195.66496432303));
#3001 = CARTESIAN_POINT('',(-206.9202095162,32.833933759264,
    190.87448964894));
#3002 = CARTESIAN_POINT('',(-192.3973613922,-92.93318472448,
    59.587118225646));
#3003 = CARTESIAN_POINT('',(-189.7020715932,-99.42894996744,
    86.129116027067));
#3004 = CARTESIAN_POINT('',(-186.1832901976,-98.02589946268,
    114.52070623738));
#3005 = CARTESIAN_POINT('',(-183.0095884472,-87.98857468133,
    142.1372348746));
#3006 = CARTESIAN_POINT('',(-181.4781994502,-69.8312981817,
    166.06506867355));
#3007 = CARTESIAN_POINT('',(-182.7449425392,-45.50664955025,
    183.70819490892));
#3008 = CARTESIAN_POINT('',(-187.4734911796,-18.05194869824,
    193.57597857189));
#3009 = CARTESIAN_POINT('',(-195.730611122,9.306404667526,
    195.51846133109));
#3010 = CARTESIAN_POINT('',(-207.0917589944,33.792479916777,
    190.48918321251));
#3011 = CARTESIAN_POINT('',(-191.9807027348,-93.15092653318,
    60.522948892497));
#3012 = CARTESIAN_POINT('',(-189.261260968,-99.36733159486,
    87.119192901591));
#3013 = CARTESIAN_POINT('',(-185.7537413453,-97.66641293071,
    115.48548875577));
#3014 = CARTESIAN_POINT('',(-182.6294489598,-87.34438087292,
    142.99104214251));
#3015 = CARTESIAN_POINT('',(-181.1827482118,-68.95011142365,
    166.72866301986));
#3016 = CARTESIAN_POINT('',(-182.5602732611,-44.46629464028,
    184.12296889851));
#3017 = CARTESIAN_POINT('',(-187.4119229414,-16.94667279036,
    193.71426309905));
#3018 = CARTESIAN_POINT('',(-195.7901196906,10.382024117922,
    195.38480289778));
#3019 = CARTESIAN_POINT('',(-207.258197551,34.756506089291,
    190.11535609378));
#3020 = CARTESIAN_POINT('',(-191.565230132,-93.3820634958,61.4561156369)
  );
#3021 = CARTESIAN_POINT('',(-188.8201506042,-99.31990359898,
    88.109943000108));
#3022 = CARTESIAN_POINT('',(-185.322306147,-97.32077348239,
    116.45450807677));
#3023 = CARTESIAN_POINT('',(-182.2459041377,-86.712462322,
    143.85249791727));
#3024 = CARTESIAN_POINT('',(-180.8826244198,-68.078489666,
    167.40275209346));
#3025 = CARTESIAN_POINT('',(-182.3700768818,-43.43194971032,
    184.55015696075));
#3026 = CARTESIAN_POINT('',(-187.3444740452,-15.8434493266,
    193.86575580015));
#3027 = CARTESIAN_POINT('',(-195.8438977157,11.459489592213,
    195.26401547578));
#3028 = CARTESIAN_POINT('',(-207.4194928285,35.725826737675,
    189.75308096894));
#3029 = CARTESIAN_POINT('',(-191.1510236918,-93.62655129738,
    62.386438533447));
#3030 = CARTESIAN_POINT('',(-188.3788255251,-99.2866753754,
    89.101175356981));
#3031 = CARTESIAN_POINT('',(-184.8890677327,-96.98904799062,
    117.42757748721));
#3032 = CARTESIAN_POINT('',(-181.8590278526,-86.09294105678,
    144.72143628063));
#3033 = CARTESIAN_POINT('',(-180.5778858428,-67.21660109391,
    168.08720614383));
#3034 = CARTESIAN_POINT('',(-182.1743899649,-42.40381424869,
    184.98967697222));
#3035 = CARTESIAN_POINT('',(-187.2711573877,-14.7424910017,
    194.03042770916));
#3036 = CARTESIAN_POINT('',(-195.8919347287,12.538593430387,
    195.15612257796));
#3037 = CARTESIAN_POINT('',(-207.5756136438,36.70025510955,
    189.40242787665));
#3038 = CARTESIAN_POINT('',(-190.738163233,-93.88434257278,
    63.313738306441));
#3039 = CARTESIAN_POINT('',(-187.9373708032,-99.26765307559,
    90.092698896396));
#3040 = CARTESIAN_POINT('',(-184.4541096444,-96.67130014948,
    118.40450934861));
#3041 = CARTESIAN_POINT('',(-181.4688947371,-85.48593627313,
    145.59768960485));
#3042 = CARTESIAN_POINT('',(-180.2685913037,-66.36461166888,
    168.78189305247));
#3043 = CARTESIAN_POINT('',(-181.9732503286,-41.38208632508,
    185.44144399208));
#3044 = CARTESIAN_POINT('',(-187.1919872058,-13.64400999289,
    194.2082468491));
#3045 = CARTESIAN_POINT('',(-195.9342215727,13.619127598124,
    195.06114477123));
#3046 = CARTESIAN_POINT('',(-207.7265299958,37.679603285613,
    189.06346420032));
#3047 = CARTESIAN_POINT('',(-190.3267282651,-94.15538691871,
    64.237836374405));
#3048 = CARTESIAN_POINT('',(-187.4958715388,-99.26283960564,
    91.084322479857));
#3049 = CARTESIAN_POINT('',(-184.0175158153,-96.36759045866,
    119.38511514392));
#3050 = CARTESIAN_POINT('',(-181.0755801663,-84.89156430523,
    146.4810885945));
#3051 = CARTESIAN_POINT('',(-179.9548006652,-65.52268508764,
    169.48667836588));
#3052 = CARTESIAN_POINT('',(-181.7666970358,-40.36696254144,
    185.90537028348));
#3053 = CARTESIAN_POINT('',(-187.1069790735,-12.54821790723,
    194.39917824022));
#3054 = CARTESIAN_POINT('',(-195.9707504045,14.700883738538,
    194.97909967175));
#3055 = CARTESIAN_POINT('',(-207.8722130729,38.663682226439,
    188.73625465167));
#3056 = DEFINITIONAL_REPRESENTATION('',(#3057),#3061);
#3057 = LINE('',#3058,#3059);
#3058 = CARTESIAN_POINT('',(0.,0.));
#3059 = VECTOR('',#3060,1.);
#3060 = DIRECTION('',(0.,1.));
#3061 = ( GEOMETRIC_REPRESENTATION_CONTEXT(2) 
PARAMETRIC_REPRESENTATION_CONTEXT() REPRESENTATION_CONTEXT('2D SPACE',''
  ) );
#3062 = ORIENTED_EDGE('',*,*,#3063,.F.);
#3063 = EDGE_CURVE('',#722,#2971,#3064,.T.);
#3064 = SURFACE_CURVE('',#3065,(#3068,#3075),.PCURVE_S1.);
#3065 = B_SPLINE_CURVE_WITH_KNOTS('',1,(#3066,#3067),.UNSPECIFIED.,.F.,
  .F.,(2,2),(0.,44.),.PIECEWISE_BEZIER_KNOTS.);
#3066 = CARTESIAN_POINT('',(-223.7373360887,17.785047452935,
    153.10260493577));
#3067 = CARTESIAN_POINT('',(-206.9202095162,32.833933759264,
    190.87448964894));
#3068 = PCURVE('',#835,#3069);
#3069 = DEFINITIONAL_REPRESENTATION('',(#3070),#3074);
#3070 = LINE('',#3071,#3072);
#3071 = CARTESIAN_POINT('',(0.,66.666666666667));
#3072 = VECTOR('',#3073,1.);
#3073 = DIRECTION('',(1.,0.));
#3074 = ( GEOMETRIC_REPRESENTATION_CONTEXT(2) 
PARAMETRIC_REPRESENTATION_CONTEXT() REPRESENTATION_CONTEXT('2D SPACE',''
  ) );
#3075 = PCURVE('',#765,#3076);
#3076 = DEFINITIONAL_REPRESENTATION('',(#3077),#3081);
#3077 = LINE('',#3078,#3079);
#3078 = CARTESIAN_POINT('',(0.,0.));
#3079 = VECTOR('',#3080,1.);
#3080 = DIRECTION('',(1.,0.));
#3081 = ( GEOMETRIC_REPRESENTATION_CONTEXT(2) 
PARAMETRIC_REPRESENTATION_CONTEXT() REPRESENTATION_CONTEXT('2D SPACE',''
  ) );
#3082 = ADVANCED_FACE('',(#3083),#2992,.T.);
#3083 = FACE_BOUND('',#3084,.T.);
#3084 = EDGE_LOOP('',(#3085,#3086,#3177,#3206));
#3085 = ORIENTED_EDGE('',*,*,#2970,.F.);
#3086 = ORIENTED_EDGE('',*,*,#3087,.T.);
#3087 = EDGE_CURVE('',#2930,#3088,#3090,.T.);
#3088 = VERTEX_POINT('',#3089);
#3089 = CARTESIAN_POINT('',(-190.3267282651,-94.15538691871,
    64.237836374405));
#3090 = SURFACE_CURVE('',#3091,(#3099,#3106),.PCURVE_S1.);
#3091 = ( BOUNDED_CURVE() B_SPLINE_CURVE(6,(#3092,#3093,#3094,#3095,
#3096,#3097,#3098),.UNSPECIFIED.,.F.,.F.) B_SPLINE_CURVE_WITH_KNOTS((7,7
),(0.,6.544984694977E-02),.PIECEWISE_BEZIER_KNOTS.) CURVE() 
GEOMETRIC_REPRESENTATION_ITEM() RATIONAL_B_SPLINE_CURVE((1.000053547667,
    1.000017847948,0.999996430156,0.999989291231,0.999996430156,
1.000017847948,1.000053547667)) REPRESENTATION_ITEM('') );
#3092 = CARTESIAN_POINT('',(-192.8151257271,-92.72887932375,
    58.648804166699));
#3093 = CARTESIAN_POINT('',(-192.3973613922,-92.93318472448,
    59.587118225646));
#3094 = CARTESIAN_POINT('',(-191.9807027348,-93.15092653318,
    60.522948892497));
#3095 = CARTESIAN_POINT('',(-191.565230132,-93.3820634958,
    61.456115636901));
#3096 = CARTESIAN_POINT('',(-191.1510236918,-93.62655129738,
    62.386438533447));
#3097 = CARTESIAN_POINT('',(-190.738163233,-93.88434257278,
    63.313738306441));
#3098 = CARTESIAN_POINT('',(-190.3267282651,-94.15538691871,
    64.237836374405));
#3099 = PCURVE('',#2992,#3100);
#3100 = DEFINITIONAL_REPRESENTATION('',(#3101),#3105);
#3101 = LINE('',#3102,#3103);
#3102 = CARTESIAN_POINT('',(0.,0.));
#3103 = VECTOR('',#3104,1.);
#3104 = DIRECTION('',(1.,0.));
#3105 = ( GEOMETRIC_REPRESENTATION_CONTEXT(2) 
PARAMETRIC_REPRESENTATION_CONTEXT() REPRESENTATION_CONTEXT('2D SPACE',''
  ) );
#3106 = PCURVE('',#3107,#3171);
#3107 = ( BOUNDED_SURFACE() B_SPLINE_SURFACE(6,8,(
    (#3108,#3109,#3110,#3111,#3112,#3113,#3114,#3115,#3116)
    ,(#3117,#3118,#3119,#3120,#3121,#3122,#3123,#3124,#3125)
    ,(#3126,#3127,#3128,#3129,#3130,#3131,#3132,#3133,#3134)
    ,(#3135,#3136,#3137,#3138,#3139,#3140,#3141,#3142,#3143)
    ,(#3144,#3145,#3146,#3147,#3148,#3149,#3150,#3151,#3152)
    ,(#3153,#3154,#3155,#3156,#3157,#3158,#3159,#3160,#3161)
    ,(#3162,#3163,#3164,#3165,#3166,#3167,#3168,#3169,#3170
)),.UNSPECIFIED.,.F.,.F.,.F.) B_SPLINE_SURFACE_WITH_KNOTS((7,7),(9,9),(
    0.,6.544984694977E-02),(0.,66.666666666667),
.PIECEWISE_BEZIER_KNOTS.) GEOMETRIC_REPRESENTATION_ITEM() 
RATIONAL_B_SPLINE_SURFACE((
    (1.000053547667,1.000053547667,1.000053547667,1.000053547667
      ,1.000053547667,1.000053547667,1.000053547667,1.000053547667
      ,1.000053547667)
    ,(1.000017847948,1.000017847948,1.000017847948,1.000017847948
      ,1.000017847948,1.000017847948,1.000017847948,1.000017847948
      ,1.000017847948)
    ,(0.999996430156,0.999996430156,0.999996430156,0.999996430156
      ,0.999996430156,0.999996430156,0.999996430156,0.999996430156
      ,0.999996430156)
    ,(0.999989291231,0.999989291231,0.999989291231,0.999989291231
      ,0.999989291231,0.999989291231,0.999989291231,0.999989291231
      ,0.999989291231)
    ,(0.999996430156,0.999996430156,0.999996430156,0.999996430156
      ,0.999996430156,0.999996430156,0.999996430156,0.999996430156
      ,0.999996430156)
    ,(1.000017847948,1.000017847948,1.000017847948,1.000017847948
      ,1.000017847948,1.000017847948,1.000017847948,1.000017847948
      ,1.000017847948)
    ,(1.000053547667,1.000053547667,1.000053547667,1.000053547667
      ,1.000053547667,1.000053547667,1.000053547667,1.000053547667
,1.000053547667))) REPRESENTATION_ITEM('') SURFACE() );
#3108 = CARTESIAN_POINT('',(-146.9048073781,73.540266539422,
    -2.141154891469));
#3109 = CARTESIAN_POINT('',(-162.6747881954,56.71212626934,
    -17.07283393431));
#3110 = CARTESIAN_POINT('',(-176.3115360178,33.633380335204,
    -27.21319322343));
#3111 = CARTESIAN_POINT('',(-186.8906382731,6.212266594665,
    -30.48596812735));
#3112 = CARTESIAN_POINT('',(-193.8261631978,-22.65725011888,
    -25.57513435816));
#3113 = CARTESIAN_POINT('',(-197.0904267938,-49.52572007254,
    -12.41851263788));
#3114 = CARTESIAN_POINT('',(-197.3014601454,-71.29564507215,
    7.595776490313));
#3115 = CARTESIAN_POINT('',(-195.4877539276,-85.95301256789,
    32.157705148858));
#3116 = CARTESIAN_POINT('',(-192.8151257271,-92.72887932375,
    58.648804166699));
#3117 = CARTESIAN_POINT('',(-147.2124974569,72.816089909268,
    -2.832238123264));
#3118 = CARTESIAN_POINT('',(-162.9021524483,55.781650418879,
    -17.58350240742));
#3119 = CARTESIAN_POINT('',(-176.4324220772,32.558155757888,
    -27.48470775829));
#3120 = CARTESIAN_POINT('',(-186.8880019656,5.077222035416,
    -30.48004688366));
#3121 = CARTESIAN_POINT('',(-193.6961913244,-23.75356957882,
    -25.28321275076));
#3122 = CARTESIAN_POINT('',(-196.8445982317,-50.48648950994,
    -11.86637264751));
#3123 = CARTESIAN_POINT('',(-196.964526901,-72.04278964907,8.35254094751
    ));
#3124 = CARTESIAN_POINT('',(-195.0926511913,-86.43741948152,
    33.045120424227));
#3125 = CARTESIAN_POINT('',(-192.3973613922,-92.93318472448,
    59.587118225646));
#3126 = CARTESIAN_POINT('',(-147.5240300761,72.101846878109,
    -3.531951842369));
#3127 = CARTESIAN_POINT('',(-163.1344610786,54.858531831131,
    -18.10527613407));
#3128 = CARTESIAN_POINT('',(-176.559027759,31.486867792769,
    -27.76906877542));
#3129 = CARTESIAN_POINT('',(-186.8914090708,3.942141256552,
    -30.48769936738));
#3130 = CARTESIAN_POINT('',(-193.5720621354,-24.85402503441,
    -25.00441402765));
#3131 = CARTESIAN_POINT('',(-196.6038956108,-51.45512943549,
    -11.3257457093));
#3132 = CARTESIAN_POINT('',(-196.6315861012,-72.80074594273,
    9.100338227329));
#3133 = CARTESIAN_POINT('',(-194.7001445015,-86.93452147149,
    33.926704883404));
#3134 = CARTESIAN_POINT('',(-191.9807027348,-93.15092653318,
    60.522948892497));
#3135 = CARTESIAN_POINT('',(-147.8393453884,71.397675660389,
    -4.240161629088));
#3136 = CARTESIAN_POINT('',(-163.3716695697,53.942948846937,
    -18.63805512804));
#3137 = CARTESIAN_POINT('',(-176.691328964,30.419723159719,
    -28.06622214721));
#3138 = CARTESIAN_POINT('',(-186.9008592557,2.807243062392,
    -30.5089248301));
#3139 = CARTESIAN_POINT('',(-193.4537998718,-25.95840457547,
    -24.73879263471));
#3140 = CARTESIAN_POINT('',(-196.3683656049,-52.43145354865,
    -10.79673665477));
#3141 = CARTESIAN_POINT('',(-196.3027021399,-73.56936842295,
    9.839023698903));
#3142 = CARTESIAN_POINT('',(-194.3103096598,-87.44422339262,
    34.802288273693));
#3143 = CARTESIAN_POINT('',(-191.565230132,-93.3820634958,
    61.456115636901));
#3144 = CARTESIAN_POINT('',(-148.1583826808,70.70371217244,
    -4.956731120105));
#3145 = CARTESIAN_POINT('',(-163.6137322844,53.035078089224,
    -19.18173688698));
#3146 = CARTESIAN_POINT('',(-176.8293002916,29.356927636228,
    -28.37611082254));
#3147 = CARTESIAN_POINT('',(-186.9163508064,1.672746219933,
    -30.54371942273));
#3148 = CARTESIAN_POINT('',(-193.3414274347,-27.06649539112,
    -24.48640000857));
#3149 = CARTESIAN_POINT('',(-196.1380537074,-53.41527378972,
    -10.2794476635));
#3150 = CARTESIAN_POINT('',(-195.9779384852,-74.34850911999,
    10.568454810054));
#3151 = CARTESIAN_POINT('',(-193.9232218586,-87.96642721937,
    35.671701709913));
#3152 = CARTESIAN_POINT('',(-191.1510236918,-93.62655129738,
    62.386438533447));
#3153 = CARTESIAN_POINT('',(-148.4810803902,70.020089998506,
    -5.681522042226));
#3154 = CARTESIAN_POINT('',(-163.8606024769,52.13509441896,
    -19.73621641764));
#3155 = CARTESIAN_POINT('',(-176.9729150453,28.298686006178,
    -28.69867484079));
#3156 = CARTESIAN_POINT('',(-186.9378806291,0.538869404478,
    -30.59207619611));
#3157 = CARTESIAN_POINT('',(-193.2349663795,-28.17808382257,
    -24.24728456353));
#3158 = CARTESIAN_POINT('',(-195.9130042194,-54.40640038642,
    -9.773978237441));
#3159 = CARTESIAN_POINT('',(-195.6573576643,-75.13801766105,
    11.288491122876));
#3160 = CARTESIAN_POINT('',(-193.5389556629,-88.50103206997,
    36.534777716487));
#3161 = CARTESIAN_POINT('',(-190.738163233,-93.88434257278,
    63.313738306441));
#3162 = CARTESIAN_POINT('',(-148.8073761184,69.346940357737,
    -6.414394246896));
#3163 = CARTESIAN_POINT('',(-164.1122323038,51.243170891845,
    -20.30138626222));
#3164 = CARTESIAN_POINT('',(-177.1221452405,27.245202009019,
    -29.03385134689));
#3165 = CARTESIAN_POINT('',(-186.9654442503,-0.594168854697,
    -30.65398510302));
#3166 = CARTESIAN_POINT('',(-193.1344369108,-29.29295541635,
    -24.02149167988));
#3167 = CARTESIAN_POINT('',(-195.6932602389,-55.40464190115,
    -9.280425176441));
#3168 = CARTESIAN_POINT('',(-195.3410212473,-75.9377413079,
    11.998994348472));
#3169 = CARTESIAN_POINT('',(-193.1575849915,-89.04793423177,
    37.391350268953));
#3170 = CARTESIAN_POINT('',(-190.3267282651,-94.15538691871,
    64.237836374405));
#3171 = DEFINITIONAL_REPRESENTATION('',(#3172),#3176);
#3172 = LINE('',#3173,#3174);
#3173 = CARTESIAN_POINT('',(0.,66.666666666667));
#3174 = VECTOR('',#3175,1.);
#3175 = DIRECTION('',(1.,0.));
#3176 = ( GEOMETRIC_REPRESENTATION_CONTEXT(2) 
PARAMETRIC_REPRESENTATION_CONTEXT() REPRESENTATION_CONTEXT('2D SPACE',''
  ) );
#3177 = ORIENTED_EDGE('',*,*,#3178,.T.);
#3178 = EDGE_CURVE('',#3088,#3179,#3181,.T.);
#3179 = VERTEX_POINT('',#3180);
#3180 = CARTESIAN_POINT('',(-207.8722130729,38.663682226439,
    188.73625465167));
#3181 = SURFACE_CURVE('',#3182,(#3192,#3199),.PCURVE_S1.);
#3182 = ( BOUNDED_CURVE() B_SPLINE_CURVE(8,(#3183,#3184,#3185,#3186,
    #3187,#3188,#3189,#3190,#3191),.UNSPECIFIED.,.F.,.F.) 
B_SPLINE_CURVE_WITH_KNOTS((9,9),(0.,66.666666666667),
.PIECEWISE_BEZIER_KNOTS.) CURVE() GEOMETRIC_REPRESENTATION_ITEM() 
RATIONAL_B_SPLINE_CURVE((1.000053547667,1.000053547667,1.000053547667,
    1.000053547667,1.000053547667,1.000053547667,1.000053547667,
1.000053547667,1.000053547667)) REPRESENTATION_ITEM('') );
#3183 = CARTESIAN_POINT('',(-190.3267282651,-94.15538691871,
    64.237836374405));
#3184 = CARTESIAN_POINT('',(-187.4958715388,-99.26283960564,
    91.084322479857));
#3185 = CARTESIAN_POINT('',(-184.0175158153,-96.36759045866,
    119.38511514392));
#3186 = CARTESIAN_POINT('',(-181.0755801663,-84.89156430523,
    146.4810885945));
#3187 = CARTESIAN_POINT('',(-179.9548006652,-65.52268508764,
    169.48667836588));
#3188 = CARTESIAN_POINT('',(-181.7666970358,-40.36696254144,
    185.90537028348));
#3189 = CARTESIAN_POINT('',(-187.1069790735,-12.54821790723,
    194.39917824022));
#3190 = CARTESIAN_POINT('',(-195.9707504045,14.700883738538,
    194.97909967175));
#3191 = CARTESIAN_POINT('',(-207.8722130729,38.663682226439,
    188.73625465167));
#3192 = PCURVE('',#2992,#3193);
#3193 = DEFINITIONAL_REPRESENTATION('',(#3194),#3198);
#3194 = LINE('',#3195,#3196);
#3195 = CARTESIAN_POINT('',(6.544984694977E-02,0.));
#3196 = VECTOR('',#3197,1.);
#3197 = DIRECTION('',(0.,1.));
#3198 = ( GEOMETRIC_REPRESENTATION_CONTEXT(2) 
PARAMETRIC_REPRESENTATION_CONTEXT() REPRESENTATION_CONTEXT('2D SPACE',''
  ) );
#3199 = PCURVE('',#452,#3200);
#3200 = DEFINITIONAL_REPRESENTATION('',(#3201),#3205);
#3201 = LINE('',#3202,#3203);
#3202 = CARTESIAN_POINT('',(0.,0.));
#3203 = VECTOR('',#3204,1.);
#3204 = DIRECTION('',(0.,1.));
#3205 = ( GEOMETRIC_REPRESENTATION_CONTEXT(2) 
PARAMETRIC_REPRESENTATION_CONTEXT() REPRESENTATION_CONTEXT('2D SPACE',''
  ) );
#3206 = ORIENTED_EDGE('',*,*,#3207,.F.);
#3207 = EDGE_CURVE('',#2971,#3179,#3208,.T.);
#3208 = SURFACE_CURVE('',#3209,(#3217,#3224),.PCURVE_S1.);
#3209 = ( BOUNDED_CURVE() B_SPLINE_CURVE(6,(#3210,#3211,#3212,#3213,
#3214,#3215,#3216),.UNSPECIFIED.,.F.,.F.) B_SPLINE_CURVE_WITH_KNOTS((7,7
),(0.,6.544984694977E-02),.PIECEWISE_BEZIER_KNOTS.) CURVE() 
GEOMETRIC_REPRESENTATION_ITEM() RATIONAL_B_SPLINE_CURVE((1.000053547667,
    1.000017847948,0.999996430156,0.999989291231,0.999996430156,
1.000017847948,1.000053547667)) REPRESENTATION_ITEM('') );
#3210 = CARTESIAN_POINT('',(-206.9202095162,32.833933759264,
    190.87448964894));
#3211 = CARTESIAN_POINT('',(-207.0917589944,33.792479916777,
    190.48918321251));
#3212 = CARTESIAN_POINT('',(-207.258197551,34.756506089291,
    190.11535609378));
#3213 = CARTESIAN_POINT('',(-207.4194928285,35.725826737675,
    189.75308096894));
#3214 = CARTESIAN_POINT('',(-207.5756136438,36.70025510955,
    189.40242787665));
#3215 = CARTESIAN_POINT('',(-207.7265299958,37.679603285613,
    189.06346420032));
#3216 = CARTESIAN_POINT('',(-207.8722130729,38.663682226439,
    188.73625465167));
#3217 = PCURVE('',#2992,#3218);
#3218 = DEFINITIONAL_REPRESENTATION('',(#3219),#3223);
#3219 = LINE('',#3220,#3221);
#3220 = CARTESIAN_POINT('',(0.,66.666666666667));
#3221 = VECTOR('',#3222,1.);
#3222 = DIRECTION('',(1.,0.));
#3223 = ( GEOMETRIC_REPRESENTATION_CONTEXT(2) 
PARAMETRIC_REPRESENTATION_CONTEXT() REPRESENTATION_CONTEXT('2D SPACE',''
  ) );
#3224 = PCURVE('',#3225,#3289);
#3225 = ( BOUNDED_SURFACE() B_SPLINE_SURFACE(6,8,(
    (#3226,#3227,#3228,#3229,#3230,#3231,#3232,#3233,#3234)
    ,(#3235,#3236,#3237,#3238,#3239,#3240,#3241,#3242,#3243)
    ,(#3244,#3245,#3246,#3247,#3248,#3249,#3250,#3251,#3252)
    ,(#3253,#3254,#3255,#3256,#3257,#3258,#3259,#3260,#3261)
    ,(#3262,#3263,#3264,#3265,#3266,#3267,#3268,#3269,#3270)
    ,(#3271,#3272,#3273,#3274,#3275,#3276,#3277,#3278,#3279)
    ,(#3280,#3281,#3282,#3283,#3284,#3285,#3286,#3287,#3288
)),.UNSPECIFIED.,.F.,.F.,.F.) B_SPLINE_SURFACE_WITH_KNOTS((7,7),(9,9),(
    0.,6.544984694977E-02),(0.,66.666666666667),
.PIECEWISE_BEZIER_KNOTS.) GEOMETRIC_REPRESENTATION_ITEM() 
RATIONAL_B_SPLINE_SURFACE((
    (1.000053547667,1.000053547667,1.000053547667,1.000053547667
      ,1.000053547667,1.000053547667,1.000053547667,1.000053547667
      ,1.000053547667)
    ,(1.000017847948,1.000017847948,1.000017847948,1.000017847948
      ,1.000017847948,1.000017847948,1.000017847948,1.000017847948
      ,1.000017847948)
    ,(0.999996430156,0.999996430156,0.999996430156,0.999996430156
      ,0.999996430156,0.999996430156,0.999996430156,0.999996430156
      ,0.999996430156)
    ,(0.999989291231,0.999989291231,0.999989291231,0.999989291231
      ,0.999989291231,0.999989291231,0.999989291231,0.999989291231
      ,0.999989291231)
    ,(0.999996430156,0.999996430156,0.999996430156,0.999996430156
      ,0.999996430156,0.999996430156,0.999996430156,0.999996430156
      ,0.999996430156)
    ,(1.000017847948,1.000017847948,1.000017847948,1.000017847948
      ,1.000017847948,1.000017847948,1.000017847948,1.000017847948
      ,1.000017847948)
    ,(1.000053547667,1.000053547667,1.000053547667,1.000053547667
      ,1.000053547667,1.000053547667,1.000053547667,1.000053547667
,1.000053547667))) REPRESENTATION_ITEM('') SURFACE() );
#3226 = CARTESIAN_POINT('',(-206.9202095162,32.833933759264,
    190.87448964894));
#3227 = CARTESIAN_POINT('',(-218.1750352449,57.435029043377,
    186.08401497484));
#3228 = CARTESIAN_POINT('',(-232.5484975057,79.245502221566,
    174.28896796527));
#3229 = CARTESIAN_POINT('',(-249.6274213467,95.477006791747,
    156.41735475619));
#3230 = CARTESIAN_POINT('',(-268.506112395,103.78605743428,
    134.50339821505));
#3231 = CARTESIAN_POINT('',(-287.8756338455,102.92891390662,
    111.48701854066));
#3232 = CARTESIAN_POINT('',(-306.3407198184,93.274020252883,
    90.502034208581));
#3233 = CARTESIAN_POINT('',(-322.779835241,76.508688260628,
    74.067454235535));
#3234 = CARTESIAN_POINT('',(-336.5003512031,55.0633378897,
    63.738948624096));
#3235 = CARTESIAN_POINT('',(-207.0917589944,33.792479916777,
    190.48918321251));
#3236 = CARTESIAN_POINT('',(-218.4529068667,58.278555166027,
    185.45990509394));
#3237 = CARTESIAN_POINT('',(-232.9181108522,79.892536409937,
    173.45880279687));
#3238 = CARTESIAN_POINT('',(-250.0621454719,95.859124175235,
    155.4409483844));
#3239 = CARTESIAN_POINT('',(-268.9695868283,103.86074389248,
    133.46241759391));
#3240 = CARTESIAN_POINT('',(-288.3269253754,102.68957326856,
    110.47340116871));
#3241 = CARTESIAN_POINT('',(-306.7415219776,92.751134456137,
    89.60181781993));
#3242 = CARTESIAN_POINT('',(-323.1001122532,75.761550632641,
    73.34810028823));
#3243 = CARTESIAN_POINT('',(-336.7213220613,54.168044312225,
    63.242639950563));
#3244 = CARTESIAN_POINT('',(-207.258197551,34.756506089291,
    190.11535609378));
#3245 = CARTESIAN_POINT('',(-218.7262754114,59.130988060661,
    184.84590928977));
#3246 = CARTESIAN_POINT('',(-233.2842633703,80.551438367212,
    172.6364107765));
#3247 = CARTESIAN_POINT('',(-250.4948164716,96.255216176204,
    154.46915340798));
#3248 = CARTESIAN_POINT('',(-269.4326437542,103.95034342718,
    132.42237471013));
#3249 = CARTESIAN_POINT('',(-288.7794718892,102.46476707051,
    109.45696505681));
#3250 = CARTESIAN_POINT('',(-307.1450909588,92.241170316941,
    88.695387047531));
#3251 = CARTESIAN_POINT('',(-323.4243535176,75.024752680159,
    72.619842484785));
#3252 = CARTESIAN_POINT('',(-336.9470502505,53.279900727762,
    62.735646136863));
#3253 = CARTESIAN_POINT('',(-207.4194928285,35.725826737675,
    189.75308096894));
#3254 = CARTESIAN_POINT('',(-218.9950879414,59.992163883137,
    184.2421464621));
#3255 = CARTESIAN_POINT('',(-233.6468842924,81.222081714199,
    171.82195085049));
#3256 = CARTESIAN_POINT('',(-250.9253508312,96.665207189368,
    153.50215740399));
#3257 = CARTESIAN_POINT('',(-269.8951938879,104.05483956505,
    131.38347009996));
#3258 = CARTESIAN_POINT('',(-289.233186218,102.2545394259,108.4379059895
    ));
#3259 = CARTESIAN_POINT('',(-307.5513491151,91.744226831484,
    87.782916288693));
#3260 = CARTESIAN_POINT('',(-323.7524967434,74.298436987217,
    71.882820732622));
#3261 = CARTESIAN_POINT('',(-337.1774925123,52.399078724025,
    62.218064342621));
#3262 = CARTESIAN_POINT('',(-207.5756136438,36.70025510955,
    189.40242787665));
#3263 = CARTESIAN_POINT('',(-219.2592925589,60.861916788713,
    183.64873317533));
#3264 = CARTESIAN_POINT('',(-234.0059036564,81.904337386853,
    171.0155801563));
#3265 = CARTESIAN_POINT('',(-251.3536655223,97.08901843273,
    152.5401468569));
#3266 = CARTESIAN_POINT('',(-270.357148059,104.17421242927,
    130.34590404369));
#3267 = CARTESIAN_POINT('',(-289.6879809243,102.05893111864,
    107.41642035447));
#3268 = CARTESIAN_POINT('',(-307.9602181841,91.260400023381,
    86.86458132406));
#3269 = CARTESIAN_POINT('',(-324.084478747,73.58274374606,
    71.137176944088));
#3270 = CARTESIAN_POINT('',(-337.4126045107,51.525748219569,
    61.689994148225));
#3271 = CARTESIAN_POINT('',(-207.7265299958,37.679603285614,
    189.06346420032));
#3272 = CARTESIAN_POINT('',(-219.5188384188,61.740078973103,
    183.06578362941));
#3273 = CARTESIAN_POINT('',(-234.3612523231,82.598073668143,
    170.21745398331));
#3274 = CARTESIAN_POINT('',(-251.7796780239,97.52656796688,
    151.58330711218));
#3275 = CARTESIAN_POINT('',(-270.8184172332,104.30843874429,
    129.30987651578));
#3276 = CARTESIAN_POINT('',(-290.143768324,101.87797959264,
    106.39270509377));
#3277 = CARTESIAN_POINT('',(-308.3716193066,90.78978291958,
    85.940559274037));
#3278 = CARTESIAN_POINT('',(-324.4202354682,72.877810722094,
    70.38305500134));
#3279 = CARTESIAN_POINT('',(-337.6523408428,50.66007742142,
    61.151537530269));
#3280 = CARTESIAN_POINT('',(-207.8722130729,38.663682226439,
    188.73625465167));
#3281 = CARTESIAN_POINT('',(-219.7736757414,62.62648071434,
    182.49340963158));
#3282 = CARTESIAN_POINT('',(-234.7128619932,83.303156221016,
    169.42772573433));
#3283 = CARTESIAN_POINT('',(-252.2033063424,97.977770715622,
    150.63182233036));
#3284 = CARTESIAN_POINT('',(-271.2789125344,104.4574918418,
    128.27558713521));
#3285 = CARTESIAN_POINT('',(-290.6004605077,101.71171894283,
    105.36695765487));
#3286 = CARTESIAN_POINT('',(-308.7854730468,90.33246552748,
    85.011028554638));
#3287 = CARTESIAN_POINT('',(-324.7597019853,72.18377321985,
    69.620600720434));
#3288 = CARTESIAN_POINT('',(-337.8966550502,49.80223278341,
    60.602798836018));
#3289 = DEFINITIONAL_REPRESENTATION('',(#3290),#3294);
#3290 = LINE('',#3291,#3292);
#3291 = CARTESIAN_POINT('',(0.,0.));
#3292 = VECTOR('',#3293,1.);
#3293 = DIRECTION('',(1.,0.));
#3294 = ( GEOMETRIC_REPRESENTATION_CONTEXT(2) 
PARAMETRIC_REPRESENTATION_CONTEXT() REPRESENTATION_CONTEXT('2D SPACE',''
  ) );
#3295 = ADVANCED_FACE('',(#3296),#3225,.T.);
#3296 = FACE_BOUND('',#3297,.T.);
#3297 = EDGE_LOOP('',(#3298,#3327,#3328,#3357));
#3298 = ORIENTED_EDGE('',*,*,#3299,.F.);
#3299 = EDGE_CURVE('',#2971,#3300,#3302,.T.);
#3300 = VERTEX_POINT('',#3301);
#3301 = CARTESIAN_POINT('',(-336.5003512031,55.0633378897,
    63.738948624096));
#3302 = SURFACE_CURVE('',#3303,(#3313,#3320),.PCURVE_S1.);
#3303 = B_SPLINE_CURVE_WITH_KNOTS('',8,(#3304,#3305,#3306,#3307,#3308,
    #3309,#3310,#3311,#3312),.UNSPECIFIED.,.F.,.F.,(9,9),(0.,
    66.666666666667),.PIECEWISE_BEZIER_KNOTS.);
#3304 = CARTESIAN_POINT('',(-206.9202095162,32.833933759264,
    190.87448964894));
#3305 = CARTESIAN_POINT('',(-218.1750352449,57.435029043377,
    186.08401497484));
#3306 = CARTESIAN_POINT('',(-232.5484975057,79.245502221566,
    174.28896796527));
#3307 = CARTESIAN_POINT('',(-249.6274213467,95.477006791747,
    156.4173547562));
#3308 = CARTESIAN_POINT('',(-268.506112395,103.78605743428,
    134.50339821504));
#3309 = CARTESIAN_POINT('',(-287.8756338455,102.92891390662,
    111.48701854067));
#3310 = CARTESIAN_POINT('',(-306.3407198184,93.274020252882,
    90.50203420858));
#3311 = CARTESIAN_POINT('',(-322.779835241,76.508688260629,
    74.067454235535));
#3312 = CARTESIAN_POINT('',(-336.5003512031,55.0633378897,
    63.738948624096));
#3313 = PCURVE('',#3225,#3314);
#3314 = DEFINITIONAL_REPRESENTATION('',(#3315),#3319);
#3315 = LINE('',#3316,#3317);
#3316 = CARTESIAN_POINT('',(0.,0.));
#3317 = VECTOR('',#3318,1.);
#3318 = DIRECTION('',(0.,1.));
#3319 = ( GEOMETRIC_REPRESENTATION_CONTEXT(2) 
PARAMETRIC_REPRESENTATION_CONTEXT() REPRESENTATION_CONTEXT('2D SPACE',''
  ) );
#3320 = PCURVE('',#765,#3321);
#3321 = DEFINITIONAL_REPRESENTATION('',(#3322),#3326);
#3322 = LINE('',#3323,#3324);
#3323 = CARTESIAN_POINT('',(44.,0.));
#3324 = VECTOR('',#3325,1.);
#3325 = DIRECTION('',(0.,1.));
#3326 = ( GEOMETRIC_REPRESENTATION_CONTEXT(2) 
PARAMETRIC_REPRESENTATION_CONTEXT() REPRESENTATION_CONTEXT('2D SPACE',''
  ) );
#3327 = ORIENTED_EDGE('',*,*,#3207,.T.);
#3328 = ORIENTED_EDGE('',*,*,#3329,.T.);
#3329 = EDGE_CURVE('',#3179,#3330,#3332,.T.);
#3330 = VERTEX_POINT('',#3331);
#3331 = CARTESIAN_POINT('',(-337.8966550502,49.80223278341,
    60.602798836018));
#3332 = SURFACE_CURVE('',#3333,(#3343,#3350),.PCURVE_S1.);
#3333 = ( BOUNDED_CURVE() B_SPLINE_CURVE(8,(#3334,#3335,#3336,#3337,
    #3338,#3339,#3340,#3341,#3342),.UNSPECIFIED.,.F.,.F.) 
B_SPLINE_CURVE_WITH_KNOTS((9,9),(0.,66.666666666667),
.PIECEWISE_BEZIER_KNOTS.) CURVE() GEOMETRIC_REPRESENTATION_ITEM() 
RATIONAL_B_SPLINE_CURVE((1.000053547667,1.000053547667,1.000053547667,
    1.000053547667,1.000053547667,1.000053547667,1.000053547667,
1.000053547667,1.000053547667)) REPRESENTATION_ITEM('') );
#3334 = CARTESIAN_POINT('',(-207.8722130729,38.663682226439,
    188.73625465167));
#3335 = CARTESIAN_POINT('',(-219.7736757414,62.62648071434,
    182.49340963158));
#3336 = CARTESIAN_POINT('',(-234.7128619932,83.303156221016,
    169.42772573433));
#3337 = CARTESIAN_POINT('',(-252.2033063424,97.977770715622,
    150.63182233036));
#3338 = CARTESIAN_POINT('',(-271.2789125344,104.4574918418,
    128.27558713521));
#3339 = CARTESIAN_POINT('',(-290.6004605077,101.71171894283,
    105.36695765487));
#3340 = CARTESIAN_POINT('',(-308.7854730468,90.33246552748,
    85.011028554638));
#3341 = CARTESIAN_POINT('',(-324.7597019853,72.18377321985,
    69.620600720434));
#3342 = CARTESIAN_POINT('',(-337.8966550502,49.80223278341,
    60.602798836018));
#3343 = PCURVE('',#3225,#3344);
#3344 = DEFINITIONAL_REPRESENTATION('',(#3345),#3349);
#3345 = LINE('',#3346,#3347);
#3346 = CARTESIAN_POINT('',(6.544984694977E-02,0.));
#3347 = VECTOR('',#3348,1.);
#3348 = DIRECTION('',(0.,1.));
#3349 = ( GEOMETRIC_REPRESENTATION_CONTEXT(2) 
PARAMETRIC_REPRESENTATION_CONTEXT() REPRESENTATION_CONTEXT('2D SPACE',''
  ) );
#3350 = PCURVE('',#522,#3351);
#3351 = DEFINITIONAL_REPRESENTATION('',(#3352),#3356);
#3352 = LINE('',#3353,#3354);
#3353 = CARTESIAN_POINT('',(0.,0.));
#3354 = VECTOR('',#3355,1.);
#3355 = DIRECTION('',(0.,1.));
#3356 = ( GEOMETRIC_REPRESENTATION_CONTEXT(2) 
PARAMETRIC_REPRESENTATION_CONTEXT() REPRESENTATION_CONTEXT('2D SPACE',''
  ) );
#3357 = ORIENTED_EDGE('',*,*,#3358,.F.);
#3358 = EDGE_CURVE('',#3300,#3330,#3359,.T.);
#3359 = SURFACE_CURVE('',#3360,(#3368,#3375),.PCURVE_S1.);
#3360 = ( BOUNDED_CURVE() B_SPLINE_CURVE(6,(#3361,#3362,#3363,#3364,
#3365,#3366,#3367),.UNSPECIFIED.,.F.,.F.) B_SPLINE_CURVE_WITH_KNOTS((7,7
),(0.,6.544984694977E-02),.PIECEWISE_BEZIER_KNOTS.) CURVE() 
GEOMETRIC_REPRESENTATION_ITEM() RATIONAL_B_SPLINE_CURVE((1.000053547667,
    1.000017847948,0.999996430156,0.999989291231,0.999996430156,
1.000017847948,1.000053547667)) REPRESENTATION_ITEM('') );
#3361 = CARTESIAN_POINT('',(-336.5003512031,55.0633378897,
    63.738948624096));
#3362 = CARTESIAN_POINT('',(-336.7213220613,54.168044312225,
    63.242639950563));
#3363 = CARTESIAN_POINT('',(-336.9470502505,53.279900727762,
    62.735646136863));
#3364 = CARTESIAN_POINT('',(-337.1774925123,52.399078724025,
    62.218064342621));
#3365 = CARTESIAN_POINT('',(-337.4126045107,51.525748219569,
    61.689994148225));
#3366 = CARTESIAN_POINT('',(-337.6523408428,50.66007742142,
    61.151537530269));
#3367 = CARTESIAN_POINT('',(-337.8966550502,49.80223278341,
    60.602798836018));
#3368 = PCURVE('',#3225,#3369);
#3369 = DEFINITIONAL_REPRESENTATION('',(#3370),#3374);
#3370 = LINE('',#3371,#3372);
#3371 = CARTESIAN_POINT('',(0.,66.666666666667));
#3372 = VECTOR('',#3373,1.);
#3373 = DIRECTION('',(1.,0.));
#3374 = ( GEOMETRIC_REPRESENTATION_CONTEXT(2) 
PARAMETRIC_REPRESENTATION_CONTEXT() REPRESENTATION_CONTEXT('2D SPACE',''
  ) );
#3375 = PCURVE('',#3376,#3440);
#3376 = ( BOUNDED_SURFACE() B_SPLINE_SURFACE(6,8,(
    (#3377,#3378,#3379,#3380,#3381,#3382,#3383,#3384,#3385)
    ,(#3386,#3387,#3388,#3389,#3390,#3391,#3392,#3393,#3394)
    ,(#3395,#3396,#3397,#3398,#3399,#3400,#3401,#3402,#3403)
    ,(#3404,#3405,#3406,#3407,#3408,#3409,#3410,#3411,#3412)
    ,(#3413,#3414,#3415,#3416,#3417,#3418,#3419,#3420,#3421)
    ,(#3422,#3423,#3424,#3425,#3426,#3427,#3428,#3429,#3430)
    ,(#3431,#3432,#3433,#3434,#3435,#3436,#3437,#3438,#3439
)),.UNSPECIFIED.,.F.,.F.,.F.) B_SPLINE_SURFACE_WITH_KNOTS((7,7),(9,9),(
    0.,6.544984694977E-02),(0.,66.666666666667),
.PIECEWISE_BEZIER_KNOTS.) GEOMETRIC_REPRESENTATION_ITEM() 
RATIONAL_B_SPLINE_SURFACE((
    (1.000053547667,1.000053547667,1.000053547667,1.000053547667
      ,1.000053547667,1.000053547667,1.000053547667,1.000053547667
      ,1.000053547667)
    ,(1.000017847948,1.000017847948,1.000017847948,1.000017847948
      ,1.000017847948,1.000017847948,1.000017847948,1.000017847948
      ,1.000017847948)
    ,(0.999996430156,0.999996430156,0.999996430156,0.999996430156
      ,0.999996430156,0.999996430156,0.999996430156,0.999996430156
      ,0.999996430156)
    ,(0.999989291231,0.999989291231,0.999989291231,0.999989291231
      ,0.999989291231,0.999989291231,0.999989291231,0.999989291231
      ,0.999989291231)
    ,(0.999996430156,0.999996430156,0.999996430156,0.999996430156
      ,0.999996430156,0.999996430156,0.999996430156,0.999996430156
      ,0.999996430156)
    ,(1.000017847948,1.000017847948,1.000017847948,1.000017847948
      ,1.000017847948,1.000017847948,1.000017847948,1.000017847948
      ,1.000017847948)
    ,(1.000053547667,1.000053547667,1.000053547667,1.000053547667
      ,1.000053547667,1.000053547667,1.000053547667,1.000053547667
,1.000053547667))) REPRESENTATION_ITEM('') SURFACE() );
#3377 = CARTESIAN_POINT('',(-336.5003512031,55.0633378897,
    63.738948624096));
#3378 = CARTESIAN_POINT('',(-350.2208671652,33.617987518772,
    53.410443012657));
#3379 = CARTESIAN_POINT('',(-361.2228295904,7.492457521256,
    49.187908617141));
#3380 = CARTESIAN_POINT('',(-368.8142069701,-20.88180370086,
    52.625673654112));
#3381 = CARTESIAN_POINT('',(-372.7336838022,-48.33659435886,
    64.310662351242));
#3382 = CARTESIAN_POINT('',(-373.3176470745,-71.5223856891,
    83.487337163408));
#3383 = CARTESIAN_POINT('',(-371.4891462927,-87.84049639067,
    108.08249495704));
#3384 = CARTESIAN_POINT('',(-368.4536446586,-96.,135.38862105093));
#3385 = CARTESIAN_POINT('',(-365.418183057,-96.,162.69465723032));
#3386 = CARTESIAN_POINT('',(-336.7213220613,54.168044312225,
    63.242639950563));
#3387 = CARTESIAN_POINT('',(-350.3425318695,32.574537991808,
    53.137179612896));
#3388 = CARTESIAN_POINT('',(-361.2264063869,6.376946812568,
    49.179875000659));
#3389 = CARTESIAN_POINT('',(-368.6921730016,-21.97649499099,
    52.899766435042));
#3390 = CARTESIAN_POINT('',(-372.4927297592,-49.31285253553,
    64.851853992591));
#3391 = CARTESIAN_POINT('',(-372.9790535761,-72.29398942133,
    84.247830612384));
#3392 = CARTESIAN_POINT('',(-371.0850409718,-88.34778163949,
    108.99013036823));
#3393 = CARTESIAN_POINT('',(-368.0210106294,-96.21648511612,
    136.36033299001));
#3394 = CARTESIAN_POINT('',(-364.9931462241,-95.9315075582,
    163.64930558733));
#3395 = CARTESIAN_POINT('',(-336.9470502505,53.279900727762,
    62.735646136863));
#3396 = CARTESIAN_POINT('',(-350.4697469833,31.535048775365,
    52.851449788941));
#3397 = CARTESIAN_POINT('',(-361.2359223262,5.261599007484,
    49.158501850931));
#3398 = CARTESIAN_POINT('',(-368.5759727087,-23.07506687617,
    53.160756565989));
#3399 = CARTESIAN_POINT('',(-372.256983915,-50.2968236572,
    65.381347828154));
#3400 = CARTESIAN_POINT('',(-372.6445828208,-73.0764572554,
    84.999064228471));
#3401 = CARTESIAN_POINT('',(-370.683653894,-88.86805072011,
    109.89166050553));
#3402 = CARTESIAN_POINT('',(-367.589547763,-96.44688467873,
    137.32941445461));
#3403 = CARTESIAN_POINT('',(-364.5677629268,-95.87669726642,
    164.60473211589));
#3404 = CARTESIAN_POINT('',(-337.1774925123,52.399078724025,
    62.218064342621));
#3405 = CARTESIAN_POINT('',(-350.6024882812,30.499720460833,
    52.553307952621));
#3406 = CARTESIAN_POINT('',(-361.2513758921,4.146629117107,
    49.123792573748));
#3407 = CARTESIAN_POINT('',(-368.4656288034,-24.17730779562,
    53.408593035104));
#3408 = CARTESIAN_POINT('',(-372.0264919923,-51.28831845959,
    65.899041162573));
#3409 = CARTESIAN_POINT('',(-372.3142995045,-73.86963893893,
    85.740892702746));
#3410 = CARTESIAN_POINT('',(-370.2850625791,-89.40120403696,
    110.78691125669));
#3411 = CARTESIAN_POINT('',(-367.1593392938,-96.69115501937,
    138.29567849684));
#3412 = CARTESIAN_POINT('',(-364.1421151467,-95.83558042288,
    165.56075268285));
#3413 = CARTESIAN_POINT('',(-337.4126045107,51.525748219569,
    61.689994148225));
#3414 = CARTESIAN_POINT('',(-350.7407302743,29.468752693078,
    52.242811352362));
#3415 = CARTESIAN_POINT('',(-361.2727642116,3.032252070531,
    49.075753621607));
#3416 = CARTESIAN_POINT('',(-368.3611626602,-25.28300534614,
    53.643227834422));
#3417 = CARTESIAN_POINT('',(-371.8012985148,-52.2871459558,
    66.404833994263));
#3418 = CARTESIAN_POINT('',(-371.9882673675,-74.67338176896,
    86.473172871936));
#3419 = CARTESIAN_POINT('',(-369.8893439096,-89.94713904906,
    111.67570994045));
#3420 = CARTESIAN_POINT('',(-366.7304681716,-96.94924929998,
    139.2589388087));
#3421 = CARTESIAN_POINT('',(-363.716284927,-95.80816519775,
    166.51718301564));
#3422 = CARTESIAN_POINT('',(-337.6523408428,50.66007742142,
    61.151537530269));
#3423 = CARTESIAN_POINT('',(-350.8844462174,28.442344120746,
    51.920020059198));
#3424 = CARTESIAN_POINT('',(-361.3000830561,1.91868266141,
    49.014394492339));
#3425 = CARTESIAN_POINT('',(-368.2625943107,-26.39194633484,
    53.864615972069));
#3426 = CARTESIAN_POINT('',(-371.5814467955,-53.2931134837,
    66.898629040462));
#3427 = CARTESIAN_POINT('',(-371.666549179,-75.4875306297,
    87.195763754203));
#3428 = CARTESIAN_POINT('',(-369.4965741119,-90.50575029529,
    112.55788534964));
#3429 = CARTESIAN_POINT('',(-366.3030170404,-97.22111752421,
    140.21900976841));
#3430 = CARTESIAN_POINT('',(-363.290354353,-95.7944566309,
    167.47383874808));
#3431 = CARTESIAN_POINT('',(-337.8966550502,49.80223278341,
    60.602798836018));
#3432 = CARTESIAN_POINT('',(-351.0336081151,27.420692346969,
    51.584996951602));
#3433 = CARTESIAN_POINT('',(-361.333326842,0.806135494574,
    48.939727726493));
#3434 = CARTESIAN_POINT('',(-368.169942439,-27.50391683213,
    54.072715483204));
#3435 = CARTESIAN_POINT('',(-371.3669789265,-54.30602675393,
    67.380331761178));
#3436 = CARTESIAN_POINT('',(-371.3492067213,-76.31192803129,
    87.908526584007));
#3437 = CARTESIAN_POINT('',(-369.1068287373,-91.07692942087,
    113.43326779355));
#3438 = CARTESIAN_POINT('',(-365.8770682183,-97.50670655016,
    141.17570648654));
#3439 = CARTESIAN_POINT('',(-362.8644055309,-95.7944566309,
    168.4305354662));
#3440 = DEFINITIONAL_REPRESENTATION('',(#3441),#3445);
#3441 = LINE('',#3442,#3443);
#3442 = CARTESIAN_POINT('',(0.,0.));
#3443 = VECTOR('',#3444,1.);
#3444 = DIRECTION('',(1.,0.));
#3445 = ( GEOMETRIC_REPRESENTATION_CONTEXT(2) 
PARAMETRIC_REPRESENTATION_CONTEXT() REPRESENTATION_CONTEXT('2D SPACE',''
  ) );
#3446 = ADVANCED_FACE('',(#3447),#3376,.T.);
#3447 = FACE_BOUND('',#3448,.T.);
#3448 = EDGE_LOOP('',(#3449,#3478,#3479,#3508));
#3449 = ORIENTED_EDGE('',*,*,#3450,.F.);
#3450 = EDGE_CURVE('',#3300,#3451,#3453,.T.);
#3451 = VERTEX_POINT('',#3452);
#3452 = CARTESIAN_POINT('',(-365.418183057,-96.,162.69465723032));
#3453 = SURFACE_CURVE('',#3454,(#3464,#3471),.PCURVE_S1.);
#3454 = B_SPLINE_CURVE_WITH_KNOTS('',8,(#3455,#3456,#3457,#3458,#3459,
    #3460,#3461,#3462,#3463),.UNSPECIFIED.,.F.,.F.,(9,9),(0.,
    66.666666666667),.PIECEWISE_BEZIER_KNOTS.);
#3455 = CARTESIAN_POINT('',(-336.5003512031,55.0633378897,
    63.738948624096));
#3456 = CARTESIAN_POINT('',(-350.2208671652,33.617987518772,
    53.410443012657));
#3457 = CARTESIAN_POINT('',(-361.2228295904,7.492457521255,
    49.18790861714));
#3458 = CARTESIAN_POINT('',(-368.8142069701,-20.88180370086,
    52.625673654112));
#3459 = CARTESIAN_POINT('',(-372.7336838022,-48.33659435886,
    64.310662351243));
#3460 = CARTESIAN_POINT('',(-373.3176470745,-71.5223856891,
    83.487337163407));
#3461 = CARTESIAN_POINT('',(-371.4891462927,-87.84049639067,
    108.08249495704));
#3462 = CARTESIAN_POINT('',(-368.4536446586,-96.,135.38862105093));
#3463 = CARTESIAN_POINT('',(-365.418183057,-96.,162.69465723032));
#3464 = PCURVE('',#3376,#3465);
#3465 = DEFINITIONAL_REPRESENTATION('',(#3466),#3470);
#3466 = LINE('',#3467,#3468);
#3467 = CARTESIAN_POINT('',(0.,0.));
#3468 = VECTOR('',#3469,1.);
#3469 = DIRECTION('',(0.,1.));
#3470 = ( GEOMETRIC_REPRESENTATION_CONTEXT(2) 
PARAMETRIC_REPRESENTATION_CONTEXT() REPRESENTATION_CONTEXT('2D SPACE',''
  ) );
#3471 = PCURVE('',#695,#3472);
#3472 = DEFINITIONAL_REPRESENTATION('',(#3473),#3477);
#3473 = LINE('',#3474,#3475);
#3474 = CARTESIAN_POINT('',(44.,0.));
#3475 = VECTOR('',#3476,1.);
#3476 = DIRECTION('',(0.,1.));
#3477 = ( GEOMETRIC_REPRESENTATION_CONTEXT(2) 
PARAMETRIC_REPRESENTATION_CONTEXT() REPRESENTATION_CONTEXT('2D SPACE',''
  ) );
#3478 = ORIENTED_EDGE('',*,*,#3358,.T.);
#3479 = ORIENTED_EDGE('',*,*,#3480,.T.);
#3480 = EDGE_CURVE('',#3330,#3481,#3483,.T.);
#3481 = VERTEX_POINT('',#3482);
#3482 = CARTESIAN_POINT('',(-362.8644055309,-95.7944566309,
    168.4305354662));
#3483 = SURFACE_CURVE('',#3484,(#3494,#3501),.PCURVE_S1.);
#3484 = ( BOUNDED_CURVE() B_SPLINE_CURVE(8,(#3485,#3486,#3487,#3488,
    #3489,#3490,#3491,#3492,#3493),.UNSPECIFIED.,.F.,.F.) 
B_SPLINE_CURVE_WITH_KNOTS((9,9),(0.,66.666666666667),
.PIECEWISE_BEZIER_KNOTS.) CURVE() GEOMETRIC_REPRESENTATION_ITEM() 
RATIONAL_B_SPLINE_CURVE((1.000053547667,1.000053547667,1.000053547667,
    1.000053547667,1.000053547667,1.000053547667,1.000053547667,
1.000053547667,1.000053547667)) REPRESENTATION_ITEM('') );
#3485 = CARTESIAN_POINT('',(-337.8966550502,49.80223278341,
    60.602798836018));
#3486 = CARTESIAN_POINT('',(-351.0336081151,27.420692346969,
    51.584996951602));
#3487 = CARTESIAN_POINT('',(-361.333326842,0.806135494574,
    48.939727726493));
#3488 = CARTESIAN_POINT('',(-368.169942439,-27.50391683213,
    54.072715483204));
#3489 = CARTESIAN_POINT('',(-371.3669789265,-54.30602675393,
    67.380331761178));
#3490 = CARTESIAN_POINT('',(-371.3492067213,-76.31192803129,
    87.908526584007));
#3491 = CARTESIAN_POINT('',(-369.1068287373,-91.07692942087,
    113.43326779355));
#3492 = CARTESIAN_POINT('',(-365.8770682183,-97.50670655016,
    141.17570648654));
#3493 = CARTESIAN_POINT('',(-362.8644055309,-95.7944566309,
    168.4305354662));
#3494 = PCURVE('',#3376,#3495);
#3495 = DEFINITIONAL_REPRESENTATION('',(#3496),#3500);
#3496 = LINE('',#3497,#3498);
#3497 = CARTESIAN_POINT('',(6.544984694977E-02,0.));
#3498 = VECTOR('',#3499,1.);
#3499 = DIRECTION('',(0.,1.));
#3500 = ( GEOMETRIC_REPRESENTATION_CONTEXT(2) 
PARAMETRIC_REPRESENTATION_CONTEXT() REPRESENTATION_CONTEXT('2D SPACE',''
  ) );
#3501 = PCURVE('',#592,#3502);
#3502 = DEFINITIONAL_REPRESENTATION('',(#3503),#3507);
#3503 = LINE('',#3504,#3505);
#3504 = CARTESIAN_POINT('',(0.,0.));
#3505 = VECTOR('',#3506,1.);
#3506 = DIRECTION('',(0.,1.));
#3507 = ( GEOMETRIC_REPRESENTATION_CONTEXT(2) 
PARAMETRIC_REPRESENTATION_CONTEXT() REPRESENTATION_CONTEXT('2D SPACE',''
  ) );
#3508 = ORIENTED_EDGE('',*,*,#3509,.F.);
#3509 = EDGE_CURVE('',#3451,#3481,#3510,.T.);
#3510 = SURFACE_CURVE('',#3511,(#3519,#3526),.PCURVE_S1.);
#3511 = ( BOUNDED_CURVE() B_SPLINE_CURVE(6,(#3512,#3513,#3514,#3515,
#3516,#3517,#3518),.UNSPECIFIED.,.F.,.F.) B_SPLINE_CURVE_WITH_KNOTS((7,7
),(0.,6.544984694977E-02),.PIECEWISE_BEZIER_KNOTS.) CURVE() 
GEOMETRIC_REPRESENTATION_ITEM() RATIONAL_B_SPLINE_CURVE((1.000053547667,
    1.000017847948,0.999996430156,0.999989291231,0.999996430156,
1.000017847948,1.000053547667)) REPRESENTATION_ITEM('') );
#3512 = CARTESIAN_POINT('',(-365.418183057,-96.,162.69465723032));
#3513 = CARTESIAN_POINT('',(-364.9931462241,-95.9315075582,
    163.64930558733));
#3514 = CARTESIAN_POINT('',(-364.5677629268,-95.87669726642,
    164.60473211589));
#3515 = CARTESIAN_POINT('',(-364.1421151467,-95.83558042288,
    165.56075268285));
#3516 = CARTESIAN_POINT('',(-363.716284927,-95.80816519775,
    166.51718301564));
#3517 = CARTESIAN_POINT('',(-363.290354353,-95.7944566309,
    167.47383874808));
#3518 = CARTESIAN_POINT('',(-362.8644055309,-95.7944566309,
    168.4305354662));
#3519 = PCURVE('',#3376,#3520);
#3520 = DEFINITIONAL_REPRESENTATION('',(#3521),#3525);
#3521 = LINE('',#3522,#3523);
#3522 = CARTESIAN_POINT('',(0.,66.666666666667));
#3523 = VECTOR('',#3524,1.);
#3524 = DIRECTION('',(1.,0.));
#3525 = ( GEOMETRIC_REPRESENTATION_CONTEXT(2) 
PARAMETRIC_REPRESENTATION_CONTEXT() REPRESENTATION_CONTEXT('2D SPACE',''
  ) );
#3526 = PCURVE('',#635,#3527);
#3527 = DEFINITIONAL_REPRESENTATION('',(#3528),#3536);
#3528 = ( BOUNDED_CURVE() B_SPLINE_CURVE(6,(#3529,#3530,#3531,#3532,
#3533,#3534,#3535),.UNSPECIFIED.,.F.,.F.) B_SPLINE_CURVE_WITH_KNOTS((7,7
),(0.,6.544984694977E-02),.PIECEWISE_BEZIER_KNOTS.) CURVE() 
GEOMETRIC_REPRESENTATION_ITEM() RATIONAL_B_SPLINE_CURVE((1.000053547667,
    1.000017847948,0.999996430156,0.999989291231,0.999996430156,
1.000017847948,1.000053547667)) REPRESENTATION_ITEM('') );
#3529 = CARTESIAN_POINT('',(-10.29453318666,18.95792975231));
#3530 = CARTESIAN_POINT('',(-11.11125546276,18.302440825485));
#3531 = CARTESIAN_POINT('',(-11.93652326356,17.657671078923));
#3532 = CARTESIAN_POINT('',(-12.77017796212,17.023745376967));
#3533 = CARTESIAN_POINT('',(-13.61205901231,16.400786109162));
#3534 = CARTESIAN_POINT('',(-14.46200398862,15.788913159631));
#3535 = CARTESIAN_POINT('',(-15.31984862663,15.188243877483));
#3536 = ( GEOMETRIC_REPRESENTATION_CONTEXT(2) 
PARAMETRIC_REPRESENTATION_CONTEXT() REPRESENTATION_CONTEXT('2D SPACE',''
  ) );
#3537 = ADVANCED_FACE('',(#3538),#3107,.T.);
#3538 = FACE_BOUND('',#3539,.T.);
#3539 = EDGE_LOOP('',(#3540,#3569,#3660,#3706));
#3540 = ORIENTED_EDGE('',*,*,#3541,.F.);
#3541 = EDGE_CURVE('',#3542,#2930,#3544,.T.);
#3542 = VERTEX_POINT('',#3543);
#3543 = CARTESIAN_POINT('',(-146.9048073781,73.540266539422,
    -2.141154891469));
#3544 = SURFACE_CURVE('',#3545,(#3555,#3562),.PCURVE_S1.);
#3545 = B_SPLINE_CURVE_WITH_KNOTS('',8,(#3546,#3547,#3548,#3549,#3550,
    #3551,#3552,#3553,#3554),.UNSPECIFIED.,.F.,.F.,(9,9),(0.,
    66.666666666667),.PIECEWISE_BEZIER_KNOTS.);
#3546 = CARTESIAN_POINT('',(-146.9048073781,73.540266539422,
    -2.141154891469));
#3547 = CARTESIAN_POINT('',(-162.6747881954,56.71212626934,
    -17.07283393431));
#3548 = CARTESIAN_POINT('',(-176.3115360178,33.633380335203,
    -27.21319322343));
#3549 = CARTESIAN_POINT('',(-186.8906382731,6.212266594666,
    -30.48596812735));
#3550 = CARTESIAN_POINT('',(-193.8261631978,-22.65725011888,
    -25.57513435816));
#3551 = CARTESIAN_POINT('',(-197.0904267938,-49.52572007254,
    -12.41851263788));
#3552 = CARTESIAN_POINT('',(-197.3014601454,-71.29564507215,
    7.595776490314));
#3553 = CARTESIAN_POINT('',(-195.4877539276,-85.95301256789,
    32.157705148858));
#3554 = CARTESIAN_POINT('',(-192.8151257271,-92.72887932375,
    58.648804166699));
#3555 = PCURVE('',#3107,#3556);
#3556 = DEFINITIONAL_REPRESENTATION('',(#3557),#3561);
#3557 = LINE('',#3558,#3559);
#3558 = CARTESIAN_POINT('',(0.,0.));
#3559 = VECTOR('',#3560,1.);
#3560 = DIRECTION('',(0.,1.));
#3561 = ( GEOMETRIC_REPRESENTATION_CONTEXT(2) 
PARAMETRIC_REPRESENTATION_CONTEXT() REPRESENTATION_CONTEXT('2D SPACE',''
  ) );
#3562 = PCURVE('',#2944,#3563);
#3563 = DEFINITIONAL_REPRESENTATION('',(#3564),#3568);
#3564 = LINE('',#3565,#3566);
#3565 = CARTESIAN_POINT('',(44.,0.));
#3566 = VECTOR('',#3567,1.);
#3567 = DIRECTION('',(0.,1.));
#3568 = ( GEOMETRIC_REPRESENTATION_CONTEXT(2) 
PARAMETRIC_REPRESENTATION_CONTEXT() REPRESENTATION_CONTEXT('2D SPACE',''
  ) );
#3569 = ORIENTED_EDGE('',*,*,#3570,.T.);
#3570 = EDGE_CURVE('',#3542,#3571,#3573,.T.);
#3571 = VERTEX_POINT('',#3572);
#3572 = CARTESIAN_POINT('',(-148.8073761184,69.346940357737,
    -6.414394246896));
#3573 = SURFACE_CURVE('',#3574,(#3582,#3589),.PCURVE_S1.);
#3574 = ( BOUNDED_CURVE() B_SPLINE_CURVE(6,(#3575,#3576,#3577,#3578,
#3579,#3580,#3581),.UNSPECIFIED.,.F.,.F.) B_SPLINE_CURVE_WITH_KNOTS((7,7
),(0.,6.544984694977E-02),.PIECEWISE_BEZIER_KNOTS.) CURVE() 
GEOMETRIC_REPRESENTATION_ITEM() RATIONAL_B_SPLINE_CURVE((1.000053547667,
    1.000017847948,0.999996430156,0.999989291231,0.999996430156,
1.000017847948,1.000053547667)) REPRESENTATION_ITEM('') );
#3575 = CARTESIAN_POINT('',(-146.9048073781,73.540266539422,
    -2.141154891469));
#3576 = CARTESIAN_POINT('',(-147.2124974569,72.816089909268,
    -2.832238123264));
#3577 = CARTESIAN_POINT('',(-147.5240300761,72.101846878109,
    -3.531951842369));
#3578 = CARTESIAN_POINT('',(-147.8393453884,71.397675660389,
    -4.240161629088));
#3579 = CARTESIAN_POINT('',(-148.1583826808,70.70371217244,
    -4.956731120105));
#3580 = CARTESIAN_POINT('',(-148.4810803902,70.020089998506,
    -5.681522042226));
#3581 = CARTESIAN_POINT('',(-148.8073761184,69.346940357737,
    -6.414394246896));
#3582 = PCURVE('',#3107,#3583);
#3583 = DEFINITIONAL_REPRESENTATION('',(#3584),#3588);
#3584 = LINE('',#3585,#3586);
#3585 = CARTESIAN_POINT('',(0.,0.));
#3586 = VECTOR('',#3587,1.);
#3587 = DIRECTION('',(1.,0.));
#3588 = ( GEOMETRIC_REPRESENTATION_CONTEXT(2) 
PARAMETRIC_REPRESENTATION_CONTEXT() REPRESENTATION_CONTEXT('2D SPACE',''
  ) );
#3589 = PCURVE('',#3590,#3654);
#3590 = ( BOUNDED_SURFACE() B_SPLINE_SURFACE(6,8,(
    (#3591,#3592,#3593,#3594,#3595,#3596,#3597,#3598,#3599)
    ,(#3600,#3601,#3602,#3603,#3604,#3605,#3606,#3607,#3608)
    ,(#3609,#3610,#3611,#3612,#3613,#3614,#3615,#3616,#3617)
    ,(#3618,#3619,#3620,#3621,#3622,#3623,#3624,#3625,#3626)
    ,(#3627,#3628,#3629,#3630,#3631,#3632,#3633,#3634,#3635)
    ,(#3636,#3637,#3638,#3639,#3640,#3641,#3642,#3643,#3644)
    ,(#3645,#3646,#3647,#3648,#3649,#3650,#3651,#3652,#3653
)),.UNSPECIFIED.,.F.,.F.,.F.) B_SPLINE_SURFACE_WITH_KNOTS((7,7),(9,9),(
    0.,6.544984694977E-02),(0.,66.666666666667),
.PIECEWISE_BEZIER_KNOTS.) GEOMETRIC_REPRESENTATION_ITEM() 
RATIONAL_B_SPLINE_SURFACE((
    (1.000053547667,1.000053547667,1.000053547667,1.000053547667
      ,1.000053547667,1.000053547667,1.000053547667,1.000053547667
      ,1.000053547667)
    ,(1.000017847948,1.000017847948,1.000017847948,1.000017847948
      ,1.000017847948,1.000017847948,1.000017847948,1.000017847948
      ,1.000017847948)
    ,(0.999996430156,0.999996430156,0.999996430156,0.999996430156
      ,0.999996430156,0.999996430156,0.999996430156,0.999996430156
      ,0.999996430156)
    ,(0.999989291231,0.999989291231,0.999989291231,0.999989291231
      ,0.999989291231,0.999989291231,0.999989291231,0.999989291231
      ,0.999989291231)
    ,(0.999996430156,0.999996430156,0.999996430156,0.999996430156
      ,0.999996430156,0.999996430156,0.999996430156,0.999996430156
      ,0.999996430156)
    ,(1.000017847948,1.000017847948,1.000017847948,1.000017847948
      ,1.000017847948,1.000017847948,1.000017847948,1.000017847948
      ,1.000017847948)
    ,(1.000053547667,1.000053547667,1.000053547667,1.000053547667
      ,1.000053547667,1.000053547667,1.000053547667,1.000053547667
,1.000053547667))) REPRESENTATION_ITEM('') SURFACE() );
#3591 = CARTESIAN_POINT('',(-22.00489732373,8.366951303775,
    114.48241377651));
#3592 = CARTESIAN_POINT('',(-30.54584015535,34.447267512693,
    115.78741988935));
#3593 = CARTESIAN_POINT('',(-42.39292666483,59.816534173234,
    109.66670572188));
#3594 = CARTESIAN_POINT('',(-57.44059304857,81.518499447228,
    96.357371458981));
#3595 = CARTESIAN_POINT('',(-75.06070720846,96.713209134704,
    77.270224891979));
#3596 = CARTESIAN_POINT('',(-94.1198632943,103.36638563683,
    54.950937240008));
#3597 = CARTESIAN_POINT('',(-113.2315514154,100.94606794657,
    32.513660704976));
#3598 = CARTESIAN_POINT('',(-131.1348265609,90.368406809503,
    12.79052415138));
#3599 = CARTESIAN_POINT('',(-146.9048073781,73.540266539422,
    -2.141154891469));
#3600 = CARTESIAN_POINT('',(-22.06969410089,9.401998006132,
    114.33687783219));
#3601 = CARTESIAN_POINT('',(-30.72544453284,35.438869445364,
    115.38402185275));
#3602 = CARTESIAN_POINT('',(-42.68183168326,60.676717555141,
    109.0178144263));
#3603 = CARTESIAN_POINT('',(-57.82027835695,82.164224838057,
    95.504584293876));
#3604 = CARTESIAN_POINT('',(-75.50052680118,97.080273760981,
    76.282373912831));
#3605 = CARTESIAN_POINT('',(-94.58097311192,103.42237102423,
    53.915267632837));
#3606 = CARTESIAN_POINT('',(-113.6737413821,100.69604180165,
    31.520485778833));
#3607 = CARTESIAN_POINT('',(-131.5228424654,89.850529399657,
    11.919026160901));
#3608 = CARTESIAN_POINT('',(-147.2124974569,72.816089909268,
    -2.832238123264));
#3609 = CARTESIAN_POINT('',(-22.12897721925,10.439085759832,
    114.20372576828));
#3610 = CARTESIAN_POINT('',(-30.89976164538,36.436209212565,
    114.99249920764));
#3611 = CARTESIAN_POINT('',(-42.96614446395,61.546162089851,
    108.3792374656));
#3612 = CARTESIAN_POINT('',(-58.19650937375,82.822142205869,
    94.659555594632));
#3613 = CARTESIAN_POINT('',(-75.93837319527,97.461477640086,
    75.298954810403));
#3614 = CARTESIAN_POINT('',(-95.04176509309,103.49319418746,
    52.880311898005));
#3615 = CARTESIAN_POINT('',(-114.1172436152,100.46025763342,
    30.524363453933));
#3616 = CARTESIAN_POINT('',(-131.9135990736,89.345161925086,
    11.041372449336));
#3617 = CARTESIAN_POINT('',(-147.5240300761,72.101846878109,
    -3.531951842369));
#3618 = CARTESIAN_POINT('',(-22.18273495576,11.47801475774,
    114.08298391519));
#3619 = CARTESIAN_POINT('',(-31.06875760728,37.439094867202,
    114.61292806258));
#3620 = CARTESIAN_POINT('',(-43.24580995484,62.42470067292,
    107.75109848867));
#3621 = CARTESIAN_POINT('',(-58.56921338908,83.492125378609,
    93.822448670416));
#3622 = CARTESIAN_POINT('',(-76.37416188267,97.856748045523,
    74.320157392852));
#3623 = CARTESIAN_POINT('',(-95.50215039525,103.5788422686,
    51.846269579181));
#3624 = CARTESIAN_POINT('',(-114.5619726924,100.23876165588,
    29.52548559209));
#3625 = CARTESIAN_POINT('',(-132.3070212071,88.85240247384,
    10.157731869869));
#3626 = CARTESIAN_POINT('',(-147.8393453884,71.397675660389,
    -4.240161629088));
#3627 = CARTESIAN_POINT('',(-22.23095684941,12.518584768073,
    113.97467576875));
#3628 = CARTESIAN_POINT('',(-31.23239974776,38.447333191373,
    114.2453817973));
#3629 = CARTESIAN_POINT('',(-43.52077416445,63.312164119013,
    107.13351876237));
#3630 = CARTESIAN_POINT('',(-58.9383184973,84.174045425287,
    92.99342502395));
#3631 = CARTESIAN_POINT('',(-76.80780882372,98.26600903582,
    73.346170416338));
#3632 = CARTESIAN_POINT('',(-95.96204026697,103.67929902274,
    50.813340015364));
#3633 = CARTESIAN_POINT('',(-115.0078429093,100.03159681982,
    28.524044688478));
#3634 = CARTESIAN_POINT('',(-132.7030330771,88.372346255655,
    9.26827464677));
#3635 = CARTESIAN_POINT('',(-148.1583826808,70.70371217244,
    -4.956731120105));
#3636 = CARTESIAN_POINT('',(-22.2736337039,13.560595184141,
    113.87882198418));
#3637 = CARTESIAN_POINT('',(-31.39065661919,39.460729744289,
    113.88993104434));
#3638 = CARTESIAN_POINT('',(-43.79098417539,64.208381203798,
    106.52661714112));
#3639 = CARTESIAN_POINT('',(-59.30375361495,84.86777068778,
    92.172644311222));
#3640 = CARTESIAN_POINT('',(-77.2392304681,98.689181473191,
    72.377181538025));
#3641 = CARTESIAN_POINT('',(-96.42134606998,103.79454482174,
    49.781722291324));
#3642 = CARTESIAN_POINT('',(-115.4547683009,99.838802801914,
    27.520233823837));
#3643 = CARTESIAN_POINT('',(-133.1015583034,87.905085578051,
    8.373172333193));
#3644 = CARTESIAN_POINT('',(-148.4810803902,70.020089998506,
    -5.681522042226));
#3645 = CARTESIAN_POINT('',(-22.31075758986,14.603845074232,
    113.79544037112));
#3646 = CARTESIAN_POINT('',(-31.54349800482,40.479088910703,
    113.54664367166));
#3647 = CARTESIAN_POINT('',(-44.05638815737,65.113178706668,
    105.93051003765));
#3648 = CARTESIAN_POINT('',(-59.66544849843,85.573166813771,
    91.360264301977));
#3649 = CARTESIAN_POINT('',(-77.66834377547,99.126183043454,
    71.413377269497));
#3650 = CARTESIAN_POINT('',(-96.87997930125,103.92455665939,
    48.751615188166));
#3651 = CARTESIAN_POINT('',(-115.9026626627,99.660415995105,
    26.514246616418));
#3652 = CARTESIAN_POINT('',(-133.5025199329,87.450709823628,
    7.472597768433));
#3653 = CARTESIAN_POINT('',(-148.8073761184,69.346940357737,
    -6.414394246896));
#3654 = DEFINITIONAL_REPRESENTATION('',(#3655),#3659);
#3655 = LINE('',#3656,#3657);
#3656 = CARTESIAN_POINT('',(0.,66.666666666667));
#3657 = VECTOR('',#3658,1.);
#3658 = DIRECTION('',(1.,0.));
#3659 = ( GEOMETRIC_REPRESENTATION_CONTEXT(2) 
PARAMETRIC_REPRESENTATION_CONTEXT() REPRESENTATION_CONTEXT('2D SPACE',''
  ) );
#3660 = ORIENTED_EDGE('',*,*,#3661,.T.);
#3661 = EDGE_CURVE('',#3571,#3088,#3662,.T.);
#3662 = SURFACE_CURVE('',#3663,(#3673,#3680),.PCURVE_S1.);
#3663 = ( BOUNDED_CURVE() B_SPLINE_CURVE(8,(#3664,#3665,#3666,#3667,
    #3668,#3669,#3670,#3671,#3672),.UNSPECIFIED.,.F.,.F.) 
B_SPLINE_CURVE_WITH_KNOTS((9,9),(0.,66.666666666667),
.PIECEWISE_BEZIER_KNOTS.) CURVE() GEOMETRIC_REPRESENTATION_ITEM() 
RATIONAL_B_SPLINE_CURVE((1.000053547667,1.000053547667,1.000053547667,
    1.000053547667,1.000053547667,1.000053547667,1.000053547667,
1.000053547667,1.000053547667)) REPRESENTATION_ITEM('') );
#3664 = CARTESIAN_POINT('',(-148.8073761184,69.346940357737,
    -6.414394246896));
#3665 = CARTESIAN_POINT('',(-164.1122323038,51.243170891845,
    -20.30138626222));
#3666 = CARTESIAN_POINT('',(-177.1221452405,27.245202009019,
    -29.03385134689));
#3667 = CARTESIAN_POINT('',(-186.9654442503,-0.594168854697,
    -30.65398510302));
#3668 = CARTESIAN_POINT('',(-193.1344369108,-29.29295541635,
    -24.02149167988));
#3669 = CARTESIAN_POINT('',(-195.6932602389,-55.40464190115,
    -9.280425176441));
#3670 = CARTESIAN_POINT('',(-195.3410212473,-75.9377413079,
    11.998994348472));
#3671 = CARTESIAN_POINT('',(-193.1575849915,-89.04793423177,
    37.391350268953));
#3672 = CARTESIAN_POINT('',(-190.3267282651,-94.15538691871,
    64.237836374405));
#3673 = PCURVE('',#3107,#3674);
#3674 = DEFINITIONAL_REPRESENTATION('',(#3675),#3679);
#3675 = LINE('',#3676,#3677);
#3676 = CARTESIAN_POINT('',(6.544984694977E-02,0.));
#3677 = VECTOR('',#3678,1.);
#3678 = DIRECTION('',(0.,1.));
#3679 = ( GEOMETRIC_REPRESENTATION_CONTEXT(2) 
PARAMETRIC_REPRESENTATION_CONTEXT() REPRESENTATION_CONTEXT('2D SPACE',''
  ) );
#3680 = PCURVE('',#3681,#3700);
#3681 = B_SPLINE_SURFACE_WITH_KNOTS('',1,8,(
    (#3682,#3683,#3684,#3685,#3686,#3687,#3688,#3689,#3690)
    ,(#3691,#3692,#3693,#3694,#3695,#3696,#3697,#3698,#3699
  )),.UNSPECIFIED.,.F.,.F.,.F.,(2,2),(9,9),(0.,44.),(0.,66.666666666667)
  ,.PIECEWISE_BEZIER_KNOTS.);
#3682 = CARTESIAN_POINT('',(-148.8073761184,69.346940357737,
    -6.414394246896));
#3683 = CARTESIAN_POINT('',(-164.1122323038,51.243170891845,
    -20.30138626222));
#3684 = CARTESIAN_POINT('',(-177.1221452405,27.245202009019,
    -29.03385134689));
#3685 = CARTESIAN_POINT('',(-186.9654442503,-0.594168854697,
    -30.65398510302));
#3686 = CARTESIAN_POINT('',(-193.1344369108,-29.29295541635,
    -24.02149167988));
#3687 = CARTESIAN_POINT('',(-195.6932602389,-55.40464190116,
    -9.280425176442));
#3688 = CARTESIAN_POINT('',(-195.3410212473,-75.9377413079,
    11.998994348473));
#3689 = CARTESIAN_POINT('',(-193.1575849915,-89.04793423177,
    37.391350268953));
#3690 = CARTESIAN_POINT('',(-190.3267282651,-94.15538691871,
    64.237836374405));
#3691 = CARTESIAN_POINT('',(-136.4317733645,37.562926027107,
    21.381664637563));
#3692 = CARTESIAN_POINT('',(-148.2111399212,27.756717566416,
    15.413051974341));
#3693 = CARTESIAN_POINT('',(-158.7474122182,14.757817754885,
    12.236474731893));
#3694 = CARTESIAN_POINT('',(-167.5684353048,-0.32184146296,
    12.912410292404));
#3695 = CARTESIAN_POINT('',(-174.3992091188,-15.86701751719,
    18.058518908355));
#3696 = CARTESIAN_POINT('',(-179.2744745445,-30.01084769646,
    27.596771276132));
#3697 = CARTESIAN_POINT('',(-182.5729145469,-41.13294320844,
    40.676631530542));
#3698 = CARTESIAN_POINT('',(-184.8794560313,-48.23429770887,
    55.98433233255));
#3699 = CARTESIAN_POINT('',(-186.8353114275,-51.00083458096,
    72.079686984751));
#3700 = DEFINITIONAL_REPRESENTATION('',(#3701),#3705);
#3701 = LINE('',#3702,#3703);
#3702 = CARTESIAN_POINT('',(0.,0.));
#3703 = VECTOR('',#3704,1.);
#3704 = DIRECTION('',(0.,1.));
#3705 = ( GEOMETRIC_REPRESENTATION_CONTEXT(2) 
PARAMETRIC_REPRESENTATION_CONTEXT() REPRESENTATION_CONTEXT('2D SPACE',''
  ) );
#3706 = ORIENTED_EDGE('',*,*,#3087,.F.);
#3707 = ADVANCED_FACE('',(#3708),#3681,.T.);
#3708 = FACE_BOUND('',#3709,.T.);
#3709 = EDGE_LOOP('',(#3710,#3711,#3752,#3803));
#3710 = ORIENTED_EDGE('',*,*,#3661,.F.);
#3711 = ORIENTED_EDGE('',*,*,#3712,.T.);
#3712 = EDGE_CURVE('',#3571,#3713,#3715,.T.);
#3713 = VERTEX_POINT('',#3714);
#3714 = CARTESIAN_POINT('',(-136.4317733645,37.562926027107,
    21.381664637563));
#3715 = SURFACE_CURVE('',#3716,(#3719,#3726),.PCURVE_S1.);
#3716 = B_SPLINE_CURVE_WITH_KNOTS('',1,(#3717,#3718),.UNSPECIFIED.,.F.,
  .F.,(2,2),(0.,44.),.PIECEWISE_BEZIER_KNOTS.);
#3717 = CARTESIAN_POINT('',(-148.8073761184,69.346940357737,
    -6.414394246896));
#3718 = CARTESIAN_POINT('',(-136.4317733645,37.562926027107,
    21.381664637564));
#3719 = PCURVE('',#3681,#3720);
#3720 = DEFINITIONAL_REPRESENTATION('',(#3721),#3725);
#3721 = LINE('',#3722,#3723);
#3722 = CARTESIAN_POINT('',(0.,0.));
#3723 = VECTOR('',#3724,1.);
#3724 = DIRECTION('',(1.,0.));
#3725 = ( GEOMETRIC_REPRESENTATION_CONTEXT(2) 
PARAMETRIC_REPRESENTATION_CONTEXT() REPRESENTATION_CONTEXT('2D SPACE',''
  ) );
#3726 = PCURVE('',#3727,#3746);
#3727 = B_SPLINE_SURFACE_WITH_KNOTS('',1,8,(
    (#3728,#3729,#3730,#3731,#3732,#3733,#3734,#3735,#3736)
    ,(#3737,#3738,#3739,#3740,#3741,#3742,#3743,#3744,#3745
  )),.UNSPECIFIED.,.F.,.F.,.F.,(2,2),(9,9),(0.,44.),(0.,66.666666666667)
  ,.PIECEWISE_BEZIER_KNOTS.);
#3728 = CARTESIAN_POINT('',(-22.31075758986,14.603845074232,
    113.79544037112));
#3729 = CARTESIAN_POINT('',(-31.54349800482,40.479088910703,
    113.54664367166));
#3730 = CARTESIAN_POINT('',(-44.05638815737,65.113178706668,
    105.93051003765));
#3731 = CARTESIAN_POINT('',(-59.66544849843,85.573166813772,
    91.360264301978));
#3732 = CARTESIAN_POINT('',(-77.66834377547,99.126183043452,
    71.413377269496));
#3733 = CARTESIAN_POINT('',(-96.87997930125,103.92455665939,
    48.751615188167));
#3734 = CARTESIAN_POINT('',(-115.9026626627,99.660415995104,
    26.514246616418));
#3735 = CARTESIAN_POINT('',(-133.5025199329,87.450709823629,
    7.472597768433));
#3736 = CARTESIAN_POINT('',(-148.8073761184,69.346940357737,
    -6.414394246896));
#3737 = CARTESIAN_POINT('',(-39.99888267803,7.910416081876,
    74.067260961677));
#3738 = CARTESIAN_POINT('',(-48.48918652574,21.926173159964,
    75.486004094547));
#3739 = CARTESIAN_POINT('',(-58.75623814798,35.269638466112,
    72.914106387875));
#3740 = CARTESIAN_POINT('',(-70.70038195566,46.352132024126,
    66.575397959465));
#3741 = CARTESIAN_POINT('',(-83.94118635366,53.693349148537,
    57.32434216195));
#3742 = CARTESIAN_POINT('',(-97.83672505307,56.292468190504,
    46.602729046313));
#3743 = CARTESIAN_POINT('',(-111.6299146634,53.982725330681,
    36.110995748363));
#3744 = CARTESIAN_POINT('',(-124.6524068078,47.369134487799,
    27.350277300786));
#3745 = CARTESIAN_POINT('',(-136.4317733645,37.562926027107,
    21.381664637564));
#3746 = DEFINITIONAL_REPRESENTATION('',(#3747),#3751);
#3747 = LINE('',#3748,#3749);
#3748 = CARTESIAN_POINT('',(0.,66.666666666667));
#3749 = VECTOR('',#3750,1.);
#3750 = DIRECTION('',(1.,0.));
#3751 = ( GEOMETRIC_REPRESENTATION_CONTEXT(2) 
PARAMETRIC_REPRESENTATION_CONTEXT() REPRESENTATION_CONTEXT('2D SPACE',''
  ) );
#3752 = ORIENTED_EDGE('',*,*,#3753,.F.);
#3753 = EDGE_CURVE('',#3754,#3713,#3756,.T.);
#3754 = VERTEX_POINT('',#3755);
#3755 = CARTESIAN_POINT('',(-186.8353114275,-51.00083458096,
    72.079686984751));
#3756 = SURFACE_CURVE('',#3757,(#3767,#3774),.PCURVE_S1.);
#3757 = B_SPLINE_CURVE_WITH_KNOTS('',8,(#3758,#3759,#3760,#3761,#3762,
    #3763,#3764,#3765,#3766),.UNSPECIFIED.,.F.,.F.,(9,9),(
    57.125125040385,123.79179170704),.PIECEWISE_BEZIER_KNOTS.);
#3758 = CARTESIAN_POINT('',(-186.8353114275,-51.00083458096,
    72.079686984751));
#3759 = CARTESIAN_POINT('',(-184.8794560313,-48.23429770887,
    55.984332332551));
#3760 = CARTESIAN_POINT('',(-182.5729145469,-41.13294320844,
    40.676631530543));
#3761 = CARTESIAN_POINT('',(-179.2744745445,-30.01084769646,
    27.596771276133));
#3762 = CARTESIAN_POINT('',(-174.3992091188,-15.86701751726,
    18.058518908366));
#3763 = CARTESIAN_POINT('',(-167.5684353047,-0.321841462908,
    12.91241029237));
#3764 = CARTESIAN_POINT('',(-158.7474122182,14.757817754881,
    12.236474731906));
#3765 = CARTESIAN_POINT('',(-148.2111399212,27.756717566412,
    15.41305197434));
#3766 = CARTESIAN_POINT('',(-136.4317733645,37.562926027107,
    21.381664637563));
#3767 = PCURVE('',#3681,#3768);
#3768 = DEFINITIONAL_REPRESENTATION('',(#3769),#3773);
#3769 = LINE('',#3770,#3771);
#3770 = CARTESIAN_POINT('',(44.,123.79179170705));
#3771 = VECTOR('',#3772,1.);
#3772 = DIRECTION('',(1.06581410364E-16,-1.));
#3773 = ( GEOMETRIC_REPRESENTATION_CONTEXT(2) 
PARAMETRIC_REPRESENTATION_CONTEXT() REPRESENTATION_CONTEXT('2D SPACE',''
  ) );
#3774 = PCURVE('',#396,#3775);
#3775 = DEFINITIONAL_REPRESENTATION('',(#3776),#3802);
#3776 = B_SPLINE_CURVE_WITH_KNOTS('',3,(#3777,#3778,#3779,#3780,#3781,
    #3782,#3783,#3784,#3785,#3786,#3787,#3788,#3789,#3790,#3791,#3792,
    #3793,#3794,#3795,#3796,#3797,#3798,#3799,#3800,#3801),
  .UNSPECIFIED.,.F.,.F.,(4,1,1,1,1,1,1,1,1,1,1,1,1,1,1,1,1,1,1,1,1,1,4),
  (57.125125040385,60.155428070688,63.185731100991,66.216034131294,
    69.246337161596,72.276640191899,75.306943222202,78.337246252505,
    81.367549282808,84.397852313111,87.428155343414,90.458458373717,
    93.488761404019,96.519064434322,99.549367464625,102.57967049492,
    105.60997352523,108.64027655553,111.67057958583,114.70088261614,
    117.73118564644,120.76148867674,123.79179170704),
  .QUASI_UNIFORM_KNOTS.);
#3777 = CARTESIAN_POINT('',(-4.516039439535,-225.));
#3778 = CARTESIAN_POINT('',(-4.482983952514,-223.9898989898));
#3779 = CARTESIAN_POINT('',(-4.416872973776,-221.9696969696));
#3780 = CARTESIAN_POINT('',(-4.317706514285,-218.9393939393));
#3781 = CARTESIAN_POINT('',(-4.218540112684,-215.909090909));
#3782 = CARTESIAN_POINT('',(-4.119373725249,-212.8787878787));
#3783 = CARTESIAN_POINT('',(-4.020207315965,-209.8484848484));
#3784 = CARTESIAN_POINT('',(-3.921040869445,-206.8181818181));
#3785 = CARTESIAN_POINT('',(-3.821874397191,-203.7878787878));
#3786 = CARTESIAN_POINT('',(-3.722707924531,-200.7575757575));
#3787 = CARTESIAN_POINT('',(-3.623541474398,-197.7272727272));
#3788 = CARTESIAN_POINT('',(-3.524375055077,-194.6969696969));
#3789 = CARTESIAN_POINT('',(-3.425208657039,-191.6666666666));
#3790 = CARTESIAN_POINT('',(-3.326042259001,-188.6363636363));
#3791 = CARTESIAN_POINT('',(-3.22687583968,-185.606060606));
#3792 = CARTESIAN_POINT('',(-3.127709389547,-182.5757575757));
#3793 = CARTESIAN_POINT('',(-3.028542916886,-179.5454545454));
#3794 = CARTESIAN_POINT('',(-2.929376444632,-176.5151515151));
#3795 = CARTESIAN_POINT('',(-2.830209998113,-173.4848484848));
#3796 = CARTESIAN_POINT('',(-2.731043588829,-170.4545454545));
#3797 = CARTESIAN_POINT('',(-2.631877201393,-167.4242424242));
#3798 = CARTESIAN_POINT('',(-2.532710799793,-164.3939393939));
#3799 = CARTESIAN_POINT('',(-2.433544340301,-161.3636363636));
#3800 = CARTESIAN_POINT('',(-2.367433361563,-159.3434343434));
#3801 = CARTESIAN_POINT('',(-2.334377874542,-158.3333333333));
#3802 = ( GEOMETRIC_REPRESENTATION_CONTEXT(2) 
PARAMETRIC_REPRESENTATION_CONTEXT() REPRESENTATION_CONTEXT('2D SPACE',''
  ) );
#3803 = ORIENTED_EDGE('',*,*,#3804,.F.);
#3804 = EDGE_CURVE('',#3088,#3754,#3805,.T.);
#3805 = SURFACE_CURVE('',#3806,(#3809,#3816),.PCURVE_S1.);
#3806 = B_SPLINE_CURVE_WITH_KNOTS('',1,(#3807,#3808),.UNSPECIFIED.,.F.,
  .F.,(2,2),(0.,44.),.PIECEWISE_BEZIER_KNOTS.);
#3807 = CARTESIAN_POINT('',(-190.3267282651,-94.15538691871,
    64.237836374405));
#3808 = CARTESIAN_POINT('',(-186.8353114275,-51.00083458096,
    72.079686984751));
#3809 = PCURVE('',#3681,#3810);
#3810 = DEFINITIONAL_REPRESENTATION('',(#3811),#3815);
#3811 = LINE('',#3812,#3813);
#3812 = CARTESIAN_POINT('',(0.,66.666666666667));
#3813 = VECTOR('',#3814,1.);
#3814 = DIRECTION('',(1.,0.));
#3815 = ( GEOMETRIC_REPRESENTATION_CONTEXT(2) 
PARAMETRIC_REPRESENTATION_CONTEXT() REPRESENTATION_CONTEXT('2D SPACE',''
  ) );
#3816 = PCURVE('',#452,#3817);
#3817 = DEFINITIONAL_REPRESENTATION('',(#3818),#3822);
#3818 = LINE('',#3819,#3820);
#3819 = CARTESIAN_POINT('',(0.,0.));
#3820 = VECTOR('',#3821,1.);
#3821 = DIRECTION('',(1.,0.));
#3822 = ( GEOMETRIC_REPRESENTATION_CONTEXT(2) 
PARAMETRIC_REPRESENTATION_CONTEXT() REPRESENTATION_CONTEXT('2D SPACE',''
  ) );
#3823 = ADVANCED_FACE('',(#3824),#3727,.T.);
#3824 = FACE_BOUND('',#3825,.T.);
#3825 = EDGE_LOOP('',(#3826,#3855,#3896,#3945));
#3826 = ORIENTED_EDGE('',*,*,#3827,.F.);
#3827 = EDGE_CURVE('',#3828,#3571,#3830,.T.);
#3828 = VERTEX_POINT('',#3829);
#3829 = CARTESIAN_POINT('',(-22.31075758986,14.603845074232,
    113.79544037112));
#3830 = SURFACE_CURVE('',#3831,(#3841,#3848),.PCURVE_S1.);
#3831 = ( BOUNDED_CURVE() B_SPLINE_CURVE(8,(#3832,#3833,#3834,#3835,
    #3836,#3837,#3838,#3839,#3840),.UNSPECIFIED.,.F.,.F.) 
B_SPLINE_CURVE_WITH_KNOTS((9,9),(0.,66.666666666667),
.PIECEWISE_BEZIER_KNOTS.) CURVE() GEOMETRIC_REPRESENTATION_ITEM() 
RATIONAL_B_SPLINE_CURVE((1.000053547667,1.000053547667,1.000053547667,
    1.000053547667,1.000053547667,1.000053547667,1.000053547667,
1.000053547667,1.000053547667)) REPRESENTATION_ITEM('') );
#3832 = CARTESIAN_POINT('',(-22.31075758986,14.603845074232,
    113.79544037112));
#3833 = CARTESIAN_POINT('',(-31.54349800482,40.479088910703,
    113.54664367166));
#3834 = CARTESIAN_POINT('',(-44.05638815737,65.113178706668,
    105.93051003765));
#3835 = CARTESIAN_POINT('',(-59.66544849843,85.573166813771,
    91.360264301977));
#3836 = CARTESIAN_POINT('',(-77.66834377547,99.126183043454,
    71.413377269497));
#3837 = CARTESIAN_POINT('',(-96.87997930125,103.92455665939,
    48.751615188166));
#3838 = CARTESIAN_POINT('',(-115.9026626627,99.660415995105,
    26.514246616418));
#3839 = CARTESIAN_POINT('',(-133.5025199329,87.450709823628,
    7.472597768433));
#3840 = CARTESIAN_POINT('',(-148.8073761184,69.346940357737,
    -6.414394246896));
#3841 = PCURVE('',#3727,#3842);
#3842 = DEFINITIONAL_REPRESENTATION('',(#3843),#3847);
#3843 = LINE('',#3844,#3845);
#3844 = CARTESIAN_POINT('',(0.,0.));
#3845 = VECTOR('',#3846,1.);
#3846 = DIRECTION('',(0.,1.));
#3847 = ( GEOMETRIC_REPRESENTATION_CONTEXT(2) 
PARAMETRIC_REPRESENTATION_CONTEXT() REPRESENTATION_CONTEXT('2D SPACE',''
  ) );
#3848 = PCURVE('',#3590,#3849);
#3849 = DEFINITIONAL_REPRESENTATION('',(#3850),#3854);
#3850 = LINE('',#3851,#3852);
#3851 = CARTESIAN_POINT('',(6.544984694977E-02,0.));
#3852 = VECTOR('',#3853,1.);
#3853 = DIRECTION('',(0.,1.));
#3854 = ( GEOMETRIC_REPRESENTATION_CONTEXT(2) 
PARAMETRIC_REPRESENTATION_CONTEXT() REPRESENTATION_CONTEXT('2D SPACE',''
  ) );
#3855 = ORIENTED_EDGE('',*,*,#3856,.T.);
#3856 = EDGE_CURVE('',#3828,#3857,#3859,.T.);
#3857 = VERTEX_POINT('',#3858);
#3858 = CARTESIAN_POINT('',(-39.99888267803,7.910416081876,
    74.067260961677));
#3859 = SURFACE_CURVE('',#3860,(#3863,#3870),.PCURVE_S1.);
#3860 = B_SPLINE_CURVE_WITH_KNOTS('',1,(#3861,#3862),.UNSPECIFIED.,.F.,
  .F.,(2,2),(0.,44.),.PIECEWISE_BEZIER_KNOTS.);
#3861 = CARTESIAN_POINT('',(-22.31075758986,14.603845074232,
    113.79544037112));
#3862 = CARTESIAN_POINT('',(-39.99888267803,7.910416081876,
    74.067260961677));
#3863 = PCURVE('',#3727,#3864);
#3864 = DEFINITIONAL_REPRESENTATION('',(#3865),#3869);
#3865 = LINE('',#3866,#3867);
#3866 = CARTESIAN_POINT('',(0.,0.));
#3867 = VECTOR('',#3868,1.);
#3868 = DIRECTION('',(1.,0.));
#3869 = ( GEOMETRIC_REPRESENTATION_CONTEXT(2) 
PARAMETRIC_REPRESENTATION_CONTEXT() REPRESENTATION_CONTEXT('2D SPACE',''
  ) );
#3870 = PCURVE('',#3871,#3890);
#3871 = B_SPLINE_SURFACE_WITH_KNOTS('',1,8,(
    (#3872,#3873,#3874,#3875,#3876,#3877,#3878,#3879,#3880)
    ,(#3881,#3882,#3883,#3884,#3885,#3886,#3887,#3888,#3889
  )),.UNSPECIFIED.,.F.,.F.,.F.,(2,2),(9,9),(0.,44.),(0.,66.666666666667)
  ,.PIECEWISE_BEZIER_KNOTS.);
#3872 = CARTESIAN_POINT('',(-17.26992164448,-86.09978318713,
    -38.78887909596));
#3873 = CARTESIAN_POINT('',(-15.33259419715,-97.67887402012,
    -13.94929260971));
#3874 = CARTESIAN_POINT('',(-11.92737680418,-101.9399720131,
    14.187228674504));
#3875 = CARTESIAN_POINT('',(-8.136992811958,-97.57133528193,
    43.188848304692));
#3876 = CARTESIAN_POINT('',(-5.27482054556,-84.41993022193,
    70.105670264753));
#3877 = CARTESIAN_POINT('',(-4.636207762686,-63.81271181495,
    92.028295855793));
#3878 = CARTESIAN_POINT('',(-7.125414317764,-38.38799119556,
    106.92572419171));
#3879 = CARTESIAN_POINT('',(-13.07801717489,-11.27139876223,
    114.04423707059));
#3880 = CARTESIAN_POINT('',(-22.31075758986,14.603845074232,
    113.79544037112));
#3881 = CARTESIAN_POINT('',(-9.354540890764,-46.6373825597,
    -21.01064284364));
#3882 = CARTESIAN_POINT('',(-11.79439131306,-52.90939009423,
    -6.002358818512));
#3883 = CARTESIAN_POINT('',(-13.43913468147,-55.21748484045,
    10.791764888853));
#3884 = CARTESIAN_POINT('',(-14.87524614196,-52.85113994438,
    28.054483533618));
#3885 = CARTESIAN_POINT('',(-16.81413895394,-45.72746220354,
    44.187936773734));
#3886 = CARTESIAN_POINT('',(-19.95745981949,-34.56521889976,
    57.61620031396));
#3887 = CARTESIAN_POINT('',(-24.79501615976,-20.79349523093,
    67.239148674333));
#3888 = CARTESIAN_POINT('',(-31.50857883032,-6.105340996213,
    72.648517828806));
#3889 = CARTESIAN_POINT('',(-39.99888267803,7.910416081876,
    74.067260961677));
#3890 = DEFINITIONAL_REPRESENTATION('',(#3891),#3895);
#3891 = LINE('',#3892,#3893);
#3892 = CARTESIAN_POINT('',(0.,66.666666666667));
#3893 = VECTOR('',#3894,1.);
#3894 = DIRECTION('',(1.,0.));
#3895 = ( GEOMETRIC_REPRESENTATION_CONTEXT(2) 
PARAMETRIC_REPRESENTATION_CONTEXT() REPRESENTATION_CONTEXT('2D SPACE',''
  ) );
#3896 = ORIENTED_EDGE('',*,*,#3897,.F.);
#3897 = EDGE_CURVE('',#3713,#3857,#3898,.T.);
#3898 = SURFACE_CURVE('',#3899,(#3909,#3916),.PCURVE_S1.);
#3899 = B_SPLINE_CURVE_WITH_KNOTS('',8,(#3900,#3901,#3902,#3903,#3904,
    #3905,#3906,#3907,#3908),.UNSPECIFIED.,.F.,.F.,(9,9),(
    57.125125013583,123.79179168024),.PIECEWISE_BEZIER_KNOTS.);
#3900 = CARTESIAN_POINT('',(-136.4317733645,37.562926027107,
    21.381664637564));
#3901 = CARTESIAN_POINT('',(-124.6524068078,47.369134487799,
    27.350277300786));
#3902 = CARTESIAN_POINT('',(-111.6299146634,53.982725330681,
    36.110995748362));
#3903 = CARTESIAN_POINT('',(-97.83672505307,56.292468190506,
    46.602729046312));
#3904 = CARTESIAN_POINT('',(-83.94118635372,53.693349148539,
    57.324342161967));
#3905 = CARTESIAN_POINT('',(-70.70038195566,46.352132024149,
    66.57539795947));
#3906 = CARTESIAN_POINT('',(-58.75623814796,35.269638466099,
    72.914106387867));
#3907 = CARTESIAN_POINT('',(-48.48918652574,21.926173159963,
    75.486004094549));
#3908 = CARTESIAN_POINT('',(-39.99888267803,7.910416081876,
    74.067260961677));
#3909 = PCURVE('',#3727,#3910);
#3910 = DEFINITIONAL_REPRESENTATION('',(#3911),#3915);
#3911 = LINE('',#3912,#3913);
#3912 = CARTESIAN_POINT('',(44.,123.79179168024));
#3913 = VECTOR('',#3914,1.);
#3914 = DIRECTION('',(-5.329070518201E-16,-1.));
#3915 = ( GEOMETRIC_REPRESENTATION_CONTEXT(2) 
PARAMETRIC_REPRESENTATION_CONTEXT() REPRESENTATION_CONTEXT('2D SPACE',''
  ) );
#3916 = PCURVE('',#396,#3917);
#3917 = DEFINITIONAL_REPRESENTATION('',(#3918),#3944);
#3918 = B_SPLINE_CURVE_WITH_KNOTS('',3,(#3919,#3920,#3921,#3922,#3923,
    #3924,#3925,#3926,#3927,#3928,#3929,#3930,#3931,#3932,#3933,#3934,
    #3935,#3936,#3937,#3938,#3939,#3940,#3941,#3942,#3943),
  .UNSPECIFIED.,.F.,.F.,(4,1,1,1,1,1,1,1,1,1,1,1,1,1,1,1,1,1,1,1,1,1,4),
  (57.125125013583,60.155428043886,63.185731074189,66.216034104492,
    69.246337134795,72.276640165098,75.306943195401,78.337246225704,
    81.367549256007,84.39785228631,87.428155316613,90.458458346916,
    93.488761377219,96.519064407522,99.549367437825,102.57967046812,
    105.60997349843,108.64027652873,111.67057955903,114.70088258934,
    117.73118561964,120.76148864994,123.79179168024),
  .QUASI_UNIFORM_KNOTS.);
#3919 = CARTESIAN_POINT('',(-2.334377874542,-158.3333333333));
#3920 = CARTESIAN_POINT('',(-2.301322387521,-157.3232323232));
#3921 = CARTESIAN_POINT('',(-2.235211408783,-155.303030303));
#3922 = CARTESIAN_POINT('',(-2.136044949292,-152.2727272727));
#3923 = CARTESIAN_POINT('',(-2.036878547691,-149.2424242424));
#3924 = CARTESIAN_POINT('',(-1.937712160256,-146.2121212121));
#3925 = CARTESIAN_POINT('',(-1.838545750972,-143.1818181818));
#3926 = CARTESIAN_POINT('',(-1.739379304452,-140.1515151515));
#3927 = CARTESIAN_POINT('',(-1.640212832198,-137.1212121212));
#3928 = CARTESIAN_POINT('',(-1.541046359538,-134.0909090909));
#3929 = CARTESIAN_POINT('',(-1.441879909405,-131.0606060606));
#3930 = CARTESIAN_POINT('',(-1.342713490084,-128.0303030303));
#3931 = CARTESIAN_POINT('',(-1.243547092046,-125.));
#3932 = CARTESIAN_POINT('',(-1.144380694008,-121.9696969697));
#3933 = CARTESIAN_POINT('',(-1.045214274687,-118.9393939394));
#3934 = CARTESIAN_POINT('',(-0.946047824554,-115.909090909));
#3935 = CARTESIAN_POINT('',(-0.846881351894,-112.8787878787));
#3936 = CARTESIAN_POINT('',(-0.74771487964,-109.8484848484));
#3937 = CARTESIAN_POINT('',(-0.64854843312,-106.8181818181));
#3938 = CARTESIAN_POINT('',(-0.549382023836,-103.7878787878));
#3939 = CARTESIAN_POINT('',(-0.450215636401,-100.7575757575));
#3940 = CARTESIAN_POINT('',(-0.3510492348,-97.72727272727));
#3941 = CARTESIAN_POINT('',(-0.251882775309,-94.69696969697));
#3942 = CARTESIAN_POINT('',(-0.18577179657,-92.67676767676));
#3943 = CARTESIAN_POINT('',(-0.15271630955,-91.66666666666));
#3944 = ( GEOMETRIC_REPRESENTATION_CONTEXT(2) 
PARAMETRIC_REPRESENTATION_CONTEXT() REPRESENTATION_CONTEXT('2D SPACE',''
  ) );
#3945 = ORIENTED_EDGE('',*,*,#3712,.F.);
#3946 = ADVANCED_FACE('',(#3947),#3871,.T.);
#3947 = FACE_BOUND('',#3948,.T.);
#3948 = EDGE_LOOP('',(#3949,#4042,#4068,#4119,#4149));
#3949 = ORIENTED_EDGE('',*,*,#3950,.F.);
#3950 = EDGE_CURVE('',#3951,#3828,#3953,.T.);
#3951 = VERTEX_POINT('',#3952);
#3952 = CARTESIAN_POINT('',(-17.26992164448,-86.09978318713,
    -38.78887909596));
#3953 = SURFACE_CURVE('',#3954,(#3964,#3971),.PCURVE_S1.);
#3954 = ( BOUNDED_CURVE() B_SPLINE_CURVE(8,(#3955,#3956,#3957,#3958,
    #3959,#3960,#3961,#3962,#3963),.UNSPECIFIED.,.F.,.F.) 
B_SPLINE_CURVE_WITH_KNOTS((9,9),(0.,66.666666666667),
.PIECEWISE_BEZIER_KNOTS.) CURVE() GEOMETRIC_REPRESENTATION_ITEM() 
RATIONAL_B_SPLINE_CURVE((1.000053547667,1.000053547667,1.000053547667,
    1.000053547667,1.000053547667,1.000053547667,1.000053547667,
1.000053547667,1.000053547667)) REPRESENTATION_ITEM('') );
#3955 = CARTESIAN_POINT('',(-17.26992164448,-86.09978318713,
    -38.78887909596));
#3956 = CARTESIAN_POINT('',(-15.33259419715,-97.67887402012,
    -13.94929260971));
#3957 = CARTESIAN_POINT('',(-11.92737680418,-101.9399720131,
    14.187228674505));
#3958 = CARTESIAN_POINT('',(-8.136992811956,-97.57133528193,
    43.18884830469));
#3959 = CARTESIAN_POINT('',(-5.274820545561,-84.41993022193,
    70.105670264755));
#3960 = CARTESIAN_POINT('',(-4.636207762685,-63.81271181495,
    92.028295855791));
#3961 = CARTESIAN_POINT('',(-7.125414317764,-38.38799119556,
    106.92572419171));
#3962 = CARTESIAN_POINT('',(-13.07801717489,-11.27139876223,
    114.04423707059));
#3963 = CARTESIAN_POINT('',(-22.31075758986,14.603845074232,
    113.79544037112));
#3964 = PCURVE('',#3871,#3965);
#3965 = DEFINITIONAL_REPRESENTATION('',(#3966),#3970);
#3966 = LINE('',#3967,#3968);
#3967 = CARTESIAN_POINT('',(0.,0.));
#3968 = VECTOR('',#3969,1.);
#3969 = DIRECTION('',(0.,1.));
#3970 = ( GEOMETRIC_REPRESENTATION_CONTEXT(2) 
PARAMETRIC_REPRESENTATION_CONTEXT() REPRESENTATION_CONTEXT('2D SPACE',''
  ) );
#3971 = PCURVE('',#3972,#4036);
#3972 = ( BOUNDED_SURFACE() B_SPLINE_SURFACE(6,8,(
    (#3973,#3974,#3975,#3976,#3977,#3978,#3979,#3980,#3981)
    ,(#3982,#3983,#3984,#3985,#3986,#3987,#3988,#3989,#3990)
    ,(#3991,#3992,#3993,#3994,#3995,#3996,#3997,#3998,#3999)
    ,(#4000,#4001,#4002,#4003,#4004,#4005,#4006,#4007,#4008)
    ,(#4009,#4010,#4011,#4012,#4013,#4014,#4015,#4016,#4017)
    ,(#4018,#4019,#4020,#4021,#4022,#4023,#4024,#4025,#4026)
    ,(#4027,#4028,#4029,#4030,#4031,#4032,#4033,#4034,#4035
)),.UNSPECIFIED.,.F.,.F.,.F.) B_SPLINE_SURFACE_WITH_KNOTS((7,7),(9,9),(
    0.,6.544984694977E-02),(0.,66.666666666667),
.PIECEWISE_BEZIER_KNOTS.) GEOMETRIC_REPRESENTATION_ITEM() 
RATIONAL_B_SPLINE_SURFACE((
    (1.000053547667,1.000053547667,1.000053547667,1.000053547667
      ,1.000053547667,1.000053547667,1.000053547667,1.000053547667
      ,1.000053547667)
    ,(1.000017847948,1.000017847948,1.000017847948,1.000017847948
      ,1.000017847948,1.000017847948,1.000017847948,1.000017847948
      ,1.000017847948)
    ,(0.999996430156,0.999996430156,0.999996430156,0.999996430156
      ,0.999996430156,0.999996430156,0.999996430156,0.999996430156
      ,0.999996430156)
    ,(0.999989291231,0.999989291231,0.999989291231,0.999989291231
      ,0.999989291231,0.999989291231,0.999989291231,0.999989291231
      ,0.999989291231)
    ,(0.999996430156,0.999996430156,0.999996430156,0.999996430156
      ,0.999996430156,0.999996430156,0.999996430156,0.999996430156
      ,0.999996430156)
    ,(1.000017847948,1.000017847948,1.000017847948,1.000017847948
      ,1.000017847948,1.000017847948,1.000017847948,1.000017847948
      ,1.000017847948)
    ,(1.000053547667,1.000053547667,1.000053547667,1.000053547667
      ,1.000053547667,1.000053547667,1.000053547667,1.000053547667
,1.000053547667))) REPRESENTATION_ITEM('') SURFACE() );
#3973 = CARTESIAN_POINT('',(-19.52335886763,-83.1384387633,
    -43.85018196684));
#3974 = CARTESIAN_POINT('',(-17.91450437355,-96.22840815326,
    -19.74835781282));
#3975 = CARTESIAN_POINT('',(-14.64623065668,-102.2520893471,
    8.080582938904));
#3976 = CARTESIAN_POINT('',(-10.76404810979,-99.72644741391,
    37.288385498661));
#3977 = CARTESIAN_POINT('',(-7.57445203728,-88.28758556822,
    64.940613367926));
#3978 = CARTESIAN_POINT('',(-6.405316214201,-69.05132615158,
    88.054813216663));
#3979 = CARTESIAN_POINT('',(-8.229148360261,-44.50492676073,
    104.44669694365));
#3980 = CARTESIAN_POINT('',(-13.46395449212,-17.71336490514,
    113.17740766367));
#3981 = CARTESIAN_POINT('',(-22.00489732373,8.366951303775,
    114.48241377651));
#3982 = CARTESIAN_POINT('',(-19.14133697985,-83.60161893114,
    -42.99214675844));
#3983 = CARTESIAN_POINT('',(-17.48110644305,-96.43545130844,
    -18.77493012318));
#3984 = CARTESIAN_POINT('',(-14.19392637544,-102.1636266074,
    9.096474987558));
#3985 = CARTESIAN_POINT('',(-10.33112732512,-99.33214859173,
    38.260741501238));
#3986 = CARTESIAN_POINT('',(-7.199883601487,-87.61234534878,
    65.781907849048));
#3987 = CARTESIAN_POINT('',(-6.122181324317,-68.15478051216,
    88.69074459133));
#3988 = CARTESIAN_POINT('',(-8.058822114106,-43.47096397341,
    104.82925595607));
#3989 = CARTESIAN_POINT('',(-13.41394366894,-16.63487343309,
    113.28973381163));
#3990 = CARTESIAN_POINT('',(-22.06969410089,9.401998006132,
    114.33687783219));
#3991 = CARTESIAN_POINT('',(-18.76179756107,-84.07707409588,
    -42.13968726671));
#3992 = CARTESIAN_POINT('',(-17.04882943629,-96.65643389969,
    -17.80402006948));
#3993 = CARTESIAN_POINT('',(-13.74117047053,-102.0897244379,
    10.1133813996));
#3994 = CARTESIAN_POINT('',(-9.89612572812,-98.95179961135,
    39.237771084797));
#3995 = CARTESIAN_POINT('',(-6.821736041675,-86.9491890182,
    66.631241174367));
#3996 = CARTESIAN_POINT('',(-5.834285100337,-67.26738558177,
    89.337370097442));
#3997 = CARTESIAN_POINT('',(-7.882998053103,-42.44252719384,
    105.22416326283));
#3998 = CARTESIAN_POINT('',(-13.35819279311,-15.5580376929,
    113.41495232891));
#3999 = CARTESIAN_POINT('',(-22.12897721925,10.439085759832,
    114.20372576828));
#4000 = CARTESIAN_POINT('',(-18.38481390693,-84.56471326264,
    -41.29296811636));
#4001 = CARTESIAN_POINT('',(-16.61775674207,-96.89131407521,
    -16.83581494605));
#4002 = CARTESIAN_POINT('',(-13.28805019421,-102.0303978642,
    11.131106203222));
#4003 = CARTESIAN_POINT('',(-9.459127061401,-98.58547453846,
    40.219286160395));
#4004 = CARTESIAN_POINT('',(-6.440082060598,-86.29824505823,
    67.488450050773));
#4005 = CARTESIAN_POINT('',(-5.541682784271,-66.38931291093,
    89.994565659452));
#4006 = CARTESIAN_POINT('',(-7.701709775971,-41.41981496668,
    105.63134339995));
#4007 = CARTESIAN_POINT('',(-13.29671230424,-14.48306535172,
    113.5530397678));
#4008 = CARTESIAN_POINT('',(-22.18273495576,11.47801475774,
    114.08298391519));
#4009 = CARTESIAN_POINT('',(-18.01045873069,-85.06444265129,
    -40.45215262403));
#4010 = CARTESIAN_POINT('',(-16.18797147577,-97.14004680744,
    -15.87050143305));
#4011 = CARTESIAN_POINT('',(-12.83465288374,-101.9856585823,
    12.149453235714));
#4012 = CARTESIAN_POINT('',(-9.020215525466,-98.2332442365,
    41.20509761061));
#4013 = CARTESIAN_POINT('',(-6.054995163539,-85.65963916329,
    68.353369382699));
#4014 = CARTESIAN_POINT('',(-5.24443069432,-65.52073192395,
    90.662204784617));
#4015 = CARTESIAN_POINT('',(-7.514992130407,-40.40302453284,
    106.05071809821));
#4016 = CARTESIAN_POINT('',(-13.22951395106,-13.41016365522,
    113.7039697402));
#4017 = CARTESIAN_POINT('',(-22.23095684941,12.518584768073,
    113.97467576875));
#4018 = CARTESIAN_POINT('',(-17.63880414509,-85.57616571954,
    -39.61740275757));
#4019 = CARTESIAN_POINT('',(-15.75955645862,-97.40258390404,
    -14.90826555003));
#4020 = CARTESIAN_POINT('',(-12.38106593969,-101.9555149556,
    13.168226192214));
#4021 = CARTESIAN_POINT('',(-8.579475757823,-97.89517634878,
    42.19501533645));
#4022 = CARTESIAN_POINT('',(-5.666549640087,-85.03349420901,
    69.225832313042));
#4023 = CARTESIAN_POINT('',(-4.94258621097,-64.66180987665,
    91.340158594214));
#4024 = CARTESIAN_POINT('',(-7.322881204525,-39.3923517803,
    106.48220630242));
#4025 = CARTESIAN_POINT('',(-13.1566107886,-12.339539376,113.86771292401
    ));
#4026 = CARTESIAN_POINT('',(-22.2736337039,13.560595184141,
    113.87882198418));
#4027 = CARTESIAN_POINT('',(-17.26992164448,-86.09978318713,
    -38.78887909596));
#4028 = CARTESIAN_POINT('',(-15.33259419715,-97.67887402012,
    -13.94929260971));
#4029 = CARTESIAN_POINT('',(-11.92737680418,-101.9399720131,
    14.187228674505));
#4030 = CARTESIAN_POINT('',(-8.136992811956,-97.57133528193,
    43.18884830469));
#4031 = CARTESIAN_POINT('',(-5.274820545561,-84.41993022193,
    70.105670264755));
#4032 = CARTESIAN_POINT('',(-4.636207762685,-63.81271181495,
    92.028295855791));
#4033 = CARTESIAN_POINT('',(-7.125414317764,-38.38799119556,
    106.92572419171));
#4034 = CARTESIAN_POINT('',(-13.07801717489,-11.27139876223,
    114.04423707059));
#4035 = CARTESIAN_POINT('',(-22.31075758986,14.603845074232,
    113.79544037112));
#4036 = DEFINITIONAL_REPRESENTATION('',(#4037),#4041);
#4037 = LINE('',#4038,#4039);
#4038 = CARTESIAN_POINT('',(6.544984694977E-02,0.));
#4039 = VECTOR('',#4040,1.);
#4040 = DIRECTION('',(0.,1.));
#4041 = ( GEOMETRIC_REPRESENTATION_CONTEXT(2) 
PARAMETRIC_REPRESENTATION_CONTEXT() REPRESENTATION_CONTEXT('2D SPACE',''
  ) );
#4042 = ORIENTED_EDGE('',*,*,#4043,.T.);
#4043 = EDGE_CURVE('',#3951,#4044,#4046,.T.);
#4044 = VERTEX_POINT('',#4045);
#4045 = CARTESIAN_POINT('',(-9.354540890764,-46.6373825597,
    -21.01064284364));
#4046 = SURFACE_CURVE('',#4047,(#4050,#4057),.PCURVE_S1.);
#4047 = B_SPLINE_CURVE_WITH_KNOTS('',1,(#4048,#4049),.UNSPECIFIED.,.F.,
  .F.,(2,2),(0.,44.),.PIECEWISE_BEZIER_KNOTS.);
#4048 = CARTESIAN_POINT('',(-17.26992164448,-86.09978318713,
    -38.78887909596));
#4049 = CARTESIAN_POINT('',(-9.354540890764,-46.6373825597,
    -21.01064284364));
#4050 = PCURVE('',#3871,#4051);
#4051 = DEFINITIONAL_REPRESENTATION('',(#4052),#4056);
#4052 = LINE('',#4053,#4054);
#4053 = CARTESIAN_POINT('',(0.,0.));
#4054 = VECTOR('',#4055,1.);
#4055 = DIRECTION('',(1.,0.));
#4056 = ( GEOMETRIC_REPRESENTATION_CONTEXT(2) 
PARAMETRIC_REPRESENTATION_CONTEXT() REPRESENTATION_CONTEXT('2D SPACE',''
  ) );
#4057 = PCURVE('',#4058,#4063);
#4058 = PLANE('',#4059);
#4059 = AXIS2_PLACEMENT_3D('',#4060,#4061,#4062);
#4060 = CARTESIAN_POINT('',(-14.30449592915,-65.7964558542,
    -32.12842388904));
#4061 = DIRECTION('',(-0.913545457643,0.,0.406736643076));
#4062 = DIRECTION('',(-0.203368321538,-0.866025403784,-0.456772728821));
#4063 = DEFINITIONAL_REPRESENTATION('',(#4064),#4067);
#4064 = B_SPLINE_CURVE_WITH_KNOTS('',1,(#4065,#4066),.UNSPECIFIED.,.F.,
  .F.,(2,2),(0.,44.),.PIECEWISE_BEZIER_KNOTS.);
#4065 = CARTESIAN_POINT('',(21.228585202101,3.837666523025));
#4066 = CARTESIAN_POINT('',(-22.67720742039,0.959928836899));
#4067 = ( GEOMETRIC_REPRESENTATION_CONTEXT(2) 
PARAMETRIC_REPRESENTATION_CONTEXT() REPRESENTATION_CONTEXT('2D SPACE',''
  ) );
#4068 = ORIENTED_EDGE('',*,*,#4069,.F.);
#4069 = EDGE_CURVE('',#4070,#4044,#4072,.T.);
#4070 = VERTEX_POINT('',#4071);
#4071 = CARTESIAN_POINT('',(-35.48951416085,0.,72.722036214391));
#4072 = SURFACE_CURVE('',#4073,(#4083,#4090),.PCURVE_S1.);
#4073 = B_SPLINE_CURVE_WITH_KNOTS('',8,(#4074,#4075,#4076,#4077,#4078,
    #4079,#4080,#4081,#4082),.UNSPECIFIED.,.F.,.F.,(9,9),(
    57.125125010717,119.12512635382),.PIECEWISE_BEZIER_KNOTS.);
#4074 = CARTESIAN_POINT('',(-35.48951485094,1.931788062848E-14,
    72.722034664415));
#4075 = CARTESIAN_POINT('',(-28.40953747432,-13.18814608828,
    69.56982544725));
#4076 = CARTESIAN_POINT('',(-22.88433497727,-26.37627400535,
    62.925534675415));
#4077 = CARTESIAN_POINT('',(-18.91390718164,-38.27174391015,
    52.78916274906));
#4078 = CARTESIAN_POINT('',(-16.28505782857,-47.58235469061,
    39.639556308382));
#4079 = CARTESIAN_POINT('',(-14.5703947733,-53.2796017174,
    24.436653816121));
#4080 = CARTESIAN_POINT('',(-13.20497465385,-54.87492850722,
    8.449338856383));
#4081 = CARTESIAN_POINT('',(-11.62360183273,-52.47034969318,
    -7.052938397919));
#4082 = CARTESIAN_POINT('',(-9.354540890764,-46.6373825597,
    -21.01064284364));
#4083 = PCURVE('',#3871,#4084);
#4084 = DEFINITIONAL_REPRESENTATION('',(#4085),#4089);
#4085 = LINE('',#4086,#4087);
#4086 = CARTESIAN_POINT('',(44.,119.12512635378));
#4087 = VECTOR('',#4088,1.);
#4088 = DIRECTION('',(0.,-1.));
#4089 = ( GEOMETRIC_REPRESENTATION_CONTEXT(2) 
PARAMETRIC_REPRESENTATION_CONTEXT() REPRESENTATION_CONTEXT('2D SPACE',''
  ) );
#4090 = PCURVE('',#396,#4091);
#4091 = DEFINITIONAL_REPRESENTATION('',(#4092),#4118);
#4092 = B_SPLINE_CURVE_WITH_KNOTS('',3,(#4093,#4094,#4095,#4096,#4097,
    #4098,#4099,#4100,#4101,#4102,#4103,#4104,#4105,#4106,#4107,#4108,
    #4109,#4110,#4111,#4112,#4113,#4114,#4115,#4116,#4117),
  .UNSPECIFIED.,.F.,.F.,(4,1,1,1,1,1,1,1,1,1,1,1,1,1,1,1,1,1,1,1,1,1,4),
  (57.125125010717,59.943306889949,62.761488769181,65.579670648413,
    68.397852527646,71.216034406878,74.03421628611,76.852398165343,
    79.670580044575,82.488761923807,85.306943803039,88.125125682272,
    90.943307561504,93.761489440736,96.579671319968,99.397853199201,
    102.21603507843,105.03421695766,107.85239883689,110.67058071613,
    113.48876259536,116.30694447459,119.12512635382),
  .QUASI_UNIFORM_KNOTS.);
#4093 = CARTESIAN_POINT('',(-6.28318530718,-87.00000134307));
#4094 = CARTESIAN_POINT('',(-6.25244370565,-86.06060738332));
#4095 = CARTESIAN_POINT('',(-6.190960521757,-84.18181946383));
#4096 = CARTESIAN_POINT('',(-6.098735775102,-81.3636375846));
#4097 = CARTESIAN_POINT('',(-6.006511028476,-78.54545570538));
#4098 = CARTESIAN_POINT('',(-5.914286255652,-75.72727382617));
#4099 = CARTESIAN_POINT('',(-5.822061451679,-72.90909194696));
#4100 = CARTESIAN_POINT('',(-5.729836629183,-70.09091006775));
#4101 = CARTESIAN_POINT('',(-5.637611809059,-67.27272818854));
#4102 = CARTESIAN_POINT('',(-5.545387008981,-64.45454630932));
#4103 = CARTESIAN_POINT('',(-5.453162235386,-61.63636443009));
#4104 = CARTESIAN_POINT('',(-5.360937481357,-58.81818255084));
#4105 = CARTESIAN_POINT('',(-5.268712730544,-56.00000067157));
#4106 = CARTESIAN_POINT('',(-5.176487965073,-53.1818187923));
#4107 = CARTESIAN_POINT('',(-5.084263174076,-50.36363691302));
#4108 = CARTESIAN_POINT('',(-4.992038359307,-47.54545503376));
#4109 = CARTESIAN_POINT('',(-4.899813535212,-44.72727315451));
#4110 = CARTESIAN_POINT('',(-4.807588722773,-41.90909127528));
#4111 = CARTESIAN_POINT('',(-4.715363938777,-39.09090939607));
#4112 = CARTESIAN_POINT('',(-4.623139185032,-36.27272751688));
#4113 = CARTESIAN_POINT('',(-4.530914442255,-33.45454563769));
#4114 = CARTESIAN_POINT('',(-4.438689679365,-30.63636375848));
#4115 = CARTESIAN_POINT('',(-4.346464865712,-27.81818187925));
#4116 = CARTESIAN_POINT('',(-4.284981654066,-25.93939395975));
#4117 = CARTESIAN_POINT('',(-4.254240051736,-25.));
#4118 = ( GEOMETRIC_REPRESENTATION_CONTEXT(2) 
PARAMETRIC_REPRESENTATION_CONTEXT() REPRESENTATION_CONTEXT('2D SPACE',''
  ) );
#4119 = ORIENTED_EDGE('',*,*,#4120,.T.);
#4120 = EDGE_CURVE('',#4070,#3857,#4121,.T.);
#4121 = SURFACE_CURVE('',#4122,(#4132,#4139),.PCURVE_S1.);
#4122 = B_SPLINE_CURVE_WITH_KNOTS('',8,(#4123,#4124,#4125,#4126,#4127,
    #4128,#4129,#4130,#4131),.UNSPECIFIED.,.F.,.F.,(9,9),(0.,
    66.666666666667),.PIECEWISE_BEZIER_KNOTS.);
#4123 = CARTESIAN_POINT('',(-9.354540890764,-46.6373825597,
    -21.01064284364));
#4124 = CARTESIAN_POINT('',(-11.79439131306,-52.90939009423,
    -6.002358818512));
#4125 = CARTESIAN_POINT('',(-13.43913468147,-55.21748484045,
    10.791764888853));
#4126 = CARTESIAN_POINT('',(-14.87524614196,-52.85113994438,
    28.054483533618));
#4127 = CARTESIAN_POINT('',(-16.81413895394,-45.72746220354,
    44.187936773734));
#4128 = CARTESIAN_POINT('',(-19.95745981949,-34.56521889976,
    57.61620031396));
#4129 = CARTESIAN_POINT('',(-24.79501615976,-20.79349523093,
    67.239148674333));
#4130 = CARTESIAN_POINT('',(-31.50857883032,-6.105340996213,
    72.648517828806));
#4131 = CARTESIAN_POINT('',(-39.99888267803,7.910416081876,
    74.067260961677));
#4132 = PCURVE('',#3871,#4133);
#4133 = DEFINITIONAL_REPRESENTATION('',(#4134),#4138);
#4134 = LINE('',#4135,#4136);
#4135 = CARTESIAN_POINT('',(44.,0.));
#4136 = VECTOR('',#4137,1.);
#4137 = DIRECTION('',(0.,1.));
#4138 = ( GEOMETRIC_REPRESENTATION_CONTEXT(2) 
PARAMETRIC_REPRESENTATION_CONTEXT() REPRESENTATION_CONTEXT('2D SPACE',''
  ) );
#4139 = PCURVE('',#396,#4140);
#4140 = DEFINITIONAL_REPRESENTATION('',(#4141),#4148);
#4141 = B_SPLINE_CURVE_WITH_KNOTS('',5,(#4142,#4143,#4144,#4145,#4146,
    #4147),.UNSPECIFIED.,.F.,.F.,(6,6),(62.00000134307,66.666666666667),
  .PIECEWISE_BEZIER_KNOTS.);
#4142 = CARTESIAN_POINT('',(-3.885780712974E-16,-87.00000134307));
#4143 = CARTESIAN_POINT('',(-3.054325692283E-02,-87.93333440778));
#4144 = CARTESIAN_POINT('',(-6.108652319376E-02,-88.8666674725));
#4145 = CARTESIAN_POINT('',(-9.162978827879E-02,-89.80000053722));
#4146 = CARTESIAN_POINT('',(-0.12217305643,-90.73333360194));
#4147 = CARTESIAN_POINT('',(-0.15271630955,-91.66666666666));
#4148 = ( GEOMETRIC_REPRESENTATION_CONTEXT(2) 
PARAMETRIC_REPRESENTATION_CONTEXT() REPRESENTATION_CONTEXT('2D SPACE',''
  ) );
#4149 = ORIENTED_EDGE('',*,*,#3856,.F.);
#4150 = ADVANCED_FACE('',(#4151),#4058,.F.);
#4151 = FACE_BOUND('',#4152,.F.);
#4152 = EDGE_LOOP('',(#4153,#4181,#4221,#4250));
#4153 = ORIENTED_EDGE('',*,*,#4154,.T.);
#4154 = EDGE_CURVE('',#4044,#4155,#4157,.T.);
#4155 = VERTEX_POINT('',#4156);
#4156 = CARTESIAN_POINT('',(-10.57515271997,-45.03332099679,
    -23.7521818987));
#4157 = SURFACE_CURVE('',#4158,(#4163,#4174),.PCURVE_S1.);
#4158 = CIRCLE('',#4159,52.);
#4159 = AXIS2_PLACEMENT_3D('',#4160,#4161,#4162);
#4160 = CARTESIAN_POINT('',(0.,0.,0.));
#4161 = DIRECTION('',(0.913545457643,0.,-0.406736643076));
#4162 = DIRECTION('',(0.406736643076,0.,0.913545457643));
#4163 = PCURVE('',#4058,#4164);
#4164 = DEFINITIONAL_REPRESENTATION('',(#4165),#4173);
#4165 = ( BOUNDED_CURVE() B_SPLINE_CURVE(2,(#4166,#4167,#4168,#4169,
#4170,#4171,#4172),.UNSPECIFIED.,.T.,.F.) B_SPLINE_CURVE_WITH_KNOTS((1,2
    ,2,2,2,1),(-2.094395102393,0.,2.094395102393,4.188790204786,
6.28318530718,8.377580409573),.UNSPECIFIED.) CURVE() 
GEOMETRIC_REPRESENTATION_ITEM() RATIONAL_B_SPLINE_CURVE((1.,0.5,1.,0.5,
1.,0.5,1.)) REPRESENTATION_ITEM('') );
#4166 = CARTESIAN_POINT('',(-100.5658714288,42.592287113722));
#4167 = CARTESIAN_POINT('',(-22.5658714288,87.625608110513));
#4168 = CARTESIAN_POINT('',(-22.5658714288,-2.441033883069));
#4169 = CARTESIAN_POINT('',(-22.5658714288,-92.50767587665));
#4170 = CARTESIAN_POINT('',(-100.5658714288,-47.47435487985));
#4171 = CARTESIAN_POINT('',(-178.5658714288,-2.441033883069));
#4172 = CARTESIAN_POINT('',(-100.5658714288,42.592287113722));
#4173 = ( GEOMETRIC_REPRESENTATION_CONTEXT(2) 
PARAMETRIC_REPRESENTATION_CONTEXT() REPRESENTATION_CONTEXT('2D SPACE',''
  ) );
#4174 = PCURVE('',#396,#4175);
#4175 = DEFINITIONAL_REPRESENTATION('',(#4176),#4180);
#4176 = LINE('',#4177,#4178);
#4177 = CARTESIAN_POINT('',(-6.28318530718,-25.));
#4178 = VECTOR('',#4179,1.);
#4179 = DIRECTION('',(1.,-0.));
#4180 = ( GEOMETRIC_REPRESENTATION_CONTEXT(2) 
PARAMETRIC_REPRESENTATION_CONTEXT() REPRESENTATION_CONTEXT('2D SPACE',''
  ) );
#4181 = ORIENTED_EDGE('',*,*,#4182,.T.);
#4182 = EDGE_CURVE('',#4155,#4183,#4185,.T.);
#4183 = VERTEX_POINT('',#4184);
#4184 = CARTESIAN_POINT('',(-19.52335886763,-83.1384387633,
    -43.85018196684));
#4185 = SURFACE_CURVE('',#4186,(#4189,#4195),.PCURVE_S1.);
#4186 = B_SPLINE_CURVE_WITH_KNOTS('',1,(#4187,#4188),.UNSPECIFIED.,.F.,
  .F.,(2,2),(0.,44.),.PIECEWISE_BEZIER_KNOTS.);
#4187 = CARTESIAN_POINT('',(-10.57515271997,-45.03332099679,
    -23.7521818987));
#4188 = CARTESIAN_POINT('',(-19.52335886763,-83.1384387633,
    -43.85018196684));
#4189 = PCURVE('',#4058,#4190);
#4190 = DEFINITIONAL_REPRESENTATION('',(#4191),#4194);
#4191 = B_SPLINE_CURVE_WITH_KNOTS('',1,(#4192,#4193),.UNSPECIFIED.,.F.,
  .F.,(2,2),(0.,44.),.PIECEWISE_BEZIER_KNOTS.);
#4192 = CARTESIAN_POINT('',(-22.5658714288,-2.441033883069));
#4193 = CARTESIAN_POINT('',(21.434128571195,-2.441033883069));
#4194 = ( GEOMETRIC_REPRESENTATION_CONTEXT(2) 
PARAMETRIC_REPRESENTATION_CONTEXT() REPRESENTATION_CONTEXT('2D SPACE',''
  ) );
#4195 = PCURVE('',#4196,#4215);
#4196 = B_SPLINE_SURFACE_WITH_KNOTS('',1,8,(
    (#4197,#4198,#4199,#4200,#4201,#4202,#4203,#4204,#4205)
    ,(#4206,#4207,#4208,#4209,#4210,#4211,#4212,#4213,#4214
  )),.UNSPECIFIED.,.F.,.F.,.F.,(2,2),(9,9),(0.,44.),(0.,66.666666666667)
  ,.PIECEWISE_BEZIER_KNOTS.);
#4197 = CARTESIAN_POINT('',(-10.57515271997,-45.03332099679,
    -23.7521818987));
#4198 = CARTESIAN_POINT('',(-13.19292599195,-52.12372108301,
    -9.143519136865));
#4199 = CARTESIAN_POINT('',(-14.91184718492,-55.38654839635,
    7.483998448736));
#4200 = CARTESIAN_POINT('',(-16.29823442829,-54.0184923492,
    24.858399513684));
#4201 = CARTESIAN_POINT('',(-18.05977267862,-47.82244218279,
    41.390197621285));
#4202 = CARTESIAN_POINT('',(-20.91572689739,-37.40280166544,
    55.463897217765));
#4203 = CARTESIAN_POINT('',(-25.39287209945,-24.10683532873,
    65.896342248302));
#4204 = CARTESIAN_POINT('',(-31.71762821048,-9.594739323619,
    72.178985233391));
#4205 = CARTESIAN_POINT('',(-39.83320836721,4.532098622878,
    74.43937155626));
#4206 = CARTESIAN_POINT('',(-19.52335886763,-83.1384387633,
    -43.85018196684));
#4207 = CARTESIAN_POINT('',(-17.91450437355,-96.22840815326,
    -19.74835781282));
#4208 = CARTESIAN_POINT('',(-14.64623065668,-102.2520893471,
    8.080582938905));
#4209 = CARTESIAN_POINT('',(-10.76404810979,-99.72644741391,
    37.28838549866));
#4210 = CARTESIAN_POINT('',(-7.574452037278,-88.28758556822,
    64.940613367926));
#4211 = CARTESIAN_POINT('',(-6.405316214202,-69.05132615159,
    88.054813216663));
#4212 = CARTESIAN_POINT('',(-8.229148360261,-44.50492676073,
    104.44669694365));
#4213 = CARTESIAN_POINT('',(-13.46395449212,-17.71336490514,
    113.17740766367));
#4214 = CARTESIAN_POINT('',(-22.00489732373,8.366951303775,
    114.48241377651));
#4215 = DEFINITIONAL_REPRESENTATION('',(#4216),#4220);
#4216 = LINE('',#4217,#4218);
#4217 = CARTESIAN_POINT('',(0.,0.));
#4218 = VECTOR('',#4219,1.);
#4219 = DIRECTION('',(1.,0.));
#4220 = ( GEOMETRIC_REPRESENTATION_CONTEXT(2) 
PARAMETRIC_REPRESENTATION_CONTEXT() REPRESENTATION_CONTEXT('2D SPACE',''
  ) );
#4221 = ORIENTED_EDGE('',*,*,#4222,.T.);
#4222 = EDGE_CURVE('',#4183,#3951,#4223,.T.);
#4223 = SURFACE_CURVE('',#4224,(#4232,#4243),.PCURVE_S1.);
#4224 = ( BOUNDED_CURVE() B_SPLINE_CURVE(6,(#4225,#4226,#4227,#4228,
#4229,#4230,#4231),.UNSPECIFIED.,.F.,.F.) B_SPLINE_CURVE_WITH_KNOTS((7,7
),(0.,6.544984694977E-02),.PIECEWISE_BEZIER_KNOTS.) CURVE() 
GEOMETRIC_REPRESENTATION_ITEM() RATIONAL_B_SPLINE_CURVE((1.000053547667,
    1.000017847948,0.999996430156,0.999989291231,0.999996430156,
1.000017847948,1.000053547667)) REPRESENTATION_ITEM('') );
#4225 = CARTESIAN_POINT('',(-19.52335886763,-83.1384387633,
    -43.85018196684));
#4226 = CARTESIAN_POINT('',(-19.14133697985,-83.60161893114,
    -42.99214675844));
#4227 = CARTESIAN_POINT('',(-18.76179756107,-84.07707409588,
    -42.13968726671));
#4228 = CARTESIAN_POINT('',(-18.38481390693,-84.56471326264,
    -41.29296811636));
#4229 = CARTESIAN_POINT('',(-18.01045873069,-85.06444265129,
    -40.45215262403));
#4230 = CARTESIAN_POINT('',(-17.63880414509,-85.57616571954,
    -39.61740275757));
#4231 = CARTESIAN_POINT('',(-17.26992164448,-86.09978318713,
    -38.78887909596));
#4232 = PCURVE('',#4058,#4233);
#4233 = DEFINITIONAL_REPRESENTATION('',(#4234),#4242);
#4234 = ( BOUNDED_CURVE() B_SPLINE_CURVE(6,(#4235,#4236,#4237,#4238,
#4239,#4240,#4241),.UNSPECIFIED.,.F.,.F.) B_SPLINE_CURVE_WITH_KNOTS((7,7
),(0.,6.544984694977E-02),.PIECEWISE_BEZIER_KNOTS.) CURVE() 
GEOMETRIC_REPRESENTATION_ITEM() RATIONAL_B_SPLINE_CURVE((1.000053547667,
    1.000017847948,0.999996430156,0.999989291231,0.999996430156,
1.000017847948,1.000053547667)) REPRESENTATION_ITEM('') );
#4235 = CARTESIAN_POINT('',(21.434128571195,-2.441033883069));
#4236 = CARTESIAN_POINT('',(21.365636129395,-1.396041158264));
#4237 = CARTESIAN_POINT('',(21.310825837621,-0.350196618652));
#4238 = CARTESIAN_POINT('',(21.269708994079,0.696298176936));
#4239 = CARTESIAN_POINT('',(21.242293768948,1.743241517069));
#4240 = CARTESIAN_POINT('',(21.228585202101,2.790431587837));
#4241 = CARTESIAN_POINT('',(21.228585202101,3.837666523025));
#4242 = ( GEOMETRIC_REPRESENTATION_CONTEXT(2) 
PARAMETRIC_REPRESENTATION_CONTEXT() REPRESENTATION_CONTEXT('2D SPACE',''
  ) );
#4243 = PCURVE('',#3972,#4244);
#4244 = DEFINITIONAL_REPRESENTATION('',(#4245),#4249);
#4245 = LINE('',#4246,#4247);
#4246 = CARTESIAN_POINT('',(0.,0.));
#4247 = VECTOR('',#4248,1.);
#4248 = DIRECTION('',(1.,0.));
#4249 = ( GEOMETRIC_REPRESENTATION_CONTEXT(2) 
PARAMETRIC_REPRESENTATION_CONTEXT() REPRESENTATION_CONTEXT('2D SPACE',''
  ) );
#4250 = ORIENTED_EDGE('',*,*,#4043,.T.);
#4251 = ADVANCED_FACE('',(#4252),#4196,.T.);
#4252 = FACE_BOUND('',#4253,.T.);
#4253 = EDGE_LOOP('',(#4254,#4288,#4337,#4338,#4367));
#4254 = ORIENTED_EDGE('',*,*,#4255,.F.);
#4255 = EDGE_CURVE('',#4256,#4258,#4260,.T.);
#4256 = VERTEX_POINT('',#4257);
#4257 = CARTESIAN_POINT('',(-37.31660455071,0.,73.535509266607));
#4258 = VERTEX_POINT('',#4259);
#4259 = CARTESIAN_POINT('',(-39.83320836721,4.532098622878,
    74.43937155626));
#4260 = SURFACE_CURVE('',#4261,(#4271,#4278),.PCURVE_S1.);
#4261 = B_SPLINE_CURVE_WITH_KNOTS('',8,(#4262,#4263,#4264,#4265,#4266,
    #4267,#4268,#4269,#4270),.UNSPECIFIED.,.F.,.F.,(9,9),(0.,
    66.666666666667),.PIECEWISE_BEZIER_KNOTS.);
#4262 = CARTESIAN_POINT('',(-10.57515271997,-45.03332099679,
    -23.7521818987));
#4263 = CARTESIAN_POINT('',(-13.19292599195,-52.12372108301,
    -9.143519136865));
#4264 = CARTESIAN_POINT('',(-14.91184718492,-55.38654839635,
    7.483998448736));
#4265 = CARTESIAN_POINT('',(-16.29823442829,-54.0184923492,
    24.858399513684));
#4266 = CARTESIAN_POINT('',(-18.05977267862,-47.82244218279,
    41.390197621285));
#4267 = CARTESIAN_POINT('',(-20.91572689739,-37.40280166544,
    55.463897217765));
#4268 = CARTESIAN_POINT('',(-25.39287209945,-24.10683532873,
    65.896342248302));
#4269 = CARTESIAN_POINT('',(-31.71762821048,-9.594739323619,
    72.178985233391));
#4270 = CARTESIAN_POINT('',(-39.83320836721,4.532098622878,
    74.43937155626));
#4271 = PCURVE('',#4196,#4272);
#4272 = DEFINITIONAL_REPRESENTATION('',(#4273),#4277);
#4273 = LINE('',#4274,#4275);
#4274 = CARTESIAN_POINT('',(0.,0.));
#4275 = VECTOR('',#4276,1.);
#4276 = DIRECTION('',(0.,1.));
#4277 = ( GEOMETRIC_REPRESENTATION_CONTEXT(2) 
PARAMETRIC_REPRESENTATION_CONTEXT() REPRESENTATION_CONTEXT('2D SPACE',''
  ) );
#4278 = PCURVE('',#122,#4279);
#4279 = DEFINITIONAL_REPRESENTATION('',(#4280),#4287);
#4280 = B_SPLINE_CURVE_WITH_KNOTS('',5,(#4281,#4282,#4283,#4284,#4285,
    #4286),.UNSPECIFIED.,.F.,.F.,(6,6),(64.000000767918,66.666666666667)
  ,.PIECEWISE_BEZIER_KNOTS.);
#4281 = CARTESIAN_POINT('',(-4.415271666229E-15,-89.00000076791));
#4282 = CARTESIAN_POINT('',(-1.745329376196E-02,-89.53333394766));
#4283 = CARTESIAN_POINT('',(-3.490658955037E-02,-90.06666712741));
#4284 = CARTESIAN_POINT('',(-5.235988264381E-02,-90.60000030716));
#4285 = CARTESIAN_POINT('',(-6.981317510579E-02,-91.13333348691));
#4286 = CARTESIAN_POINT('',(-8.726646259972E-02,-91.66666666666));
#4287 = ( GEOMETRIC_REPRESENTATION_CONTEXT(2) 
PARAMETRIC_REPRESENTATION_CONTEXT() REPRESENTATION_CONTEXT('2D SPACE',''
  ) );
#4288 = ORIENTED_EDGE('',*,*,#4289,.F.);
#4289 = EDGE_CURVE('',#4155,#4256,#4290,.T.);
#4290 = SURFACE_CURVE('',#4291,(#4301,#4308),.PCURVE_S1.);
#4291 = B_SPLINE_CURVE_WITH_KNOTS('',8,(#4292,#4293,#4294,#4295,#4296,
    #4297,#4298,#4299,#4300),.UNSPECIFIED.,.F.,.F.,(9,9),(0.,
    64.000000767915),.PIECEWISE_BEZIER_KNOTS.);
#4292 = CARTESIAN_POINT('',(-10.57515271997,-45.03332099679,
    -23.7521818987));
#4293 = CARTESIAN_POINT('',(-13.08821509122,-51.84010516124,
    -9.727865479065));
#4294 = CARTESIAN_POINT('',(-14.77289536658,-55.11939817354,
    6.157027590801));
#4295 = CARTESIAN_POINT('',(-16.13023560063,-54.16048221209,
    22.777138431013));
#4296 = CARTESIAN_POINT('',(-17.78134728204,-48.76751321927,
    38.737427797389));
#4297 = CARTESIAN_POINT('',(-20.36158669586,-39.41877518343,
    52.610862108967));
#4298 = CARTESIAN_POINT('',(-24.35658458361,-27.22713861441,
    63.306696862076));
#4299 = CARTESIAN_POINT('',(-30.00824284286,-13.61357321796,
    70.281611498844));
#4300 = CARTESIAN_POINT('',(-37.31660502526,2.297051437949E-13,
    73.535508200751));
#4301 = PCURVE('',#4196,#4302);
#4302 = DEFINITIONAL_REPRESENTATION('',(#4303),#4307);
#4303 = LINE('',#4304,#4305);
#4304 = CARTESIAN_POINT('',(1.451606968785E-14,-1.560704338278E-15));
#4305 = VECTOR('',#4306,1.);
#4306 = DIRECTION('',(-4.324476513715E-17,1.));
#4307 = ( GEOMETRIC_REPRESENTATION_CONTEXT(2) 
PARAMETRIC_REPRESENTATION_CONTEXT() REPRESENTATION_CONTEXT('2D SPACE',''
  ) );
#4308 = PCURVE('',#396,#4309);
#4309 = DEFINITIONAL_REPRESENTATION('',(#4310),#4336);
#4310 = B_SPLINE_CURVE_WITH_KNOTS('',3,(#4311,#4312,#4313,#4314,#4315,
    #4316,#4317,#4318,#4319,#4320,#4321,#4322,#4323,#4324,#4325,#4326,
    #4327,#4328,#4329,#4330,#4331,#4332,#4333,#4334,#4335),
  .UNSPECIFIED.,.F.,.F.,(4,1,1,1,1,1,1,1,1,1,1,1,1,1,1,1,1,1,1,1,1,1,4),
  (0.,2.909090943996,5.818181887992,8.727272831988,11.636363775985,
    14.545454719981,17.454545663977,20.363636607973,23.272727551969,
    26.181818495965,29.090909439961,32.000000383958,34.909091327954,
    37.81818227195,40.727273215946,43.636364159942,46.545455103938,
    49.454546047935,52.363636991931,55.272727935927,58.181818879923,
    61.090909823919,64.000000767915),.QUASI_UNIFORM_KNOTS.);
#4311 = CARTESIAN_POINT('',(-4.188790204786,-25.));
#4312 = CARTESIAN_POINT('',(-4.220523471951,-25.96969698133));
#4313 = CARTESIAN_POINT('',(-4.283990012381,-27.90909094399));
#4314 = CARTESIAN_POINT('',(-4.379189817244,-30.81818188799));
#4315 = CARTESIAN_POINT('',(-4.474389568184,-33.72727283198));
#4316 = CARTESIAN_POINT('',(-4.569589301236,-36.63636377598));
#4317 = CARTESIAN_POINT('',(-4.664789049786,-39.54545471998));
#4318 = CARTESIAN_POINT('',(-4.759988831855,-42.45454566397));
#4319 = CARTESIAN_POINT('',(-4.855188641778,-45.36363660797));
#4320 = CARTESIAN_POINT('',(-4.950388459019,-48.27272755197));
#4321 = CARTESIAN_POINT('',(-5.045588261258,-51.18181849596));
#4322 = CARTESIAN_POINT('',(-5.140788036025,-54.09090943996));
#4323 = CARTESIAN_POINT('',(-5.235987785979,-57.00000038396));
#4324 = CARTESIAN_POINT('',(-5.331187526632,-59.90909132795));
#4325 = CARTESIAN_POINT('',(-5.426387278197,-62.81818227195));
#4326 = CARTESIAN_POINT('',(-5.521587055364,-65.72727321594));
#4327 = CARTESIAN_POINT('',(-5.616786859523,-68.63636415994));
#4328 = CARTESIAN_POINT('',(-5.711986677068,-71.54545510393));
#4329 = CARTESIAN_POINT('',(-5.807186485347,-74.45454604793));
#4330 = CARTESIAN_POINT('',(-5.902386264487,-77.36363699193));
#4331 = CARTESIAN_POINT('',(-5.997586010958,-80.27272793592));
#4332 = CARTESIAN_POINT('',(-6.092785743245,-83.18181887992));
#4333 = CARTESIAN_POINT('',(-6.187985500838,-86.09090982392));
#4334 = CARTESIAN_POINT('',(-6.251452031764,-88.03030378658));
#4335 = CARTESIAN_POINT('',(-6.28318530718,-89.00000076791));
#4336 = ( GEOMETRIC_REPRESENTATION_CONTEXT(2) 
PARAMETRIC_REPRESENTATION_CONTEXT() REPRESENTATION_CONTEXT('2D SPACE',''
  ) );
#4337 = ORIENTED_EDGE('',*,*,#4182,.T.);
#4338 = ORIENTED_EDGE('',*,*,#4339,.T.);
#4339 = EDGE_CURVE('',#4183,#4340,#4342,.T.);
#4340 = VERTEX_POINT('',#4341);
#4341 = CARTESIAN_POINT('',(-22.00489732373,8.366951303775,
    114.48241377651));
#4342 = SURFACE_CURVE('',#4343,(#4353,#4360),.PCURVE_S1.);
#4343 = B_SPLINE_CURVE_WITH_KNOTS('',8,(#4344,#4345,#4346,#4347,#4348,
    #4349,#4350,#4351,#4352),.UNSPECIFIED.,.F.,.F.,(9,9),(0.,
    66.666666666667),.PIECEWISE_BEZIER_KNOTS.);
#4344 = CARTESIAN_POINT('',(-19.52335886763,-83.1384387633,
    -43.85018196684));
#4345 = CARTESIAN_POINT('',(-17.91450437355,-96.22840815326,
    -19.74835781282));
#4346 = CARTESIAN_POINT('',(-14.64623065668,-102.2520893471,
    8.080582938905));
#4347 = CARTESIAN_POINT('',(-10.76404810979,-99.72644741391,
    37.28838549866));
#4348 = CARTESIAN_POINT('',(-7.574452037278,-88.28758556822,
    64.940613367926));
#4349 = CARTESIAN_POINT('',(-6.405316214202,-69.05132615159,
    88.054813216663));
#4350 = CARTESIAN_POINT('',(-8.229148360261,-44.50492676073,
    104.44669694365));
#4351 = CARTESIAN_POINT('',(-13.46395449212,-17.71336490514,
    113.17740766367));
#4352 = CARTESIAN_POINT('',(-22.00489732373,8.366951303775,
    114.48241377651));
#4353 = PCURVE('',#4196,#4354);
#4354 = DEFINITIONAL_REPRESENTATION('',(#4355),#4359);
#4355 = LINE('',#4356,#4357);
#4356 = CARTESIAN_POINT('',(44.,0.));
#4357 = VECTOR('',#4358,1.);
#4358 = DIRECTION('',(0.,1.));
#4359 = ( GEOMETRIC_REPRESENTATION_CONTEXT(2) 
PARAMETRIC_REPRESENTATION_CONTEXT() REPRESENTATION_CONTEXT('2D SPACE',''
  ) );
#4360 = PCURVE('',#3972,#4361);
#4361 = DEFINITIONAL_REPRESENTATION('',(#4362),#4366);
#4362 = LINE('',#4363,#4364);
#4363 = CARTESIAN_POINT('',(0.,0.));
#4364 = VECTOR('',#4365,1.);
#4365 = DIRECTION('',(0.,1.));
#4366 = ( GEOMETRIC_REPRESENTATION_CONTEXT(2) 
PARAMETRIC_REPRESENTATION_CONTEXT() REPRESENTATION_CONTEXT('2D SPACE',''
  ) );
#4367 = ORIENTED_EDGE('',*,*,#4368,.F.);
#4368 = EDGE_CURVE('',#4258,#4340,#4369,.T.);
#4369 = SURFACE_CURVE('',#4370,(#4373,#4380),.PCURVE_S1.);
#4370 = B_SPLINE_CURVE_WITH_KNOTS('',1,(#4371,#4372),.UNSPECIFIED.,.F.,
  .F.,(2,2),(0.,44.),.PIECEWISE_BEZIER_KNOTS.);
#4371 = CARTESIAN_POINT('',(-39.83320836721,4.532098622878,
    74.43937155626));
#4372 = CARTESIAN_POINT('',(-22.00489732373,8.366951303775,
    114.48241377651));
#4373 = PCURVE('',#4196,#4374);
#4374 = DEFINITIONAL_REPRESENTATION('',(#4375),#4379);
#4375 = LINE('',#4376,#4377);
#4376 = CARTESIAN_POINT('',(0.,66.666666666667));
#4377 = VECTOR('',#4378,1.);
#4378 = DIRECTION('',(1.,0.));
#4379 = ( GEOMETRIC_REPRESENTATION_CONTEXT(2) 
PARAMETRIC_REPRESENTATION_CONTEXT() REPRESENTATION_CONTEXT('2D SPACE',''
  ) );
#4380 = PCURVE('',#4381,#4400);
#4381 = B_SPLINE_SURFACE_WITH_KNOTS('',1,8,(
    (#4382,#4383,#4384,#4385,#4386,#4387,#4388,#4389,#4390)
    ,(#4391,#4392,#4393,#4394,#4395,#4396,#4397,#4398,#4399
  )),.UNSPECIFIED.,.F.,.F.,.F.,(2,2),(9,9),(0.,44.),(0.,66.666666666667)
  ,.PIECEWISE_BEZIER_KNOTS.);
#4382 = CARTESIAN_POINT('',(-39.83320836721,4.532098622878,
    74.43937155626));
#4383 = CARTESIAN_POINT('',(-47.94878852394,18.658936569375,
    76.699757879129));
#4384 = CARTESIAN_POINT('',(-57.85519650619,32.400622677169,
    74.937879050166));
#4385 = CARTESIAN_POINT('',(-69.49525192032,44.155853867248,
    69.282164336176));
#4386 = CARTESIAN_POINT('',(-82.52871654653,52.386321614632,
    60.496801290795));
#4387 = CARTESIAN_POINT('',(-96.34166221597,55.990125553286,
    49.960695157727));
#4388 = CARTESIAN_POINT('',(-110.1830627378,54.679120137726,
    39.360678379665));
#4389 = CARTESIAN_POINT('',(-123.3699062312,48.949553688481,
    30.230820758215));
#4390 = CARTESIAN_POINT('',(-135.4012152968,39.834311042187,
    23.696335955086));
#4391 = CARTESIAN_POINT('',(-22.00489732373,8.366951303775,
    114.48241377651));
#4392 = CARTESIAN_POINT('',(-30.54584015535,34.447267512693,
    115.78741988935));
#4393 = CARTESIAN_POINT('',(-42.39292666483,59.816534173235,
    109.66670572188));
#4394 = CARTESIAN_POINT('',(-57.44059304857,81.518499447227,
    96.357371458984));
#4395 = CARTESIAN_POINT('',(-75.06070720846,96.713209134704,
    77.270224891976));
#4396 = CARTESIAN_POINT('',(-94.1198632943,103.36638563683,
    54.95093724001));
#4397 = CARTESIAN_POINT('',(-113.2315514154,100.94606794657,
    32.513660704975));
#4398 = CARTESIAN_POINT('',(-131.1348265609,90.368406809504,
    12.79052415138));
#4399 = CARTESIAN_POINT('',(-146.9048073781,73.540266539422,
    -2.141154891469));
#4400 = DEFINITIONAL_REPRESENTATION('',(#4401),#4405);
#4401 = LINE('',#4402,#4403);
#4402 = CARTESIAN_POINT('',(0.,0.));
#4403 = VECTOR('',#4404,1.);
#4404 = DIRECTION('',(1.,0.));
#4405 = ( GEOMETRIC_REPRESENTATION_CONTEXT(2) 
PARAMETRIC_REPRESENTATION_CONTEXT() REPRESENTATION_CONTEXT('2D SPACE',''
  ) );
#4406 = ADVANCED_FACE('',(#4407),#4381,.T.);
#4407 = FACE_BOUND('',#4408,.T.);
#4408 = EDGE_LOOP('',(#4409,#4460,#4461,#4488));
#4409 = ORIENTED_EDGE('',*,*,#4410,.F.);
#4410 = EDGE_CURVE('',#4258,#4411,#4413,.T.);
#4411 = VERTEX_POINT('',#4412);
#4412 = CARTESIAN_POINT('',(-135.4012152968,39.834311042187,
    23.696335955086));
#4413 = SURFACE_CURVE('',#4414,(#4424,#4431),.PCURVE_S1.);
#4414 = B_SPLINE_CURVE_WITH_KNOTS('',8,(#4415,#4416,#4417,#4418,#4419,
    #4420,#4421,#4422,#4423),.UNSPECIFIED.,.F.,.F.,(9,9),(0.,
    66.666666666676),.PIECEWISE_BEZIER_KNOTS.);
#4415 = CARTESIAN_POINT('',(-39.83320836721,4.532098622878,
    74.43937155626));
#4416 = CARTESIAN_POINT('',(-47.94878852394,18.658936569377,
    76.699757879129));
#4417 = CARTESIAN_POINT('',(-57.85519650619,32.400622677173,
    74.937879050165));
#4418 = CARTESIAN_POINT('',(-69.49525192033,44.155853867253,
    69.282164336174));
#4419 = CARTESIAN_POINT('',(-82.52871654656,52.386321614637,
    60.496801290772));
#4420 = CARTESIAN_POINT('',(-96.34166221595,55.990125553275,
    49.960695157734));
#4421 = CARTESIAN_POINT('',(-110.1830627378,54.679120137729,
    39.360678379662));
#4422 = CARTESIAN_POINT('',(-123.3699062312,48.949553688479,
    30.230820758213));
#4423 = CARTESIAN_POINT('',(-135.4012152968,39.834311042187,
    23.696335955086));
#4424 = PCURVE('',#4381,#4425);
#4425 = DEFINITIONAL_REPRESENTATION('',(#4426),#4430);
#4426 = LINE('',#4427,#4428);
#4427 = CARTESIAN_POINT('',(1.479425296293E-14,-8.577865235383E-15));
#4428 = VECTOR('',#4429,1.);
#4429 = DIRECTION('',(-4.158546649099E-16,1.));
#4430 = ( GEOMETRIC_REPRESENTATION_CONTEXT(2) 
PARAMETRIC_REPRESENTATION_CONTEXT() REPRESENTATION_CONTEXT('2D SPACE',''
  ) );
#4431 = PCURVE('',#122,#4432);
#4432 = DEFINITIONAL_REPRESENTATION('',(#4433),#4459);
#4433 = B_SPLINE_CURVE_WITH_KNOTS('',3,(#4434,#4435,#4436,#4437,#4438,
    #4439,#4440,#4441,#4442,#4443,#4444,#4445,#4446,#4447,#4448,#4449,
    #4450,#4451,#4452,#4453,#4454,#4455,#4456,#4457,#4458),
  .UNSPECIFIED.,.F.,.F.,(4,1,1,1,1,1,1,1,1,1,1,1,1,1,1,1,1,1,1,1,1,1,4),
  (0.,3.030303030303,6.060606060607,9.09090909091,12.121212121214,
    15.151515151517,18.181818181821,21.212121212124,24.242424242428,
    27.272727272731,30.303030303035,33.333333333338,36.363636363642,
    39.393939393945,42.424242424249,45.454545454552,48.484848484856,
    51.515151515159,54.545454545462,57.575757575766,60.606060606069,
    63.636363636373,66.666666666676),.QUASI_UNIFORM_KNOTS.);
#4434 = CARTESIAN_POINT('',(-8.726646259972E-02,-91.66666666666));
#4435 = CARTESIAN_POINT('',(-0.120321949621,-92.67676767676));
#4436 = CARTESIAN_POINT('',(-0.186432928359,-94.69696969697));
#4437 = CARTESIAN_POINT('',(-0.285599387851,-97.72727272727));
#4438 = CARTESIAN_POINT('',(-0.384765789451,-100.7575757575));
#4439 = CARTESIAN_POINT('',(-0.483932176886,-103.7878787878));
#4440 = CARTESIAN_POINT('',(-0.58309858617,-106.8181818181));
#4441 = CARTESIAN_POINT('',(-0.68226503269,-109.8484848484));
#4442 = CARTESIAN_POINT('',(-0.781431504944,-112.8787878787));
#4443 = CARTESIAN_POINT('',(-0.880597977605,-115.909090909));
#4444 = CARTESIAN_POINT('',(-0.979764427738,-118.9393939393));
#4445 = CARTESIAN_POINT('',(-1.078930847059,-121.9696969697));
#4446 = CARTESIAN_POINT('',(-1.178097245096,-125.));
#4447 = CARTESIAN_POINT('',(-1.277263643134,-128.0303030303));
#4448 = CARTESIAN_POINT('',(-1.376430062455,-131.0606060606));
#4449 = CARTESIAN_POINT('',(-1.475596512588,-134.0909090909));
#4450 = CARTESIAN_POINT('',(-1.574762985249,-137.1212121212));
#4451 = CARTESIAN_POINT('',(-1.673929457503,-140.1515151515));
#4452 = CARTESIAN_POINT('',(-1.773095904022,-143.1818181818));
#4453 = CARTESIAN_POINT('',(-1.872262313306,-146.2121212121));
#4454 = CARTESIAN_POINT('',(-1.971428700742,-149.2424242424));
#4455 = CARTESIAN_POINT('',(-2.070595102342,-152.2727272727));
#4456 = CARTESIAN_POINT('',(-2.169761561834,-155.303030303));
#4457 = CARTESIAN_POINT('',(-2.235872540572,-157.3232323232));
#4458 = CARTESIAN_POINT('',(-2.268928027593,-158.3333333333));
#4459 = ( GEOMETRIC_REPRESENTATION_CONTEXT(2) 
PARAMETRIC_REPRESENTATION_CONTEXT() REPRESENTATION_CONTEXT('2D SPACE',''
  ) );
#4460 = ORIENTED_EDGE('',*,*,#4368,.T.);
#4461 = ORIENTED_EDGE('',*,*,#4462,.T.);
#4462 = EDGE_CURVE('',#4340,#3542,#4463,.T.);
#4463 = SURFACE_CURVE('',#4464,(#4474,#4481),.PCURVE_S1.);
#4464 = B_SPLINE_CURVE_WITH_KNOTS('',8,(#4465,#4466,#4467,#4468,#4469,
    #4470,#4471,#4472,#4473),.UNSPECIFIED.,.F.,.F.,(9,9),(0.,
    66.666666666667),.PIECEWISE_BEZIER_KNOTS.);
#4465 = CARTESIAN_POINT('',(-22.00489732373,8.366951303775,
    114.48241377651));
#4466 = CARTESIAN_POINT('',(-30.54584015535,34.447267512693,
    115.78741988935));
#4467 = CARTESIAN_POINT('',(-42.39292666483,59.816534173235,
    109.66670572188));
#4468 = CARTESIAN_POINT('',(-57.44059304857,81.518499447227,
    96.357371458984));
#4469 = CARTESIAN_POINT('',(-75.06070720846,96.713209134704,
    77.270224891976));
#4470 = CARTESIAN_POINT('',(-94.1198632943,103.36638563683,
    54.95093724001));
#4471 = CARTESIAN_POINT('',(-113.2315514154,100.94606794657,
    32.513660704975));
#4472 = CARTESIAN_POINT('',(-131.1348265609,90.368406809504,
    12.79052415138));
#4473 = CARTESIAN_POINT('',(-146.9048073781,73.540266539422,
    -2.141154891469));
#4474 = PCURVE('',#4381,#4475);
#4475 = DEFINITIONAL_REPRESENTATION('',(#4476),#4480);
#4476 = LINE('',#4477,#4478);
#4477 = CARTESIAN_POINT('',(44.,0.));
#4478 = VECTOR('',#4479,1.);
#4479 = DIRECTION('',(0.,1.));
#4480 = ( GEOMETRIC_REPRESENTATION_CONTEXT(2) 
PARAMETRIC_REPRESENTATION_CONTEXT() REPRESENTATION_CONTEXT('2D SPACE',''
  ) );
#4481 = PCURVE('',#3590,#4482);
#4482 = DEFINITIONAL_REPRESENTATION('',(#4483),#4487);
#4483 = LINE('',#4484,#4485);
#4484 = CARTESIAN_POINT('',(0.,0.));
#4485 = VECTOR('',#4486,1.);
#4486 = DIRECTION('',(0.,1.));
#4487 = ( GEOMETRIC_REPRESENTATION_CONTEXT(2) 
PARAMETRIC_REPRESENTATION_CONTEXT() REPRESENTATION_CONTEXT('2D SPACE',''
  ) );
#4488 = ORIENTED_EDGE('',*,*,#4489,.F.);
#4489 = EDGE_CURVE('',#4411,#3542,#4490,.T.);
#4490 = SURFACE_CURVE('',#4491,(#4494,#4501),.PCURVE_S1.);
#4491 = B_SPLINE_CURVE_WITH_KNOTS('',1,(#4492,#4493),.UNSPECIFIED.,.F.,
  .F.,(2,2),(0.,44.),.PIECEWISE_BEZIER_KNOTS.);
#4492 = CARTESIAN_POINT('',(-135.4012152968,39.834311042187,
    23.696335955086));
#4493 = CARTESIAN_POINT('',(-146.9048073781,73.540266539422,
    -2.141154891469));
#4494 = PCURVE('',#4381,#4495);
#4495 = DEFINITIONAL_REPRESENTATION('',(#4496),#4500);
#4496 = LINE('',#4497,#4498);
#4497 = CARTESIAN_POINT('',(0.,66.666666666667));
#4498 = VECTOR('',#4499,1.);
#4499 = DIRECTION('',(1.,0.));
#4500 = ( GEOMETRIC_REPRESENTATION_CONTEXT(2) 
PARAMETRIC_REPRESENTATION_CONTEXT() REPRESENTATION_CONTEXT('2D SPACE',''
  ) );
#4501 = PCURVE('',#2944,#4502);
#4502 = DEFINITIONAL_REPRESENTATION('',(#4503),#4507);
#4503 = LINE('',#4504,#4505);
#4504 = CARTESIAN_POINT('',(0.,0.));
#4505 = VECTOR('',#4506,1.);
#4506 = DIRECTION('',(1.,0.));
#4507 = ( GEOMETRIC_REPRESENTATION_CONTEXT(2) 
PARAMETRIC_REPRESENTATION_CONTEXT() REPRESENTATION_CONTEXT('2D SPACE',''
  ) );
#4508 = ADVANCED_FACE('',(#4509),#3972,.T.);
#4509 = FACE_BOUND('',#4510,.T.);
#4510 = EDGE_LOOP('',(#4511,#4512,#4513,#4514));
#4511 = ORIENTED_EDGE('',*,*,#4339,.F.);
#4512 = ORIENTED_EDGE('',*,*,#4222,.T.);
#4513 = ORIENTED_EDGE('',*,*,#3950,.T.);
#4514 = ORIENTED_EDGE('',*,*,#4515,.F.);
#4515 = EDGE_CURVE('',#4340,#3828,#4516,.T.);
#4516 = SURFACE_CURVE('',#4517,(#4525,#4532),.PCURVE_S1.);
#4517 = ( BOUNDED_CURVE() B_SPLINE_CURVE(6,(#4518,#4519,#4520,#4521,
#4522,#4523,#4524),.UNSPECIFIED.,.F.,.F.) B_SPLINE_CURVE_WITH_KNOTS((7,7
),(0.,6.544984694977E-02),.PIECEWISE_BEZIER_KNOTS.) CURVE() 
GEOMETRIC_REPRESENTATION_ITEM() RATIONAL_B_SPLINE_CURVE((1.000053547667,
    1.000017847948,0.999996430156,0.999989291231,0.999996430156,
1.000017847948,1.000053547667)) REPRESENTATION_ITEM('') );
#4518 = CARTESIAN_POINT('',(-22.00489732373,8.366951303775,
    114.48241377651));
#4519 = CARTESIAN_POINT('',(-22.06969410089,9.401998006132,
    114.33687783219));
#4520 = CARTESIAN_POINT('',(-22.12897721925,10.439085759832,
    114.20372576828));
#4521 = CARTESIAN_POINT('',(-22.18273495576,11.47801475774,
    114.08298391519));
#4522 = CARTESIAN_POINT('',(-22.23095684941,12.518584768073,
    113.97467576875));
#4523 = CARTESIAN_POINT('',(-22.2736337039,13.560595184141,
    113.87882198418));
#4524 = CARTESIAN_POINT('',(-22.31075758986,14.603845074232,
    113.79544037112));
#4525 = PCURVE('',#3972,#4526);
#4526 = DEFINITIONAL_REPRESENTATION('',(#4527),#4531);
#4527 = LINE('',#4528,#4529);
#4528 = CARTESIAN_POINT('',(0.,66.666666666667));
#4529 = VECTOR('',#4530,1.);
#4530 = DIRECTION('',(1.,0.));
#4531 = ( GEOMETRIC_REPRESENTATION_CONTEXT(2) 
PARAMETRIC_REPRESENTATION_CONTEXT() REPRESENTATION_CONTEXT('2D SPACE',''
  ) );
#4532 = PCURVE('',#3590,#4533);
#4533 = DEFINITIONAL_REPRESENTATION('',(#4534),#4538);
#4534 = LINE('',#4535,#4536);
#4535 = CARTESIAN_POINT('',(0.,0.));
#4536 = VECTOR('',#4537,1.);
#4537 = DIRECTION('',(1.,0.));
#4538 = ( GEOMETRIC_REPRESENTATION_CONTEXT(2) 
PARAMETRIC_REPRESENTATION_CONTEXT() REPRESENTATION_CONTEXT('2D SPACE',''
  ) );
#4539 = ADVANCED_FACE('',(#4540),#3590,.T.);
#4540 = FACE_BOUND('',#4541,.T.);
#4541 = EDGE_LOOP('',(#4542,#4543,#4544,#4545));
#4542 = ORIENTED_EDGE('',*,*,#4462,.F.);
#4543 = ORIENTED_EDGE('',*,*,#4515,.T.);
#4544 = ORIENTED_EDGE('',*,*,#3827,.T.);
#4545 = ORIENTED_EDGE('',*,*,#3570,.F.);
#4546 = ADVANCED_FACE('',(#4547),#2944,.T.);
#4547 = FACE_BOUND('',#4548,.T.);
#4548 = EDGE_LOOP('',(#4549,#4598,#4599,#4600));
#4549 = ORIENTED_EDGE('',*,*,#4550,.F.);
#4550 = EDGE_CURVE('',#4411,#2879,#4551,.T.);
#4551 = SURFACE_CURVE('',#4552,(#4562,#4569),.PCURVE_S1.);
#4552 = B_SPLINE_CURVE_WITH_KNOTS('',8,(#4553,#4554,#4555,#4556,#4557,
    #4558,#4559,#4560,#4561),.UNSPECIFIED.,.F.,.F.,(9,9),(0.,
    66.666666666674),.PIECEWISE_BEZIER_KNOTS.);
#4553 = CARTESIAN_POINT('',(-135.4012152968,39.834311042187,
    23.696335955086));
#4554 = CARTESIAN_POINT('',(-147.4325243625,30.719068395892,
    17.161851151957));
#4555 = CARTESIAN_POINT('',(-158.3083322225,18.218081014898,
    13.222664548766));
#4556 = CARTESIAN_POINT('',(-167.5279154005,3.364977738775,
    13.003419487563));
#4557 = CARTESIAN_POINT('',(-174.773894191,-12.27267714779,
    17.216962457659));
#4558 = CARTESIAN_POINT('',(-180.031273095,-26.82643170588,
    25.896973901149));
#4559 = CARTESIAN_POINT('',(-183.6348189501,-38.6184744141,
    38.291555190711));
#4560 = CARTESIAN_POINT('',(-186.1416308718,-46.5578818076,
    53.149441225834));
#4561 = CARTESIAN_POINT('',(-188.1831933861,-50.22814296703,
    69.05229453891));
#4562 = PCURVE('',#2944,#4563);
#4563 = DEFINITIONAL_REPRESENTATION('',(#4564),#4568);
#4564 = LINE('',#4565,#4566);
#4565 = CARTESIAN_POINT('',(7.703154316499E-15,-6.466604489448E-15));
#4566 = VECTOR('',#4567,1.);
#4567 = DIRECTION('',(-9.751405998069E-17,1.));
#4568 = ( GEOMETRIC_REPRESENTATION_CONTEXT(2) 
PARAMETRIC_REPRESENTATION_CONTEXT() REPRESENTATION_CONTEXT('2D SPACE',''
  ) );
#4569 = PCURVE('',#122,#4570);
#4570 = DEFINITIONAL_REPRESENTATION('',(#4571),#4597);
#4571 = B_SPLINE_CURVE_WITH_KNOTS('',3,(#4572,#4573,#4574,#4575,#4576,
    #4577,#4578,#4579,#4580,#4581,#4582,#4583,#4584,#4585,#4586,#4587,
    #4588,#4589,#4590,#4591,#4592,#4593,#4594,#4595,#4596),
  .UNSPECIFIED.,.F.,.F.,(4,1,1,1,1,1,1,1,1,1,1,1,1,1,1,1,1,1,1,1,1,1,4),
  (0.,3.030303030303,6.060606060607,9.09090909091,12.121212121213,
    15.151515151517,18.18181818182,21.212121212123,24.242424242427,
    27.27272727273,30.303030303033,33.333333333337,36.36363636364,
    39.393939393943,42.424242424247,45.45454545455,48.484848484854,
    51.515151515157,54.54545454546,57.575757575764,60.606060606067,
    63.63636363637,66.666666666674),.QUASI_UNIFORM_KNOTS.);
#4572 = CARTESIAN_POINT('',(-2.268928027593,-158.3333333333));
#4573 = CARTESIAN_POINT('',(-2.301983514614,-159.3434343434));
#4574 = CARTESIAN_POINT('',(-2.368094493352,-161.3636363636));
#4575 = CARTESIAN_POINT('',(-2.467260952843,-164.3939393939));
#4576 = CARTESIAN_POINT('',(-2.566427354444,-167.4242424242));
#4577 = CARTESIAN_POINT('',(-2.665593741879,-170.4545454545));
#4578 = CARTESIAN_POINT('',(-2.764760151163,-173.4848484848));
#4579 = CARTESIAN_POINT('',(-2.863926597683,-176.5151515151));
#4580 = CARTESIAN_POINT('',(-2.963093069937,-179.5454545454));
#4581 = CARTESIAN_POINT('',(-3.062259542598,-182.5757575757));
#4582 = CARTESIAN_POINT('',(-3.161425992731,-185.606060606));
#4583 = CARTESIAN_POINT('',(-3.260592412052,-188.6363636363));
#4584 = CARTESIAN_POINT('',(-3.359758810089,-191.6666666666));
#4585 = CARTESIAN_POINT('',(-3.458925208127,-194.6969696969));
#4586 = CARTESIAN_POINT('',(-3.558091627448,-197.7272727272));
#4587 = CARTESIAN_POINT('',(-3.657258077581,-200.7575757575));
#4588 = CARTESIAN_POINT('',(-3.756424550241,-203.7878787878));
#4589 = CARTESIAN_POINT('',(-3.855591022495,-206.8181818181));
#4590 = CARTESIAN_POINT('',(-3.954757469015,-209.8484848484));
#4591 = CARTESIAN_POINT('',(-4.053923878299,-212.8787878787));
#4592 = CARTESIAN_POINT('',(-4.153090265734,-215.909090909));
#4593 = CARTESIAN_POINT('',(-4.252256667335,-218.9393939393));
#4594 = CARTESIAN_POINT('',(-4.351423126826,-221.9696969696));
#4595 = CARTESIAN_POINT('',(-4.417534105565,-223.9898989899));
#4596 = CARTESIAN_POINT('',(-4.450589592586,-225.));
#4597 = ( GEOMETRIC_REPRESENTATION_CONTEXT(2) 
PARAMETRIC_REPRESENTATION_CONTEXT() REPRESENTATION_CONTEXT('2D SPACE',''
  ) );
#4598 = ORIENTED_EDGE('',*,*,#4489,.T.);
#4599 = ORIENTED_EDGE('',*,*,#3541,.T.);
#4600 = ORIENTED_EDGE('',*,*,#2929,.F.);
#4601 = ADVANCED_FACE('',(#4602),#765,.T.);
#4602 = FACE_BOUND('',#4603,.T.);
#4603 = EDGE_LOOP('',(#4604,#4605,#4606,#4607));
#4604 = ORIENTED_EDGE('',*,*,#721,.F.);
#4605 = ORIENTED_EDGE('',*,*,#3063,.T.);
#4606 = ORIENTED_EDGE('',*,*,#3299,.T.);
#4607 = ORIENTED_EDGE('',*,*,#4608,.F.);
#4608 = EDGE_CURVE('',#652,#3300,#4609,.T.);
#4609 = SURFACE_CURVE('',#4610,(#4613,#4620),.PCURVE_S1.);
#4610 = B_SPLINE_CURVE_WITH_KNOTS('',1,(#4611,#4612),.UNSPECIFIED.,.F.,
  .F.,(2,2),(0.,44.),.PIECEWISE_BEZIER_KNOTS.);
#4611 = CARTESIAN_POINT('',(-321.8404684859,29.825974690254,
    96.665584307966));
#4612 = CARTESIAN_POINT('',(-336.5003512031,55.0633378897,
    63.738948624096));
#4613 = PCURVE('',#765,#4614);
#4614 = DEFINITIONAL_REPRESENTATION('',(#4615),#4619);
#4615 = LINE('',#4616,#4617);
#4616 = CARTESIAN_POINT('',(0.,66.666666666667));
#4617 = VECTOR('',#4618,1.);
#4618 = DIRECTION('',(1.,0.));
#4619 = ( GEOMETRIC_REPRESENTATION_CONTEXT(2) 
PARAMETRIC_REPRESENTATION_CONTEXT() REPRESENTATION_CONTEXT('2D SPACE',''
  ) );
#4620 = PCURVE('',#695,#4621);
#4621 = DEFINITIONAL_REPRESENTATION('',(#4622),#4626);
#4622 = LINE('',#4623,#4624);
#4623 = CARTESIAN_POINT('',(0.,0.));
#4624 = VECTOR('',#4625,1.);
#4625 = DIRECTION('',(1.,0.));
#4626 = ( GEOMETRIC_REPRESENTATION_CONTEXT(2) 
PARAMETRIC_REPRESENTATION_CONTEXT() REPRESENTATION_CONTEXT('2D SPACE',''
  ) );
#4627 = ADVANCED_FACE('',(#4628),#695,.T.);
#4628 = FACE_BOUND('',#4629,.T.);
#4629 = EDGE_LOOP('',(#4630,#4631,#4632,#4633));
#4630 = ORIENTED_EDGE('',*,*,#651,.F.);
#4631 = ORIENTED_EDGE('',*,*,#4608,.T.);
#4632 = ORIENTED_EDGE('',*,*,#3450,.T.);
#4633 = ORIENTED_EDGE('',*,*,#4634,.F.);
#4634 = EDGE_CURVE('',#619,#3451,#4635,.T.);
#4635 = SURFACE_CURVE('',#4636,(#4639,#4646),.PCURVE_S1.);
#4636 = B_SPLINE_CURVE_WITH_KNOTS('',1,(#4637,#4638),.UNSPECIFIED.,.F.,
  .F.,(2,2),(0.,44.),.PIECEWISE_BEZIER_KNOTS.);
#4637 = CARTESIAN_POINT('',(-365.418183057,-52.,162.69465723032));
#4638 = CARTESIAN_POINT('',(-365.418183057,-96.,162.69465723032));
#4639 = PCURVE('',#695,#4640);
#4640 = DEFINITIONAL_REPRESENTATION('',(#4641),#4645);
#4641 = LINE('',#4642,#4643);
#4642 = CARTESIAN_POINT('',(0.,66.666666666667));
#4643 = VECTOR('',#4644,1.);
#4644 = DIRECTION('',(1.,0.));
#4645 = ( GEOMETRIC_REPRESENTATION_CONTEXT(2) 
PARAMETRIC_REPRESENTATION_CONTEXT() REPRESENTATION_CONTEXT('2D SPACE',''
  ) );
#4646 = PCURVE('',#635,#4647);
#4647 = DEFINITIONAL_REPRESENTATION('',(#4648),#4651);
#4648 = B_SPLINE_CURVE_WITH_KNOTS('',1,(#4649,#4650),.UNSPECIFIED.,.F.,
  .F.,(2,2),(0.,44.),.PIECEWISE_BEZIER_KNOTS.);
#4649 = CARTESIAN_POINT('',(14.942830012784,-17.0847601964));
#4650 = CARTESIAN_POINT('',(-10.29453318666,18.95792975231));
#4651 = ( GEOMETRIC_REPRESENTATION_CONTEXT(2) 
PARAMETRIC_REPRESENTATION_CONTEXT() REPRESENTATION_CONTEXT('2D SPACE',''
  ) );
#4652 = ADVANCED_FACE('',(#4653),#635,.T.);
#4653 = FACE_BOUND('',#4654,.T.);
#4654 = EDGE_LOOP('',(#4655,#4656,#4657,#4658));
#4655 = ORIENTED_EDGE('',*,*,#618,.T.);
#4656 = ORIENTED_EDGE('',*,*,#4634,.T.);
#4657 = ORIENTED_EDGE('',*,*,#3509,.T.);
#4658 = ORIENTED_EDGE('',*,*,#4659,.T.);
#4659 = EDGE_CURVE('',#3481,#549,#4660,.T.);
#4660 = SURFACE_CURVE('',#4661,(#4664,#4670),.PCURVE_S1.);
#4661 = B_SPLINE_CURVE_WITH_KNOTS('',1,(#4662,#4663),.UNSPECIFIED.,.F.,
  .F.,(2,2),(0.,44.),.PIECEWISE_BEZIER_KNOTS.);
#4662 = CARTESIAN_POINT('',(-362.8644055309,-95.7944566309,
    168.4305354662));
#4663 = CARTESIAN_POINT('',(-364.034886897,-51.8886640084,
    165.80159127475));
#4664 = PCURVE('',#635,#4665);
#4665 = DEFINITIONAL_REPRESENTATION('',(#4666),#4669);
#4666 = B_SPLINE_CURVE_WITH_KNOTS('',1,(#4667,#4668),.UNSPECIFIED.,.F.,
  .F.,(2,2),(0.,44.),.PIECEWISE_BEZIER_KNOTS.);
#4667 = CARTESIAN_POINT('',(-15.31984862663,15.188243877484));
#4668 = CARTESIAN_POINT('',(12.220784149468,-19.1266733786));
#4669 = ( GEOMETRIC_REPRESENTATION_CONTEXT(2) 
PARAMETRIC_REPRESENTATION_CONTEXT() REPRESENTATION_CONTEXT('2D SPACE',''
  ) );
#4670 = PCURVE('',#592,#4671);
#4671 = DEFINITIONAL_REPRESENTATION('',(#4672),#4676);
#4672 = LINE('',#4673,#4674);
#4673 = CARTESIAN_POINT('',(0.,66.666666666667));
#4674 = VECTOR('',#4675,1.);
#4675 = DIRECTION('',(1.,0.));
#4676 = ( GEOMETRIC_REPRESENTATION_CONTEXT(2) 
PARAMETRIC_REPRESENTATION_CONTEXT() REPRESENTATION_CONTEXT('2D SPACE',''
  ) );
#4677 = ADVANCED_FACE('',(#4678),#592,.T.);
#4678 = FACE_BOUND('',#4679,.T.);
#4679 = EDGE_LOOP('',(#4680,#4681,#4701,#4702));
#4680 = ORIENTED_EDGE('',*,*,#3480,.F.);
#4681 = ORIENTED_EDGE('',*,*,#4682,.T.);
#4682 = EDGE_CURVE('',#3330,#479,#4683,.T.);
#4683 = SURFACE_CURVE('',#4684,(#4687,#4694),.PCURVE_S1.);
#4684 = B_SPLINE_CURVE_WITH_KNOTS('',1,(#4685,#4686),.UNSPECIFIED.,.F.,
  .F.,(2,2),(0.,44.),.PIECEWISE_BEZIER_KNOTS.);
#4685 = CARTESIAN_POINT('',(-337.8966550502,49.80223278341,
    60.602798836018));
#4686 = CARTESIAN_POINT('',(-322.5967997364,26.976209424347,
    94.96683650609));
#4687 = PCURVE('',#592,#4688);
#4688 = DEFINITIONAL_REPRESENTATION('',(#4689),#4693);
#4689 = LINE('',#4690,#4691);
#4690 = CARTESIAN_POINT('',(0.,0.));
#4691 = VECTOR('',#4692,1.);
#4692 = DIRECTION('',(1.,0.));
#4693 = ( GEOMETRIC_REPRESENTATION_CONTEXT(2) 
PARAMETRIC_REPRESENTATION_CONTEXT() REPRESENTATION_CONTEXT('2D SPACE',''
  ) );
#4694 = PCURVE('',#522,#4695);
#4695 = DEFINITIONAL_REPRESENTATION('',(#4696),#4700);
#4696 = LINE('',#4697,#4698);
#4697 = CARTESIAN_POINT('',(0.,66.666666666667));
#4698 = VECTOR('',#4699,1.);
#4699 = DIRECTION('',(1.,0.));
#4700 = ( GEOMETRIC_REPRESENTATION_CONTEXT(2) 
PARAMETRIC_REPRESENTATION_CONTEXT() REPRESENTATION_CONTEXT('2D SPACE',''
  ) );
#4701 = ORIENTED_EDGE('',*,*,#548,.F.);
#4702 = ORIENTED_EDGE('',*,*,#4659,.F.);
#4703 = ADVANCED_FACE('',(#4704),#522,.T.);
#4704 = FACE_BOUND('',#4705,.T.);
#4705 = EDGE_LOOP('',(#4706,#4707,#4727,#4728));
#4706 = ORIENTED_EDGE('',*,*,#3329,.F.);
#4707 = ORIENTED_EDGE('',*,*,#4708,.T.);
#4708 = EDGE_CURVE('',#3179,#409,#4709,.T.);
#4709 = SURFACE_CURVE('',#4710,(#4713,#4720),.PCURVE_S1.);
#4710 = B_SPLINE_CURVE_WITH_KNOTS('',1,(#4711,#4712),.UNSPECIFIED.,.F.,
  .F.,(2,2),(0.,44.),.PIECEWISE_BEZIER_KNOTS.);
#4711 = CARTESIAN_POINT('',(-207.8722130729,38.663682226439,
    188.73625465167));
#4712 = CARTESIAN_POINT('',(-224.2530046819,20.942827872654,
    151.94439431225));
#4713 = PCURVE('',#522,#4714);
#4714 = DEFINITIONAL_REPRESENTATION('',(#4715),#4719);
#4715 = LINE('',#4716,#4717);
#4716 = CARTESIAN_POINT('',(0.,0.));
#4717 = VECTOR('',#4718,1.);
#4718 = DIRECTION('',(1.,0.));
#4719 = ( GEOMETRIC_REPRESENTATION_CONTEXT(2) 
PARAMETRIC_REPRESENTATION_CONTEXT() REPRESENTATION_CONTEXT('2D SPACE',''
  ) );
#4720 = PCURVE('',#452,#4721);
#4721 = DEFINITIONAL_REPRESENTATION('',(#4722),#4726);
#4722 = LINE('',#4723,#4724);
#4723 = CARTESIAN_POINT('',(0.,66.666666666667));
#4724 = VECTOR('',#4725,1.);
#4725 = DIRECTION('',(1.,0.));
#4726 = ( GEOMETRIC_REPRESENTATION_CONTEXT(2) 
PARAMETRIC_REPRESENTATION_CONTEXT() REPRESENTATION_CONTEXT('2D SPACE',''
  ) );
#4727 = ORIENTED_EDGE('',*,*,#478,.F.);
#4728 = ORIENTED_EDGE('',*,*,#4682,.F.);
#4729 = ADVANCED_FACE('',(#4730),#452,.T.);
#4730 = FACE_BOUND('',#4731,.T.);
#4731 = EDGE_LOOP('',(#4732,#4733,#4734,#4783,#4784));
#4732 = ORIENTED_EDGE('',*,*,#3178,.F.);
#4733 = ORIENTED_EDGE('',*,*,#3804,.T.);
#4734 = ORIENTED_EDGE('',*,*,#4735,.T.);
#4735 = EDGE_CURVE('',#3754,#381,#4736,.T.);
#4736 = SURFACE_CURVE('',#4737,(#4747,#4754),.PCURVE_S1.);
#4737 = B_SPLINE_CURVE_WITH_KNOTS('',8,(#4738,#4739,#4740,#4741,#4742,
    #4743,#4744,#4745,#4746),.UNSPECIFIED.,.F.,.F.,(9,9),(0.,
    54.000001429743),.PIECEWISE_BEZIER_KNOTS.);
#4738 = CARTESIAN_POINT('',(-186.8353114275,-51.00083458096,
    72.079686984751));
#4739 = CARTESIAN_POINT('',(-188.4195543403,-53.24172950669,
    85.116924598217));
#4740 = CARTESIAN_POINT('',(-189.7736841912,-52.63856408381,
    98.671004611152));
#4741 = CARTESIAN_POINT('',(-191.2385085387,-49.0249313399,
    111.97646071388));
#4742 = CARTESIAN_POINT('',(-193.178342418,-42.52961701667,
    124.21502794011));
#4743 = CARTESIAN_POINT('',(-195.9292523432,-33.6053238027,
    134.63188854101));
#4744 = CARTESIAN_POINT('',(-199.7368117813,-22.97289389982,
    142.67547547875));
#4745 = CARTESIAN_POINT('',(-204.723809017,-11.48644103461,
    148.0700017504));
#4746 = CARTESIAN_POINT('',(-210.8902417067,3.857699512833E-06,
    150.81547262006));
#4747 = PCURVE('',#452,#4748);
#4748 = DEFINITIONAL_REPRESENTATION('',(#4749),#4753);
#4749 = LINE('',#4750,#4751);
#4750 = CARTESIAN_POINT('',(44.,4.531661301857E-15));
#4751 = VECTOR('',#4752,1.);
#4752 = DIRECTION('',(-5.263279384795E-16,1.));
#4753 = ( GEOMETRIC_REPRESENTATION_CONTEXT(2) 
PARAMETRIC_REPRESENTATION_CONTEXT() REPRESENTATION_CONTEXT('2D SPACE',''
  ) );
#4754 = PCURVE('',#396,#4755);
#4755 = DEFINITIONAL_REPRESENTATION('',(#4756),#4782);
#4756 = B_SPLINE_CURVE_WITH_KNOTS('',3,(#4757,#4758,#4759,#4760,#4761,
    #4762,#4763,#4764,#4765,#4766,#4767,#4768,#4769,#4770,#4771,#4772,
    #4773,#4774,#4775,#4776,#4777,#4778,#4779,#4780,#4781),
  .UNSPECIFIED.,.F.,.F.,(4,1,1,1,1,1,1,1,1,1,1,1,1,1,1,1,1,1,1,1,1,1,4),
  (0.,2.454545519534,4.909091039068,7.363636558601,9.818182078135,
    12.272727597669,14.727273117203,17.181818636736,19.63636415627,
    22.090909675804,24.545455195338,27.000000714871,29.454546234405,
    31.909091753939,34.363637273473,36.818182793007,39.27272831254,
    41.727273832074,44.181819351608,46.636364871142,49.090910390675,
    51.545455910209,54.000001429743),.QUASI_UNIFORM_KNOTS.);
#4757 = CARTESIAN_POINT('',(-4.516039439535,-225.));
#4758 = CARTESIAN_POINT('',(-4.542814381917,-225.8181818398));
#4759 = CARTESIAN_POINT('',(-4.596364275839,-227.4545455195));
#4760 = CARTESIAN_POINT('',(-4.676689119377,-229.909091039));
#4761 = CARTESIAN_POINT('',(-4.757013925666,-232.3636365586));
#4762 = CARTESIAN_POINT('',(-4.837338707592,-234.8181820781));
#4763 = CARTESIAN_POINT('',(-4.917663485506,-237.2727275976));
#4764 = CARTESIAN_POINT('',(-4.997988278566,-239.7272731172));
#4765 = CARTESIAN_POINT('',(-5.078313095203,-242.1818186367));
#4766 = CARTESIAN_POINT('',(-5.158637932371,-244.6363641562));
#4767 = CARTESIAN_POINT('',(-5.238962778814,-247.0909096758));
#4768 = CARTESIAN_POINT('',(-5.319287620679,-249.5454551953));
#4769 = CARTESIAN_POINT('',(-5.399612447001,-252.0000007148));
#4770 = CARTESIAN_POINT('',(-5.47993725345,-254.4545462344));
#4771 = CARTESIAN_POINT('',(-5.560262043414,-256.9090917539));
#4772 = CARTESIAN_POINT('',(-5.640586826411,-259.3636372734));
#4773 = CARTESIAN_POINT('',(-5.720911614499,-261.818182793));
#4774 = CARTESIAN_POINT('',(-5.801236417882,-264.2727283125));
#4775 = CARTESIAN_POINT('',(-5.881561241102,-266.727273832));
#4776 = CARTESIAN_POINT('',(-5.96188608108,-269.1818193516));
#4777 = CARTESIAN_POINT('',(-6.04221092767,-271.6363648711));
#4778 = CARTESIAN_POINT('',(-6.122535767359,-274.0909103906));
#4779 = CARTESIAN_POINT('',(-6.202860587261,-276.5454559102));
#4780 = CARTESIAN_POINT('',(-6.256410452916,-278.1818195898));
#4781 = CARTESIAN_POINT('',(-6.283185381366,-279.0000014297));
#4782 = ( GEOMETRIC_REPRESENTATION_CONTEXT(2) 
PARAMETRIC_REPRESENTATION_CONTEXT() REPRESENTATION_CONTEXT('2D SPACE',''
  ) );
#4783 = ORIENTED_EDGE('',*,*,#408,.F.);
#4784 = ORIENTED_EDGE('',*,*,#4708,.F.);
#4785 = ADVANCED_FACE('',(#4786),#396,.T.);
#4786 = FACE_BOUND('',#4787,.F.);
#4787 = EDGE_LOOP('',(#4788,#4811,#4838,#4839,#4840,#4841,#4842,#4843,
    #4844,#4893,#4894,#4895,#4896,#4897,#4918,#4919,#4920));
#4788 = ORIENTED_EDGE('',*,*,#4789,.F.);
#4789 = EDGE_CURVE('',#4790,#4070,#4792,.T.);
#4790 = VERTEX_POINT('',#4791);
#4791 = CARTESIAN_POINT('',(43.988941881007,0.,37.33594772052));
#4792 = SEAM_CURVE('',#4793,(#4797,#4804),.PCURVE_S1.);
#4793 = LINE('',#4794,#4795);
#4794 = CARTESIAN_POINT('',(43.988941881007,0.,37.33594772052));
#4795 = VECTOR('',#4796,1.);
#4796 = DIRECTION('',(-0.913545457643,0.,0.406736643076));
#4797 = PCURVE('',#396,#4798);
#4798 = DEFINITIONAL_REPRESENTATION('',(#4799),#4803);
#4799 = LINE('',#4800,#4801);
#4800 = CARTESIAN_POINT('',(-6.28318530718,0.));
#4801 = VECTOR('',#4802,1.);
#4802 = DIRECTION('',(-0.,-1.));
#4803 = ( GEOMETRIC_REPRESENTATION_CONTEXT(2) 
PARAMETRIC_REPRESENTATION_CONTEXT() REPRESENTATION_CONTEXT('2D SPACE',''
  ) );
#4804 = PCURVE('',#396,#4805);
#4805 = DEFINITIONAL_REPRESENTATION('',(#4806),#4810);
#4806 = LINE('',#4807,#4808);
#4807 = CARTESIAN_POINT('',(-0.,0.));
#4808 = VECTOR('',#4809,1.);
#4809 = DIRECTION('',(-0.,-1.));
#4810 = ( GEOMETRIC_REPRESENTATION_CONTEXT(2) 
PARAMETRIC_REPRESENTATION_CONTEXT() REPRESENTATION_CONTEXT('2D SPACE',''
  ) );
#4811 = ORIENTED_EDGE('',*,*,#4812,.F.);
#4812 = EDGE_CURVE('',#4790,#4790,#4813,.T.);
#4813 = SURFACE_CURVE('',#4814,(#4819,#4826),.PCURVE_S1.);
#4814 = CIRCLE('',#4815,52.);
#4815 = AXIS2_PLACEMENT_3D('',#4816,#4817,#4818);
#4816 = CARTESIAN_POINT('',(22.838636441065,0.,-10.16841607689));
#4817 = DIRECTION('',(-0.913545457643,0.,0.406736643076));
#4818 = DIRECTION('',(0.406736643076,0.,0.913545457643));
#4819 = PCURVE('',#396,#4820);
#4820 = DEFINITIONAL_REPRESENTATION('',(#4821),#4825);
#4821 = LINE('',#4822,#4823);
#4822 = CARTESIAN_POINT('',(-0.,0.));
#4823 = VECTOR('',#4824,1.);
#4824 = DIRECTION('',(-1.,0.));
#4825 = ( GEOMETRIC_REPRESENTATION_CONTEXT(2) 
PARAMETRIC_REPRESENTATION_CONTEXT() REPRESENTATION_CONTEXT('2D SPACE',''
  ) );
#4826 = PCURVE('',#4827,#4832);
#4827 = PLANE('',#4828);
#4828 = AXIS2_PLACEMENT_3D('',#4829,#4830,#4831);
#4829 = CARTESIAN_POINT('',(22.838636441065,4.609291841672E-15,
    -10.16841607689));
#4830 = DIRECTION('',(-0.913545457643,0.,0.406736643076));
#4831 = DIRECTION('',(0.406736643076,0.,0.913545457643));
#4832 = DEFINITIONAL_REPRESENTATION('',(#4833),#4837);
#4833 = CIRCLE('',#4834,52.);
#4834 = AXIS2_PLACEMENT_2D('',#4835,#4836);
#4835 = CARTESIAN_POINT('',(1.622782721786E-15,-4.609291841672E-15));
#4836 = DIRECTION('',(1.,0.));
#4837 = ( GEOMETRIC_REPRESENTATION_CONTEXT(2) 
PARAMETRIC_REPRESENTATION_CONTEXT() REPRESENTATION_CONTEXT('2D SPACE',''
  ) );
#4838 = ORIENTED_EDGE('',*,*,#4789,.T.);
#4839 = ORIENTED_EDGE('',*,*,#4120,.T.);
#4840 = ORIENTED_EDGE('',*,*,#3897,.F.);
#4841 = ORIENTED_EDGE('',*,*,#3753,.F.);
#4842 = ORIENTED_EDGE('',*,*,#4735,.T.);
#4843 = ORIENTED_EDGE('',*,*,#380,.F.);
#4844 = ORIENTED_EDGE('',*,*,#4845,.F.);
#4845 = EDGE_CURVE('',#2600,#330,#4846,.T.);
#4846 = SURFACE_CURVE('',#4847,(#4857,#4886),.PCURVE_S1.);
#4847 = B_SPLINE_CURVE_WITH_KNOTS('',8,(#4848,#4849,#4850,#4851,#4852,
    #4853,#4854,#4855,#4856),.UNSPECIFIED.,.F.,.F.,(9,9),(0.,
    61.333334746067),.PIECEWISE_BEZIER_KNOTS.);
#4848 = CARTESIAN_POINT('',(-69.84153582982,-47.1280049259,
    7.039564551892));
#4849 = CARTESIAN_POINT('',(-72.03613192666,-52.64162496236,
    20.959637021405));
#4850 = CARTESIAN_POINT('',(-73.58767865261,-54.76489298269,
    36.324022025414));
#4851 = CARTESIAN_POINT('',(-74.95765771438,-52.96915548659,
    52.096214680083));
#4852 = CARTESIAN_POINT('',(-76.69304476317,-47.18008483816,
    67.047687558327));
#4853 = CARTESIAN_POINT('',(-79.3365314482,-37.88758816012,
    79.959535259484));
#4854 = CARTESIAN_POINT('',(-83.29733595268,-26.09265554431,
    89.912638695052));
#4855 = CARTESIAN_POINT('',(-88.77966602386,-13.04633670947,
    96.448339755405));
#4856 = CARTESIAN_POINT('',(-95.78351510394,-9.042766535572E-14,
    99.566653169583));
#4857 = PCURVE('',#396,#4858);
#4858 = DEFINITIONAL_REPRESENTATION('',(#4859),#4885);
#4859 = B_SPLINE_CURVE_WITH_KNOTS('',3,(#4860,#4861,#4862,#4863,#4864,
    #4865,#4866,#4867,#4868,#4869,#4870,#4871,#4872,#4873,#4874,#4875,
    #4876,#4877,#4878,#4879,#4880,#4881,#4882,#4883,#4884),
  .UNSPECIFIED.,.F.,.F.,(4,1,1,1,1,1,1,1,1,1,1,1,1,1,1,1,1,1,1,1,1,1,4),
  (0.,2.787878852094,5.575757704188,8.363636556282,11.151515408376,
    13.93939426047,16.727273112564,19.515151964658,22.303030816751,
    25.090909668845,27.878788520939,30.666667373033,33.454546225127,
    36.242425077221,39.030303929315,41.818182781409,44.606061633503,
    47.393940485597,50.181819337691,52.969698189785,55.757577041879,
    58.545455893973,61.333334746067),.QUASI_UNIFORM_KNOTS.);
#4860 = CARTESIAN_POINT('',(-4.276056667386,-91.66666666666));
#4861 = CARTESIAN_POINT('',(-4.306467714721,-92.59595961736));
#4862 = CARTESIAN_POINT('',(-4.367289816642,-94.45454551876));
#4863 = CARTESIAN_POINT('',(-4.458522966332,-97.24242437085));
#4864 = CARTESIAN_POINT('',(-4.549756066341,-100.0303032229));
#4865 = CARTESIAN_POINT('',(-4.640989145603,-102.818182075));
#4866 = CARTESIAN_POINT('',(-4.73222223438,-105.6060609271));
#4867 = CARTESIAN_POINT('',(-4.823455352245,-108.3939397792));
#4868 = CARTESIAN_POINT('',(-4.91468849857,-111.1818186313));
#4869 = CARTESIAN_POINT('',(-5.005921657818,-113.9696974834));
#4870 = CARTESIAN_POINT('',(-5.097154809591,-116.7575763355));
#4871 = CARTESIAN_POINT('',(-5.188387938999,-119.5454551875));
#4872 = CARTESIAN_POINT('',(-5.279621042989,-122.3333340396));
#4873 = CARTESIAN_POINT('',(-5.370854130887,-125.1212128917));
#4874 = CARTESIAN_POINT('',(-5.462087219574,-127.9090917438));
#4875 = CARTESIAN_POINT('',(-5.553320325562,-130.6969705959));
#4876 = CARTESIAN_POINT('',(-5.644553457227,-133.484849448));
#4877 = CARTESIAN_POINT('',(-5.735786610379,-136.2727283001));
#4878 = CARTESIAN_POINT('',(-5.827019769322,-139.0606071522));
#4879 = CARTESIAN_POINT('',(-5.918252913633,-141.8484860043));
#4880 = CARTESIAN_POINT('',(-6.009486028725,-144.6363648564));
#4881 = CARTESIAN_POINT('',(-6.100719115599,-147.4242437085));
#4882 = CARTESIAN_POINT('',(-6.191952195497,-150.2121225606));
#4883 = CARTESIAN_POINT('',(-6.252774264288,-152.070708462));
#4884 = CARTESIAN_POINT('',(-6.28318530718,-153.0000014127));
#4885 = ( GEOMETRIC_REPRESENTATION_CONTEXT(2) 
PARAMETRIC_REPRESENTATION_CONTEXT() REPRESENTATION_CONTEXT('2D SPACE',''
  ) );
#4886 = PCURVE('',#354,#4887);
#4887 = DEFINITIONAL_REPRESENTATION('',(#4888),#4892);
#4888 = LINE('',#4889,#4890);
#4889 = CARTESIAN_POINT('',(3.106560313185E-14,1.017945455406E-14));
#4890 = VECTOR('',#4891,1.);
#4891 = DIRECTION('',(-4.49322167709E-17,1.));
#4892 = ( GEOMETRIC_REPRESENTATION_CONTEXT(2) 
PARAMETRIC_REPRESENTATION_CONTEXT() REPRESENTATION_CONTEXT('2D SPACE',''
  ) );
#4893 = ORIENTED_EDGE('',*,*,#2599,.F.);
#4894 = ORIENTED_EDGE('',*,*,#2498,.F.);
#4895 = ORIENTED_EDGE('',*,*,#2445,.F.);
#4896 = ORIENTED_EDGE('',*,*,#2219,.F.);
#4897 = ORIENTED_EDGE('',*,*,#4898,.F.);
#4898 = EDGE_CURVE('',#4256,#2220,#4899,.T.);
#4899 = SURFACE_CURVE('',#4900,(#4904,#4911),.PCURVE_S1.);
#4900 = LINE('',#4901,#4902);
#4901 = CARTESIAN_POINT('',(43.988941881007,0.,37.33594772052));
#4902 = VECTOR('',#4903,1.);
#4903 = DIRECTION('',(-0.913545457643,0.,0.406736643076));
#4904 = PCURVE('',#396,#4905);
#4905 = DEFINITIONAL_REPRESENTATION('',(#4906),#4910);
#4906 = LINE('',#4907,#4908);
#4907 = CARTESIAN_POINT('',(-6.28318530718,0.));
#4908 = VECTOR('',#4909,1.);
#4909 = DIRECTION('',(-0.,-1.));
#4910 = ( GEOMETRIC_REPRESENTATION_CONTEXT(2) 
PARAMETRIC_REPRESENTATION_CONTEXT() REPRESENTATION_CONTEXT('2D SPACE',''
  ) );
#4911 = PCURVE('',#122,#4912);
#4912 = DEFINITIONAL_REPRESENTATION('',(#4913),#4917);
#4913 = LINE('',#4914,#4915);
#4914 = CARTESIAN_POINT('',(-0.,0.));
#4915 = VECTOR('',#4916,1.);
#4916 = DIRECTION('',(-0.,-1.));
#4917 = ( GEOMETRIC_REPRESENTATION_CONTEXT(2) 
PARAMETRIC_REPRESENTATION_CONTEXT() REPRESENTATION_CONTEXT('2D SPACE',''
  ) );
#4918 = ORIENTED_EDGE('',*,*,#4289,.F.);
#4919 = ORIENTED_EDGE('',*,*,#4154,.F.);
#4920 = ORIENTED_EDGE('',*,*,#4069,.F.);
#4921 = ADVANCED_FACE('',(#4922),#4827,.F.);
#4922 = FACE_BOUND('',#4923,.F.);
#4923 = EDGE_LOOP('',(#4924));
#4924 = ORIENTED_EDGE('',*,*,#4812,.T.);
#4925 = ADVANCED_FACE('',(#4926),#354,.T.);
#4926 = FACE_BOUND('',#4927,.T.);
#4927 = EDGE_LOOP('',(#4928,#4929,#4930,#4931,#4932));
#4928 = ORIENTED_EDGE('',*,*,#329,.F.);
#4929 = ORIENTED_EDGE('',*,*,#4845,.F.);
#4930 = ORIENTED_EDGE('',*,*,#2680,.T.);
#4931 = ORIENTED_EDGE('',*,*,#2734,.T.);
#4932 = ORIENTED_EDGE('',*,*,#4933,.F.);
#4933 = EDGE_CURVE('',#260,#2735,#4934,.T.);
#4934 = SURFACE_CURVE('',#4935,(#4938,#4945),.PCURVE_S1.);
#4935 = B_SPLINE_CURVE_WITH_KNOTS('',1,(#4936,#4937),.UNSPECIFIED.,.F.,
  .F.,(2,2),(0.,44.),.PIECEWISE_BEZIER_KNOTS.);
#4936 = CARTESIAN_POINT('',(-100.9770762431,9.02970523868,
    101.01421817971));
#4937 = CARTESIAN_POINT('',(-83.35255066363,16.670225056025,
    140.59955075399));
#4938 = PCURVE('',#354,#4939);
#4939 = DEFINITIONAL_REPRESENTATION('',(#4940),#4944);
#4940 = LINE('',#4941,#4942);
#4941 = CARTESIAN_POINT('',(0.,66.666666666667));
#4942 = VECTOR('',#4943,1.);
#4943 = DIRECTION('',(1.,0.));
#4944 = ( GEOMETRIC_REPRESENTATION_CONTEXT(2) 
PARAMETRIC_REPRESENTATION_CONTEXT() REPRESENTATION_CONTEXT('2D SPACE',''
  ) );
#4945 = PCURVE('',#303,#4946);
#4946 = DEFINITIONAL_REPRESENTATION('',(#4947),#4951);
#4947 = LINE('',#4948,#4949);
#4948 = CARTESIAN_POINT('',(0.,0.));
#4949 = VECTOR('',#4950,1.);
#4950 = DIRECTION('',(1.,0.));
#4951 = ( GEOMETRIC_REPRESENTATION_CONTEXT(2) 
PARAMETRIC_REPRESENTATION_CONTEXT() REPRESENTATION_CONTEXT('2D SPACE',''
  ) );
#4952 = ADVANCED_FACE('',(#4953),#303,.T.);
#4953 = FACE_BOUND('',#4954,.T.);
#4954 = EDGE_LOOP('',(#4955,#4956,#4957,#4958));
#4955 = ORIENTED_EDGE('',*,*,#259,.F.);
#4956 = ORIENTED_EDGE('',*,*,#4933,.T.);
#4957 = ORIENTED_EDGE('',*,*,#2793,.T.);
#4958 = ORIENTED_EDGE('',*,*,#4959,.F.);
#4959 = EDGE_CURVE('',#190,#1677,#4960,.T.);
#4960 = SURFACE_CURVE('',#4961,(#4964,#4971),.PCURVE_S1.);
#4961 = B_SPLINE_CURVE_WITH_KNOTS('',1,(#4962,#4963),.UNSPECIFIED.,.F.,
  .F.,(2,2),(0.,44.),.PIECEWISE_BEZIER_KNOTS.);
#4962 = CARTESIAN_POINT('',(-197.6646159292,36.7695526217,
    47.756670838055));
#4963 = CARTESIAN_POINT('',(-210.3192904222,67.882250993909,
    19.33380656512));
#4964 = PCURVE('',#303,#4965);
#4965 = DEFINITIONAL_REPRESENTATION('',(#4966),#4970);
#4966 = LINE('',#4967,#4968);
#4967 = CARTESIAN_POINT('',(0.,66.666666666667));
#4968 = VECTOR('',#4969,1.);
#4969 = DIRECTION('',(1.,0.));
#4970 = ( GEOMETRIC_REPRESENTATION_CONTEXT(2) 
PARAMETRIC_REPRESENTATION_CONTEXT() REPRESENTATION_CONTEXT('2D SPACE',''
  ) );
#4971 = PCURVE('',#233,#4972);
#4972 = DEFINITIONAL_REPRESENTATION('',(#4973),#4977);
#4973 = LINE('',#4974,#4975);
#4974 = CARTESIAN_POINT('',(0.,0.));
#4975 = VECTOR('',#4976,1.);
#4976 = DIRECTION('',(1.,0.));
#4977 = ( GEOMETRIC_REPRESENTATION_CONTEXT(2) 
PARAMETRIC_REPRESENTATION_CONTEXT() REPRESENTATION_CONTEXT('2D SPACE',''
  ) );
#4978 = ADVANCED_FACE('',(#4979),#233,.T.);
#4979 = FACE_BOUND('',#4980,.T.);
#4980 = EDGE_LOOP('',(#4981,#4982,#4983,#4984));
#4981 = ORIENTED_EDGE('',*,*,#189,.F.);
#4982 = ORIENTED_EDGE('',*,*,#4959,.T.);
#4983 = ORIENTED_EDGE('',*,*,#1676,.T.);
#4984 = ORIENTED_EDGE('',*,*,#4985,.F.);
#4985 = EDGE_CURVE('',#139,#1526,#4986,.T.);
#4986 = SURFACE_CURVE('',#4987,(#4990,#4997),.PCURVE_S1.);
#4987 = B_SPLINE_CURVE_WITH_KNOTS('',1,(#4988,#4989),.UNSPECIFIED.,.F.,
  .F.,(2,2),(0.,44.),.PIECEWISE_BEZIER_KNOTS.);
#4988 = CARTESIAN_POINT('',(-247.2848340347,-51.21000315663,
    100.21405861556));
#4989 = CARTESIAN_POINT('',(-250.3925134166,-94.54154428917,
    93.234096442401));
#4990 = PCURVE('',#233,#4991);
#4991 = DEFINITIONAL_REPRESENTATION('',(#4992),#4996);
#4992 = LINE('',#4993,#4994);
#4993 = CARTESIAN_POINT('',(0.,66.666666666667));
#4994 = VECTOR('',#4995,1.);
#4995 = DIRECTION('',(1.,0.));
#4996 = ( GEOMETRIC_REPRESENTATION_CONTEXT(2) 
PARAMETRIC_REPRESENTATION_CONTEXT() REPRESENTATION_CONTEXT('2D SPACE',''
  ) );
#4997 = PCURVE('',#72,#4998);
#4998 = DEFINITIONAL_REPRESENTATION('',(#4999),#5003);
#4999 = LINE('',#5000,#5001);
#5000 = CARTESIAN_POINT('',(0.,0.));
#5001 = VECTOR('',#5002,1.);
#5002 = DIRECTION('',(1.,0.));
#5003 = ( GEOMETRIC_REPRESENTATION_CONTEXT(2) 
PARAMETRIC_REPRESENTATION_CONTEXT() REPRESENTATION_CONTEXT('2D SPACE',''
  ) );
#5004 = ADVANCED_FACE('',(#5005),#122,.T.);
#5005 = FACE_BOUND('',#5006,.F.);
#5006 = EDGE_LOOP('',(#5007,#5008,#5009,#5010,#5011,#5012,#5042,#5043,
    #5092,#5093,#5094,#5095));
#5007 = ORIENTED_EDGE('',*,*,#4255,.F.);
#5008 = ORIENTED_EDGE('',*,*,#4898,.T.);
#5009 = ORIENTED_EDGE('',*,*,#2292,.T.);
#5010 = ORIENTED_EDGE('',*,*,#2032,.F.);
#5011 = ORIENTED_EDGE('',*,*,#1888,.F.);
#5012 = ORIENTED_EDGE('',*,*,#5013,.T.);
#5013 = EDGE_CURVE('',#1889,#99,#5014,.T.);
#5014 = SURFACE_CURVE('',#5015,(#5025,#5035),.PCURVE_S1.);
#5015 = B_SPLINE_CURVE_WITH_KNOTS('',8,(#5016,#5017,#5018,#5019,#5020,
    #5021,#5022,#5023,#5024),.UNSPECIFIED.,.F.,.F.,(9,9),(0.,
    66.666666666667),.PIECEWISE_BEZIER_KNOTS.);
#5016 = CARTESIAN_POINT('',(-245.9146896934,-51.69092958756,
    103.29145319175));
#5017 = CARTESIAN_POINT('',(-247.7939996047,-53.23474898523,
    119.55873181789));
#5018 = CARTESIAN_POINT('',(-249.4775816158,-50.38511245212,
    136.2656225054));
#5019 = CARTESIAN_POINT('',(-251.6153849943,-42.96750332022,
    151.95231529846));
#5020 = CARTESIAN_POINT('',(-254.8874509798,-31.50224664829,
    165.09141256486));
#5021 = CARTESIAN_POINT('',(-259.8531225567,-17.25476935141,
    174.4266093923));
#5022 = CARTESIAN_POINT('',(-266.7738650658,-1.979845645228,
    179.37064501069));
#5023 = CARTESIAN_POINT('',(-275.5849634834,12.578729055276,
    180.06887174278));
#5024 = CARTESIAN_POINT('',(-285.9721138769,25.011415983808,
    177.22722777932));
#5025 = PCURVE('',#122,#5026);
#5026 = DEFINITIONAL_REPRESENTATION('',(#5027),#5034);
#5027 = B_SPLINE_CURVE_WITH_KNOTS('',5,(#5028,#5029,#5030,#5031,#5032,
    #5033),.UNSPECIFIED.,.F.,.F.,(6,6),(0.,9.515011140653),
  .PIECEWISE_BEZIER_KNOTS.);
#5028 = CARTESIAN_POINT('',(-4.603305902135,-291.6666666666));
#5029 = CARTESIAN_POINT('',(-4.665581504423,-293.5696688947));
#5030 = CARTESIAN_POINT('',(-4.727857165292,-295.4726711229));
#5031 = CARTESIAN_POINT('',(-4.790132770728,-297.375673351));
#5032 = CARTESIAN_POINT('',(-4.85240835197,-299.2786755791));
#5033 = CARTESIAN_POINT('',(-4.914683928019,-301.1816778073));
#5034 = ( GEOMETRIC_REPRESENTATION_CONTEXT(2) 
PARAMETRIC_REPRESENTATION_CONTEXT() REPRESENTATION_CONTEXT('2D SPACE',''
  ) );
#5035 = PCURVE('',#928,#5036);
#5036 = DEFINITIONAL_REPRESENTATION('',(#5037),#5041);
#5037 = LINE('',#5038,#5039);
#5038 = CARTESIAN_POINT('',(44.,0.));
#5039 = VECTOR('',#5040,1.);
#5040 = DIRECTION('',(0.,1.));
#5041 = ( GEOMETRIC_REPRESENTATION_CONTEXT(2) 
PARAMETRIC_REPRESENTATION_CONTEXT() REPRESENTATION_CONTEXT('2D SPACE',''
  ) );
#5042 = ORIENTED_EDGE('',*,*,#98,.F.);
#5043 = ORIENTED_EDGE('',*,*,#5044,.T.);
#5044 = EDGE_CURVE('',#22,#862,#5045,.T.);
#5045 = SURFACE_CURVE('',#5046,(#5056,#5085),.PCURVE_S1.);
#5046 = B_SPLINE_CURVE_WITH_KNOTS('',8,(#5047,#5048,#5049,#5050,#5051,
    #5052,#5053,#5054,#5055),.UNSPECIFIED.,.F.,.F.,(9,9),(18.72328472776
    ,51.333334013671),.PIECEWISE_BEZIER_KNOTS.);
#5047 = CARTESIAN_POINT('',(-250.5092954599,-45.54337211445,
    139.00474273023));
#5048 = CARTESIAN_POINT('',(-251.7621070095,-42.19570607227,
    146.21273814994));
#5049 = CARTESIAN_POINT('',(-253.2224987505,-37.92185476904,
    152.95450082627));
#5050 = CARTESIAN_POINT('',(-254.957474099,-32.81259393967,
    159.07953862259));
#5051 = CARTESIAN_POINT('',(-257.0261573493,-26.99385990274,
    164.45505619979));
#5052 = CARTESIAN_POINT('',(-259.475973754,-20.62156738882,
    168.97453469641));
#5053 = CARTESIAN_POINT('',(-262.339579759,-13.8730974913,
    172.56462653422));
#5054 = CARTESIAN_POINT('',(-265.6333051583,-6.936545209541,
    175.18865439499));
#5055 = CARTESIAN_POINT('',(-269.3571503517,3.468121968386E-06,
    176.84661738123));
#5056 = PCURVE('',#122,#5057);
#5057 = DEFINITIONAL_REPRESENTATION('',(#5058),#5084);
#5058 = B_SPLINE_CURVE_WITH_KNOTS('',3,(#5059,#5060,#5061,#5062,#5063,
    #5064,#5065,#5066,#5067,#5068,#5069,#5070,#5071,#5072,#5073,#5074,
    #5075,#5076,#5077,#5078,#5079,#5080,#5081,#5082,#5083),
  .UNSPECIFIED.,.F.,.F.,(4,1,1,1,1,1,1,1,1,1,1,1,1,1,1,1,1,1,1,1,1,1,4),
  (18.72328472776,20.205559695302,21.687834662843,23.170109630384,
    24.652384597926,26.134659565467,27.616934533009,29.09920950055,
    30.581484468091,32.063759435633,33.546034403174,35.028309370716,
    36.510584338257,37.992859305798,39.47513427334,40.957409240881,
    42.439684208423,43.921959175964,45.404234143505,46.886509111047,
    48.368784078588,49.85105904613,51.333334013671),
  .QUASI_UNIFORM_KNOTS.);
#5059 = CARTESIAN_POINT('',(-5.216023932581,-310.3899513944));
#5060 = CARTESIAN_POINT('',(-5.232193048892,-310.8840430502));
#5061 = CARTESIAN_POINT('',(-5.264531283215,-311.8722263619));
#5062 = CARTESIAN_POINT('',(-5.313038636876,-313.3545013295));
#5063 = CARTESIAN_POINT('',(-5.361545989719,-314.836776297));
#5064 = CARTESIAN_POINT('',(-5.410053338997,-316.3190512645));
#5065 = CARTESIAN_POINT('',(-5.458560682615,-317.8013262321));
#5066 = CARTESIAN_POINT('',(-5.507068019369,-319.2836011996));
#5067 = CARTESIAN_POINT('',(-5.555575349077,-320.7658761672));
#5068 = CARTESIAN_POINT('',(-5.604082672559,-322.2481511347));
#5069 = CARTESIAN_POINT('',(-5.652589991504,-323.7304261022));
#5070 = CARTESIAN_POINT('',(-5.701097308219,-325.2127010698));
#5071 = CARTESIAN_POINT('',(-5.749604625314,-326.6949760373));
#5072 = CARTESIAN_POINT('',(-5.798111945347,-328.1772510049));
#5073 = CARTESIAN_POINT('',(-5.846619270478,-329.6595259724));
#5074 = CARTESIAN_POINT('',(-5.895126602166,-331.14180094));
#5075 = CARTESIAN_POINT('',(-5.943633940954,-332.6240759075));
#5076 = CARTESIAN_POINT('',(-5.992141286363,-334.106350875));
#5077 = CARTESIAN_POINT('',(-6.040648636912,-335.5886258426));
#5078 = CARTESIAN_POINT('',(-6.089155990292,-337.0709008101));
#5079 = CARTESIAN_POINT('',(-6.137663343633,-338.5531757777));
#5080 = CARTESIAN_POINT('',(-6.186170693944,-340.0354507452));
#5081 = CARTESIAN_POINT('',(-6.234678038423,-341.5177257128));
#5082 = CARTESIAN_POINT('',(-6.267016263104,-342.5059090244));
#5083 = CARTESIAN_POINT('',(-6.283185373874,-343.0000006803));
#5084 = ( GEOMETRIC_REPRESENTATION_CONTEXT(2) 
PARAMETRIC_REPRESENTATION_CONTEXT() REPRESENTATION_CONTEXT('2D SPACE',''
  ) );
#5085 = PCURVE('',#928,#5086);
#5086 = DEFINITIONAL_REPRESENTATION('',(#5087),#5091);
#5087 = LINE('',#5088,#5089);
#5088 = CARTESIAN_POINT('',(44.,-2.48689957516E-14));
#5089 = VECTOR('',#5090,1.);
#5090 = DIRECTION('',(-2.17890727343E-16,1.));
#5091 = ( GEOMETRIC_REPRESENTATION_CONTEXT(2) 
PARAMETRIC_REPRESENTATION_CONTEXT() REPRESENTATION_CONTEXT('2D SPACE',''
  ) );
#5092 = ORIENTED_EDGE('',*,*,#861,.F.);
#5093 = ORIENTED_EDGE('',*,*,#2878,.F.);
#5094 = ORIENTED_EDGE('',*,*,#4550,.F.);
#5095 = ORIENTED_EDGE('',*,*,#4410,.F.);
#5096 = ADVANCED_FACE('',(#5097),#928,.T.);
#5097 = FACE_BOUND('',#5098,.T.);
#5098 = EDGE_LOOP('',(#5099,#5100,#5101,#5102,#5103,#5104,#5105));
#5099 = ORIENTED_EDGE('',*,*,#1645,.F.);
#5100 = ORIENTED_EDGE('',*,*,#1939,.T.);
#5101 = ORIENTED_EDGE('',*,*,#5013,.T.);
#5102 = ORIENTED_EDGE('',*,*,#98,.F.);
#5103 = ORIENTED_EDGE('',*,*,#5044,.T.);
#5104 = ORIENTED_EDGE('',*,*,#884,.F.);
#5105 = ORIENTED_EDGE('',*,*,#2852,.F.);
#5106 = ADVANCED_FACE('',(#5107),#72,.T.);
#5107 = FACE_BOUND('',#5108,.T.);
#5108 = EDGE_LOOP('',(#5109,#5110,#5111,#5112,#5113,#5114,#5115));
#5109 = ORIENTED_EDGE('',*,*,#1127,.F.);
#5110 = ORIENTED_EDGE('',*,*,#21,.F.);
#5111 = ORIENTED_EDGE('',*,*,#98,.T.);
#5112 = ORIENTED_EDGE('',*,*,#138,.F.);
#5113 = ORIENTED_EDGE('',*,*,#4985,.T.);
#5114 = ORIENTED_EDGE('',*,*,#1525,.T.);
#5115 = ORIENTED_EDGE('',*,*,#1235,.F.);
#5116 = ( GEOMETRIC_REPRESENTATION_CONTEXT(3) 
GLOBAL_UNCERTAINTY_ASSIGNED_CONTEXT((#5120)) 
GLOBAL_UNIT_ASSIGNED_CONTEXT((#5117,#5118,#5119)) REPRESENTATION_CONTEXT
('Context #1','3D Context with UNIT and UNCERTAINTY') );
#5117 = ( LENGTH_UNIT() NAMED_UNIT(*) SI_UNIT(.MILLI.,.METRE.) );
#5118 = ( NAMED_UNIT(*) PLANE_ANGLE_UNIT() SI_UNIT($,.RADIAN.) );
#5119 = ( NAMED_UNIT(*) SI_UNIT($,.STERADIAN.) SOLID_ANGLE_UNIT() );
#5120 = UNCERTAINTY_MEASURE_WITH_UNIT(LENGTH_MEASURE(5.E-02),#5117,
  'distance_accuracy_value','confusion accuracy');
#5121 = PRODUCT_RELATED_PRODUCT_CATEGORY('part',$,(#7));
ENDSEC;
END-ISO-10303-21;
